dateStart,dim1,dim2,dim3,dim4,dim5,dim6,dim7,dim8,dim9,dim10,dim11,dim12,dim13,dim14,dim15,dim16,dim17,dim18,dim19,dim20,dim21,dim22,dim23,dim24,dim25,dim26,dim27,dim28,dim29,dim30
1900-03-20,0.7401175140403211,0.2584720775485039,0.04495021840557456,-0.27774954261258245,0.6166928275488317,-0.314455047249794,-0.9011451913975179,0.8194371680729091,0.10647063655778766,-0.18566542863845825,0.7241703188046813,-0.6802428369410336,0.8369290996342897,0.6844202103093266,0.926207710057497,0.7199858077801764,0.5698199034668505,0.9451715191826224,-0.20981756085529923,0.8276776219718158,-0.030220368411391973,-0.5345928859896958,0.8177455244585872,0.8394998298026621,0.6457988149486482,-0.05937063507735729,0.2624623482115567,0.402725494466722,0.8621081267483532,-0.06270548654720187
1900-06-15,1,1,-0.8874448125140135,0.7156932240373717,-0.37793277128321445,-1,-1,1,-0.7974535398100183,-1,1,0.29381794638853354,1,-0.30862560160749186,-0.07152847092870052,-0.21746736175625525,1,1,0.7896530251695328,-0.14055968498881533,-0.0770913294563394,-0.5352199031448825,0.8708580567809772,0.8096629328943362,0.664981220458205,-0.028257668692873005,0.24102897317212205,0.34758018972228866,0.85740884680318,-0.07812274218943062
1900-06-21,0.03091395179770684,1,-1,1,0.6005548037293237,-0.03429831469174738,-1,0.04310856386917572,0.1969301713087137,-1,1,1,9.205798563981515e-4,0.6400341976291077,-1,-1,1,1,1,-1,-0.07719567829588062,-0.5072190911176817,0.8694683354272067,0.8797431517976809,0.6609023854383915,0.03777217192692808,0.28761657737487306,0.3293892581999864,0.8067293243152261,-0.047313225422855695
1900-09-22,-0.9154594640494353,0.014169130415669584,-0.023552968918006623,0.004317634855941055,-0.379999280686554,-0.9591754571815794,-1,-0.909539900086346,-0.8011309528326094,-1,0.02032687622050744,1,0.9823366034418859,-0.2957703795001074,-0.04491203031624458,-1,0.04313565141238196,0.02173061899149198,0.04608660257748687,-0.02096871555312707,-0.07805196633947192,-0.4620575726985438,0.8200833857944025,0.8456332173985722,0.6290100972695171,-0.0040817808586577076,0.2434473747068484,0.27309758579949417,0.8598752041004312,-0.0750529124863193
1900-10-01,0.052247768450597865,-0.962200413128102,0.962649098449452,-0.955332956054908,0.5988021037402542,-1,-0.03168917181687225,-1,-1,-1,-0.9740201090691971,0.0431829860230214,1,-1,0.9212087404922639,-1,0.9585540118671426,-0.9429674809241074,1,-0.9477720658364888,-0.13750890812493863,-0.5600677968685942,0.8514041197278002,0.7925801603490201,0.6411816300351519,0.10213495861764278,0.18499277554768068,0.29347336785423295,0.8206098995330173,-0.08042044023011782
1900-10-15,-0.9102857036131718,-1,1,0.037504696730017106,1,-0.026322446451223058,0.9074526593218232,-0.05497952609174872,-0.04033897555417887,-1,-0.02555684023959026,0.9422881927010354,1,-1,1,-0.015151532722879502,1,0.04143192657653649,0.025141407650648873,0.01849499137079358,-0.18500999405299873,-0.5159982929599342,0.9046281802967024,0.8952372788199308,0.6353551608188631,0.09038668539631589,0.1898954229951072,0.30804000351104566,0.8288005674385728,-0.0915827569852125
1901-01-01,0.0593918090831661,-1,1,-0.9093847950927666,0.007561536871695251,-0.9727835995277544,-0.05289579198537642,0.856732388192883,0.9364732303737979,-0.05996754124846582,-0.9023268148801759,1,1,-1,1,0.9725236321694842,0.060549074246293966,1,-0.8944438860889583,0.9262320269055039,-0.16016211522555335,-0.46368860971008363,0.9000088008780018,0.8606267621926861,0.5211325889145896,0.144756315405396,0.3205427142533931,0.3319681304713586,0.7983307754981639,-0.18600182707266377
1901-02-01,-0.8234592702236039,-1,0.036765075926164736,-1,0.9120148520222007,-1,-1,-0.11551450008259856,-0.05825311225629226,-1,0.09336285533139499,1,1,-0.015315686318178146,1,1,1,0.013359303717965343,-1,-0.05514677518468025,-0.12182345130885802,-0.35737564433049296,0.9413979205374706,0.8987347983420791,0.5369070234339264,0.11410985411458824,0.3590330243377176,0.3245447102863155,0.7794705965962647,-0.25527661873326907
1901-03-20,-1,-0.05269152778296082,-0.9428533135406337,-1,1,-0.07872047558262796,-1,-1,-1,-0.03207204607740999,1,1,0.019271524670857576,0.88145138204473406,1,1,1,0.9572400358421542,-1,-0.9796909179037654,-0.2112175778995859,-0.23674834828085098,1,0.9363784089595322,0.5751510916413983,0.16778209726575039,0.37558387403577465,0.3519996315167002,0.7751362462507868,-0.1702877258196231
1901-04-01,-1,0.9010265947496479,-1,-0.03660562207374807,1,0.9192264788095932,-1,-0.08912238063898636,-0.0053317597820012885,0.9416318833985273,1,0.02295369977846906,0.9968985315640947,1,0.05401738603330908,0.006771694067277623,0.03188690465176269,0.01562769439021572,-0.13646292788517056,-0.011545886554846008,-0.14295053806186725,-0.17931741397524084,0.9888396565875538,0.9503089548114724,0.5621505961975097,0.17811873731489847,0.5131250418122183,0.329822136488214,0.7914538982804027,-0.10448998674602646
1901-04-20,-1,-0.09565474050716638,-1,-1,1,-0.06439100885628979,-4.696763284942618e-4,-1,-0.9969621046948814,1,0.03742464725036487,0.9855311119438598,1,1,-0.942384753019195,-0.9641608682368983,-0.9531141086382217,-0.9809967219090339,-1,-1,-0.16225108175802613,-0.3050682374296775,0.9956680374591967,0.9996096358812403,0.5981818694395152,0.20774117878505446,0.5021591326008835,0.25868812670878377,0.8057594160500358,-0.11006048601487721
1901-04-25,-0.06423361540208727,-1,-0.07980705292729295,-0.02157764566595699,0.10288931190321693,0.9265056654547231,-0.9453523787084577,-0.05448922439326109,-1,1,-0.8924529033041522,1,0.06928520341489808,1,-1,0.03191014567026107,0.023984255454845393,-0.06252314523350666,-0.02785027401781559,-1,-0.06770608158373939,-0.31925686070135884,1,0.9542588946750982,0.6336975049481676,0.15583553111987117,0.558438800009356,0.2528269141804694,0.7604244035254317,-0.06572648776216067
1901-05-01,0.9275140231145267,-0.0036602559672729296,-1,0.9581214350908159,1,1,0.0030224540102173902,-1,-1,1,0.054755380556185784,1,-0.9249523649388598,1,-1,1,0.9716711828095576,-1,0.9234953429053816,-1,-0.1337220840923241,-0.36796401274654394,1,0.871525234695167,0.6631500924865921,0.2854231384024367,0.5883886831934304,0.16209386980867574,0.7243946120096568,-0.06983135044910824
1901-05-20,-0.06574977771536117,0.9729237161243935,-0.005513048387496888,-0.020936374617632425,0.0065577179164326704,1,0.8644360333273452,-0.11951641389434942,-0.03446105455439474,1,0.979529619234686,1,0.06215127373591367,0.0961014903751064,-1,0.032882334643959954,1,-0.02552067821329318,-0.00850680846995211,-0.09374671953129321,-0.11451087612849256,-0.26412375809930466,0.9511470427796618,0.8597568969669193,0.6462947371591289,0.22298410077231207,0.553544609355113,0.08256197515605981,0.7461128106400583,-0.07033613734492691
1901-06-01,-1,0.043332279586643985,0.9569385405232416,-1,-0.9547946660160695,1,-0.1173677767792084,0.82382950330772,0.9074881267858823,0.017108264076672763,1,1,1,1,-1,0.9474589112909272,1,-0.9623030298732089,0.9629710250416097,0.9021136743342567,-0.0948102906379494,-0.37496613328284006,0.9623210286172229,0.788356131347386,0.624449385075102,0.2515124789915345,0.5965261419063087,0.004319776795534358,0.724842994632859,-0.06047631860046166
1901-06-21,-1,1,1,-0.0624093128653036,-1,0.04419168460561618,-1,1,-0.025087628273369633,-0.9448827840227786,0.04809310304351955,0.06877677580410779,1,1,-1,1,0.010460651425694412,-1,0.030768369067706303,-0.010183143635550285,0.015954644922361122,-0.37821702588893125,0.9834033854182522,0.7587507393968735,0.5940063551790071,0.2941334377295145,0.5664644833937964,-0.008907787989649408,0.6854253316522976,0.02592585327800482
1901-07-14,-1,1,0.0020711914442093082,0.9192348901940522,-1,-0.8385507290265221,-0.007916448425438483,1,-1,-1,-0.9301237605525989,0.9754934872529788,1,0.007723812570421096,-0.06875238213275614,0.05093458942535467,1,-1,-0.9451192213360887,0.9548396204414898,0.04111193198257321,-0.4519278188306328,1,0.7624183021283203,0.6287178255273046,0.29128621946178573,0.4959072443960699,-0.02809822288198005,0.7629353164962694,0.015010793308958725
1901-09-01,-0.06369570950576797,0.047500317936096326,0.9429463695600353,-0.0680365736214652,-0.006929665168822763,-1,-0.9936354841337511,0.038585773162382764,-1,-0.05894734559934045,-1,1,1,0.9995876411687301,-1,-0.9034508785647534,0.022026376737667275,-1,0.008734142677091383,-0.004777021491453648,0.01827013552126624,-0.330757797842432,1,0.7619315736413932,0.5901336155113592,0.33649037603508525,0.5358497872563144,-0.1276058400420625,0.7637711425414655,-0.012109962353596383
1901-09-22,-1,-0.9518894627454401,1,0.90531351018122,0.9509515741117566,-1,-0.025630657264612666,0.9906290239094397,-0.059126947504561045,0.9190658401915214,-0.028694916639564916,0.04341299521615216,0.013668144784103275,1,-1,0.08324202281747872,-0.9760668313040645,-0.055428834307152286,-0.969046664503663,-0.9062528055752375,0.01614558441158189,-0.30669740202295653,1,0.7956187726235522,0.5747971828263038,0.26755108718561826,0.5439224584209785,-0.14121084794521552,0.7609024453017268,-0.0242152999150812
1901-10-01,-1,-0.001507198660219089,0.05148169054296803,-0.07454717168375968,1,-1,0.9313763434964021,1,-1,1,-1,-0.9346322726381696,0.9957379751644299,0.08629866083557425,-1,-0.9008081585501712,-1,-1,-1,-1,0.04408860164017507,-0.19153624072945286,1,0.6915639657219312,0.6291256969027879,0.15233806440428563,0.5405004356758368,-0.11704313546645397,0.7726586657137992,-0.05149808777373924
1901-10-31,-1,-0.9141413943274832,1,0.8926152665745516,0.030377692229971442,-1,1,0.004900323121926897,-1,1,-1,-0.042873071643514726,1,-0.913610204533333,-1,-1,-1,-0.025148722651380462,-1,-1,0.07820021944960678,-0.1281903283150604,1,0.7447832530368815,0.7168770760954367,0.29211387807828426,0.48395282591769584,-0.1696474028638219,0.8190244508271305,0.020047146438996008
1901-12-01,-1,-1,0.034214107280030714,-0.071035727055486,1,-1,0.014234330594819267,-0.967176408531045,-0.041125823645040915,1,-0.06207708686324076,-0.9134017832309849,1,-1,-1,-0.007380148463690506,-1,0.9480244517100646,-1,-0.05145304175060117,0.08483965413919942,-0.14058808056751482,0.9770230925733671,0.7010958750666206,0.7041312591523794,0.31077202355110645,0.4778827853669194,-0.12275641386977035,0.8570206560446677,0.028612186188282616
1901-12-21,-0.050975292898340574,-0.0144449899969884,1,0.9199295275308981,0.016543790012687243,-0.05852334323051267,0.9817913129491707,-1,-1,0.025546890207865713,-1,-1,1,-0.07055593698776164,-0.10009991919495698,-0.9699955014189384,-0.032478105672111623,-0.007625579964792073,-1,-1,0.15233372318476343,-0.1276098690545572,1,0.7011782240997324,0.6820804671193355,0.31455980059917804,0.49177738685139216,-0.09765383769419016,0.8408356413281689,0.001482513564548836
1902-01-01,-0.9876734623124184,0.9150820471590319,0.0012886794874541474,-0.02878131392451877,0.9738619946979115,-0.97007822002287,1,-1,-0.028713787070082986,0.9368529132251634,-1,-0.02029761143548181,0.0017097559675163243,0.9227411541909133,0.8469954454794273,-1,0.886378791110907,0.9431931071736267,-0.023391560191899363,-1,0.18839893370484082,-0.1631965539061669,0.9966892929882252,0.6462424077705634,0.7075389853037831,0.29595916604595857,0.4867381421793793,-0.029792042915432734,0.8352104548142854,-0.11009926016892266
1902-01-18,-0.028167430321412557,1,0.9380180448035338,0.956596505551159,1,-1,7.615526967411634e-4,-1,-0.9891631838400068,-0.016187206558406442,-1,-0.9890534883038868,0.9929875124466132,1,-0.09953644928618988,-0.09323257570874777,-0.10681076291915237,0.0031950594884141426,-0.9569307120577043,-0.01113482628240925,0.19024251511716841,-0.18883737513794033,0.97383559154517,0.6188506544230092,0.6665019282061871,0.4188810055034896,0.5205524330922955,-0.0373210142828849,0.9204341050478708,-0.17233930445467757
1902-03-20,-1,1,1,1,1,-1,0.9350406998281549,-1,-0.03313792491197265,-0.9640608105158129,-0.0052010279692856765,-1,0.029173719425042544,0.013036574866600925,0.8887854053637365,0.8549992499271102,-1,0.9914871535083803,-1,0.9408378088078194,0.15084425372798418,-0.19317309250757436,0.8997477130559675,0.6176098934291449,0.6881209431267592,0.33929257821264136,0.5246218182737807,0.0018414010801733396,0.8679069426076175,-0.20480226263328002
1902-06-15,-1,1,0.057674518833483845,1,0.07203846890653942,-0.02270790031688641,1,-1,0.9440815963353254,-1,0.9493483634486097,-1,-0.9614629685555802,-0.8933931916218002,1,-0.10991801992724326,-1,1,-1,1,0.14731007099905685,-0.20003520273606049,0.961983719208543,0.6291354620729016,0.6947534001142245,0.2759101478890252,0.5334532502443959,0.0018141696249061397,0.8275666791113372,-0.20922684161054114
1902-09-22,-0.06035667692807223,0.04164630240492517,1,1,-0.8658106505514863,0.9744074823881306,0.03870286655558375,-0.018280219767455974,-0.03252065518500391,-1,-0.03757893680978497,-0.02136830044286797,-1,-1,0.02939962379433314,-1,-1,1,-1,1,0.14305933548680866,-0.2126367951777778,0.9206951546602922,0.644788449763848,0.6560468009359053,0.3045636804515915,0.49782290070508983,0.013697440603786417,0.8975376269556756,-0.11424332449146855
1902-10-20,0.8964290549107806,1,1,0.07558415490400372,-1,1,-0.9326501802326966,-0.919287063295089,-0.8808551590923865,-1,0.9282350586221886,0.9302464947908988,-0.04807574666995884,-0.026067577043673906,-0.9613495771592675,-0.033788727941158836,-1,1,-0.010388978719451991,1,0.15839131543177953,-0.17389949100829324,0.9146694095307089,0.6867104291617409,0.7062580000214906,0.2566707440548994,0.5033215494467599,0.0059393930863250385,0.9148110203131792,-0.13950335989747664
1902-12-21,-0.059405010510378053,0.06403011500012745,0.07541167796524106,-0.9178960276414112,-0.08381654103059366,0.12377714699642228,0.037925542283940405,-1,-1,-1,1,1,0.9075550872414283,0.9405900873198109,-1,0.9387242259150327,-1,0.029960380242362583,0.9889260738743857,1,0.19695265898351622,-0.20692746951754004,1,0.7220613419778389,0.7158966579093207,0.2739103363721633,0.5083758545387771,0.001140932966952609,0.9530090308986664,-0.11809146047851307
1902-12-22,0.9369450070690718,1,1,-1,0.8995180800240222,1,-0.9276756775474106,-1,-0.07286204071260804,-0.015119594698444927,1,1,-0.048526048143190836,-0.021642989103475063,-0.0190066012654454,-0.053844664730673286,-1,-0.9169024073086529,0.02334896164107214,1,0.21890261888917945,-0.23143552737813644,0.9479982659347027,0.7926268345499099,0.6662744283833975,0.22697290492505048,0.5162439811689122,0.04870171303098092,0.9937398928739087,-0.09754406433280918
1903-01-01,-0.024559913808035683,0.005015080672663097,0.05266767812773676,-0.004650740217084892,1,0.06792226657124101,-0.010558925993360835,-1,-1,0.9046391272726703,0.02330408654089322,1,0.8888740090395326,-0.9381012576710603,-1,-1,-1,-1,0.9855713810581027,1,0.2682766019606565,-0.22526890523636525,0.9524017640226417,0.7853167971295477,0.6596339789135914,0.19691391481552734,0.5604327665185074,0.009379023753449761,1,-0.13622210961861844
1903-01-20,0.9507153933916975,0.9559422361611224,1,0.9244513413822639,0.02353112974988869,1,0.9318704636863985,-0.041577487112619216,-1,-0.0762416242371684,0.9647766866198808,1,-0.11052471796507346,0.025351984682095763,-0.041521745468743876,-1,-1,-0.004797952156591512,1,0.05608343092712931,0.23288682095924126,-0.23314392875780957,0.8930085068635504,0.7832143020793416,0.7097284934288743,0.11707048949174215,0.5410217358685563,0.058169252126054546,0.9739022343144946,-0.22318351414694007
1903-03-01,-0.006533582431707097,1,1,0.018550136322100896,1,1,0.023387882064256904,0.8692932746910771,-1,-1,1,1,0.8112033404969312,-0.9499142151758425,-0.9996253331287585,-0.0529374175584163,-0.014332553473056286,0.9342765450711965,0.017598219942602134,-0.9186026409746024,0.28902800733897216,-0.20692536976507753,0.8484870812630205,0.8494223801941403,0.7746262718580544,0.05977569750696274,0.5760215859924778,0.04030863623232758,0.9307562964912637,-0.2569674054196476
1903-03-20,-0.9505617572130558,1,0.03178364852098614,0.9594520075358934,0.07437451216265956,1,0.9918713299995262,1,-1,-0.01811880777064856,1,0.050475275775408,-0.1278586540432861,0.029834904285734765,-1,0.9136303185707852,-0.9667087031996285,-0.01282990004406559,-0.9581181045693021,-1,0.286566847430305,-0.25775824015621757,0.7686208178839189,0.863338681336471,0.6925461459777645,-0.030376936012170258,0.6183205763359492,0.04364843544978726,0.9501640591049176,-0.16984505287416848
1903-04-01,-1,0.007313735146887712,-0.9366433703553642,1,1,1,1,1,-0.008110673761830167,0.9485641266566407,0.003148020235092308,1,0.8660438775968688,-0.9560917960900384,-0.054232122023515905,-0.04180478842006363,0.0036632452074596422,-0.9422493234989723,-1,-0.03248487639796249,0.2931183612399307,-0.3073737511994239,0.8515021977394677,0.8642347177995444,0.799683231320065,0.01834067679941071,0.5586747285380171,0.045828687632710835,0.9972925225041218,-0.10990073083819685
1903-05-01,-1,0.9769598527284115,-1,1,1,1,7.785447782454602e-4,0.0832783509313193,0.881410693777822,1,0.9444484221761748,1,1,-1,-1,-0.9781469155122833,-0.9508013595505861,-1,-0.10961292191895644,-1,0.3065639031630372,-0.20952819930362998,0.923349341483439,0.7500674512483487,0.813922774275336,0.0071858945171375515,0.5197487919352594,0.027559066660598267,1,-0.12022564118507964
1903-06-01,-0.08597543326913015,0.05756450526629242,-1,0.007723233336466295,1,1,0.953874373994159,1,-0.10542809125034314,1,-0.019956870480425604,0.01162565152925521,0.09588820079166294,-1,-1,0.01856492609426541,0.026542758666021404,-1,-1,-0.03168710512332029,0.2583490441906024,-0.21639696515201684,0.8190912571614039,0.7287651273386871,0.8092357627360129,-0.014699458311168258,0.5473000632463463,0.07538962139935501,0.9311401188090416,-0.09314831111612837
1903-06-15,0.9064987305605885,-0.9146981878863939,-1,0.9577488059602617,1,0.05802759483650388,1,1,-1,1,-0.9685204346903632,-0.9046488958047327,-0.8642531201582978,-1,-0.028622728896632976,0.9989875924042044,0.968052066244561,-1,-0.03708994688219813,0.950930902753482,0.2474215165165336,-0.06425326637552523,0.8445719292959444,0.7910875500485486,0.8339690341513849,0.0642202687582627,0.5799437152144078,-0.006433869134757339,0.979047789310994,-0.13567256138085423
1903-06-21,-0.06695185315833097,-1,-1,1,0.06343711787836459,-0.9306718523388914,1,0.01204867364870943,-1,1,-1,0.08589095935110558,0.12139697050957643,-0.06273935332211023,-0.9808178530622451,1,0.06284983822205215,-1,-1,-0.027539474025817023,0.248313983278476,-0.05499774038137999,0.8679050468549192,0.7169329818747031,0.7291012504786931,0.059280980692859815,0.5536636676732734,0.05202609789140562,0.9707899367927335,-0.20029637957095087
1903-07-15,-1,-1,-1,1,-0.8952620859160203,0.026573986871430866,0.08008492390439292,1,-1,1,-0.03769521605185222,-0.8473170873539272,1,0.9027075290499383,0.014237493400371504,0.0075211008922179134,-0.8683161692408584,-1,-0.023194104875546517,0.964866467719103,0.2706278537564147,0.0029700540343961176,0.8589334017794636,0.7145916799608008,0.8586664272723061,0.03475533499244558,0.5310136378830475,0.08934795278610205,0.9741237683856817,-0.15137683675446073
1903-09-22,-0.0020829256423796627,-0.1510031111031609,-0.0076241772727576596,1,0.05901968419229686,0.999699697749073,1,1,-0.011086876028503556,0.022129578515026838,-1,0.15166508773573084,1,-0.09084876148684062,0.9722485617026616,-0.9718802463742398,0.05597856065853046,-1,-0.9827864353147769,0.006352050904394613,0.26979762296937676,0.037997315001120247,0.9045120578999538,0.7470470595306266,0.8942415062900957,0.008286793693502797,0.4831419404571753,0.12442236913825447,0.977926961315295,-0.04675451506053792
1903-10-01,-0.9818961349060842,-1,-0.9372907411678002,0.034141785521006995,1,0.044889654855786554,1,0.003763975288504473,-0.9889360592317697,-0.971300608071677,-0.0030153857754517954,1,1,0.8605192505487818,1,-0.03707439162558601,0.9741631956746618,-1,-0.04277475630791683,1,0.12586046975052662,0.03383927122598116,0.8668590822671305,0.689194202533819,0.9922704026020703,0.06720177789425649,0.5175317271766819,0.08173449313928069,0.9847587306233025,-0.01999140553921598
1903-11-01,0.010308612393331695,-1,0.017836912292593876,-0.9045335552481938,0.0014741655449572733,-0.8320260169294125,0.03278645227881127,-0.9478167579885519,-0.12812154246275076,-0.0428902951658785,0.88888764665426,0.044020721650342765,1,1,0.005044628068190948,0.928508927938236,0.0416652048256414,-0.012254163672455687,-0.9715980871092349,1,0.0701186240005488,0.07173108539283363,0.8783611448991177,0.6692684414543976,0.9859349317943865,0.03262888045188365,0.534934567784418,0.10148379136543927,0.9325262108502489,-0.009310655808113605
1903-12-21,0.9295450264742687,-1,0.9221987626091472,0.017652602370136994,-0.9445838060272055,-1,-0.878252755247018,0.03525067697040074,0.8616084424422041,-1,1,1,1,1,0.941735682539879,0.00687143862327122,-0.9293070460984849,0.9110745232870154,-1,5.124443445246873e-4,-0.010758444400391462,0.08826392914538866,0.8780202635624245,0.7486438549565709,1,0.05839129044423902,0.4527925567554384,0.2381803907072763,0.8873992820846831,-0.02187911941156346
1904-01-01,1,-0.019275209826684514,1,-0.9649107131467495,0.04901919750238093,-0.026070745050804756,-1,1,-0.08087709434131962,-0.04755050212181189,1,1,1,0.04630324670444619,1,-0.8997875291273122,0.028615213390898897,-0.04891154210801363,-0.0016565271905267798,-0.9833760192463327,-0.9652736849964779,-0.8595895945528245,-0.07036419377840164,-0.17371817239514342,1,-0.8983119144160567,1,-0.7569300885190722,-0.048011948760680934,0.9682593528133657
1904-03-01,0.04400817404496138,0.9337404654748142,1,-1,0.9705937916410821,0.9396821525670984,-0.10479200984311421,0.04876655213566261,-1,0.9218140209268423,1,0.04605044967654426,0.03702216122703983,1,0.17235431857452943,0.041031833708255694,0.9910312687656423,0.8769847575185383,-0.9138032050549272,-1,-1,0.08549383075369033,-0.993422516416693,-1,0.03488778203091447,-1,0.0869362144375907,0.21812187854972154,0.900739275255423,1
1904-03-15,0.944367798775773,-0.05347350004424156,1,-1,-0.01444600097437898,-0.05336110699477914,0.8868844630985258,1,-1,1,0.06244654937623473,1,1,0.11174471409542064,1,-0.9125240552960571,0.007171677705323232,1,-1,-1,-1,1,-0.020652139180154516,-1,-0.9114234198865571,-0.13016555947438002,-0.9062512539088466,1,1,1
1904-03-20,1,0.892468630939439,1,-1,0.9157642840507446,-1,1,0.021880181663608944,-0.009800905215396893,0.03503247917696928,1,1,1,-0.8211936589329094,1,-1,-0.9462147110889516,0.05878156002928214,-0.01325034783299861,-1,-0.044713940233175764,0.07399196137185182,-1,-1,0.05742793138504543,0.7975040867561521,-1,1,0.12471774384684431,0.04329591384597864
1904-04-15,0.02560543596132947,1,1,-0.030501461391537865,-0.007001533471935439,-0.02320777889193759,0.020581004135413417,0.9849912708294065,0.9846700951873375,-0.9562950856053011,0.009481868329858978,1,1,-1,1,-0.09284596614701568,-1,-0.9102225466129993,-1,-0.0059808147332937045,-1,1,-1,-0.005973948077476199,-0.9417766697234884,1,-1,1,1,-0.8840529172576779
1904-06-15,-0.927808410718162,0.007154324475749152,0.052376878427427886,-0.9963621834705685,-0.9808307349953905,0.9677557321156988,-0.9658974240020077,1,0.04387756054122982,-1,-0.933591522233977,0.00954044401476084,0.008888814346357021,-1,0.0165872356119241,0.8807752507343417,-0.018662955216431465,-1,-0.021862350608829795,-0.9958238800861771,-1,0.050913237268402134,-0.016338396687388346,0.972080115558878,0.05024944080029192,0.05074138957988694,-0.05415776145743012,1,0.049006446520932334,-1
1904-09-01,0.01926818094545113,0.9983513744047063,1,-1,-0.01823281746607408,0.034244908225034454,-1,1,-0.9011548622748761,-0.10858655975629028,0.04433134998815569,0.9949658793799986,-0.9394176224195402,-1,0.9936056572239742,1,0.9706845953541895,-1,0.9059061527037766,-1,-1,1,-0.9871590873791499,0.012372528019185647,-0.9119231088658803,-0.9086807742093732,-1,0.021099524363991984,-0.9202086931093105,-0.015026315677162283
1904-11-01,-0.9516349373799475,1,0.1031370235765654,-0.04197295115791022,-1,-0.8826156061127404,-0.05429834437939729,1,-1,-1,1,1,0.01779785059168515,-1,0.03416050528640657,1,0.12045324032457638,-0.06809026447299438,0.00404038679669616,-0.030251637274408383,-0.04042364947392274,0.029937302681567912,0.0020662465981995393,-0.9212424448739259,-1,-1,-0.011293199097306084,-0.9369472800443069,0.06631487190991014,-0.9812489813796642
1904-12-01,0.012249927006246053,1,-0.8846861561486158,-1,-0.044139871279851306,-1,0.9202784381130799,0.02378874100425188,-0.09143305365915755,-0.05929294948209063,1,1,-0.933551780474326,-1,-0.9437633950725024,0.04967905804678718,1,-1,0.9909754721767808,-1,-1,-0.9083001873030031,0.9603441945958898,-1,-1,-1,0.9581927256718266,0.05202029439144529,-0.8898222290835934,-1
1904-12-21,-0.9255941393364279,0.032926631086426794,-1,-0.011601101783004442,-0.9012883832730105,-1,0.015931821628524023,0.9871245213034688,-1,0.9316400636740065,0.004911401901396939,1,-1,-1,0.001076831980605375,-0.9109549920633094,0.011692422946696701,-0.076790406138173,1,-0.038682545561214865,-1,0.06889440853905149,0.01113503094063939,-0.009025204612610582,-1,-0.0144687228661452,0.04997558605983332,-0.9199300046350634,0.098381217323255,-1
1905-01-01,0.07187898510305635,1,-0.02846908001055548,0.9740895637378955,-1,-1,-0.9215454896189983,0.061061329299110234,-1,-0.03416484314167756,0.9662505950882762,1,-1,-1,0.9977024830276259,0.03934253183333525,-0.962598678822051,0.8407406085452902,1,-1,-0.02053645659063763,0.9885622071557923,1,0.987499102581171,-1,0.9513467853587435,-0.8459458039181248,0.06856131210651428,0.9909865401930091,-0.005270518627600529
1905-02-25,-0.9216705771109519,1,0.9507989501535704,-0.014917303461135178,-0.01316307027197361,-0.029899303302396762,0.05688433071752674,-0.9198413737694823,-0.10069152575917639,0.9118548591724982,-0.01222226685932215,0.029666004376420307,-0.08392876982863018,-1,1,-0.9561343221416356,-0.0542336924316581,-0.10334074596050613,1,-0.024082129376824746,-0.011085752743589306,0.9424642308943744,1,1,-1,0.9162576276991264,-0.9566148940027106,0.07812351752783894,0.9573117693199747,0.025332842288204233
1905-03-20,-1,0.014345575682028877,-0.04470847005195966,0.9745682280338176,0.9577302211896058,0.91934532680200165,-0.9393343963550447,0.06307790645142397,0.8262244478463022,1,-1,-0.9003730365751837,-1,-0.1254375031172602,1,0.02885197221729907,0.8564389197985937,-1,0.040530301302101224,-0.9649691623543108,-0.010121396332888406,0.907822937499924,0.9505840417585023,0.9455467452409954,-1,0.9537591254889414,-0.9524668045871969,0.15221329751100404,0.9948349467293689,-0.04691388981053081
1905-06-15,-5.427149742942561e-7,-0.926032548062447,-0.9872393336454076,1,1,1,-1,-0.932237923194109,1,1,-0.056993400807693884,0.08780244465898124,-0.0019538978709242594,0.8664590960926543,0.07901912955995682,-0.944504892449703,-0.11961874407070916,-0.025914654827248307,1,-1,-0.030436096339805506,0.9001327182270974,1,0.9483626496096303,-1,0.882661547967948,-1,0.09944933237715509,0.9164113306620767,0.06748861037972646
1905-06-21,0.936748440169005,-1,-1,1,1,1,-1,0.0448200467156028,0.015080565757134679,1,-1,-0.890890158653433,0.9328500708566753,1,1,0.04320762184629834,-1,0.9537238123947434,0.0028351210975102736,-0.08814145463571421,-0.03010631573919342,0.9253937305343478,1,0.8995158718854052,-0.9787171335686711,0.8891605045153106,-0.9389859345074191,0.10645298796571591,1,0.08177431276767998
1905-09-22,-0.02046437750450414,-1,-1,1,1,0.06561329942177918,-0.06077623248681541,-0.9134069391599482,-0.9376183761222242,0.12815936219888036,-0.02199518487089691,-1,-0.046198794967985624,0.04997487806187462,0.03253675137967593,-0.9390665193023929,-1,0.012177593269956266,-0.9709089866521181,0.9059153307666304,-0.014947583560603998,0.9533222900578368,1,0.8775276837289094,-0.9684395169534338,0.8506762158011301,-0.9325237105955587,0.08029387731423307,1,0.012613922046243231
1905-12-01,0.9783473167525782,-1,-1,1,0.07808951389800045,0.9904874799785565,-1,0.008816342441836822,-1,-0.8624077756431321,0.9713375053109857,-1,0.9125434450829115,-0.9273112058753835,-0.8868670213488712,0.047119040319520855,-0.009111407944881744,-0.9629715545170401,-1,-0.06455174843526978,-0.06353177692028746,0.8860960039798332,1,0.8866530947318576,-0.9968343117182868,0.8961410988751428,-0.8978917964858258,0.05293460671660585,1,0.04548135284823695
1906-01-01,0.03835752334252174,-0.03537383004459571,-1,0.04653010059852336,-0.9070424912232249,0.0084178926233629,-1,0.9435866663117031,-0.019673922194822224,-1,0.025257837355790347,-0.028423224984118978,-0.052604366389745305,-1,0.09882954633259777,-0.9376725027300234,0.9747006397671585,6.470578748278832e-4,-1,0.8975508763113965,-0.09862230798054422,0.9130728641414321,1,0.8903512494118188,-0.9036461614288808,0.926427792858981,-0.9415308629450109,0.006778787699782199,1,0.02846540071965399
1906-02-25,1,0.9035273862012584,-0.030649150549920345,0.981749175608514,0.07989897656551492,0.988332106238506,-1,1,-1,-1,0.9974367874612358,0.9702810159508675,0.9174791193622076,-1,-0.825627116722694,0.0062099888440912965,0.031322302014400893,-0.9714981977425963,-1,1,-0.1557139925211045,0.8722606967487287,1,0.9877440451024032,-0.9090746384032996,0.87316841151863,-0.9756946882494956,-0.01709516145969614,1,0.01178433042919028
1906-03-01,0.02479547456022535,-0.08811488301875803,0.9345564388281608,1,1,0.002082002455670473,-0.06747616711226012,0.08343172201673021,-0.009364997851787016,-0.01970777755453834,0.11155450614258577,0.01925495498461549,-0.057726024658651176,-0.031021909398714742,-1,-0.9436315345134313,-0.9475778974387277,-1,-1,0.06599479194451352,-0.1795099402554221,0.9406415369194869,1,0.9981987368248006,-0.9029784637939191,0.8593031214020469,-0.8738409078154529,0.005755893533766973,0.9882495788236241,-0.0919991290857026
1906-03-20,-0.9713382560983344,-1,1,0.11164173151245371,1,-0.9604303321132606,0.8926367169329849,1,0.9704414578877952,-1,-0.8178537599575038,0.985678025289204,-1,0.9572636510634392,-1,0.012161441819482088,0.013460001973988889,-1,-1,-0.9234472954652903,-0.19102638193155508,0.9638805319100918,0.9841345697991483,1,-1,0.8312999923344505,-0.8374156556305871,0.1003282503665387,0.979332484615864,-0.05283880243212102
1906-05-25,-1,-0.02126615629492523,1,1,1,-0.08194267565607549,1,1,1,-0.02799240717650886,0.13314856851086865,1,-0.011536367519445423,-0.026606968595633163,-0.06528033836456815,-0.9629416530116993,-0.9684047942713894,-1,-0.019720564063862134,0.05145556980709454,-0.16473012929917635,0.9171230729586156,0.9191080606736628,1,-1,0.7830249321157843,-0.900789081112327,0.04868177120725811,0.9745551205539085,-0.047451810613027876
1906-06-15,-0.009280863759147384,0.9538229246635358,0.03151259709066967,1,1,-1,1,0.020036916445282715,1,0.9547534272904867,-0.7820419178006793,1,-0.9883932930001224,0.9568419290259034,0.9191298624842333,-0.011700196527541062,-1,-0.04371695697710609,0.9591863734736323,-0.9166201026506886,-0.15861162498051187,0.9140947948061446,0.8749964398031433,1,-0.9682798635531595,0.802713370917291,-0.9917614956791256,0.1283652496022108,1,-0.025680694329769244
1906-06-21,0.9858275561402362,1,-0.9661827743699433,0.03139052662980235,1,-0.0028223111809019263,1,0.9729011251400054,1,1,-1,0.041282082794464436,-0.03427794492375269,1,1,0.9294787472097121,-0.028190420345584055,0.9012716269993221,-0.02849071696418537,-1,-0.12023910973436513,0.9037320081461236,0.8181821129006277,1,-0.9588103929945763,0.7705350999488954,-1,0.17074534598368202,0.9288973917777278,-0.004390746879531782
1906-06-22,1,0.00363433154194881,-1,-0.9317457357626736,1,0.9646652023932318,0.03860082698297962,0.04693933829770092,1,0.01637632733000116,-0.024527029496006714,1,0.8603003436695076,1,0.022717044283014465,1,-1,-0.059893268470777916,-1,-0.10014364711575152,-0.11656880500761466,0.962470375070417,0.8411652230965444,0.9412361876583312,-0.9391063234895538,0.724887323961887,-0.9808419030359786,0.2054166655187248,1,-0.018162852477288542
1906-07-15,0.06314335004822069,-0.9823327899962625,-1,-1,1,1,0.8848851977504995,0.9768473815997535,1,0.9597919335111308,0.928117835374795,0.030217398375152915,1,1,-0.9521633401568623,1,-0.06359284153742872,0.8831202889415276,-0.014447782425594968,-1,-0.22234581663528535,0.9000566807415006,0.7578884645031504,0.9025664384832032,-0.9718849676373759,0.7317365698464643,-1,0.18534222220490648,0.9544080866119427,-0.10608839352965577
1906-08-20,0.9621754433674163,-1,-1,-1,1,0.006128331656628294,-0.071244710502543,-0.01873300976742276,0.00709119232711497,0.030285403742719486,-0.03553421101908827,-0.9555471193904815,1,0.0057185877431090715,-1,0.0031776367367630787,-1,-0.11603847286151292,0.9315636744587721,-1,-0.22433891664966857,0.8610522445954473,0.8199156619304807,0.8945882527442804,-0.9501853974449206,0.7309412585874312,-0.996331615110931,0.1809859055268689,0.9858589247296072,-0.08505402273707016
1906-09-22,1,-1,-1,-1,0.07368159058214907,0.9890224962644464,0.8475694968566981,0.946446897444324,0.9537261810407055,-0.9467538196550196,0.9609653122505226,0.02705495219611731,1,-0.9838170007673777,-1,-0.9243029903752182,-0.005324734103544282,0.8741130332845187,1,-1,-0.31187459426112885,0.9116800308668392,0.8993879730461809,0.9199305527955451,-0.914277834387048,0.6662594487728414,-1,0.1535089352809394,0.9759335533378092,-0.053813076658640734
1906-10-31,1,-0.013835722299150865,-1,-1,-0.8863756976318731,0.017909862209412042,1,-0.03566101797662824,1,-1,1,-0.9359182147597708,0.03453778859487899,-1,-0.09492465047730814,0.06221287773370643,-0.944373630360663,-0.0694377101049608,1,-0.02871013870311334,-0.2658687188142358,0.9263329670805449,0.8834086879829732,0.9811429836082212,-0.8603442194338109,0.5981502468656955,-0.9700671008564626,0.24207986938797513,0.9287015437359858,-0.07536387471975714
1906-11-01,0.07478588498922978,0.9413353038106719,-0.09055213372331916,-0.08483438353983508,-1,-0.9722861036491361,1,0.9518968110661564,0.022116067432296438,-1,1,0.023348404536385425,0.9499514425735314,-0.012780794734259082,-1,0.9874680534401579,-1,0.9182241950980314,0.032470718415235855,-0.9537287626023556,-0.33405963153404444,0.8745217407778264,0.7932335242255493,1,-0.8200617779314305,0.6358680874521623,-0.9981533945498346,0.22027830462793285,0.9632907417370941,-0.11160845015897722
1906-12-21,-0.8397653121520825,1,-1,-1,-1,-0.06958624359590093,0.030322395950171943,1,-0.9442164895289025,-0.019090341708641656,1,1,1,-0.9766530443620667,-0.05434422378215753,1,-1,1,-0.9196220131862776,-1,-0.3317374510924728,0.8918443082835802,0.8633791032904619,0.9661911596882609,-0.809518146918371,0.6395953618953697,-1,0.17187045728964584,0.8901772171198532,-0.09870882738740447
1907-01-01,0.11363769062330431,0.011772314386541582,-1,-0.02171723946547366,-4.8301939770623026e-4,-1,0.9725986149144593,0.1638010880646319,-0.014215329323881143,-0.9170205474567248,1,1,1,-0.012484635216501894,-1,0.0484605858280196,-1,1,0.07906998600730353,-1,-0.42062827856085183,0.9045766838556966,0.8921342375216156,0.8559386862375361,-0.8708377415079102,0.6195614077627523,-0.9456268985820746,0.18402046156111465,0.8635870588848855,-0.12493637990643393
1907-03-01,-0.8146788288276123,0.9804944378033259,-1,-0.9683720493269682,0.9828355043858333,-1,1,1,0.9383385607695536,-1,0.024428186577749367,0.023549081585534704,1,-0.9432599848287923,-1,1,-1,0.014848850434299066,-0.9002600701583777,-0.026757469458836947,-0.45333260071198206,0.8914979405645407,0.9121351928972437,0.792829935061479,-0.9446713894991661,0.5378348756501157,-0.9989453739058306,0.10104452403867098,0.8540249465295607,-0.1167780551843507
1907-03-20,0.1274118144561458,1,-1,-0.04741525083068787,-0.008657999993255228,-1,1,1,-0.02158617571048549,-1,-0.9340479372824623,-0.966382399406468,1,-1,-0.0026406416688018464,1,-1,0.954563088257818,-1,-0.9744353949315631,-0.48299578026115236,0.9814672051532245,0.9398844054732558,0.8945311575183266,-1,0.5054140097524683,-0.925385160432087,0.08362738163110651,0.8769055571820509,-0.1126925529919102
1907-04-01,-0.8220147755996736,0.11008925838636363,-0.013023485512969168,-1,0.9373701909246418,-1,1,0.01469254879578874,0.9680947172328613,-0.02925748935523842,-1,-1,0.005263253651933475,-1,-0.9866982395866535,1,-0.012997423867711966,-0.005029762004740923,-0.06619131799026146,-0.043902843535322256,-0.49533837759365046,0.9124565629283622,0.8964231282707121,0.9289916142889482,-1,0.4630092124232952,-0.9751719143817337,-0.0046872224865035644,0.9436245660311504,-0.1049370728897513
1907-05-01,0.1708337190378556,1,-0.9614162752970729,-1,-0.04639234133401149,-0.0622546983524479,1,-0.9386867942848814,1,0.9606511149392107,-0.01544961983702442,-1,-0.9355922864292419,-0.07862350803959217,-1,0.01835602995357699,0.9573774922810672,0.9718310470373632,0.8917088359153755,-1,-0.44521181022762557,0.939194641805038,0.8597702120184869,0.9190692749799891,-1,0.557717263515212,-0.939918530616744,0.04159454111452928,0.9021282237903484,-0.13774110535387818
1907-06-01,-0.7491170232863914,1,-0.021803056796962594,-1,0.9455729781082037,0.9161740849568654,0.04788195992871935,-1,1,-0.02947417770343952,-0.9333412962563364,-0.023998671618156164,-1,0.9044091288402748,-1,-0.9342326348410662,1,1,1,-0.06620800150499595,-0.49359702211340684,0.955885569010006,0.8357704143350235,0.9070675959798238,-1,0.507955527804394,-0.9878726805288687,0.053485675550152476,0.9682596954748043,-0.1481281825254598
1907-06-21,0.17831803191674755,0.12905917830022107,-0.9525893115567322,-0.0575290459159713,-0.022932221838609657,-0.0309188177720241,-0.9134035522113982,-1,1,0.9194615322489902,0.04996850820186627,-1,-0.016702946642645156,-0.05869886581510353,-0.037278740776893304,-1,0.009569314913079996,0.0901819020821627,1,-0.962058847948665,-0.5191485522700744,1,0.7833915869210613,0.9886405633790064,-0.9280494127346569,0.37783831847328075,-1,0.04563307035016276,0.9763803964647114,-0.17165926231165107
1907-07-01,-0.7867295084987626,-0.8133910371536411,-1,0.9408134453007232,-0.9581217750870039,0.9425220877510616,0.03756288670878327,-0.0024156296692213752,0.07267397793263664,1,-0.9412380884309294,-0.006581842284357098,0.9652057503511382,0.8773544859190694,0.911841237517148,-1,0.9274104822635452,-0.8041403345691223,1,-0.0011476518971970107,-0.5536273401445393,1,0.7933605156981952,0.9433264846068049,-0.8996313075330555,0.38200450975309497,-0.977451461071014,0.07416617327724499,1,-0.21369144475802238
1907-08-01,-1,0.14075431715743858,-1,0.029519671956719562,-1,1,0.9836120733737285,0.9716849372960528,-0.9202212790752092,1,-1,-0.9659941810157854,1,1,-0.05103360139688551,-1,1,0.11492961604675067,1,-0.9716619059554853,-0.48480120678197897,0.9618842434714725,0.8111487729011302,0.9378497807853438,-0.9632737206589539,0.43945412803103195,-0.9395595736679445,0.098577928828359,0.8846942515930781,-0.16449998659461876
1907-09-22,-0.02902170658076786,-0.8185575453882727,-1,0.9806149468382073,-0.012017765259625723,1,0.04636326435963167,0.04651539216711287,-1,1,-1,-1,0.05022430030829972,0.050261472506919924,-0.9526112536623256,-0.06424290518173081,1,-0.8196774590929273,0.04297333400079517,-1,-0.4601664641882308,1,0.8182183772074091,0.8818679075845702,-0.896971896560995,0.4463043992895112,-0.8400548466474256,0.13462042751183645,0.8845647388369299,-0.2248913284595896
1907-12-21,-0.9855751927452477,-1,-0.085261349117703,1,-0.9751957832350919,1,0.9618415355236705,1,-1,0.0679079205257086,-1,-0.03670083815339742,-0.8964237954708517,-0.9203706460519566,-1,0.9255235918873218,1,0.15899856505743826,-0.9463664308857068,-1,-0.4158482921596019,0.9016954557403393,0.7842525801529402,0.9492206949423854,-0.8942609163586925,0.48440715239365745,-0.7638584894048764,0.2080090422393171,0.9459726797266013,-0.2699332282396738
1908-01-01,0.005233815095348371,-0.08888785235470098,-1,1,0.02298608330663321,0.006525492872243244,1,0.03987341083832818,-0.07237992635335833,-0.9105688436887932,-0.11442900856508686,-0.9812739328749794,0.09503451483192293,-1,-0.003382380102487925,1,1,-0.7199393978126691,0.01409316295259666,-0.0013928816605199845,-0.37968214740004813,1,0.74132790294059,1,-0.8681715926745854,0.5037320128067148,-0.8218448445599243,0.17686530010178692,0.8742736970911822,-0.25221925721708116
1908-03-20,-0.9588409683146286,-1,-1,0.07656110279795658,-0.9395695745798573,-0.9802492550769467,1,-0.9240194651145724,0.877019968365395,0.0878114283271676,0.8434910074920918,-1,1,-0.052357872104518366,-0.9408991205304038,0.031732185648283395,1,0.21906962562016696,0.9153388267619071,0.8632114411704888,-0.3028760342126858,0.944866224966645,0.7387406461578094,1,-0.8830367884697412,0.543834446404641,-0.8356000474799993,0.14062100648122394,0.8121670391401111,-0.21603863806052617
1908-05-01,-1,-1,-1,-0.8520286662347006,-1,-0.06651091244975826,1,-1,-0.09262123728335503,-0.8402597720370701,1,-1,1,0.9097845465093044,-1,-0.9479353077841447,0.0030189439838079757,1,1,-0.0733139355869884,-0.3032469960411357,0.9938147390077248,0.7382838370759776,0.9529410154373159,-0.8908059812387579,0.5673017510137662,-0.7661804097010212,0.10531149283507629,0.7893659586769479,-0.26061953875690314
1908-06-01,-0.0607245006964664,-0.033012427125422183,-1,0.08606852704600276,-1,0.8024460835881566,1,-1,0.8712332529014033,-1,9.15663848614301e-4,-0.02207798918069237,0.022203825382846487,1,-0.012303686512136425,-1,-0.9879590500710614,0.07000217459400537,1,0.88447569745596,-0.28964816271689636,1,0.753250367315721,0.983904430148526,-0.9295604362776944,0.6290864553714662,-0.73493724285067,0.07680065404881255,0.68941589347296794,-0.272430596784833
1908-06-21,-1,-1,-0.13696198136996351,-0.8549410567973591,-0.06629080860707537,1,1,-0.029800531319722934,-0.1140611735557433,-1,0.9791298827923421,0.9429108910347727,0.9471812734147345,0.02674925766296854,0.9575781024695084,-0.004235757027227449,-1,1,1,1,-0.29347865016834085,0.967816285366485,0.7335193048314184,1,-0.9974040473812934,0.6292891420962768,-0.6715737445662948,0.020470528110466978,0.6764999924777971,-0.3171040267332195
1908-08-01,-1,-1,0.8529834625478833,-1,-1,0.03847906454729799,0.013351273491974291,-0.9837081649245514,-1,-0.0012151357986741607,1,-0.01856476412348873,1,0.9423428645643998,0.038292547645376485,0.9249179789540981,-0.013291170404614916,0.03412551906951822,0.051498332361393784,1,-0.3752030761238213,0.9385356011613701,0.7541337635118661,1,-1,0.6956680724189712,-0.6767229318490464,0.06599864088126461,0.5876847736372675,-0.3468954258159584
1908-09-21,-0.022521304304143452,-0.13766232551216973,1,-1,-1,1,-0.9419205684224996,-1,-1,-0.9625646909348683,0.06507606236795827,-0.9902822366271017,0.01717091089950573,1,-0.9390520109438254,-0.07205295743954243,-0.9599350196017817,-0.9020927339824144,-0.8984370394426818,0.01940664422700289,-0.40908377704087745,0.8543188029316511,0.6085723622098483,0.9060407600248381,-0.920882588001453,0.6986230955727926,-0.6847955190187748,0.18731844676756504,0.5515642780407162,-0.40838735932485715
1908-09-22,-0.9814081314260792,0.8373168826512206,0.05592138076742981,-1,-1,0.016296505600288613,-1,-1,-0.07679819911591124,-0.04550926481043849,-0.9189538079666568,-1,0.9264425048635397,0.03460541634792669,-1,-1,-1,0.061005030797957716,0.09731446122100318,1,-0.45362439992679254,0.822997705440227,0.5557305783729838,0.8776066290653024,-0.8436199401072066,0.6381225440343863,-0.7194507084104794,0.1401316056693438,0.570756550762728,-0.3535763383154793
1908-12-21,-1,1,-0.9205996075644264,-1,-0.006423663552383441,-0.9712245765662327,-1,-1,-1,-1,-1,-0.012246623058093098,0.009554511409104238,0.947069483065398,-1,-1,-1,-0.9356748895059817,-0.8728836675064874,1,-0.45738904762913024,0.7888781945127266,0.5506793130099591,0.9414345413236418,-0.8631562514229675,0.6091994094738616,-0.7313606898481018,0.2050999132637275,0.636912356095438,-0.30893186842072673
1909-01-01,-0.0551187575373715,1,-1,-0.029039014223758763,0.9006573399417106,-1,-1,-1,-0.0031882710111439394,-1,-0.007189908154027758,-0.9957129294030338,-0.9570173313550184,-0.031157753251279896,-0.03229037398134105,-0.010944265218447602,-1,-1,0.09584079832427417,0.008261582853967386,-0.4322949265385229,0.8268806816858817,0.4689493988772091,0.8275083457055994,-0.7895979942566194,0.6189663218203749,-0.7585647521430225,0.16613235224443898,0.6479524529315938,-0.2961961307490229
1909-03-17,0.9026380719672942,1,-1,-0.9170681085620676,1,-1,-0.05201318164402813,-0.05061220765373353,-0.9893712444818923,-0.03804416751280937,0.9044035268585052,-1,-1,-1,0.9383604862096546,0.908819310266142,-0.03696156162336495,-1,-0.8678126961125595,0.9914036463480195,-0.37638533683669095,0.7529107021944335,0.4865780297022635,0.8872302856881036,-0.8071925147265198,0.6493704823928956,-0.7218755142101527,0.15553810269473145,0.6870650600291589,-0.34643979661385116
1909-03-20,-0.03520072109966044,0.124487790721587,-0.06429429057751201,-1,0.12336271382356112,-1,-1,-0.9742534643281503,-1,0.9143664002670262,-0.06155320469891623,-0.06946053187611134,-1,-1,1,1,-1,-1,-1,3.303413298811897e-4,-0.40702463514637055,0.7674749336882116,0.4644521245256362,0.8588367859079225,-0.8040423382685636,0.5800544582796515,-0.7058671648428788,0.18346917338974406,0.6316863002585029,-0.35966075765160677
1909-05-01,-1,1,0.8962336073031758,-1,-0.8611259822325813,-0.07383970462045475,-0.007685468666554285,0.01515167177149912,-0.011627663823973289,-0.05700996151881321,0.9363727994297805,-1,-1,-1,1,1,-1,-1,-1,0.9829566751092842,-0.36742883155806433,0.8691717124373317,0.4406418559949466,0.8610211786593016,-0.8217156671516926,0.4579453761812444,-0.7658389937197958,0.14717691330345187,0.6233346435509234,-0.38332193178789886
1909-06-21,-0.10489613567218292,0.07239038234289219,1,-1,-1,-1,-0.9344046220843941,-0.9292067251399209,-0.9718123219529423,0.8752854586840842,-0.033607175236449405,-1,-1,-1,1,1,-1,-1,-1,0.08186903065817408,-0.36130504915392936,0.9299884136275456,0.4050221375658789,0.8326193050322779,-0.801907323034808,0.5112401277689549,-0.794175019155126,0.1384211718768309,0.6014294238320639,-0.3965312390472371
1909-08-01,0.8260947443205733,-0.8522072112930736,0.031645533037019224,-0.03474085730126775,-1,-0.014782859150706873,-0.007198025886129278,0.055131206642163644,-1,1,-0.9932327277009637,-1,-1,-1,0.070829415007302,1,-0.0035580071080859588,-1,-1,0.9724116633565912,-0.39789731551988217,0.9946759127999679,0.4227835922918627,0.7666621321741146,-0.7962014621642243,0.4968895454411311,-0.8143925551900552,0.08189580700650992,0.5677949916606241,-0.463080404124903
1909-09-15,-0.16071548830020133,-1,-0.8442821139600502,-1,-1,0.969598731050949,0.9832089816441965,1,-1,0.03034217159184094,-0.002561490868306926,-0.07721044965076307,-1,-1,-0.9194268285428002,1,-0.959336452044984,-0.0075715152843470745,-0.06284979684639658,1,0.5781894261200503,1,1,-0.19150916236295568,0.18758415188198396,-0.47946823537202826,0.149410775806175,1,1,0.48039743065460555
1909-09-22,-1,-1,-1,-1,-0.018330409974821937,0.026431285523457415,1,0.06998253875571758,-1,-0.9273481911972744,-0.9405633524993903,-1,-0.12393440062563044,-0.034112772892562426,-1,0.002601711389933814,-1,0.9086929833525147,-0.9896650592004935,0.018271154781264287,-0.2946264210452877,0.05830693020695432,1,-1,-0.756062923254072,0.46030653720679643,-0.8023866603646354,0.0490426472676162,1,-0.472970408664045
1909-12-21,-0.05980717376472533,-0.07485418140543543,-0.10415989775651868,-1,-0.9907897780583136,0.9854858535730624,0.055085120738654014,-0.801493200618245,-0.03309834740857798,-1,-1,-1,0.8593069474547806,0.869491047815386,-0.07865364136524289,-0.9688815906350531,-0.10053850506579787,1,-1,0.9807067961766696,0.694559400008779,1,1,-1,0.1913452397717218,1,0.18588544201483337,1,1,0.49953541011350583
1910-03-20,0.9010049454817317,-1,-1,-0.0015245928588503155,-1,1,-0.8574698241763079,-1,-1,-1,-0.028355600727914543,-1,1,1,0.866550036973251,-1,-1,0.054873441632179,-0.011263021729395417,1,1,1,1,-0.03813260627445725,1,1,-0.7476364305713573,0.0125489881174643,1,-0.4961437551154381
1910-04-15,-0.07382014074452714,-1,-1,-0.9832354507513066,-0.02922392341343072,0.0656739614875137,0.08220685693324403,-1,-1,-1,-0.997268196799778,-0.01618538117681767,0.04264041537740493,0.012763773704927095,1,-1,-1,-0.9167594907959704,0.9124945183066148,0.06645022426860858,1,0.027450273617110277,1,0.9155082101003402,0.0016573388104159648,0.0029227340433186644,-1,-0.9686788097477844,1,-1
1910-06-15,0.9028458648154185,-0.032783499493763135,-1,-0.06518853684732373,0.9519941469078017,-0.8511738702507308,1,-1,-0.03719413886036571,-1,-0.0060595898954164396,0.9332969517075258,-0.9282252392806184,-0.9733294140754983,1,-1,-1,-1,1,-0.9114704198642606,1,1,1,1,0.9612256390368727,0.9860947677553982,-0.031441038779479236,0.028671401623993842,0.03840090430837473,-0.007802184208295593
1910-07-01,-0.09055851343699439,0.9523807886339669,-1,0.9099965772068969,-0.01265840374907734,0.10558951197438082,1,-1,-1,-1,0.9066949781203119,-0.04283953374846683,-2.809931990251924e-4,-0.01374619041532077,0.020733266789876748,-1,-0.014705174829640288,-0.022006174675424872,0.013267165960980432,-1,1,1,1,0.00875289914925137,-0.0037670708514911944,1,-0.9988289977410777,-0.9647803055950863,-0.9447705221077841,0.9448632519534936
1910-09-22,0.8256866402798466,0.00223619448157375,-1,1,0.971509713618472,-0.7955901117146178,0.05121025842398419,-1,-0.05861359419471257,-0.006727362215969146,1,-1,-0.8901304922616028,0.957224278376115,-0.9137118853454352,-0.01456395292416135,-0.9523510988740322,-1,-0.88028426109756,-1,0.0043102851992320446,0.018096722069720017,1,-0.9844054405843807,-0.9512238674236888,1,-0.03004447381153852,-1,-1,-0.03552305853210236
1910-12-21,1,0.9646618540077079,-0.02292134963016157,0.008845441078137894,1,-1,1,-0.022857019946274426,0.9386247759952393,-0.9731334504861763,0.08369817119696121,-1,0.04653615938512312,1,-0.015685849963093967,0.9433177273950857,0.0014198715654749616,-1,0.05568962860172744,-1,-0.9387418167694109,0.9337200408088083,1,-1,-1,0.04172631284017547,0.9628968064478308,-1,-1,-0.9996335074960222
1910-12-22,0.05487284496902978,-0.025478990023617643,0.9646061261881259,-0.926023229548031,1,-0.052568870019610636,0.062287361064790825,-1,0.04663384554872296,-1,1,-1,1,0.02391800372534092,0.9349720471984725,1,-0.8842054218450958,-1,1,-1,-1,0.014434834297059385,1,-0.018989109102670265,-1,1,-0.0035757560635911734,-0.10134157440469216,-0.07491652791030745,-0.043177929792984515
1911-01-01,-0.9180092009646684,0.9075128138713419,1,-0.014985195445931021,0.020771892407061676,0.9138431476807367,1,-1,-0.9180972371668562,-0.037020560309436235,1,-0.030790257979505853,1,0.9650067380121581,0.024900644214899348,1,-1,-0.04216816755985531,0.02235435577010425,-1,-0.04646264646583942,-0.9288425258796625,0.005525599963167815,-0.9472383574288918,-0.1396436919703139,1,0.9549944060355083,0.8381575286286265,-0.9887670839994652,-1
1911-02-02,0.05419803452647809,1,1,0.9776061131668201,1,1,1,-1,-1,0.9252240442867035,0.08953323523637535,-0.8626399414240762,1,1,-0.9351054696918765,1,-1,-0.9982312099744293,-0.9382029050163354,-1,-0.13376703828449693,-0.96579376199090206,-0.0717734820628287,-0.9314928395558557,-0.148084876540776,1,0.9538594300725395,0.9134228791969965,-0.9771501143469384,-1
1911-03-20,-0.9383754626420636,1,1,-0.005960445526964064,1,1,0.005517605389326663,-0.035148112570878465,-0.005152623394505507,-0.06587228033028025,-0.8457353455447091,0.10670322898109286,1,1,-1,1,-1,-1,0.038267573424003,-0.07502947722056674,-0.13693547071419776,-0.9316252751683148,-0.1303457558082945,-0.9084413744099776,-0.12445608682062746,1,0.905982982227725,0.8783249210439286,-0.9714163842083083,-1
1911-04-15,-1,0.03976393511703891,1,0.9274500269746491,0.08603066722453556,1,0.969563441617551,-1,0.9855479279276326,-1,0.14604473624868042,-0.8849932134956368,0.0045111436667334415,0.05141372253520715,-1,1,-1,-0.09968239822200275,-0.905869963729728,-0.9969070244589443,-0.12045170259518138,-0.7882151997712528,-0.06679292803620925,-0.8729015754922316,-0.10740202442574323,0.9269721137386362,0.8590448924547757,0.897962193272022,-1,-0.8096252057183063
1911-06-15,-1,1,0.06392164159275304,1,1,1,-0.010180298049414005,-0.01102658148971647,1,-0.08087544559555404,1,0.08377578316546241,-0.9794545019489072,1,-0.01033853588942013,0.03654715935359509,-0.011180499220878826,0.8069725191801684,-1,-0.008971830735233444,-0.10004557155075543,-0.8614207189823628,-0.008258350329117738,-0.9192258478453748,-0.1263970187481519,0.9318523747477254,0.8934586277626232,0.9246366977423415,-0.9498287883592572,-0.7847838312324104
1911-07-15,-1,0.02854322880848481,1,0.019664335083197537,0.016977674138192622,1,0.9832659403977749,-0.9509194837734481,1,-1,0.03534780837545637,1,-1,0.01281413334953907,-0.9025085918672803,1,-0.9707449213126527,-0.15907294288816365,-1,0.9879279123583953,-0.08108039557623162,-0.9304234081625546,-0.0277575243952122,-0.8843390690418259,-0.10775773189766927,0.9644593890751524,0.9381289592600985,0.9461839439755709,-1,-0.7871875677822986
1911-08-01,-0.01576259938280622,1,1,0.9992442310426052,-0.9707286914227381,0.04305835051395768,1,-1,0.037001581586422416,-1,0.9666563914352775,1,-0.0031597122490530927,0.9605996831573922,-0.012713119966692665,1,-1,-1,-0.048913324071797604,-0.0011562213951700206,-0.06880905625544827,-0.8457595314405162,-0.012962282606947333,-0.8948816706676745,-0.1389595974214604,0.9895985802370993,0.9683868156559483,0.9248394893600921,-0.9798503916123706,-0.7803050001252285
1911-08-20,-1,1,0.09420830135689606,0.0674239886231558,-1,-0.9347783028818756,0.04011075618423254,-0.029771953903527826,0.9889576491239701,-0.021727226741463324,1,6.282126529993937e-4,-0.980984872449966,-0.037723607516283675,-0.9872922394680167,1,-0.01723699406544743,-1,-1,-0.9702440023085076,-0.10121312525637793,-0.9217218223230388,-0.031916491459564565,-0.8222632778378046,-0.16958768569776997,1,1,0.9927062161434943,-0.9207986693991098,-0.7301229674221499
1911-09-22,-0.07264217647521498,1,-0.8567898468938373,-0.8691832185590511,-0.019164158078285976,-0.021813010958843693,1,0.9561794185496271,0.06950898473571165,-0.986143789323976,0.022078635390188395,-0.9758306250815213,-0.015390241183104947,-1,-1,1,-0.9945236966888636,-0.021731469469354225,-1,-1,-0.08961144519291887,-0.9203750730348786,-0.060091481105399316,-0.8538930963287836,-0.13648725506108514,0.9913602575799194,0.980709874874299,0.9446646484147428,-0.8753834465166952,-0.72956318899138
1911-12-21,0.9218977890484956,0.04254289831642977,-1,0.1066365402733922,0.9731122504819462,-0.920843599312503,0.11257393585867603,1,1,-0.04512224549044208,0.9727226093966849,0.020825763732921776,-0.952721631378183,-1,-1,0.0017390554889837873,-0.03362589980399666,0.9131465150679319,-0.02399829480356208,-1,-0.03942747605224245,-0.863208334141328,-0.03443301180892612,-0.8237613102426659,-0.09236730147326865,0.988332951182707,0.9781129261440487,0.8643059386881313,-0.9488444277240877,-0.758823742655431
1912-01-01,-0.03156037693436986,-0.8163827505817198,-0.04760452175406571,1,0.040556478782534655,-1,1,0.023723737570412018,1,-1,1,0.9546736265576933,-1,-0.007835921404299784,-0.05195726016319502,0.9844355321733111,0.951022498351344,-0.050450456709045244,0.9669524645405531,-1,-0.08521742835123436,-0.9346708609921967,-0.09015765691783446,-0.9513893983900304,-0.06542700324818528,0.9841331952764243,1,0.8686839842357291,-1,-0.7510324102068321
1912-03-20,-1,0.13151218717928026,-1,1,-0.9479202819976764,-0.06051943699093465,0.08361457102179548,-0.9708640184174615,0.0620131673018014,-0.018923885179670474,1,-0.03272294883459659,-0.007562979160158356,-0.9665175929691364,0.9293338496802326,1,0.018729815508604863,0.9114386049143226,0.06401883156969168,-1,-0.023951154536153006,-0.9409419880521506,-0.1306337446564644,-0.9425800736017076,-0.06064149532810703,1,0.9851737968830951,0.8279803947254174,-0.9950787788984813,-0.714482235004672
1912-05-01,-1,-0.7918091734918137,-1,0.019508420363708256,-1,-1,1,-0.03143248225274664,-0.9300724231693298,0.8730229946866135,1,-0.9817622616514736,-0.9122512525987879,-1,1,0.015157230821238654,1,-0.04077437813829121,0.9546094685984203,-0.03377608357231465,0.04002044487516663,-0.908624807873988,-0.13214984793533702,-0.8487534091087088,-0.0789294304258214,1,0.9725915949983082,0.8559588067430706,-0.9905194358840494,-0.7742270425185234
1912-05-20,-1,0.18291938742147074,-0.0029247223159317715,1,-0.04003014410624328,-0.05392161720081923,1,-0.9776057048497803,-1,-0.006772773610594918,0.04543454813073966,-1,-1,-0.0023391254847654475,0.09864458705646695,-0.9464568728318733,0.06212520426995327,-1,0.0350704419529998,0.9380344701908376,-0.029048660118629145,-1,-0.19856164932716264,-0.9273625058046752,0.0038402300866018924,1,0.8735998186676778,0.8715578087252418,-0.946358285687277,-0.8432554651281187
1912-06-01,-1,-0.7561294212506889,0.9352247230706521,0.011677896066527693,0.939113079311928,0.8873984633771849,0.015375093419322194,-0.013096738916331119,-1,0.9403093355126971,0.9914394040335939,-0.007965086781817954,-1,-0.9336264281943266,1,-1,0.9867376068770003,-1,-0.9499318365206915,1,-0.09944493085646228,-1,-0.19092784534683108,-0.9493565792002865,-0.08499681913632495,1,0.7949714788004272,0.9197198275563571,-0.9417003779786968,-0.8234247520802176
1912-06-21,-0.04174638620828042,-1,-0.05989941617923533,-0.9837262026501014,1,1,-0.9687973450898092,-0.9687437228839673,-0.0685310921526876,-0.008211697074234636,0.007758447728021145,0.9794255877602441,-1,-0.02443132165426476,0.06594224948950766,-1,-0.002025427670577118,-0.056208459628782514,-1,1,-0.06314062452126115,-1,-0.1728683478126264,-0.9008499439361348,-0.03994217580563387,1,0.800595419220917,0.969641844222051,-0.9282117727105108,-0.7501907163304936
1912-07-01,-1,-0.0032970465837520724,-1,-1,0.05605939388241121,1,-0.018125413323024753,-1,0.9295146557134446,0.9717829048882045,-0.9802945914442422,1,-0.07320340592099484,-0.9388896825329375,1,-1,-0.9622210646562147,-1,-0.04802792799163935,1,0.013542836978702733,-0.9240614667221392,-0.14656237188136975,-0.96899748766141,-0.06341640630734599,0.9520973172633709,0.7782545007784542,1,-0.9834986236990726,-0.7811848937429603
1912-07-15,-1,0.9320014996960028,-0.01636196155520464,-0.03455031608599002,-0.8762175238211958,0.07686620767078234,0.9752579706835715,-0.020628724101450113,1,-0.00439872769188665,0.01867656148800534,0.05923102128764923,-1,-1,0.07514628560617331,-1,-1,-1,-0.9950510012253635,1,0.10324118944515731,-0.9657850453899376,-0.13265310868118751,-0.9286710143438253,-0.06717908494240621,1,0.8131796053793999,1,-1,-0.7526395020458786
1912-09-22,-0.017177177379070097,-0.02703053179367587,0.929571459084231,0.8171624142529748,-1,1,1,-1,0.03684621481295691,0.9446292643651338,-0.968614712992761,-0.8793309905105526,-1,-1,-0.8398965676208134,-0.08332044605221633,-0.020275309993519675,-0.012508431556351063,-1,1,0.08911432195227771,-0.9690960986300583,-0.15806203780665487,-0.9647094014502036,-0.11137557939896123,1,0.8048070214813722,1,-1,-0.7761435420774753
1912-10-01,-0.9908864278427196,-0.9981784840159703,1,1,-1,0.013645639405182264,1,-1,-0.8508325372175248,1,-1,0.07421135711859694,-1,-6.555939398679156e-4,-1,-1,-0.9968863450295767,-0.9464398474334751,-1,0.06329590173998356,0.16654420786984828,-0.9062042883248532,-0.15974125110275628,-0.8950773836044704,-0.1429434563328667,1,0.7848835297324767,1,-1,-0.7590688044011702
1912-10-31,-0.025202354816866168,-1,1,1,-0.047111175383480974,-0.9035769206521095,0.022800915769609742,-1,-1,1,-1,1,-1,-0.9937798424601937,-0.08132338545334183,-1,-0.02399978828860616,-0.057585729543172204,-0.0019424778758502237,-0.8798695448989919,0.18276164853420696,-0.9220938372280446,-0.13989595067402,-0.8828473671452848,-0.19855608786344234,0.9845894143561187,0.7789887754164116,0.891744226850057,-1,-0.7741971002694947
1912-11-01,-0.9748277281505866,-1,1,1,0.9085593062469366,-1,-0.8952617091058171,-0.00781869377329425,-0.05200947520659416,1,-1,1,-1,-1,-1,-0.060138183084629704,0.9263909703649917,-1,0.9933450248998738,-1,0.21065949264783765,-0.9607071960692763,-0.1374251096146263,-0.8749255762188709,-0.15112192321087814,0.968266532599818,0.6948655348789375,0.9380797263251773,-1,-0.7284308526079991
1913-01-15,-0.06551740270060469,-0.032834469797094035,1,0.07182582870855958,-0.002324871485083757,-0.016256076573272105,0.08604503530275986,0.9610524850374847,0.9354914192846381,1,-0.003735284927858351,1,-0.05050046312201817,-0.02905233452809708,-0.03234622498765649,-0.9148820664046894,1,-1,1,-1,0.2394419212109488,-0.961541298931014,-0.09101160662724475,-0.9277565652478406,-0.22098949804077375,1,0.7191945748336224,0.9793892749115217,-1,-0.6945126018615613
1913-01-25,0.8924513563851685,0.93436319935341,0.03449702738887361,-0.8669796247941646,0.9502065831411952,0.9537582172889829,-0.8955642980337858,1,1,0.0352422592804702,-0.9597273065828092,1,-1,-0.9459438522180714,-1,0.050918448936544514,1,-1,1,-0.11330701323848613,0.21005703903777284,-1,-0.1361102962192196,-0.9452178622866437,-0.24590779337196256,0.9791617934500363,0.723653727453432,0.9765754198940475,-1,-0.5596761881600751
1913-03-01,1,-0.034012006442529885,0.9823407116599893,-1,-0.03906884602507443,1,-1,0.028403885030581888,1,0.9957266220401697,0.013533474635386344,1,-0.0043992830780251735,0.044719097772257355,-0.004558649472720666,1,1,-0.05813127385791805,0.023099142724460564,0.8817743201076543,0.2502970497348794,-1,-0.09033490946114262,-0.9379191627078586,-0.26220542220014276,1,0.8085549468195316,0.9303977154236138,-0.908181807425438,-0.5183075918466944
1913-03-15,1,0.8981477694276103,1,-1,-0.9541334012937343,0.043166623711036634,-1,0.9739399781965938,1,0.034274179078778944,-0.9657934446413146,0.023522470070469592,-1,-0.9257571561221558,-0.899621279304067,1,1,-0.9723281415033089,0.9949736226468132,-0.0635787970358288,0.25635057633987,-0.9544509711423652,-0.03669518095341179,-0.8536562633150837,-0.29524649056507096,1,0.8057690436627278,0.893942942107763,-0.8965703315856209,-0.5886319734812191
1913-03-20,0.045951120936850054,1,3.2211564467699016e-4,-0.01010080647856626,0.04112428953112346,1,-0.045848869942137105,1,0.09436080425879567,-0.9586124684721654,-0.003648842474720082,-0.9497830214409315,-0.030268439362088895,-1,0.08784040965396311,1.8488391983684238e-4,0.02868968104570402,-0.043087382770536475,0.01961549287754616,0.9092588635516429,0.3008209523737164,-0.9685260700393135,0.03296338593941882,-0.8177960189344078,-0.2996209364690858,1,0.8170926616692631,0.8681000382339038,-0.9317872016855038,-0.4968785185306456
1913-06-15,0.9728470916655089,0.03876605481006612,0.979323722335699,0.9696255260196759,-0.9472831770339664,0.047113745293792864,0.939736472583318,1,1,0.039674972140782305,-0.9463222136513182,-1,-1,-0.04934721416028143,-0.8111113705831035,0.9417409529930597,0.9799464866079475,0.9541345483990941,0.9718465456895047,1,0.22922150925851903,-0.9551615267816693,-0.033761829831859325,-0.7812467416678901,-0.35799225984780686,0.9997922003700384,0.856900139473757,0.7758900909856528,-0.9294296694566,-0.4372199065255815
1913-06-21,0.0012157233611977958,0.9911395747937481,-0.01789960530527268,1,0.04736286280471369,-0.942098264698589,1,0.0023956842945822565,0.09854040612222781,0.9788527837486798,-1,-0.061933065735414905,-0.09060469651450898,-1,0.11116036324406575,1,0.054058658729369435,-0.006099161739143044,1,1,0.23260120970457773,-0.9919592978362749,-0.038024186767623126,-0.893336414433749,-0.35803994402436645,0.9967089242389859,0.7446114192559448,0.7790857539557805,-0.9087560676930517,-0.41806113155560604
1913-09-22,-0.9648605306406434,1,-0.9246807990177124,0.026897892622353647,-0.8609351686219827,0.019761639662948194,0.07082993306094088,-0.9829754182621055,-0.8467514309545413,0.09293539114036853,-0.061325184993936355,0.8612377856474114,-1,-1,-0.8732131087187345,0.0488638831379401,1,0.9934855294473396,1,0.028585981613189926,0.15028146792815938,-0.9920372877871457,-0.013887225317440188,-0.9371817303427401,-0.3841467887500788,0.9255941829461516,0.7428031752150736,0.8307055865339781,-0.876339194471908,-0.4141225087045245
1913-10-31,0.01706025251698251,1,-1,-0.9093869351946876,-1,-0.9694252435078604,-0.8272596485201374,-1,0.1338613178514544,1,0.8828646093390259,1,-0.014086331055825685,-1,-1,-0.9337107559645584,1,1,1,-0.9602382353876037,0.07820116339004433,-1,0.004575657748433645,-0.9899207307492194,-0.3517966678810548,0.9119473592646508,0.7375478687653995,0.874804105668267,-0.9391447679144982,-0.36070641321109304
1913-12-15,-0.9695505551193089,0.036296258163730055,-1,0.08498462574521337,-1,-0.03879360265432441,-1,-0.10018873395086292,1,1,-0.07066810043830218,1,-0.9840946606265777,-0.057169980867386117,-1,-1,0.032456941203125145,1,1,-1,0.14999510997176585,-1,0.02688510753217041,-0.9873072985385164,-0.3687808099023122,0.9228362244218608,0.6796326584609539,0.9156676170461651,-0.9457219022856262,-0.37542807154780783
1913-12-21,-1,0.9961361801223075,-1,-0.9063460383103313,-0.02631775674887482,0.9575740564552149,-1,-1,1,0.02141284962364365,-1,0.032573384735755995,-0.06354555311979881,0.8721800335950567,-0.010677725377486125,-1,0.9452897182623771,0.01397873391792459,1,-1,0.14339450804051904,-0.9639725478847846,0.040310506088397,-0.9976650896560711,-0.3204543762475498,0.9765736648970232,0.6368738667571834,1,-0.8947096297835846,-0.33583815292434993
1914-01-01,-0.07822589509392797,1,-0.010290182454396501,-1,0.9539981501437922,-0.037424362688960766,-1,-1,5.185639930481711e-4,1,-0.05818821945377339,0.9941607913858937,0.9153996077749822,1,0.8997028521786956,-1,0.03862215325754381,0.975430637488828,0.0182229604494345,-1,0.11963170805180222,-1,-0.00853046089886822,-0.9502525051126762,-0.36128347029887875,1,0.60744743174076965,0.9423572629765343,-0.899000006798846,-0.3554424461877811
1914-03-01,-1,1,-0.9533149950599805,-0.012519324359311135,0.019113725840660845,-0.9478818053066282,-0.024922851226271914,-0.025826670437517518,-0.9945994940737247,0.0656075997539004,0.9022572727899575,0.04408028816696141,-0.0588455639046076,1,1,-0.04618250901780918,-0.9146942028696107,1,-0.9540974777855478,-0.03717114055606929,0.09413806240082315,-1,-0.0075579348258653775,-0.9515554846970637,-0.3001594964938905,1,0.5805402387048915,0.9868149883663425,-0.9832778283286996,-0.37412007171194706
1914-03-20,-0.03587220003371283,0.018258309791308158,0.004172334378175879,-0.9340643530467004,1,-1,0.959185476881217,0.9602879492464421,-0.03105315066546388,1,-0.09229660380576554,1,0.8821988803561919,1,1,-1,0.033099566804293934,0.03228412965182004,-1,0.9025026862864661,0.13922786815952598,-1,0.014773150069410022,-0.909050076752067,-0.3370230129584259,1,0.4981595970983423,1,-0.9138738492149814,-0.43919573414902946
1914-04-15,0.906747274869949,-0.951867264091504,0.9632858380266385,-1,0.012099675587079917,-0.07777037137727283,1,-0.026586846196336,-1,0.04702820365958604,0.8851240034134723,0.11795377431997078,1,0.01078368449107403,0.008853086983539482,-0.030574570387255973,1,-0.9106226025245269,-0.049751408848297984,-0.004989240665512873,0.19490377310643864,-1,-0.05422536236885041,-0.8724946483812491,-0.4252620532511972,1,0.557780758051275,1,-0.9516327436649367,-0.4033882796103914
1914-06-15,1,-1,1,-0.1263691649927352,-0.9466102340285593,-1,0.01868726392791531,0.870522605409392,-1,-0.8731575316958321,-0.09607371722627989,1,1,-0.924806031563902,1,0.9360176378128495,0.04864433122980327,-1,-1,0.9512460502692524,0.13620718509412882,-0.9903729337170548,-0.03245775322466321,-0.8448180471798564,-0.4027228903542744,0.9729304844847283,0.5379373239523165,1,-0.9738866536893127,-0.4011941142950509
1914-06-20,0.04385268037337675,-0.08432411295415587,1,-1,-0.0016353209851557304,-0.08736758770565967,-0.9119769872520059,-0.1201937314091096,-0.013791953917892008,-1,-1,0.010355581703263561,0.080467981801151,0.008558579090296559,0.015839897216870402,1,-0.8816814987817533,-1,-0.031988594695894546,-0.04725549869833279,0.10135683964487455,-1,-0.06994554321727066,-0.8957161109618544,-0.4159233983281687,0.9467398672931422,0.6085535219881895,0.975691848641652,-0.984843587829854,-0.3531525940523179
1914-06-21,1,0.9058614255942014,0.007272813587308247,-0.09508572362226819,-0.9902292451333035,-1,0.03284321404175927,0.8503197549688689,-1,-0.033219195488720765,-0.06848471183930627,-0.9518845147774626,1,0.9741247553779256,-0.919119121861231,0.025782471370431992,0.04266238466294958,-1,0.9307028759087134,-0.9837203744676883,0.1221345125548346,-1,-0.12184976542430055,-0.8162114795004554,-0.41246080531646206,0.9306375126011702,0.6348529095219151,0.9116463034014326,-0.9522600305655915,-0.41530144598419205
1914-09-22,0.009385191713765173,-0.03951139335430376,-0.9113983405009002,0.8896411802047663,-1,-1,-0.9542877305964487,1,-0.050812808445012236,0.9593357548362025,-1,0.041218060311500326,1,0.0028549343210637623,-1,-0.8877184713629276,-0.8672625137035064,-0.04634148884885436,1,-0.03799152246787896,0.05251182261930887,-1,-0.07905430947335246,-0.7714457431303742,-0.42242423767610837,0.9670438581145608,0.5455385685606142,0.9276605002633886,-0.9162876505539891,-0.4227903724221871
1914-11-01,0.9297791344314331,0.8691270638518835,0.033528680714344006,1,-0.05661831630842662,-0.03376830113251317,-0.01964031424047774,1,-1,1,-0.017206691182420242,-0.9076312974421501,0.029249522802263006,0.9704583118796591,-0.06879210930279567,-1,-1,-1,1,0.9344189901514042,0.09393785660670688,-1,-0.05170568736341817,-0.7629601638720456,-0.3701966178125301,1,0.5809454706962471,0.9556307513660481,-0.9281125568515883,-0.3538232205309508
1914-12-21,1,-0.08228527770624994,-0.9663203054539191,0.019023384274283295,-1,-1,-0.9690905718255904,1,-1,0.01124560142922193,0.9522591733615997,0.09092859911354678,0.9983260640569135,0.02681743005276227,-1,-0.036940775771700296,-1,-6.705345700639409e-4,1,-0.049572840628418935,0.005442730116168262,-0.9775583548145891,-0.03236636187736151,-0.8434297112346915,-0.3982365516277061,1,0.5830207250381979,1,-0.9999037976807643,-0.3378616111687903
1915-01-01,0.06310318353795152,0.8833417665636284,-1,-0.967607109346625,-1,-1,0.01243053952652029,0.023685312273014625,-1,0.9253330115346216,1,-0.8396909363645152,0.08483208796000441,0.9890780045425139,-0.048004844281830605,0.938994931143032,-1,-0.9843820619015696,0.051812040419988104,-0.9633880411162014,-0.016964643296815907,-1,-0.010803827418430098,-0.7799886903338296,-0.3544030061063357,0.9851918624648179,0.5800902548403425,0.8837570295512789,-0.9181046583106683,-0.3548326767440868
1915-03-20,-0.9149615427501944,1,-1,0.024387321101995263,-0.07443276871302851,-1,-0.9788610944074807,-0.9396993132845517,-1,1,1,0.076555408822647,-0.9030656382005517,0.060479313324456996,0.9093881799569481,1,-0.004985334513540107,-0.033949977045890756,1,0.02975811654073557,-0.06460778466528888,-0.9753450928793898,-0.10680976145067973,-0.8750707487529262,-0.33782663487802606,0.994144213285708,0.6119796251435545,0.8750005565511947,-0.9987623001566239,-0.3017937694256357
1915-06-15,0.013578111035433604,0.07311626509141522,-1,-0.9494981992620611,-1,-1,-1,-1,-1,0.05806562028258666,1,-0.8961955327447566,0.09524962754061295,0.9810107678806569,-0.04190953609248049,0.017544426792952095,0.9551067363996112,-1,1,-0.8932385271891825,-0.03960116624597098,-0.9691868058175293,-0.17728225617168658,-0.9432282459046005,-0.28804377238350465,1,0.6207095776365604,0.8784645238357098,-1,-0.3244823859859282
1915-06-21,-0.9365378371133116,-0.9170570327068339,-0.052019826989979756,-1,-0.023141101088068217,-0.0373833154994756,-1,-0.03502177598825407,-1,-0.9345710139369967,1,0.057526755289628695,-0.8918016266980142,0.05812676334058475,0.9435140438621892,-0.9562462125561185,1,-1,0.0020719981607624227,-1,-0.008487032169686739,-0.9535456944768993,-0.2226219892361051,-0.9202837717303172,-0.3097358026269508,1,0.6483457991735693,0.7923286404357337,-1,-0.2579462584374517
1915-09-22,-1,0.059676783232710195,0.8768965165877518,-1,0.9477474158002459,-1,-0.012619701441804798,0.926537765834838,-0.08000029480092163,-1,0.008206402272023516,-0.8933376757069571,0.06741210552479526,-0.9245788942114443,0.004854548205316167,-1,1,-1,-0.9902145715154067,-1,-1,-1,-1,0.023200919263434705,0.648607087431259,1,-0.338899461220048,-0.12400510314136015,-1,0.6794162369745718
1915-12-21,-0.04281488871111838,-0.8729473055769817,1,-0.007577296679538326,0.04081514642153761,-0.0010710500929553834,0.8992375789345921,1,0.8931229389214028,-0.03151595127973528,-0.9171408065215269,-1,1,0.019379173988254506,0.960970298365436,-1.7667744268301533e-4,1,-1,-1,-1,-1,-0.001882470699620331,-1,-0.9262359668545509,-0.3448299224128121,0.03399931500477471,-1,0.8324169102639882,-0.008055500024017226,-0.28459026173889224
1916-06-15,-1,0.09012455420095378,0.020528038377180202,-0.9567911365776754,1,0.9985992708458713,-0.05214521795385885,1,1,0.9430413236808727,-1,-0.0547785902313529,1,0.9760750317303148,1,-0.9538335568596852,1,-8.861536889993582e-4,-1,-1,-0.00870416110543959,0.9638191046793227,-0.06598244020052701,0.030864076022601106,0.5286486299373354,-0.9113041797461133,-1,-0.11856002609927585,0.9804998334237741,0.6191585284637506
1916-07-01,-0.05554137639461065,1,-0.9327630311729156,-1,0.04812696794201643,1,-0.9361954981749424,0.030562841663517526,1,-0.05070303652433239,-1,-0.9916580068762225,0.015186958591408062,0.001702517263609371,1,-1,1,-0.9424665930745285,-1,-0.02335249528407013,-0.945655565699668,1,0.8998155107388394,-0.8954213167199384,-0.3987822050142438,-1,-0.03338038370913177,-1,0.09834142123825351,1
1916-09-22,-1,1,0.02401364426675834,-0.007090683515587393,1,1,0.011549877782188744,-0.9310013055670214,0.033826798812568004,0.893724806458112,-1,-1,-0.8936081928634155,-0.9455667287582568,0.09930576936651392,-1,0.05418819263028796,0.05517499340929588,-1,0.918284114738149,-1,0.007699030796590067,1,0.0637881833474111,0.5757944437704828,-0.13766447910946078,-1,-1,1,0.07204955768239885
1916-12-21,-0.036006279487279524,3.4800340074092606e-4,-0.970541333237218,0.890792414803606,1,0.0027344763292702634,-0.9482207114927517,0.01678054846994148,1,1,-1,-0.008651069429604918,0.06438274553436896,-1,1,-0.016990264244489683,0.9704022076999065,0.9921476975965042,-0.029634788937431322,1,-1,-0.9747845923300814,0.0962204060223083,-0.8834616201679096,1,0.8374178452426568,-0.07241966699610347,-0.004569099108157948,1,-0.8967553542588743
1917-01-01,0.935221349562669,0.9660092503808274,-1,1,0.020640445862081136,1,-0.03058098827998501,-0.9791432745491309,0.07272730524956206,1,-1,0.9496301715782569,1,-1,1,0.975631514719814,1,0.0038455614747103795,0.9499135473745327,0.04109291607171073,-0.011283683294595503,-0.07260295311281884,1,0.11536921156075697,0.011689712757400272,1,-1,0.9693342767462718,0.036288597530786726,0.048892413512029775
1917-02-20,1,1,-0.05263948042873623,4.908802044083505e-4,0.9696902274383162,0.07675281682244295,-1,-0.01022846759031748,1,1,-1,1,0.007397790009117111,-0.004432922747613088,1,-0.0183112970761794,0.042322644115584174,0.8741197283385127,0.0044585189905358424,0.9981058384519005,0.8748000162068579,0.8704607328991193,0.01593066945766275,-0.8435156819826376,-0.9703716651973486,1,-0.013492948636495194,1,-0.9496622501778209,1
1917-04-01,0.05454407134578365,1,-1,-0.9704214506105809,1,1,-1,-0.9864214760536121,1,0.0036427542739242424,-0.023975905251436558,1,-0.9657574085473183,0.8877597113991565,0.0013208156400150717,-0.9687356370794656,1,1,-0.9942420369894307,1,-0.12411981513856962,1,0.9374863247348362,-1,-0.07864867147494004,1,-0.9976182465026702,0.022018602813779542,-1,0.017985005593842418
1917-06-01,-0.8933896947433081,0.04897287932686856,-0.04640266848367525,-1,0.05696650947983817,0.09783436327582817,-0.07782188096764964,-1,1,0.960314394692719,0.9208929548233037,0.003168461395965383,0.021148644654882198,-0.07579691429755253,0.942749257466666,-1,0.008785540530472202,0.046145960135923425,-1,0.039862162538222834,0.791772491335541,0.10242695474615493,1,-0.009031630505066723,0.8517820717236125,1,-0.0952263715830085,-0.9257608711512959,-1,1
1917-06-15,-1,-0.8651157477152145,0.9462062143071606,-0.062450333919935486,-0.8935397890354522,-0.832878151686684,-1,-1,1,-0.02300926659744318,1,0.9590172125939527,1,0.8751322222963209,1,-1,0.9713746793333473,1,-1,-0.8655703468676352,-0.16221913369713914,1,0.05225589733807001,0.9526641692883931,1,0.06140395070530047,-1,-1,-1,1
1917-06-21,-1,0.10478821998205701,0.004531209114077339,0.9276601231553842,0.02474251072567446,-1,-0.019962564446814324,-1,1,0.9291169707465251,1,1,0.08063073003905996,1,1,-0.06337729797937575,1,0.01693239710770489,-0.07356960641239862,0.06266168733008826,-0.1129597924747973,1,0.03352727830528388,0.938463716150454,0.9130493824243558,0.032804939970870334,-0.9823772134953537,-0.9524724665994782,-0.9694058546011127,1
1917-09-22,-0.00359894374291303,-0.875417149494174,-0.9378102056769412,-0.0688831269915452,-0.8678345668732819,-1,-1,-0.032564446749590026,1,0.0058741578183034715,0.028217978734286886,0.054419582216454265,1,1,0.010055620843391289,-1,0.05061883674388379,0.9645239512414029,-1,-0.9014242800496066,-0.12776245777606374,0.8905128658311775,0.08843975636025328,0.9059054432255997,0.8801882969964666,0.035497737326279775,-1,-0.8753018212384808,-0.978277501044855,1
1917-11-01,-0.9800341069318126,-1,0.0029150058664498824,0.8763332605512555,0.1296130496022968,-1,-1,0.9465164757878217,0.028539157670673276,1,-0.9246087887014706,-0.944192560319257,1,0.006319727489955018,0.9964193790352278,-0.021578625901432447,1,0.01134742395363908,-1,-1,-0.16348566766698822,0.9078689555373042,0.018670226362045614,0.9806363503330965,0.9215828422000663,0.11763409277345827,-1,-0.8991386726758058,-1,1
1917-12-01,-0.08004125216471003,-0.04869989851047274,-0.9721003289456429,1,1,-0.04833194806395158,-1,0.02556152876990614,-0.9632443031360998,1,0.07137334910454374,-1,0.036400905103919245,0.9268539857210775,1,-0.9640107948743675,1,-0.9630358320336577,-1,-1,-0.129124901954828,0.9185861757801517,0.03454890284110192,0.8887367882069854,0.9348058400353171,0.17697280619460393,-1,-0.8165487657135427,-0.9743180582524702,1
1917-12-21,-1,-0.9709860002535898,0.02313841034021913,0.0614830430434925,1,-1,-0.014685960931160036,1,0.03036066839175733,1,-0.8804866107181855,-1,-0.9524285995821187,-0.05168201079112922,0.003388609410825749,-1,1,0.0333822013384264,-0.0696247297403998,-1,-0.13670268973627137,0.8545550730780999,0.09540314179120579,0.9317941376999026,0.9982376733098858,0.17434271551029853,-1,-0.8271766182035021,-0.9511505859401819,1
1918-01-01,-0.08142428794616763,-1,0.9532995337111196,1,1,-1,-0.9756740499422069,1,1,0.034172441832765466,-1,-1,0.032989538198179624,-1,0.9107092810729647,-0.03548594352737511,0.12239100675311143,0.948454920761939,-1,-0.032644930625808755,-0.07525248119312827,0.8679564562006685,0.048151176243787376,1,0.9839937275190845,0.17396356308118813,-1,-0.8265083869577986,-0.9447556736929594,1
1918-01-27,0.911116365821587,-1,1,0.051951383487591096,1,-0.006085356455942881,-0.022572842184051756,0.08623865356456883,0.07674378627809142,-0.9592851825552484,-0.05680882183065694,-0.026428429895296257,0.9831638647989018,-1,-0.08554626067676985,-0.963050617709657,1,1,-0.016280107518083065,-0.9601494243392096,-0.09045308814191184,0.9650596917088881,0.044301790099787804,0.9280323497948023,0.9457893168002253,0.10121693348080249,-0.9779204985434007,-0.9204392609091793,-0.8255057044218692,0.929700616556247
1918-03-20,-0.066600582401668,-0.13240313012712845,0.015172551466974604,1,1,0.9392021766046135,0.9569001591379749,1,0.9647517412908102,-1,0.9252467755367055,0.9735189079309995,1,-1,0.8493054246827335,-1,0.0821461057969971,0.03706417285495367,0.93185676031576,-0.06007398649522322,-0.1109197763041973,0.9096156517975271,0.06108437082581138,0.9364751307225873,0.9017088033974808,0.10810281163670882,-1,-0.981196303206083,-0.8483914918001239,0.9916189126954854
1918-04-15,0.8803490278538035,0.8059725357094933,0.9392167846323105,1,0.013933734693938993,1,1,0.07125179961981276,1,-0.09486364281493187,-0.06690926618191051,1,3.1693143502975474e-4,-0.021337948875162605,1,-0.07263440279498345,-0.8622596136710927,-0.9180317833761321,-0.037585652653954305,-1,-0.10976621066120289,0.9064002614664414,0.08316011697654808,0.9787062734128447,0.9583241571646784,0.08422354558665218,-1,-0.9659377014135304,-1,1
1918-06-15,-0.10403012884751939,1,-0.0580184011009548,1,-0.8905389199229748,1,0.022854560042380068,0.9738911942638826,1,0.7781126488367773,0.903872976651722,0.044343045685639404,0.9567934557875363,-0.959837493069589,1,-1,0.12746001960789166,-1,0.9417298200941066,-1,-0.05635157483822072,1,0.1439863163899976,0.9567892552826871,0.9253282213486463,0.07251251840063946,-0.9737712470057657,-0.9574643040700573,-1,0.9526654798932331
1918-07-15,0.8711652770641418,1,-1,0.04919427233598206,-1,1,-0.8970319173362574,0.03879987410317598,0.028875304337450558,-0.16298127518896255,1,1,0.04688016477283241,-1,0.0060794563358071985,-1,1,-1,1,-1,0.043641876754367245,1,0.14894111403270735,0.9770073805304653,0.9928377592544481,0.07007153349303412,-0.9832663651725769,-0.932273678320609,-1,0.9857356664592112
1918-08-01,1,1,-0.05343125987042174,1,-0.10937000700161315,0.051048439238086774,0.09572179999514652,1,0.9735596879264208,-1,0.02818034605823916,0.07893173102703532,1,-1,0.9979557249646299,-1,0.044708434271577224,-0.06222210615819046,1,-1,-0.00639979985410874,1,0.2336312327797505,0.9546967119240138,0.9546555718399217,0.09847031620651325,-1,-0.9360581254539883,-1,0.9171345151044101
1918-09-22,1,1,-0.9609285150889375,1,0.8582620809474969,0.9858477092568783,-0.8945920757024723,1,0.08257917987492547,-1,0.9600557913369528,1,1,-1,0.01462284078044096,-0.03762394122769619,-0.9506244139544963,-1,0.04954774189501965,-1,-0.014023447015697656,1,0.3081287833978333,0.9770029146155437,1,0.027495210662826036,-1,-0.9156686323929455,-1,0.9326177252359364
1918-12-21,0.07503731267588198,0.0015573539825942673,-1,0.005552387216497756,-0.13426329441339468,1,0.010509775718050118,1,-0.8618223920758096,-0.017863680565905926,-0.022132404335218014,1,0.011860671872867101,-0.036397070268549214,-0.968822745408199,0.915077471505542,-1,-0.03216642831347061,-0.9012945891490465,-0.011559438520262533,0.04014224327543926,1,0.3345737648906968,0.9460813231499504,0.9536162199440229,0.007209091509992133,-0.972941162272252,-0.9694120249517284,-0.9927393041790915,0.9276694622999456
1919-01-01,1,-0.9915955401874892,-1,0.9063305808884279,-1,0.039045379470178276,-0.9304190718011015,1,0.10247865383629395,0.914783698645528,0.9486025214677656,1,0.9890301437509722,-0.9620730962211284,0.016231686292557224,-0.053084107011135084,-0.056118332522101855,-1,-1,-0.9432244726065468,-0.07244930488520708,1,0.39944901529196086,0.9745926568277681,0.8632366015879995,0.06658848229603634,-0.8993365426963578,-0.9101009504663672,-0.9596645891468162,0.8951959147697298
1919-03-20,1,-0.024894275919605136,-0.04118219694336389,1,-1,-0.9400651688731635,-1,0.017467808195682055,1,-0.04015267542479595,-0.02744231023773358,1,1,-1,-0.9353237241945869,0.9343127286770951,-1,-0.008293731041016272,-1,-1,-0.12961563880892935,0.9934161459515515,0.3044763142765029,1,0.8409584527515246,0.1439298159966697,-0.9793059727107247,-0.869073155896839,-0.9567825881056395,0.85691035531284665
1919-05-01,0.04414764887724587,0.9306225294371252,0.9205739242906377,1,-1,-1,-1,0.9985027748446488,0.05721420786154918,0.9469226045929501,-1,0.02039301009561212,0.006614982215428444,-0.011500222620243306,-1,1,-0.018135082805026626,-0.9649536388409977,-0.07570682610003365,-1,-0.18532511241476168,0.9717009535273019,0.3121871731210465,0.9150750494199636,0.8311465094016623,0.14393902831126373,-0.9559887041355972,-0.9866716957349888,-1,0.8327864758643505
1919-06-15,-0.9520859864489067,-0.057675041892969015,1,0.028717785858324296,-1,-0.10223962346611637,-0.05359558840452949,0.050410031784401954,1,-0.03237099326737691,-1,-0.9619379238341816,0.9665090443081998,0.9766455403772355,-0.03859972550776336,1,0.9478225288937467,0.03353407963537858,-1,-0.08908246399400044,-0.18311197843047256,0.9619373576183843,0.3090028790452674,0.9021615724487535,0.8398681564978696,0.16698064808039148,-0.919165963783968,-1,-0.9775843258389144,0.8124797925005997
1919-06-21,0.00419128255367518,0.9226495086621319,0.020315492267359736,-0.8798195077257689,-0.02944935604300103,0.8891424841242406,0.900434888318921,1,1,0.8967014053478242,-1,-1,-0.019733827799911396,0.035205215463225414,-1,1,1,1,-1,0.8768725015639456,-0.17792015914175222,1,0.37014241264746794,0.8508499487930116,0.8891530111307129,0.14167410516893372,-0.9290670864538149,-1,-1,0.7646286625869264
1919-07-20,0.9274430992352125,1,-0.9472132878017462,-1,-0.9457954845757922,1,-0.0882953633876129,1,0.03374644599293353,1,-0.0170933745394799,-1,0.891558295086268,-0.9407234595393835,-1,0.0034347522681217324,1,0.05987666969868055,-0.04750437186959122,-0.11279405367116269,-0.1806752509935698,0.9892124878521856,0.36154816073743573,0.9085484694096303,0.8685960490532316,0.1547921741552137,-0.9237310583093188,-1,-1,0.7351627719054252
1919-08-01,1,1,-0.010836433605912799,-0.04494368531324999,-1,1,-0.9981846998975642,1,0.9475455655869852,1,-0.9145182909617136,-1,1,-1,-1,-0.9761168197800514,0.0815947012119036,-0.9239335286413926,-1,0.8711577820216759,-0.23095765801792745,0.9881260502953162,0.32068621138330833,0.935847075211768,0.9065654460859822,0.19742940089517924,-1,-0.9596309394010585,-1,0.6919554921933049
1919-09-01,1,1,0.98459342898576,0.8939270115442546,-0.010022479466081813,0.028209396196054448,-1,0.015137114627761239,-0.013669696859488267,0.13997121914816635,-1,-1,1,-1,-1,0.0011228611372079422,1,-1,-1,1,-0.21335570185740324,0.938859850609778,0.36485967249099616,0.9337680723759132,0.8746927761113316,0.25661513081563525,-0.9794234747938615,-0.9824799373702705,-0.9644114610049153,0.6647646366422375
1919-09-22,0.033826306240499315,1,1,-0.07291929914591033,0.9776240290473943,0.9868466891122425,-0.06000129593633641,-0.9676613953052524,-0.947785875423701,-0.8158090824024504,-0.09270602640101466,-1,1,-0.06987190412317168,-1,0.9745380307111733,1,-0.01145692530415654,-1,0.05364229820506361,-0.17650145806643713,0.9094668653769596,0.35806425166064454,0.9155445847087745,0.8075695839792494,0.29835061622737813,-1,-0.9813156105747192,-0.8671039355473154,0.6619771012619488
1919-10-01,0.9498569954155569,1,1,-1,0.034619111942817415,0.005450045777124379,0.9382990002842995,2.4229512285600663e-4,0.016780208677225628,-1,0.8662314863799492,-0.12939253689045338,1,0.9264705674252057,-1,0.013181711049682465,1,-1,-1,-0.9337879410424992,-0.33080763646879807,0.9609038840249063,0.3679631163831028,0.8690026743083631,0.7606865146304107,0.2547726182220415,-0.9740818634529731,-0.91867112931512,-0.906649032050865,0.6885611579276094
1919-10-31,-0.008482459654652219,0.03580067360601202,1,-1,-0.947520035806211,-0.9146533326664209,1,0.9010872165653674,-0.933831232670122,-1,1,-1,1,0.014275364960171344,-1,0.9969314346103727,0.07822887176598803,-1,-0.009163903641434712,-1,-0.34497767470570995,0.8933594480962236,0.39379954471116485,0.9589187737304904,0.7676111411583014,0.2795028897319394,-0.9800132244767319,-0.8018992016845624,-0.9160727131799395,0.6935505644763655
1919-12-21,-0.9923802103293567,0.9583412968312894,1,-1,-1,-1,1,1,0.022444570360942162,-0.05834016181770729,0.045297314031446545,-1,1,-0.9765659325891374,-1,1,-0.8635600720126765,-1,-0.9837759407852337,-0.0814166055072516,-0.32279243593213236,0.9023650662961351,0.4030977806067846,0.9640974196947697,0.792782159163856,0.2858423816924411,-0.9632635526809187,-0.8434398536988525,-0.8624519015599827,0.6384155671800766
1920-01-01,-0.011234019819248098,1,1,-1,-1,-0.05209811028068212,0.056891454160251764,0.047344939149866705,0.9880767108502938,-1,-0.9313798020351772,-1,1,-1,-1,1,0.10976328767546695,-0.05863407058793757,-1,-1,-0.2724721837336339,0.96983459025800145,0.25904208955865193,0.9648205946593946,0.8187256722570184,0.316978962706245,-1,-0.7475540588624272,-0.8785861463527594,0.5695953050267298
1920-03-20,0.9815492954977312,0.1337884589873234,0.04651078740069858,-0.07802299613740071,-1,0.9466503582117002,0.9251878295648118,-0.9282688160511057,4.981093363969347e-4,-1,-0.014727906804851365,-1,1,-1,-1,0.009069704013880298,1,-1,-1,-1,-0.2928271636422889,0.9521980936241891,0.2870152298268641,1,0.8519069760007582,0.30603694365368417,-1,-0.8188819648372426,-0.8319925090328191,0.44767750074836954
1920-06-01,1,1,1,0.902604673505911,-3.82131080070347e-4,-0.045261169005864854,-0.0664343719107896,0.06386009830775996,-0.8914596799128619,-1,-0.971083204858538,-0.06962369109824385,0.04940997914165579,-0.008844550309223598,-1,-0.9029856192164369,0.04692884734417224,-1,-0.021876490622224742,-1,-0.24516221213312567,0.9827455533051213,0.24612966940294556,0.947906355997245,0.8278428777196115,0.2876541854849052,-0.9251440860527635,-0.9130709926460937,-0.7559655203927539,0.4703400756295779
1920-06-15,0.018811115638781684,8.895800460918535e-4,1,-0.07695668449640936,-0.997291900898836,0.9312850403109907,-1,-0.8501949890535134,0.06271960554148193,-1,0.0064816739037877324,0.9297391061929818,-0.9396996917182057,-0.9779325813753464,-0.03647980010582652,-1,-0.8973145694626437,-1,0.9662754398887811,-0.018122288435896694,-0.22384538077376614,0.9664794705168505,0.22861821655041412,0.9415596292797078,0.7260096876220348,0.25086200738879927,-0.9702954014144444,-0.9936695593598948,-0.6984724953670889,0.4279388591083306
1920-06-21,0.9676770058869365,0.9587224183209462,0.06399550022478229,0.9115435625943981,-1,1,-1,-1,1,-1,-0.9451528848509674,-0.05368699073465122,0.0505092118195446,-0.07063968555457523,-1,-1,0.009565744179919067,-1,1,0.9558293938443377,-0.15742890263719422,1,0.20147137655815334,0.983326835336522,0.7100681337059473,0.30477738124836024,-0.966893540124745,-1,-0.6375916571396903,0.3727167545872746
1920-07-20,1,-0.00655829014312892,1,1,-1,0.01709093062737599,-0.0663508217445763,-1,0.06885347292101973,-0.04046847319481317,0.026124815287557723,0.9283795349214168,1,0.8458314933002975,-1,-0.056287937525728804,0.9824826994522775,-1.5144580988479817e-4,5.389620051224897e-4,1,-0.06276346021103525,0.9589929144692588,0.2370250998154732,0.9811405763194424,0.6833534766274688,0.29992809467210924,-0.9604504400805626,-0.9740063436513131,-0.541455498201073,0.3260609422485954
1920-07-21,0.018754755890426633,0.9907022371364523,1,1,-0.01321078070627546,0.9971241013874109,-1,-1,-0.9208364344704547,0.9494323920192909,1,1,1,1,-0.11030101853422658,0.9311748727933884,0.0340364523647263,0.9871290422926496,-0.8956903280788165,0.04249178812563259,-0.08792359822549059,0.9242573969298511,0.2109908774053536,1,0.6332862204160233,0.28695959192069176,-1,-0.9337660490746625,-0.5288572320919359,0.298801005574641
1920-07-28,0.9565426060697525,0.03457167182051368,0.05230115914021749,0.07173131826419432,0.9784556148609392,0.07607189717258556,-0.0711389054209498,-1,0.04664116882390246,0.0167409308044133,0.043037376255984805,1,1,0.08168460472605388,-1,-0.04912634602200838,-0.8856246670735392,-0.005391467560623364,-1,-0.9219480654462322,-0.03879350931476088,0.8931518601155795,0.11711447733181843,1,0.7221566710742787,0.33794129353928926,-0.9188667810669768,-0.9578014907693573,-0.510903568173287,0.2986982122525487
1920-07-30,1,-0.9506209408811794,-0.910282340229325,-0.8817838988757756,0.06700951623500462,1,-0.9704479104975998,-0.06601147501051585,0.9931829710222021,-0.8598254698444158,-0.8704206118325359,1,1,-0.8805609270796306,-1,-1,-1,0.9051051157679276,-0.015286979520006683,0.05038211526960579,-0.08950190244957076,0.8043675492959812,0.055197322599646985,1,0.6642008755222438,0.3176973661359595,-0.9111813373236777,-0.9158493492803289,-0.509204463113313,0.29876905857678593
1920-08-02,0.029946213037765235,-1,-1,0.11274332616705873,-0.9242069392783624,0.061955511445207834,0.02399761239420506,-1,0.03543277390189736,-1,0.09882848069904182,0.0735703557310321,1,-1,-0.017000440063339006,-1,-0.002605014854023535,1,0.946590485500799,-0.9220663421961688,-0.12235759980365776,0.7510600958866386,0.052390900209507284,1,0.7024415678908312,0.30686374506915615,-0.9516183804692846,-0.9332413955521414,-0.5567451387457399,0.2925068755842518
1920-09-01,-0.9434286331660008,-0.027243003888936634,-0.06515000076482536,1,-1,-0.8461759901640712,1,-0.03754791744613162,0.986563308504597,-1,-0.8841508498683184,-0.8709865822015473,3.017501031894465e-4,-0.15803803419062945,-0.9734979995414971,-0.013202463636552864,-0.9188952189452663,0.016643461777593238,0.005475938751693277,0.06736737619650557,-0.09309002659632454,0.7483097789648409,-0.050827859562170764,0.9167348459225148,0.6720710600253237,0.310511258912461,-0.9552686956923699,-0.9863851687456905,-0.5985677688882228,0.2928739367595117
1920-09-22,0.051978539483872654,-1,-0.9791667210672519,1,-0.001166185599647207,0.15047565334664703,1,0.9568850855213638,0.05256998781021627,-1,0.09744365428368806,0.01194791160753128,0.9782758938035122,-1,-1,0.9107736369206415,-0.0021005037156495154,0.9880244398118403,-0.9564108237941478,-0.8450899792095475,-0.10399544385022136,0.8099611699365302,0.012733777465434089,0.841838698962471,0.6840471412543027,0.34631210510215027,-0.9059693575066498,-1,-0.5546415323399536,0.2934652703581318
1920-12-21,0.9860977941257129,-1,-0.06285834495756926,0.0789580656757376,-0.9646567025716901,1,0.07944543824427763,1,-0.9453595158956062,-1,1,0.9592581467113,1,-0.028265589683704406,-0.024332857583505563,-0.03165029496328342,0.9676241480415311,0.005602710042495129,-1,-1,-0.12581909922655035,0.8613453158105746,-0.018593143029596602,0.7818256262006227,0.6553607045069512,0.38008275671776576,-0.9223510002169092,-0.9899794310971791,-0.5229488352604011,0.27971058736265403
1921-01-01,0.027909036106106955,-1,-1,-0.8860307404092036,-0.013499517231743585,0.06943412229759827,1,1,-1,-0.001548073220986268,0.05228968112111443,-0.01249754314752971,1,-0.9845566285941008,-1,0.9668686064479548,1,0.9562430429320237,-1,-0.05042613832338039,-0.10457214492406185,0.8760848000143022,-0.035721500762704875,0.7418638302864955,0.7379253318248779,0.44438548767461644,-0.9702318557118157,-1,-0.5677153339311451,0.2962776339337203
1921-03-07,-0.9469003975309219,-1,-0.047626061185490176,-1,-0.986439053539371,1,0.04195867297511058,1,-0.048081848792929094,0.9745246271035102,-0.8989211392266613,-1,0.053795872621209884,-1,-0.05910877995584163,-0.026838453798885054,1,0.02173571320657719,-0.014852179902161255,-0.9886545240976282,-0.022946713979193345,0.9143354315824841,-0.04702401690146169,0.6680819957939488,0.7844117852455248,0.4396562177941274,-0.9316560914911287,-1,-0.5383082163888934,0.33859796658265046
1921-03-20,0.01311442601071755,-1,0.8748183009446211,-1,-1,1,-0.9437896827841028,1,-1,-0.019544855506037684,-1,-3.8859408248825833e-4,-0.9155419993734611,-1,-1,0.9394644472413332,0.00653264285469124,-0.941537619714538,-0.9957059394383693,-1,-0.06479327329746021,0.7717321667961993,0.032098423000280533,0.7094339277806917,0.7069227288455011,0.3562685511081989,-0.8107632529685106,-1,-0.5057251139989577,0.42186037515688457
1921-04-19,-0.9366545226945021,-0.00983168432744641,1,-1,-0.01224188670913362,1,-1,0.02841659991714962,-0.027036364851186656,0.9504533024130747,-1,-0.9610498503206821,0.05568671819972859,-0.08802594204555947,-1,1,-0.9596746383406097,0.033894935923217906,-1,-0.027304959796741635,-0.08865144251303306,0.6402019009491356,-0.03185884265756752,0.741285797372631,0.6308532462651232,0.3745787903209362,-0.7635427351144378,-1,-0.5839998444511758,0.4842103597435853
1921-06-15,-1,-0.9419709441894274,0.02439724659952236,-1,0.9541830695907548,1,-0.01250309245377168,0.9909518629679598,0.9377317089524171,0.0021516354542656657,-1,0.011444043947025584,-0.9146479073663932,-1,-0.0175130757038906,1,-0.047747814162105606,1,-1,0.9395992917741606,-0.0390413813818728,0.6761897610929392,0.06376859662125903,0.7773368479122873,0.6963988960818562,0.35855715901357904,-0.7534543949149775,-1,-0.5750066208981555,0.41191819634101345
1921-06-20,-1,-0.03537536296478849,-0.910001972880716,-1,1,1,-0.9583413402892684,0.03531355516674961,-0.033637710584598746,-0.9805370283088429,-1,-0.93675884451417,0.044413847215688196,-1,-1,1,0.8867941060768207,0.0849873966435668,-1,-0.04964790169617006,-0.009043295369043539,0.7118770375634801,0.012832487624723665,0.7681710263816878,0.6859341600340665,0.37836192378028083,-0.7762881068499482,-0.9920639300770393,-0.6683325232162322,0.3804201011473084
1921-06-21,-0.018925563248046395,0.9475533164168592,-1,-1,0.0654893151201329,1,-1,0.95810572264058,-0.9967407386966501,-1,-1,-1,1,-1,-0.05520069611277856,1,1,-0.8679378166209576,-0.03042921096364004,0.9345190069508601,-0.029030753567727465,0.7529914913211242,0.13564296248911134,0.758873015914783,0.7287065827371966,0.4171279096350627,-0.8256829292898717,-0.8663192387723613,-0.7511885614564413,0.3905014113793569
1921-09-22,-1,1,-1,-1,1,1,-1,-0.0223297099425257,-0.022578641018609957,-0.05624078455885395,-1,-1,0.07050856464216382,-1,-0.9955787480671678,1,0.010497519622756357,-1,0.8300814817602336,0.01792140549699528,0.959580574456622,-0.2174802879530794,-0.8529699975054182,1,1,1,-1,0.1002428546098506,-1,-0.5815147209104552
1921-12-21,-0.025336759113079532,1,-1,-0.024128355697376702,1,1,-1,0.9510230398974073,-0.9519949095519415,0.9096419227824617,-0.044301658249247255,-0.09247930726829212,-0.8499768879524094,-0.03181619408802283,-1,1,-0.9528380356134563,-0.04825062933167301,1,-0.9279172348143278,1,0.778957384939718,-1,1,0.0077101150709003585,0.005967370412845896,-0.032382362350187766,-0.8221771379862641,-0.007085982473447494,0.3746043447438083
1922-01-01,0.8948842602604303,1,-1,0.9677861880088573,1,1,-1,-0.003968718553396755,0.014266941511868692,-0.07045519406237144,-0.9820884275857185,0.904825090342839,0.13016335382139776,-1,-1,0.017940949467107448,0.02701748924052494,-0.9732018224701203,0.03398348793978867,-1,1,1,-0.018372145400491813,1,-0.9408155084591339,-0.914473087806777,0.9224516371836771,-1,0.9043532070068299,-0.5874764771251926
1922-01-29,-0.0519445794814436,1,-0.031737417061384,-0.01163484286116534,0.06690812659923362,1,-1,-0.9424593353188686,-0.9717609806006043,-0.988817184239868,-0.008948514762801674,1,-0.8524284119827316,-0.004236258789405367,-1,0.9050817178790126,-0.8809920344748503,-0.015964864235020082,0.9862298474970033,-0.05268816753817518,0.10272555897821412,1,0.9454863418971,0.04239359456830416,-1,-1,1,-1,-0.06895872315351692,0.3462657859203382
1922-02-04,0.9013218013282877,0.04215820356063349,-1,-1,0.9993291417515217,0.0571043413201161,-1,-1,-1,-0.0018068406966516015,-1,1,-1,0.972922185514098,-0.02957669891611514,-0.06038860769377863,0.01788935963627669,-0.9258308514706681,1,-0.9977446125502917,-0.8849323807892568,0.029090905289777758,1,1,-1,-0.035438482598858845,1,-1,-1,1
1922-02-10,-0.09460457168471859,-0.9241391510642055,-0.09968942939480674,-1,1,-0.9349849050923731,-1,-1,-0.06156487862636972,-0.9520340048101205,-0.06461956541389513,1,-1,-0.015890759371779195,0.94290996417948,0.923886568533598,0.9251487886707198,-1,1,-1,0.07151227051523612,1,0.04565863491803612,0.054643784352348845,-1,-0.9840150500093923,0.009658354871247665,-1,-0.05736416211182549,1
1922-02-13,-1,-0.0068978851505605565,0.8474062303682595,-1,1,-1,-0.001583261951495274,-0.08324181128776031,-1,-1,0.8986221412874,0.038327650431484894,-0.0366951133792397,0.9279094874134595,0.04177651998731979,1,1,-0.03730375915473072,0.06087724145919138,-0.015770506280586405,1,1,-0.9491289585181724,-0.9425718282082383,-0.03079598235370029,-1,0.9364290019505058,-0.012788870748415504,0.8816482800300613,0.012679336614419445
1922-03-20,-0.013647035163897536,-0.9388474054546431,-0.07628011004966018,-0.018707661446760393,0.04433501033011955,-1,0.9795090159864682,0.8774354698733515,-1,-1,-0.051984360476858726,1,-1,-9.991064051628751e-5,-0.8705088089288264,1,0.061335554664773584,-0.956351242404246,-0.899292939045032,-0.9599529902827301,0.01800788110856788,0.032072916152323994,-1,-0.01735203161233634,-0.9961214263321818,-0.07742665188623521,-0.019550947317609535,0.9476951213438866,1,0.9836956481635949
1922-04-18,-1,-1,-1,0.914374141932682,0.9827763529922141,-0.009631566718001916,-0.0036955601755674916,1,-1,-1,-0.9707728849354889,0.06541723882594852,-0.10955816880438374,-0.9117944817872632,-1,1,0.9320024495031505,-1,0.032202928367196626,-1,-0.960794082599338,-0.9627796096742879,-0.022160965433743796,-0.9825875000120389,-1,0.8839232237946357,0.9304039132693486,1,0.0097472244195842,0.024913107174590055
1922-06-15,-1,-1,-0.050061683896591935,1,1,0.962465371299132,0.9674566275036676,1,-1,-1,-0.03606421796212833,-0.9196397851120593,-1,-1,-0.01609665280019079,1,-0.010176998097465306,-0.005009100559293933,0.9955403589217316,-0.060920337773510025,-0.04296675207159917,0.01544281349982568,0.8998280225274181,0.011411168661627391,-1,1,1,1,-0.9415309903838283,-0.9575289035834761
1922-06-21,-1,-0.0018543786763101089,0.9282658805205928,0.014536870872200125,0.004765933681182277,0.023810074350956834,1,0.02878440111627545,-0.015027296563404291,-0.004246097785074898,0.9620729417446279,0.05194138153218453,-0.0156491990593961,-0.05689885846927689,-0.954226052458501,1,-0.939629357956539,0.9163486318397795,0.021474891546296004,-1,0.9443437713221311,0.9803195457634948,1,0.98206474037097935,-1,0.01989512234801849,1,1,-1,-1
1922-07-15,-1,0.9719586315831166,-0.06931061400443383,-0.9107639744683417,-0.943253940286312,-0.9587379465814617,0.052872495186106705,1,-1,0.9011608685907062,-0.032602911709334714,1,-0.928111033257011,-1,-1,0.014895227733046634,-0.04387141154455254,1,-0.9468747675957913,-1,1,0.8984620551402966,0.9682822413788036,0.9818198082592703,-1,-0.035081948185794354,0.9875161247814876,0.9867557645897216,-1,-0.9458856194300073
1922-09-01,-1,1,-1,0.05909721357689757,-0.025916744577541895,-5.379666871311306e-4,-0.9237305457495255,0.026867073090558913,-1,-0.08766283882668913,-1,0.09369522197427471,0.056173370221587415,-0.03919771348834866,-0.05956296612799894,-0.9103017224277153,-1,0.03221024808150763,-1,-0.0329788156105566,1,0.8284848610776391,0.9491466232009957,1,-0.9570573469551347,0.0036736429866647824,1,0.9489389416263492,-0.9963772663155034,-0.9749174554285069
1922-09-22,-0.014800310254788118,1,-0.0033603851874879354,1,-0.9662524142202663,-0.9891813266560137,0.04662624025204365,0.9630642739741013,-0.06913078594816668,0.9061464795661196,-1,1,0.9755999071615733,-1,-1,-1,-0.00865540206735671,-0.9072137030061465,-0.006398919238882694,0.8977399710909517,0.97942212479426,0.8543615174223916,0.9870642535310468,1,-0.9074843725260746,0.08689221615830955,1,0.9876485117226449,-0.9451674174817182,-1
1922-10-01,-0.9956441675669725,1,0.915815477717948,1,-0.019966003568310464,-0.006430504574861495,-0.9254886349497039,0.002970576127322544,0.8767346900605811,-0.0409303613603581,-1,1,1,-0.03304641225352811,-0.11005557490288675,-1,-0.9284518073803086,-1,0.9283614905477181,1,1,0.8519196104617917,1,0.9350573942696336,-0.8779648261366619,0.13300427903138762,0.9895749737212876,1,-0.9492562265643877,-1
1922-12-21,-0.012337094044513108,0.01891746446264031,-0.0667996218474699,0.008740529331125235,-0.9911535112086308,0.922954679659568,-0.01265687447746422,0.8965555499310616,-0.1223745011200793,0.9359516646309718,-0.02137330046146846,1,1,-1,-1,-1,-1,-0.007826385110451972,0.02054818836558736,0.006661937712842181,1,0.8741104957278575,1,0.8696292795731877,-0.8641063780466348,0.23446345895684545,0.938743452389236,0.9856158656845668,-0.9011368140309912,-0.9789706935852199
1923-01-01,0.9463957863933663,0.9916232408296904,-1,0.9472134422589659,-0.05337802754751797,1,0.9714306645833652,1,0.839846828015324,0.005640253785807792,-0.8528056299114242,1,0.02742583818999378,-1,-1,-0.028150978631428458,-1,0.9832476381244696,0.9234937012904516,0.917461832818559,0.9721406394897043,0.866321133698631,0.9602167052137018,0.849241456876212,-0.8243334435183246,0.23634575980824654,0.9349687488949889,0.9745105543429948,-0.9496964196403974,-0.9686473014687363
1923-02-01,1,1,-1,0.01384384679001438,0.9277482595360167,1,0.002897185160719351,0.04073908910298474,1,-0.9011962459774349,0.09553796983167706,0.028576516679822528,1,-1,-0.07048775836786814,-0.954563576186098,-0.06274379080735937,1,1,1,0.9160442533732944,0.9445775461524174,1,0.7859882862273321,-0.8151671166711032,0.27794551151660296,0.9684006997583775,1,-0.9987213321642887,-1
1923-03-20,0.041805807506890225,1,-0.025086936956940087,-0.9843416432634287,1,1,0.9903965612266213,0.9392404006115979,0.06073895415915531,0.07158795705727727,1,0.9119020404166073,1,-0.011143945808745226,0.8823146410125804,0.03870713812589932,-1,1,0.07852496906266959,0.053670858855435655,0.9309785280353821,0.8778471623425037,1,0.8268680477657177,-0.7685102868421643,0.29269637699587864,0.9625037793235334,0.9445620612179453,-1,-1
1923-04-14,-0.888017871740971,0.08982790924553075,-0.9680080484095862,0.012093271957467566,0.0287868581847317,1,1,0.04522074777351237,1,1,0.05676058511300974,-0.050418220378074974,0.007063968435945034,-0.9862779630936698,1,-0.9007297284900966,-1,1,1,-0.8521925330045202,0.9204564371185002,0.8665870075708796,0.882247505407889,0.7635157106426407,-0.6950732482729725,0.22487555714459176,0.905055123620715,0.932129913917959,-0.9250188898436429,-0.9627317955570726
1923-04-15,0.05456655057887616,1,-1,-0.9398710194038594,0.9980184799419947,1,0.017868081369815214,-0.9483160404132042,0.0014765754115212415,1,0.9893072597208031,0.9337786218206794,0.9966871895722549,-0.019672591730788058,0.018935764309395697,-1,-0.013626090661009505,0.11224214402318677,0.0767414973181123,0.13606210221278348,0.8933948355108507,0.8199978610127672,0.9524150766774295,0.679164646996388,-0.7976902599718341,0.25302850206151417,0.9651163662471407,0.8209941849798839,-0.8416175085179569,-0.8922256394440268
1923-04-16,-0.9007906922071719,1,-1,-0.006807327100415983,1,0.04471247129692557,0.9386249439441126,0.015675112576313488,-0.962156322441656,0.0043985552589858035,1,1,1,-1,-0.9512243289042858,-0.04130975974819928,-0.8972118037418612,1,1,-0.7924830415741871,0.8745715507028063,0.7609946235266911,0.877763721578166,0.6897778265143715,-0.8959413898803388,0.27446404012751724,1,0.6823147149195046,-0.9235990662485846,-0.8776343030658316
1923-05-01,-1,1,-1,-1,0.08341428333438716,0.9938502883921784,-0.006642417842105175,0.9616522159721417,-1,0.8840607929366824,1,1,0.04745510604341552,-0.06065126614113159,-1,-0.9837779049378771,-1,0.06525193609649804,1,-1,0.8353501752612682,0.7591015423130033,0.8203290695866873,0.7291664175595836,-0.8535245713966992,0.2739272886231411,0.9857704113236554,0.717070099216807,-0.9203530568054231,-0.8320929982871149
1923-06-01,-1,0.06165517910980045,-0.003753413921769755,-1,1,0.05743616768844506,-0.9887737514686545,1,-0.013308194110277838,-0.06794678654394926,1,0.06472636628432293,-0.9146809894045368,-0.983627976020358,-1,-1,-0.07155770498132541,1,1,-0.06333719948807204,0.7871556166490887,0.758246386498861,0.866640694753167,0.7445912609627092,-0.9167383676431399,0.24086068782589523,0.9801177210350255,0.6140369037754039,-0.8050236442183161,-0.8428117169807883
1923-06-15,-0.016797759607984353,-0.9245060099971748,0.9742719543081317,-0.045315248681935594,0.010715769853458013,-0.9318182920372653,-1,0.03717420395595672,-1,0.8975121768337156,1,-0.9210052113322041,0.0688751192426974,-1,-0.019270183103083705,-0.04686833888185449,-1,0.0015658079450400209,0.08258345487336238,-1,0.8988574887934777,0.7908071349548774,0.7853935028564233,0.7584748384677888,-0.9705082238768302,0.1158318621790971,0.9066527810162288,0.6198717021926714,-0.761993477872685,-0.8838608355400395
1923-06-21,0.9413933858643285,-1,1,-1,-0.9811404949366023,0.015966788768395968,-1,-0.9411339768083645,-0.017157530169848445,1,0.059123314799779836,-0.008623959418722293,-0.8365879281513909,-0.028802163942640457,0.9344508666543689,-1,-0.035281939133000706,0.9918860584344565,-0.8375952747795163,-1,0.8383367958318673,0.7812059591031768,0.795772347673976,0.7118213536583388,-0.9852383513015238,0.09651876755015162,0.9557708958491707,0.5581491923442864,-0.7083605698628668,-0.8581653705489171
1923-08-01,1,-0.07941252297785173,1,-0.03079773991987833,-0.007088791762252078,0.9663784670799436,-0.014676427189856622,-0.019196730302159182,-0.9668738977609926,1,-0.89099993373323,-0.9706672740059902,-1,0.9310572921184701,1,-1,-1,1,0.16223606017472691,-1,0.73964523092223,0.7789527596583835,0.8182967197710965,0.6601150535090199,-0.9573846662389072,0.1793562525590793,0.8982793965739643,0.568316210113253,-0.658074910902121,-0.7601985235003781
1923-09-22,0.03773591709472046,0.8747341754617638,1,-0.988286944822491,-0.9862938920807967,1,0.9502029136734573,0.9590728842752722,-0.044053483809278426,1,0.04909902179566883,-5.96026301087349e-5,-0.014659334792015533,1,0.1771481701910692,-0.058191869043208166,-1,1,-0.764761684527439,-1,0.7422838703085048,0.7337620449681884,0.8096630491884768,0.6936690162795014,-1,0.23153364870080193,0.8711464152889157,0.5298346368156139,-0.6338505383114421,-0.766411061993719
1923-11-01,1,-0.058091917819770966,1,-0.00616465195944349,-1,0.07331567174103948,1,1,0.859270926862131,1,-0.9378316674702541,-0.9489260861758312,0.9810249642476784,0.03494386427223595,-0.8216662720360345,-1,-1,1,-1,-1,0.7651486991886393,0.8107019267671993,0.8016392781627166,0.717912002929964,-1,0.1644419512983969,0.8985326063572319,0.49345804766252843,-0.660754666220543,-0.7447755390267534
1923-11-07,1,-1,1,0.9507611988441357,-0.0024770672285383544,1,1,1,1,0.11002923489585437,0.052097115947199124,-1,0.03296452490430524,-0.9214585270332364,0.0914637261875274,-1,-0.0669396807014555,1,-1,-0.03689389231401341,0.823901023507983,0.7779072587987031,0.8147795687058196,0.6878331767224879,-1,0.1459039948062123,0.892119078465022,0.48815710610047847,-0.6596912508476599,-0.7528753090519271
1923-11-09,1,-1,1,1,-0.9625269666655714,0.007655727794000922,0.015761539768279542,1,1,-0.8830194832063315,-0.9353257195524713,-0.011926087573374322,-0.9640994903801016,-1,-0.8076021009191713,-0.015086951218134748,-1,1,-0.043821464649440034,-1,0.8638790229554554,0.7905004137329534,0.7541035910612995,0.7272471345853052,-1,0.12200223354485804,0.9644469347226242,0.47331110372806595,-0.5908016440862888,-0.712231903622035
1923-11-10,0.08218275068906244,-0.08344273147530812,0.13215889110495138,0.06367155071654595,-0.01041663082116695,0.9726448317526211,-0.9635518481751043,0.036512026629436645,1,-1,0.05517227848444817,0.9609279021032169,-0.019619403178156025,-1,0.16652499769114926,0.9338814276944318,-0.008468227994352207,1,-1,-1,0.9219889625639831,0.8008631107315989,0.7811631645024466,0.7012569208260617,-1,0.15705516263959704,0.864831835801904,0.38432119121685326,-0.560861799280428,-0.7441123153631678
1923-11-30,1,-1,1,1,0.9617022569192533,0.05222053802263982,-0.0031989508726317784,1,1,-0.04074856234337576,1,-0.0069118977766515766,-0.9534917863077949,-1,-0.8217124519344804,0.033515654912087744,0.8492113248077814,0.028290367140283657,-1,-0.030025408787796026,0.9391629139249306,0.8334952784066783,0.7766858851488648,0.7206026358687152,-1,0.16321261137685938,0.8558449831668976,0.35389312643458337,-0.5984654580387535,-0.7171963962078952
1923-12-21,0.011233028103218246,-0.0403094460917115,0.011058267776491548,1,1,-0.8767797191333923,-0.9802840278486215,1,0.003207259221506442,-1,0.014213864153509448,0.9648731744912579,-0.02913582993167485,-0.022655476349215276,-1,-0.9180780082157094,-0.1171762938770401,1,-1,0.9623124805602736,0.9111593612517089,0.7421088274250094,0.7717040121998958,0.7501644704937867,-0.9839734543302496,0.12917894890393658,0.8824412640004332,0.394586314032389,-0.6101531289174588,-0.6904340460277306
1924-01-01,-0.9737043794835197,0.8408158206357557,0.8295256958781697,1,0.018760343941293,-1,-0.09922218337499367,1,0.9993207306588747,-1,1,-0.0026769580543120064,-0.9714783297405637,0.95987646464394,-0.00433894278342406,0.044427169759220564,0.8806072544123327,1,-1,-0.01968424761679166,0.9241547108262755,0.7596036333869194,0.7050375474925703,0.7786327533971971,-0.9735484046709412,0.18512863822074008,0.8261488331078657,0.40972802282970766,-0.6024583759635402,-0.714541518486925
1924-03-04,-1,-0.1336317982505656,-0.14329150669883972,1,-0.9277708893472261,-0.04120838732996712,0.899882894677254,0.009037012518427368,0.04159901338031413,-0.010264024363273894,0.00263856933854012,0.8934667472267127,0.009005072815917337,1,0.91182450880305,1,-0.07154411017837015,1,-1,-1,0.872614277375968,0.655921851691929,0.6551171091014879,0.7815470293117274,-1,0.17930393927230356,0.7866369204844857,0.376616081584396,-0.568189783540693,-0.7827874008840189
1924-03-20,-0.006085525369707856,0.7894393384853068,0.8442323090980627,0.09710235984200066,-1,0.8402854244524042,-0.04504142381559595,0.9921771225376308,-0.9382219003199854,-1,0.9675956730320757,-0.07983237043429725,-0.9570255971300939,1,1,0.08537134482375952,0.901926052088776,1,-1,-8.41547104575846e-4,0.847170218613428,0.6682052835035225,0.6357413150059268,0.8079695970743936,-0.9835336586913861,0.2222573891807626,0.6359080000323832,0.298343760678931,-0.5924365859790622,-0.8281843412491913
1924-05-16,-0.9395360665183571,-0.20206850163910994,1,-0.9028753910927934,-0.0035741253304861775,1,0.9344872185588187,0.07414560336859877,0.048386523375978374,-0.01412385338824551,1,-1,-1,1,0.009676663419122433,-0.7602596167750721,-0.06430367013747751,1,-1,-0.9912922524471347,0.8395300222058828,0.6911624785642511,0.6477117904635941,0.7842956036316913,-1,0.28864488252639436,0.6782452679514438,0.3732601070533591,-0.5556165625069794,-0.8904678175666743
1924-06-01,-1,0.7188378486285023,1,0.08390424090007098,-0.9759515988510192,0.02829070463332095,-0.05772586445642913,1,-0.83784090531376,0.9203728826310758,1,-0.04132720795972966,-1,0.023011814051029367,-0.961702983645757,-1,0.8900128514944186,1,-0.019759167014743895,-0.026795614035991067,0.8219654119611762,0.6862211545885374,0.6725721086129722,0.6813303593434018,-0.9833259722805652,0.3131444855795884,0.6669415574447148,0.3524767864832094,-0.5292822450354534,-0.9138766567137783
1924-06-15,-1,-0.2775601347968024,0.06545905011747966,-0.8672799251620084,-1,0.9919802860427654,0.8512096137499376,0.006657773698315772,-1,-0.04725936326477853,0.03898220457011836,0.9500448528510521,-0.029207810907236342,-0.838649533309082,-1,-1,-0.06993010018499402,0.026671350946122496,-0.9967615821819861,0.8987156340369511,0.7843983637181073,0.6393345395134593,0.6313821634515697,0.69453658630632,-1,0.34411103272998267,0.7167660708367151,0.3389954549161198,-0.5241425430143409,-0.9448362389204273
1924-06-21,-0.02937219615712061,0.7168870673229516,-0.8560048864358434,-1,-1.72505170320858e-4,1,1,0.9862167121938853,-1,-1,1,1,0.9631054975327168,0.012589457286154015,-1,-0.01826832040540849,-1,-0.9677288311854482,-0.08236598741962453,1,0.7753457839946877,0.5587711009051441,0.6886909477251518,0.7365147839237048,-0.905787355399284,0.29370577371746254,0.691490788308208,0.30299374100812115,-0.4525109752118573,-0.9532402573573114
1924-07-25,0.9663775389672965,-0.25656418802859404,0.10682239682742911,-0.01091942233271137,0.9331926531635711,1,1,1,-1,-0.04215069191947618,0.08098284325202787,1,1,-0.9473921147329997,-1,-0.9527096750029512,-1,-0.043715947607098515,0.7554821865740646,0.06855713951353892,0.82101841700294,0.5630687001322965,0.705194789950919,0.7193310148672762,-0.8764658328335817,0.26650341270400846,0.6453243013769357,0.40378541491814124,-0.5132975802224237,-1
1924-08-01,1,-1,-0.8829974081255967,-0.9940267866426575,1,0.0025136094243044527,0.05423161458844128,0.04617733221765763,-0.021016507980803012,-1,1,0.11699115392147541,0.036724049638898415,0.049670539309749295,-0.03655933826205293,-1,-0.02440450884178158,0.8895927347753163,-0.19827587536740798,1,0.8919553771324501,0.51452433144947,0.7607687982296536,0.7482171341564722,-0.9190463926023269,0.2626837419030917,0.6024006939604081,0.4238146600803507,-0.5222615771889025,-0.9689286741832229
1924-09-22,1,-1,0.03731786123793179,-1,1,-0.9522880592088168,1,1,-0.9912554985029954,-0.011010084523106811,0.1015809278774058,1,-0.9254639112176847,-0.8718980695392852,0.9493869167925079,-1,0.9654481625463676,1,0.732177175780061,1,0.9438801127108324,0.441233201600828,0.817735865639477,0.7503255365868112,-0.8708669452425485,0.35961900047365586,0.6636639733555325,0.44481571125413477,-0.5098706707953922,-1
1924-11-28,1,-0.09889516382496277,1,-1,1,-1,1,0.012275615162005815,-1,0.9637816469257162,1,1,0.05235638455715397,-1,1,-1,-0.00853232289497241,0.03514325137324614,-0.24959537660306552,0.02491189492073176,0.867107657616526,0.4738182369935147,0.7857576250517833,0.783938739650689,-0.8236861662339724,0.38034361967826263,0.6883244478797629,0.4234919689428512,-0.48213269139017956,-0.9619592197654979
1924-12-01,0.004408694230712662,0.8867812136462483,0.07378662428465355,-0.018000556855028216,0.047880305195395434,-1,2.1145502109587433e-4,0.9938169536893895,-0.033116381301292463,1,0.004991420396824542,1,-0.8985764450113136,-0.008106770140332453,1,-0.024152843370498056,0.9849711138391664,1,-1,1,0.8561091913880755,0.5169179580396289,0.7987077030667491,0.9128409788781111,-0.8207114106811808,0.4025302662725642,0.6984592409047397,0.33502110045351097,-0.538857592146999,-1
1924-12-21,-0.9183234807644907,-0.036242857553731134,1,0.9742963049728711,0.9973117714792401,-0.037489833282288054,-0.9821705343635966,1,-0.9821470300802104,1,0.992569459046434,0.0019030678010858448,-1,-1,1,-0.9817799796093818,-0.007109789294341695,1,-0.02458867019297195,1,0.8787284646449547,0.5522841430123382,0.7912327885278327,0.906954941579578,-0.8233283399464953,0.43679372238812464,0.753464537708655,0.33991318710045076,-0.5501574574643644,-0.9962353501980196
1925-01-01,-1,-1,1,0.004264381371524961,1,0.928204528196202,-1,1,-1,0.04796848380542518,0.050827130854385505,-0.9930485578029102,-1,-1,0.051372424704154596,-1,0.931725334041226,1,0.9328243542993242,0.04277680690933072,0.8179622395217101,0.5739673295507983,0.6760981855355649,0.8937486388205311,-0.9003469004230376,0.4584577176524168,0.7740890495662562,0.3646779566876824,-0.5907688713241304,-0.9440596091584534
1925-02-01,-0.006917668402055432,-0.004906883541386686,0.07895450014802508,-0.920895841011391,0.08154691602050235,-0.03284142686294733,-0.043717057306065565,0.031933401164315534,-1,-0.8575616539013011,0.9766606360715855,-1,-1,-0.06713704515636931,-0.9023067097823834,-1,-0.016441809611352998,0.029618149266754656,-0.041966045454609024,-0.9324574209658414,0.7309140917146957,0.5631203891546919,0.6961841189070154,0.8179205363209687,-0.8632173878449143,0.42819699872539735,0.7453233827930386,0.4504027931907122,-0.6213064031032984,-1
1925-02-28,-0.9571884039715662,-0.9427156493532772,-0.9183933080524186,-1,0.9921763852211166,-1,-0.9821020440689344,-0.9633996565485989,-1,-1,1,-1,-0.0016556209025839763,0.9034812185387981,-1,-0.018973043897025033,0.9691694386902697,-0.9521999760952589,0.8424705384093273,0.028964586473978704,0.7149872819154605,0.5237064017403894,0.8031486855534518,0.7554803565616667,-0.8362983691931825,0.4074377164196319,0.7733896989890561,0.4329473400248985,-0.5672678914118772,-1
1925-03-20,-1,-1,-1,-0.0680940663092362,0.001963621395134063,-0.1032610407331267,-1,0.017387747025359834,-0.005097247269822525,-1,0.08268914504702629,-1,-0.9998030290101544,1,-0.04432845239940708,-1,0.03701422816425526,-0.019863960654906254,1,-0.9315692617595104,0.702304814457561,0.5311522983410746,0.7403996493724851,0.7671087972279667,-0.8046891335292117,0.40093409850305123,0.6664724753651152,0.386065916126667,-0.4833007774622463,-0.939396284891143
1925-03-30,-1,-1,-1,-1,0.934649407125309,0.7763613149656561,-0.07789142511329383,-0.9622128172693971,-0.9412330863930541,-1,1,-1,-0.06131176742231148,1,0.9224546534928181,-0.035812160295405016,1,0.9492502816933979,1,-1,0.6785821645522736,0.49402339860781186,0.7136895602434985,0.7645297816862691,-0.9056899786347087,0.4283885114914755,0.7095389763505224,0.2821590730877367,-0.499531141302374,-0.9272717933016198
1925-04-04,-0.032297942389488354,-0.01933328550868929,-1,-1,-0.06527597318052336,-0.15342407191673924,0.8453409124015892,0.005202248865018966,-1,-1,1,-0.030415470016706303,-0.9678146401686918,0.05097453228656945,-0.029851173474824022,-1,0.0021678548874911607,1,0.031844928946058726,-1,0.6727226953838801,0.4475229864091256,0.687420692953673,0.7608749956660856,-0.8813904138332206,0.43267668392516856,0.6899419123074056,0.3883846264049417,-0.5110880343217907,-0.9450301514306841
1925-05-15,-0.9794364608669158,0.9786281170718826,-0.04964752933089589,-0.06947815540163371,-1,0.7899899063050547,1,-0.9720295671830071,-0.036171796526386135,-1,1,-0.9884706048147772,0.02908061192187561,0.990198564471589,-1,-0.0633582059282698,0.9366701608585473,1,-0.9343909491560636,-0.036182988496791024,0.6559606531145539,0.5122325675834618,0.7495175732264832,0.7478227821107876,-1,0.434132030373756,0.6284239475285978,0.372146800868165,-0.5374554152128249,-0.9198340431249677
1925-06-15,-1,-0.011737845814707493,-1,0.832151502432015,-0.04790021281832979,1,0.013155768186841832,-1,0.9180141153637418,-1,0.017783918169908763,0.0073931533392865845,-0.9700653420316262,1,-0.033164852418426816,0.9164393720767653,-0.03167989293244011,1,0.04892657265910538,-1,0.693400341647514,0.5300946800158637,0.6901276066401287,0.7193999625784433,-1,0.5291901736667081,0.5381365017753493,0.40610653887027814,-0.5920329273015308,-0.8821331686217839
1925-06-21,-1,0.9689638698742205,-0.026509352243952122,-0.15294034808477452,-1,1,-0.9090299605727813,-0.14051543342731276,1,-0.04232031909251266,-0.9677865703303453,-0.953544860631745,0.010966337332443343,1,0.9348760681852336,1,0.966455751954371,1,1,-0.020379135117316594,0.7605323135389096,0.520520713321117,0.6583036272452563,0.6946351622711497,-0.99115221743962445,0.5494478971040082,0.5263569481566582,0.4819091912441738,-0.5378715051653599,-0.915835027904921
1925-09-22,-0.006122010092882935,-0.001302863339680993,0.9262266473339943,-1,-0.044509814103379286,1,0.03612766280462809,0.8365697234773039,1,-0.9709750938506216,-0.0776590071631501,-1,-0.9320176443490193,1,1,0.06364102844469888,1,1,1,-0.9490759388636965,0.7440725533424659,0.5189639170444433,0.6434151105791838,0.6628392262427416,-0.9788886025238046,0.4629793463177097,0.5222404397287013,0.4379051665240251,-0.5579625555629248,-0.9275082998815765
1925-12-12,-0.9529190700007083,-1,-0.055258562657252264,-1,-1,1,1,1,1,-1,-1,-0.08380200368167834,0.046085153800074385,0.04056237959379083,1,1,1,1,0.038235723135720434,0.006345956264162789,1,-0.4588550332832311,-0.2904932132842418,1,-1,-0.4748532926879901,-0.47009135378398326,1,0.3812183620095855,0.03736677417922707
1925-12-21,-0.024506628831568178,-0.1030410123889226,-1,-1,-0.038197682030740365,0.0597960388759573,1,1,1,-0.09474155803562434,-1,-1,-0.9120567640236402,1,1,1,0.02733122516289166,0.046670029720120354,-0.9577678712706066,0.9973564907647959,0.02704837694912321,0.43227424601885645,-1,1,-0.018835797146497746,-1,0.5148655495244079,0.01312927382503648,1,1
1926-01-01,0.9304645122558809,-1,-0.046366522958706136,-0.02008864291598722,-1,-0.8975479191242852,0.07687034654367153,0.060753630686070315,0.04584128444252811,-0.9777997567291034,-0.02785887041267221,-1,-1,1,0.04175223859067234,0.01927996004541821,1,-0.8967983673138518,0.025494508846069408,1,-0.9578790914665813,1,-1,0.04673958042184845,-0.9483930482933519,-0.05764971006698694,-0.43483457769408007,-0.9509973714208676,0.10533108476924569,1
1926-03-15,1,-0.08907465924915337,-0.9697374770073419,0.9337237067685804,-0.01958159667835735,0.10228047318600975,1,1,-0.8547524907943144,-1,0.9490996971937095,-0.09589377028722779,-0.04873048901138077,0.017528438217211395,-0.8884912156452903,-0.8927536235817516,1,0.06994647652569996,-0.9604661258068319,0.07074193152835617,-0.001355895220980674,1,-1,0.9841223377352823,0.036835177645917816,-1,-1,-1,1,1
1926-03-20,1,0.8818238274265652,0.022110799151068283,1,0.8843273440494073,1,0.10367420019415052,1,-1,-1,1,-1,0.9329938492711262,-0.964056636153198,-1,-1,1,1,0.02661413901982934,-0.8654279883705458,0.9858129068879709,1,-0.07705862203310865,0.09392511882485854,-0.9000180569940881,-1,-1,-1,1,1
1926-06-15,1,-0.11438380617940247,-0.9441561978791887,0.012636086999135765,1,0.08486321299715482,1,0.05507275290038982,-0.027084211223189936,-1,1,-1,1,-1,-0.03787659373097241,-1,1,1,-0.9474785572238518,0.020809232479264916,0.027726137048138644,0.04104616850041298,-1,-0.8785620075364468,0.0044794693831355925,-0.020519146515108777,-0.024776704466843325,-0.04097089297205814,1,0.05402683422279808
1926-06-21,1,-1,-0.06891030701092726,-0.9633138427311602,1,1,0.05653581896328119,1,0.9409241446043439,-0.050281594699069454,1,-0.07055649960512822,1,-0.012643654508380453,-0.9453072082516106,-0.04966769413691274,0.034773182222040955,0.07413936748236694,-1,-0.9159073587645085,1,0.9747513822360445,-0.03930940203742361,0.08555518546380636,-0.9364920882423232,-0.9545911258840478,-0.9352819077992985,0.9153444686893866,0.059724824017376665,-0.9119841461787354
1926-10-01,1,-1,0.903351508853583,-0.0013701704518894742,1,1,1,1,1,-1,0.009528778316115538,-1,0.05418598466989144,-0.9994211992278936,-1,-1,-0.9624371412551598,1,-1,0.07494363411956118,1,1,-0.9523540847493996,1,-0.015622667989014238,0.008216008610891778,-1,1,1,0.07911095034591564
1926-11-01,1,-1,-0.07466000660457295,-0.9598405580851287,0.06123412334792766,1,1,0.0075226625383526535,1,-1,-0.9315648952238167,-0.047571528599245516,0.9852018037211548,-0.006660326145935147,-0.07865581021407064,-1,-1,1,-0.025630831280399002,1,1,0.0348135329585082,-0.009634430622399215,0.023335647522090053,-0.9951155509112171,-0.9661690171066833,-0.041719526687293285,1,1,0.9928478554520432
1926-11-20,1,-0.03946394732119174,-1,-1,-0.930450864483386,0.03665487682592372,1,-0.9619186271113337,1,-1,0.02237386347704029,-0.9958969460010982,0.025395016042895624,0.9659555141466101,-1,-1,-1,1,-0.9826335600854167,1,1,1,0.95035323541206,0.9922143245648692,-1,-0.03522275954716114,-1,0.04065099717220977,1,0.017534947136588652
1926-11-25,1,0.9235613446759663,-0.018564568484935595,-1,0.03509399265317115,-0.8962514472460668,1,-0.02189631586138019,0.06817641308221611,-1,-0.9742238962849018,-0.05155746676460171,-0.9254372280961888,0.01269819247082582,-1,-0.004120770195349288,-1,1,-1,0.024711292768254678,1,0.10099962213255576,-0.04882761150755133,1,-1,-0.9549760016769839,-0.029849310215850022,-0.8306551782005157,1,0.958679614666007
1926-12-01,0.005734367719467892,-0.05990260630219635,-0.988405044621052,-1,0.9914773658082144,0.06885444016295672,0.04171434777855809,-1,-0.829759567202484,-1,-1,0.9443194211364802,-1,-0.9684887140193893,-0.09486413489336765,-0.945930678987748,-1,0.029546181695930596,-1,-0.9690421911315468,1,0.07159003899500754,-0.058416108183747865,1,-0.9923358843995684,-0.9033688544808841,-0.04512881427538708,-0.7459983504881452,1,0.995790722688873
1927-01-01,-0.9679775645272621,0.9125915341801946,-1,-0.08731223143681144,1,1,-0.9221472523533395,-1,-1,-1,-1,0.010784050984109728,-1,-0.02557575450927707,-1,-1,-0.06449878770648398,-0.8684513257207311,-1,0.011061696171694169,1,0.06318353464814519,-0.07147046371028631,1,-0.969148520433287,-0.9660230383254759,-0.07384738849924513,-0.7278234483034269,1,1
1927-03-04,-1,1,-1,0.9080810305580033,1,1,-1,-0.09239597765227758,-0.005390288914163932,-1,-1,-0.8891361827559091,-0.06057085979277965,-1,-1,-0.047165105312892086,0.928021342296211,-1,-1,0.9553144260914962,0.9246816999231245,0.009029927238471569,0.0016746681219460408,0.9842071604933003,-0.990791600052093,-0.935637102039744,-0.054865501017501345,-0.6773958462296062,0.9628988550667227,1
1927-03-07,-0.008754369958011488,0.007741281611152728,-1,1,0.06439726839148718,1,-1,0.8838083419715628,0.9742187324508735,-1,-1,-1,0.8821487082219203,-0.02896100145214986,-1,-1,1,-1,-1,-0.022996119464703035,0.8929929851804518,-0.010617619933860342,0.010238343372396434,0.9176363421643802,-0.9449723595952971,-0.9591955142759028,-0.04846322288955511,-0.7644136293365505,1,0.953468447617814
1927-03-08,0.9601647367005913,0.957135734427857,-1,1,1,0.10520092032475947,-1,-0.09796458364873661,-0.014155349989949162,-1,-0.02702790180702841,-0.041887365352970996,1,-0.9609966865759317,-0.008084125173962398,-0.0010981619236908324,0.09785483269280082,-0.08374851790214943,-1,-0.9589739774960869,0.942885297525861,0.02286156142476167,-0.007407630416489133,1,-0.9455623796221287,-0.9964840319593585,-0.05939947382783112,-0.8090755275433892,0.993503534036754,1
1927-03-20,1,0.013682464180738707,-1,1,1,-0.8705740863247151,-0.025026468739256624,0.840772289449972,-0.9700105336342569,-0.023277791897731603,-0.9959168573441993,-1,0.015856401305990753,0.007282280076251202,0.9043237969501181,0.896807564575805,1,0.8697030925322708,-1,-1,0.9647477742502246,0.04792621082913308,0.05266952340345075,1,-0.9291663724115512,-0.9880134233695639,0.005417118773794638,-0.935340257895562,0.9868771092459034,0.9517599674592504
1927-04-27,1,-0.9693102333838162,-1,0.06095547411298374,0.009812007527201128,0.06272697576368735,0.8709373018140943,-0.13768729491477616,-1,0.9423901177906332,-0.09816124786416525,-1,-0.9289804855444082,-0.9349008221147588,1,-0.08177895417369796,0.032833240495968585,-0.09632808908187751,-1,-0.003530764660314878,1,0.02543382917150417,0.06705665272012386,0.9749444080576403,-0.9503211521250199,-1,0.015548047751112156,-0.8946447136231817,1,0.8493936152668565
1927-06-08,0.016550180892753175,0.004215848901204078,-0.041470120625497375,0.9908431367381894,-0.9410312413924028,-0.92705323684706,-0.07920822134327654,0.8056787815855752,-1,1,-1,-0.039691361230209665,0.03731029460088742,-1,0.04834232372079861,-1,0.9882532961706098,-1,-1,-0.9964248855554282,0.9577276891271637,0.03833650242358293,0.0067910875541350585,1,-0.9263325049515249,-0.9604999190966227,-0.023042695454904616,-0.8570462797535251,0.9891808997167096,0.8961887826315067
1927-06-15,0.9227487542539121,-0.9717052255435696,-0.960628367046123,6.604409155860358e-4,-1,0.06876615187509982,-1,1,-1,0.03487669290146411,-1,0.9421894406351452,1,-0.09219922313414464,-0.9283682885645471,-0.05549157357419121,1,-0.0040608338413477,-0.061084855369245794,-0.03454104258715385,0.9513702821460217,0.024421888052442213,0.09479785061121793,1,-0.9742126290023054,-0.9225848561144717,-0.07548403915188179,-0.8389053996297355,0.944461398804395,0.9741905807893115
1927-07-17,1,-1,-1,0.9785152080484294,-0.05347187213144011,1,-0.09132221989697531,1,-0.06784202830275032,1,-1,1,0.05604238640143988,-1,-1,-1,1,-1,0.9201032481897982,-1,0.8539736309760781,-0.08596447072257044,0.005423260547701425,0.9748521514077427,-1,-0.9638681362218215,-0.10336008146509283,-0.8667436080896682,0.9133515095380099,0.9216649647648393
1927-08-01,1,-1,-0.0029995915498963743,1,0.8745204698304697,1,-1,0.0011606830085649777,0.926720629001327,0.06983706653275679,-1,1,1,-1,-1,-0.001994362657093185,0.045169656198447705,-1,-0.06689667944460753,-0.050744991147192,0.8063386831798521,-0.021140681513161827,0.013243022230706092,0.9442825983486739,-0.9972650185585094,-1,-0.049859238349587116,-0.9068020361681202,0.8807420579314218,0.9272713765355188
1927-09-22,0.03429404461894525,-1,0.9968717094806707,0.029649322166524272,-0.11779324898935861,1,-0.028580744037026484,-0.9412647085409387,-0.0017301064597121663,-0.923768198659143,-0.04841365570425171,0.05646118303381764,0.03765856368185727,-0.01863198371593433,-1,0.9921250363264272,-0.9233738865939481,-0.013756294446612971,0.9072266499977227,-1,0.723360069233845,-0.020503499542318268,0.051700124069914845,0.9306515072558961,-0.9806163106687706,-1,-0.04551225583544631,-0.9069366366533624,0.8710215887864544,0.9702732154931534
1927-10-31,1,-1,1,-0.9380050563359359,-1,1,-1,-1,-0.9081726833416222,0.058534878439423954,-0.9212009391026097,1,1,-0.9445012766387839,-0.05719801557901438,0.01486971530094161,0.05348646190540873,0.8752671823713832,1,-1,0.682928572188239,-0.03851524328331345,0.030795493373005717,0.9575773397474554,-1,-1,-0.09264739496385255,-0.9307466786092775,0.8445128150297987,0.9610262447403387
1927-12-21,1,-0.008647822559021634,1,-1,-0.0017491453056549533,0.04159054516316629,-0.08668265849561596,-0.06363745297263657,-1,0.9506931703112853,-0.003343525734732067,0.026961848894828333,1,-0.026586265107330975,0.9065705725298386,0.9916378893507483,1,-0.09864460925695351,1,-1,0.5971292669244023,-0.01922160265442137,0.04130989558538774,0.9868291160208629,-1,-1,-0.04940228276035914,-0.9083946661594106,0.8014332783566276,1
1927-12-29,1,-1,0.04815407366765245,-1,-0.9281671086580682,-0.9499743248566388,-1,0.7878713274518739,-0.026124287105359523,1,-0.9624004047278107,-0.9351094445752527,1,-0.9667160179562436,-0.036375241556928395,1,1,-1,0.02729552572629279,-1,0.5226512614621308,0.005996635350685897,0.18909105406438342,0.9420253499193959,-0.8729388338038602,-0.9194074109401401,-0.0734832547218293,-0.8422522511982384,0.8097054068917177,0.9753067950076117
1928-01-01,1,-1,-0.8506395419306847,-1,-1,0.04680541847888908,-1,-0.1261663803141374,0.944565990836776,1,0.034743659927489956,0.040200398721190855,9.243926585736917e-4,-0.009162373495152698,0.8611973431512975,1,1,-1,1,-0.007822380780007965,0.6169058552066912,0.06233508875972783,0.24534982802631544,0.8849560341465843,-0.837579067307618,-0.9953623540635376,-0.09815478623291471,-0.8459040844636223,0.7495697847507772,0.8888639353025125
1928-02-01,0.025508258987895216,-1,-1,-0.018039963411053184,-1,0.93480073336902,-0.02111878832730152,0.8392325660054305,1,1,-0.9412278354600726,0.8996086802925515,0.9795679904573877,0.9129065483317869,-0.12165863965496237,0.04034305060375187,1,-1,1,-0.9764771810908409,0.6077077614857643,0.013171763834324855,0.23867806430139799,0.9905618900604642,-0.8892248038411812,-1,0.01464941170253499,-0.8486613840445806,0.7665108374022325,0.8992153012203719
1928-03-20,-0.9565345446633378,-1,-0.04135190204252781,-0.989685092688142,-0.07217715568492755,0.008490879820882258,-1,1,0.060125897502756764,1,0.037666773581814694,-0.08711832157878563,0.053126019850974204,1,-1,1,1,-0.07246302218506517,0.006605606227144345,2.0182924744061026e-4,0.48977129960574206,0.042839026479675364,0.1928013658573938,0.9233083700000945,-0.8451825042337806,-1,0.05748728817828039,-0.873543433824955,0.7966191984077503,0.8674931148960542
1928-04-01,-0.0742315745353187,-0.033394065028301334,-0.9847851854529924,-0.0018437808813991374,0.8938524441505784,-0.9098988332366743,-0.06258049923213438,0.019992238244043725,-0.9277476516632494,1,0.9597560049927788,-1,1,0.006265337713475594,-1,0.07633353909745977,0.04712483005099832,-1,0.9490589167005152,-0.9968161203923293,0.5131904279462625,0.153316291957394,0.18070984518414282,0.9399625867704376,-0.8477600980425006,-1,0.08071821786448606,-0.9197402247577038,0.850623879839279,0.9271337794053789
1928-06-10,-1,-1,-1,0.9560132735139595,1,0.07690908840016075,0.8673817147181933,-0.9459747747225876,-1,0.037713990684463794,-0.030056802784871772,-0.012388642398971972,1,-0.9812589652711337,-1,-0.9168580165674267,-0.934865272414206,-0.014936920279916,0.012043601567902962,0.00176421237828972,0.49474085112705135,0.1382267695600288,0.22847320661837678,0.9300096136593747,-0.7852134973286058,-0.9177619036030784,0.07654871411785558,-0.9593926175563817,0.8961601212198719,0.9096893422923579
1928-06-15,-1,-1,-0.012831141900905285,0.008447116096815588,0.035952327621280755,-0.8704889262611918,1,-1,-0.0114501027801035,-0.9610362277706256,0.9489373923950691,-0.9780826629903734,1,-0.005151761477219408,-0.008640211331236602,-1,-1,-0.9332395254668758,-0.9620865887162657,0.9957468454374389,0.39786367965390207,0.17119919678660775,0.2102222991496837,0.9986895757252026,-0.8420583140730213,-0.98140124678857,0.10930645964144715,-0.934168495762138,0.9140367648438253,0.846270449112976
1928-08-02,-1,-1,-1,0.9713394857537851,0.9889367117102731,-1,0.04510694248184066,-0.018730094383768603,0.9699763924833232,-1,-0.028898712069511445,-1,9.787965250633857e-4,0.8996936794203462,-0.9867851528552558,-1,-0.09209747716505634,-1,0.028475747415597663,1,0.42633099866940544,0.20766329013893223,0.14084520985170074,0.9105954109952371,-0.8315984619508069,-0.9589974456721855,0.13791705821469769,-0.9824445166389688,0.9248606217975379,0.880720167422241
1928-08-05,-1,-0.030800842631988012,-0.05589277567423245,0.009907175186819495,1,-1,-0.9100040625823467,-0.9752421259802935,1,-0.0419796292616349,0.9535615485627607,-1,-0.9375948290998493,1,-1,-1,0.8224909815489881,-0.05411421870305544,0.9618352151584367,0.02103266594193387,0.4394305657502435,0.23999969443246089,0.17622281274984436,0.9359127859517604,-0.7940624285838044,-0.9334724010149679,0.19523690972394508,-0.9573461728659566,0.9349533932246107,0.8876101131170354
1928-08-06,-0.0022260191560041775,-0.9901541922592757,0.8976816609708476,0.9541484458498318,0.08072387384804847,-1,-1,-1,1,-0.994949041370971,1,-1,-1,0.032937770846916625,-1,-1,1,-1,0.025642755096922154,-0.8936772467968547,0.5266860570820279,0.24096472832656435,0.10313014465857925,1,-0.7962903514440965,-0.9161043754515337,0.15587224110494413,-0.9948898462303613,0.9017729412078375,0.965783202427515
1928-08-09,0.9526264267801158,-1,-0.10225555435251943,-0.02736257434943823,-0.8640572211640257,-1,-1,-0.03650097573332134,1,-6.435870170506952e-5,0.009590334579599458,-0.046915466175442844,-0.03587777509314338,0.9931437000121758,-0.06520723907718984,-1,1,-1,-0.9093635284743683,0.07595074122653389,0.5202418958731961,0.2506971314375755,0.0529608225903043,1,-0.7840226940059559,-0.9764547874796713,0.15747300856081303,-0.9914677192604846,0.8678463990929354,0.9544292563684886
1928-08-10,1,-1,-1,0.9700534057504095,0.13456854485538328,-0.08157762709187233,-1,0.9339385714565956,0.05765429872127448,0.968290557778778,0.9502723957605601,-1,-1,1,0.9292723142843284,-0.010799981876828402,1,-0.018846239334437742,-1,-0.8912498105732858,0.4874661317385933,0.3077119880501187,0.05722164795058821,1,-0.7622783434068051,-0.970205487541664,0.18723918321624683,-0.952155063774585,0.8742041132276426,0.9784052680422769
1928-08-12,1,-1,-0.04316990283012001,0.046805078877410256,1,-1,-1,-0.0627980576758983,-0.939896025568931,-0.022326378138561087,1,-0.031756242042828564,-1,0.018320422176136497,-0.05199144839441594,0.9817812801971095,1,-0.9662451571760606,-0.02660546039201772,0.08416670223293865,0.5574600228505889,0.30768331733735355,0.04553962934506434,1,-0.7714925765273598,-0.8913784403674456,0.1605888939522024,-0.9886541572594075,0.8022996855955413,0.9543995386602985
1928-08-13,0.013810269216642745,-0.016675101802010595,0.8969719810283806,1,0.057639591677589364,-0.012279593902844721,-1,0.8094548911195311,-1,0.9462693503708138,0.0027354469244844637,-0.9043042087161073,-1,-0.9596404600591131,-0.9854268249859226,1,1,-0.08083643209983193,0.9330021461159473,-0.8830974516518256,0.6359170290214974,0.3367623850963332,0.04716638656806489,1,-0.7410678642746747,-0.9307793175358604,0.07420655598082541,-0.9744927455963177,0.7276615208907862,0.9107874465937333
1928-08-15,0.96340682812618506,-0.9772721622552852,1,0.0227458670395293,1,-0.9782079891267313,-1,1,-1,1,0.9941885685239623,-1,-0.059134394655680045,-1,-1,0.03216837268806394,1,-0.9725102826108567,-0.019737423097152318,-1,0.645753515083436,0.29523778855736954,0.011768869673030605,1,-0.7251250175099919,-0.9760060284943176,0.1109569367875765,-0.9640835479171616,0.7160938155983932,0.8355369450629294
1928-08-19,1,-0.0015468145957067136,1,1,1,-1,-0.009217348739655074,0.07580036488588004,-1,0.07743352903479728,-0.002962268298616899,-1,-0.9568226153405563,-1,-0.06646846409629603,1,0.041898489678868,-1,0.8932705011297642,-1,0.6291136024171525,0.40809752589685727,-0.07642190528659012,0.9451442128904618,-0.6907353558409991,-0.9930550320538553,0.06878360214202377,-0.9458866424140776,0.6237088129238411,0.8155666407334148
1928-08-20,1,0.9870456702929349,0.003782383089319885,1,1,-0.017080513962334787,0.9419897318498041,-0.8812130000481704,-1,1,0.942550364853494,-1,0.038814668501834015,-1,-1,1,-0.9199026247875609,-0.03383342335278372,0.02654514850791212,-0.008122628143649613,0.6286483987024477,0.3820428872863328,-0.1306846331568199,0.9001993981503661,-0.6405590224068826,-0.9376281317956052,0.13589947187979956,-0.908991558191375,0.5800503630617571,0.8973478202167431
1928-08-21,1,0.02178710549810381,0.9846533196440117,1,0.015158019037790016,0.910701113414465,-0.035156203413396536,-1,-1,0.0016895253951013656,1,-0.03136617624260751,-0.9555742518073409,-0.045967709256825584,-0.052505189845085454,1,0.03147488453349734,0.8832909876601331,-0.9527474260051504,-0.991289370551062,0.6049186653221867,0.4009435548545046,-0.18680856888370462,0.9111045313635703,-0.7021823408433274,-0.9641603598490721,0.15701069540515394,-0.9568748133645745,0.5498023046472795,0.8567308820839136
1928-08-23,1,0.9664031796838022,1,1,-0.9563086693375286,-0.07706819373651996,0.9257019655795202,-1,-0.026795273693340005,-0.9968919093181231,1,0.9202129901105621,-1,-0.9477815086393955,-1,1,1,1,0.031138826055176594,-0.07581687458104869,0.5966917537981032,0.4299595885674054,-0.13309170827360195,0.9353285293320197,-0.6430777548359415,-0.9890767510938315,0.24837861381443455,-0.9809656635164936,0.532030366414055,0.8556722085134736
1928-08-24,0.010054522959811352,1,0.07274277168979393,0.017408054490903657,0.03466791848668649,0.8993175155045753,1,-0.05663029812005094,-0.9625086070998653,-1,0.05992908294373256,1,-1,0.030500026917663625,-0.03440363332329832,1,1,0.03418259219931252,0.9603569462133132,-1,0.6749788014944444,0.3840223832555706,-0.08013266482982137,1,-0.6430189061975006,-1,0.33076465242374425,-1,0.5197714637399148,0.8377435918852318
1928-08-25,-0.8031265195545796,0.10999750327820368,-0.9222237749528008,0.9671811036749036,-0.9592630245876397,1,0.10492149955227625,-1,-1,-1,-0.9342244658546345,0.02796237511842714,-1,-0.9239897034983893,-1,0.004532810591838854,1,-0.9525132679684316,-0.009825213007766731,-0.004515626473526657,0.6753650724303223,0.2976940462378762,-0.08807866128904396,1,-0.6675297262721049,-1,0.2918252795078688,-1,0.5468276479703529,0.9091816418850757
1928-08-28,0.1211985866117079,-0.863725699118899,0.03633744383428361,0.10333915810437078,-1,1,-0.8820923945823563,-0.0031319786034254005,-1,-0.05856148849438736,-1,-0.8176475820385956,-1,-1,-0.05651284994831407,-0.8812259514635824,1,-0.01108177689054446,0.9713437720652461,0.9636162506621905,0.6772964415270709,0.3031550768893183,-0.06352564795621989,1,-0.6780409201240957,-1,0.26130155704795804,-1,0.5248629115296581,0.869124783049804
1928-12-07,-0.838438847009945,-1,0.99861098211009,-0.7741997503826193,-0.01628811609415426,1,-1,0.9702104109237207,-0.0393875486644687,-1,-0.025414795269752988,0.17934885188806393,-0.01623077741270129,-0.06090875069606205,0.9192138242669623,-1,0.0984597814929431,0.9512221016449914,9.868439358340364e-4,1,0.6144474407974891,0.30696684026702126,-0.040567679898959555,0.914173167401729,-0.6232842767692462,-0.9770324316040422,0.27792752017805206,-0.8739864384702194,0.5971343249879646,0.8816005233033132
1928-12-21,0.10410824650608919,-1,1,0.16808730022037865,-0.9177411243871915,1,-0.013648062360362645,-0.021373061883344424,-1,-0.06516807705236549,-0.899016556369411,1,-0.9823128638952295,-1,-0.021686159013869388,-0.031548452238982616,-0.8959154192742065,0.028633467385898337,-0.9650129156707762,1,0.5470674949783835,0.2828072548850084,-0.01619683319104254,0.950681337657737,-0.5631135677103916,-1,0.20462470232696878,-0.7936053842615878,0.5903988936764182,0.8997243173844492
1929-01-01,0.9949545346366749,-0.023688727440874913,0.09445673423155321,-0.822227878005884,0.06810987362443999,1,-0.9740022538606714,-0.974967955788439,-0.036889734605376145,-0.9789958236311074,-1,1,-1,-1,-0.9569594523649018,0.9224415198648658,-1,1,0.025238338889897016,0.05579428166615319,0.5994195091336193,0.25924147814759824,-0.07174955993854826,0.9917600089732285,-0.6115414388873688,-1,0.16187743304340257,-0.7530339832727571,0.49534371333115784,1
1929-01-20,0.08313608062948252,-0.9822222267211748,1,-1,-0.8669119200305314,1,-1,-0.009604558225130844,-0.9774912962849727,-1,-0.01200980257483597,1,-1,-1,-1,1,-0.03222010865456748,1,-0.9687445759139002,1,0.6605438242882375,0.2605679608364398,-0.037512694373106906,1,-0.58109110786243,-0.9219656179005806,0.1986424000143075,-0.7900320811505421,0.47202736112337157,1
1929-02-01,-0.8958287474062383,-0.06504724253356764,1,-0.015145845900696564,0.053313759798385374,2.003118541891169e-4,-0.09778421547706473,-0.9813869995140916,-1,-1,0.9725282953122807,1,-0.06299988376500743,-0.010675977944192394,-1,0.029170467310579373,-1,0.017373543108404887,-1,0.02480277161529676,0.656329065163883,0.22347384991950803,0.001760494412348837,0.9294090825405359,-0.5555247326702626,-0.9682925790298522,0.1555819104807684,-0.8304958911478801,0.4287994241476124,0.9867754612258102
1929-02-10,-1,-1,0.07247205275609492,-0.9837738647360076,-0.9446968474732056,0.9900139680660476,-1,-1,-1,-0.04502278899256018,1,1,0.9333291964047769,-0.9787969751645498,-1,-0.9228925367769566,-1,-0.8954334347753429,-1,-0.944331589408712,0.691350880809153,0.21956128668093322,0.07207975142463849,0.9299851669695856,-0.4936136911520817,-0.9698215250560689,0.039708663868214394,-0.8186921262394002,0.37116264756007183,1
1929-02-11,-0.058923857092160636,-1,1,0.004545834844717711,-1,-0.009612765145443958,-1,-1,-0.019398060367390668,-1,1,0.03828386930781502,0.04162914088920289,-0.01770790495169383,-0.045763550600876224,0.04480431144588748,-1,0.057186798676542305,-1,0.03023350587940532,0.6765651994341619,0.20996711928800343,0.058630036337990035,0.8889802713628261,-0.4134870570208673,-0.9398358683980393,0.025025478707078552,-0.7962393249632191,0.349617885890184,0.9426737993667325
1929-02-12,0.9199447329935768,-0.0751186891908836,1,0.9641492228757577,-0.020566023725874905,-0.968754546071691,-0.038645736343412285,-0.04000594029398108,0.9101872325747498,-1,1,1,1,-1,0.9134076071298899,-0.9312916465092005,-1,-0.9324469016517546,-0.07801070272643973,1,0.7422147110203275,0.1851226582458605,0.10710557092667852,0.8390161198213109,-0.404757606460448,-0.9067125525980386,0.09601939267237473,-0.8072682011773649,0.30248417059273075,1
1929-03-01,-0.04915032348563331,-1,1,0.0204454259686776,-0.9475256579925082,2.619178952546486e-4,0.9333702322806721,-1,1,-1,1,1,1,-0.04311969266724669,0.03114393434612983,-1,-0.011923703147828535,-1,0.8808385815269246,1,0.7913754972599619,0.18637007345499912,0.10831606911300189,0.8622075547724218,-0.44295489296269525,-0.9526514556539595,0.01687650271611292,-0.728404450382801,0.3370792315380712,1
1929-03-02,0.8740305215980136,-1,0.10236039893458426,0.9953201878926029,0.01615461797082418,-0.9457807091187677,1,-1,1,-0.014541336113770953,0.06992952475152525,0.02389970094556826,0.03222646028843512,0.9176694224198086,-0.9592999755872197,-1,-0.9549311032923034,-1,1,1,0.7970297061034908,0.14718593587269843,0.09130340432884777,0.9457934268576464,-0.4660918953582701,-0.9477861174535551,0.005729814287614671,-0.747999379598056,0.383163282701405,0.9402799793565537
1929-03-20,1,-0.024855351562036443,1,-0.003117211403792619,-0.9351731402519207,-1,1,-1,0.026405843323511813,0.9635939347430941,-0.8820814277524067,-0.8903104114053676,1,-0.053264332893314115,0.03270280755499355,-1,-1,-1,1,1,-0.1654203464113968,1,-0.9026863933835629,1,0.49441879134242694,-1,0.9740538496685441,0.20788635382695608,-0.5573298494751749,-0.0450115318996025
1929-04-01,0.013109305508184455,0.9135319285735385,0.019805984504796537,0.9655755903096606,-1,-3.363012190412684e-4,0.08410062246962835,-1,-0.8875757801300287,0.004756674025128249,0.1134291633591562,-1,1,-1,0.99299065731771885,-1,-1,-0.022530858217613803,1,0.016452455869172766,-1,1,0.07654928975139541,1,1,-0.07409139560862088,1,-0.7862926264717304,0.435941791762791,0.9390491604725406
1929-04-03,0.9843525813238972,-0.07313523736463245,1,-0.008486672431358588,-1,0.9559322260744199,1,-1,0.11026490462375649,1,1,-0.08811916858825486,1,-1,1,-0.009165157923034739,-0.04534270401731988,0.9476765452398414,1,-0.8853438490863114,-1,1,-0.8579982359547356,1,0.023105477161127874,0.8867872363428463,0.08953167045188948,-1,-0.5275897284439396,-0.03892020964749343
1929-04-04,1,-1,0.025335142036503777,0.9815892320935841,-1,1,1,-1,1,0.05165900911854249,1,0.8754742286134877,1,-0.09034052633584022,0.02150263164538413,-0.9251824062506462,-1,-0.048848281129853954,1,-1,-0.024774992761960712,1,0.10069292298540333,1,-0.9328835150522404,1,1,-1,0.4495293443906473,-1
1929-04-05,1,-0.049339533965582105,0.9836604088416021,-0.011215615145667934,-0.1451215775257665,1,1,-0.03187918155922953,1,-0.9090030380198623,0.02542085811671324,1,1,-1,-0.9501141891109686,-1,-0.06437580854001745,-0.9842404637273532,0.07781560236060159,-1,-1,1,-0.881691579064618,1,-1,1,0.04377578088910872,-1,1,-1
1929-04-06,1,0.9277083758228312,1,0.9437259998498643,0.7686253635489118,0.022083934521434756,0.06067764287160149,0.9206948720168566,1,-1,0.9636344704260627,1,1,-0.010950568908262848,0.031341628190010185,-1,-1,-8.222922509705244e-4,-0.8499249741510021,-0.0017623543589212476,-1,1,-1,0.00944634473462802,-0.009277895616639609,1,0.9965472311538088,-0.021638345247610435,1,-0.04166948918217617
1929-04-07,0.07443530974061452,1,0.004303811641870214,-0.023657109124520348,1,-0.7803750745574273,-0.8372600589149857,-0.04445356883197604,1,-1,1,1,0.029218776835151616,0.9868300016704045,-0.9590513007511063,-1,-1,0.9820145042064777,0.06343104919927556,-0.9528774019315142,-0.035849742262710316,0.07825705385126125,-1,0.985706316375893,0.9689811769003248,0.12585954683602973,1,0.9396127839125269,0.023586990071668867,-0.9997956155173395
1929-04-24,1,1,0.9902148482506815,-0.9594495437153614,1,-1,-1,0.8934917057389772,0.025342740344476367,-0.011854280002856932,1,0.04568732492109062,-0.9404379946766385,1,-1,-0.027321302504561107,-1,0.021013165293001346,1,-1,-1,1,-1,1,1,-0.8326157935556258,1,1,-0.9469400583132986,-0.029230617551319615
1929-04-29,0.022397069586122198,0.07274866892621823,0.010142612741197876,-0.047052272531245665,1,-0.08625357313912163,-1,-0.08932382620371726,-0.9337441573079488,0.9048371309325238,1,-0.8946934968522533,-1,0.09840334178010879,-1,0.9144125741991751,-1,1,1,-0.05565532815491947,-0.10511081776509135,0.03585590444786779,-1,1,1,-1,0.010184483845417147,0.05469659572375507,-0.05717626039090862,0.9591058458632988
1929-05-01,0.979611223521476,0.9505699095414561,-0.9711532281970195,-1,0.0074828621449885,0.8765844644786559,-1,0.8229017901982861,-1,-0.08233232663487322,1,-1,-0.031114143933616112,-0.8641662122980165,-1,-0.011901245469242094,-1,0.026148607590212425,0.020173863520957402,-1,-0.9989156357539675,-0.9343368983368767,-1,1,1,-0.04031240931978686,0.9612724191057274,1,0.8882589890450596,0.06704593259565517
1929-05-02,1,1,-1,-0.013675455465435582,0.9845984048234792,-0.015818397161258546,-1,1,-0.10130626686422128,-1,0.0601199871231749,-1,0.9498547055550903,-1,-1,-1,-1,0.9974860504693105,0.943190442089456,-1,-7.281977156379238e-4,-1,-1,0.03809014745389949,1,-0.8913632323695423,-0.03379422644936714,1,-0.06043724062111511,1
1929-05-05,1,1,-0.07284421556315057,-0.9596067364580515,1,0.9673445665957081,-0.07618277269328566,0.0066636629634673206,-1,-1,-0.8368187506273936,-1,0.03670278681011552,-1,-0.005268592006493433,-0.03830612247683429,-1,0.0451979813993002,1,-0.0014540661218098716,-0.11184550897354695,-1,-0.9472926897006071,-6.294649556342694e-4,1,-0.9298321739279952,-0.11091487622522897,0.9106486043222023,-0.13000670710428133,0.9820007010834524
1929-05-13,1,1,0.9257632619098479,-1,1,-0.018727058756163983,-0.974041148631016,-0.9213071394313622,-1,-1,-1,-1,1,-0.04585518117915377,0.9627392160522024,-1,-0.05400424937861814,-0.9006529312457797,0.09534864468840687,0.9387841625468673,-0.13867576198368148,-1,-0.944507571861234,1.308053166152247e-4,0.9879234951447755,-0.886707735936623,-0.0691743597690174,0.8803799550719746,-0.13630526547982152,1
1929-05-19,1,0.03595252127610782,-0.0048043100618681,-1,1,0.9759238948181216,0.020691389148178252,0.07094306790188665,-1,-1,-1,-0.002126527853694271,0.06055311781273354,0.9453023112623286,0.07829774928518662,-1,0.8911320476762163,-1,1,-0.039735739402442793,-0.17234068242880674,-0.929273182843001,-0.8273618869227531,0.0088948346054792,0.9388245272546679,-0.9134984257905718,-0.06742862643421485,1,-0.13034392412487872,0.9660126336397253
1929-05-26,1,0.9886347030837871,0.8656880989234493,-0.10225290148544297,0.004940842459466244,1,-0.9443507623438505,-0.895233795169535,-1,-0.003618792252394476,-0.003732908312522043,0.9524847020979325,-0.8383251647595352,-0.03310972158858727,1,-1,-0.06201133454866514,-0.04504733477463685,0.032740036887164425,-0.999614951465494,-0.184616935388763,-0.9970000825188099,-0.9265028093223527,-0.01149928148702258,0.956286508498784,-0.8672167566968145,-0.1217270507728399,0.938851884904626,-0.12150493527304464,0.893833182469757
1929-06-01,1,1,1,0.8464300255157298,-0.9838307281559531,1,-1,-1,-1,-0.9747143474539168,-0.9585819572482451,1,0.11992371279413061,-0.9471119470741466,1,-0.03148859744955124,-0.9730201116480982,-0.9658671386170413,-0.9454540725528882,-1,-0.1361325108023703,-0.966395345609123,-0.9525017215826683,0.038630928635741295,0.903616887975026,-0.8439119548297754,-0.0058916123242718915,0.9034594955116171,-0.149211048482872,0.8844839825554196
1929-06-11,0.00508584606631779,1,0.04638618750039236,-0.11727859127768092,-4.992510569206132e-4,1,-1,-1,-0.02952863503827785,-0.016411046639168148,0.033688089568501556,1,-0.8747843627852206,-1,1,0.9356751189258152,-1,0.03211722247209026,-1,-1,-0.1312848589529231,-0.9002435886906854,-0.9323191795845532,-0.027398764874117625,0.8101149297387301,-0.8738141000478743,-0.05243847655552547,0.8949239895817517,-0.12721319719959145,0.9264345129236
1929-06-14,-0.9806527516865369,0.0013103236170683985,1,-1,-0.9865271205172826,1,-1,-1,0.9560177059852225,0.9505870000008463,0.9796079342242995,1,-1,-0.059595165242296466,1,-0.016821650602559468,-1,0.9980869576507959,-0.023075468624904505,-1,-0.0902869336931037,-0.9237465622255665,-0.9618971365989322,-0.02227145098196663,0.8079303703969709,-0.879595475092103,-0.08036202653779617,0.8869788705068012,-0.17634283869544568,0.8844934342159394
1929-06-15,0.011066627406113527,0.9038307027132991,1,-1,-1,0.01578706421543241,-1,-0.059914972715821135,0.011849289194569401,1,-0.014386082351591223,1,-0.03371497815812541,-1,1,0.9445984966272677,-1,1,0.9706692761583161,-0.016656845974589163,-0.0969021043184685,-0.8229636058773027,-1,0.0024995558332811946,0.8568154597814975,-0.9116470435745755,-0.14255663910871846,0.9249990108866519,-0.2467314224253749,0.9375051492757914
1929-06-19,-0.9756391438328719,-0.03926112876065446,0.05050393016171184,-1,-0.053141925882068675,-0.9775459010705838,-1,-1,0.9995500245327303,0.0426831404541842,0.9416511772827278,1,0.9206101221371278,-1,1,1,-0.043292302544200134,0.05996348913894156,0.025537676031943457,-0.9744860948734633,-0.039144810310096805,-0.7270245907387198,-1,0.027311908405078387,0.7982371574215412,-0.8077941366692507,-0.18412327401145612,0.8789208381566825,-0.32122724707947803,0.9497857354494794
1929-07-12,-1,0.9195076445488949,-0.8948784713598241,-1,0.8830059735275249,0.005797046827621166,-0.0320748403655815,-1,0.006444295068967931,1,1,0.029542485606201097,1,-0.05038692526875077,0.020015414926960684,0.04272310119958167,0.9066975055625599,-0.9028744069650173,1,-1,-0.09579791136016155,-0.7484560987645961,-0.9435552903832736,0.015376298798674555,0.8776991125857811,-0.793202967544151,-0.20031728579928537,0.8859123811201183,-0.35468670986447204,0.9425303974477043
1929-08-01,-1,0.005937756823838347,-1,-1,-0.07337163746734887,1,0.961606546426956,-0.06784758110905242,1,0.09277643491581311,1,1,0.11739259150055292,0.9361154699529389,1,0.9847887973938811,-0.07065145892559155,-0.0036403703636705975,0.043215696802949566,-0.05303573410373574,-0.09154133643564474,-0.7262021207690944,-0.9325601230391211,0.032894020764060936,0.8762460113026282,-0.8435626129034605,-0.2555733331732282,0.9131377809403451,-0.2806742111930312,0.9656989670811916
1929-08-16,-0.009141001356568035,-0.930775439724635,-0.11811228898933324,-1,0.8999603249771704,1,1,-1,0.02670873094160131,1,1,1,-0.8675632931869137,1,1,1,-1,-0.9378354912308616,0.9726783145320756,0.9219223970340388,-0.046403944973944504,-0.6222438526122822,-0.8949169360341859,0.11066446448672435,0.8636688155581956,-0.8141282649445494,-0.22422670025619293,0.9460623178955021,-0.2082214141718549,0.9808383868951394
1929-08-18,-0.9389674875953042,-1,-1,-0.046555929885575775,1,1,0.08462774414972762,-1,-0.9578519513988767,0.05816533427953474,0.05228121927172935,0.011963457537857769,-1,1,1,1,-1,0.0582207387449154,1,-0.06791084322038932,-0.019828439602146357,-0.6005579414208017,-1,0.1239122087698751,0.8998485441870903,-0.7473621059504425,-0.15989833015968585,1,-0.2754323749359865,0.9594880737569306
1929-08-23,0.05785173293399681,-1,-0.061221048008274104,0.9188862301761663,0.009335245912213908,1,0.9880487467736481,-0.054907406323489116,0.035108584640443086,1,-0.8598095197694033,-0.9038745868572954,-1,1,0.03177247069716327,1,-0.06070219628517637,0.9759854219420783,1,-1,0.0011621919133580107,-0.6177544245694653,-0.9814082629793852,0.18064418226604276,0.8233394985204852,-0.7535125122868764,-0.18856149013828563,1,-0.2709423056194383,0.9950067949841398
1929-08-24,-0.9347420761515954,-0.015245778194843629,-1,1,0.8863886339260941,1,1,-0.9886038059385298,-0.9383345321380667,0.01362755387522041,-1,-1,-1,1,1,1,0.9184614763331863,1,0.08499047438265683,-1,0.09355851419361763,-0.6236548595424721,-1,0.15578386595867863,0.9017165540308447,-0.7500525813971594,-0.15229631381318065,1,-0.30664347374871,1
1929-08-25,-1,0.9488048677199205,-1,1,-0.09397326847841958,1,0.025724620332339798,-1,-1,0.9705121243090978,-1,-1,-1,1,1,1,1,1,-0.9017141185888231,-1,0.1451738508675745,-0.5656126896357698,-1,0.19305900757071387,0.8711841362165347,-0.7125500863574804,-0.18786518962379595,1,-0.276943417471287,1
1929-08-31,-0.02997767702808818,0.045363742847251975,-0.014217035029781111,1,-1,1,-0.9725821316674429,-0.013203240905505842,-0.08929185746810153,1,-0.024487673651157005,-0.02313826793153828,-1,0.13096543834470487,0.08965190419298741,0.009601541463069907,1,1,0.09477396724511522,-0.04172305097866724,0.09501777866646259,-0.6081668784134288,-1,0.10524296172712003,0.8056382737052395,-0.7380742749861836,-0.18550874121176564,0.9948278894283142,-0.2760513061757324,1
1929-09-01,-0.9838454186726157,-0.9385323384504654,-0.9348793969296251,1,-1,0.034679987691780934,-1,-0.9855055427652024,-1,1,-0.9892574741223192,0.973116783951319,-1,1,-0.9029095828912888,0.9404593162319193,1,1,-0.8500475520621685,-0.8602518206783318,0.04272728582760103,-0.5696856178204871,-0.9006384390430058,0.1518005435140357,0.8990797915882763,-0.7607105709453374,-0.30416659280635233,0.9731300862152579,-0.25952255262838575,0.9432022793978276
1929-10-15,-0.01727541848031211,-1,0.03512909467287584,1,-1,-0.9439595343476322,-1,-1,-0.00813136855591845,1,-0.06398526620195188,0.004146428218661291,-0.040102817610509156,0.023526462581693552,0.025581695585217057,-0.049794013588060126,1,1,0.09936085913784831,-1,0.08912447135292921,-0.4883698005562592,-0.9255554559203265,0.19229510542641107,0.892259150774976,-0.7914728936522792,-0.29012530386150653,0.9828098349347572,-0.24862015053857375,0.9781581584410834
1929-11-01,0.9749403493906508,-0.04490946454717437,-0.9411902732022743,0.023654091033281754,-1,-0.003587585489473133,-1,-1,0.9748740450966932,0.06333857829207257,-1,-0.985655840391697,0.9391512909147595,1,0.9870057925174914,-1,1,0.042135796336356446,1,-0.006151374674083221,0.048277688602263495,-0.4834744285987204,-0.8878438445356699,0.1510764827349474,0.8974828596890869,-0.8683574124899399,-0.3415702102170614,1,-0.2585639518423819,1
1929-11-22,0.002032276772846453,-1,-1,-0.9522500696026411,-1,0.908913109629061,-0.06905266050819248,-0.033531487906462654,-0.009121085799102646,-0.8953714553815475,-1,-1,1,1,0.040286934093658466,-0.017307421273543122,1,1,0.013553073692164963,0.9679871495893488,0.04422938307406302,-0.45891749542429594,-0.9583794770580245,0.06562463116829353,0.880483360615945,-0.8338626328088362,-0.31748948522256015,0.9120993219811963,-0.2921955656809882,0.966635567557725
1929-12-27,-0.9624338483339532,-0.0209384361503947,-1,-0.06481036315709021,-1,-0.06102449518676156,0.9206960768638421,-0.9295376229169047,0.9355549724742254,-1,-1,-0.024627890381244577,0.021271037236937018,1,-0.9389015701681801,-1,0.026288641266420498,0.0699321881811974,0.9912205578449982,0.02169254471134119,0.026781952109350256,-0.47707921406755827,-0.9078597887514579,0.15026514153382398,0.928988240887882,-0.8695507465091968,-0.362860507923057,0.9283296292157255,-0.2869441271957697,1
1930-01-01,-0.0649188129435192,0.9405748856841233,-1,0.848488330401211,-0.058967732953608576,0.9095728575259054,1,-1,7.872461295204136e-4,-0.07574998673731526,-0.05362117930125043,0.8837405587777346,1,1,-1,-0.07995833118565376,0.9208382267245918,1,1,-0.9105115027261301,0.005469822261207406,-0.5121516973018212,-0.8405862581612661,0.0318965284457271,1,-0.8702977169411811,-0.3736543973211375,1,-0.25950073608958546,1
1930-01-04,0.9296138054152895,-0.031724752721485006,-0.014255566942501074,1,0.8721193438930049,1,1,-0.021385654886500127,0.9664940629155,-1,0.9283307975304732,1,0.022036450959240228,0.006273464914895666,-1,-1,1,0.00517230917468392,0.011560529565592614,-1,-0.01697618417976443,-0.487168758621056,-0.8285295098602594,0.0871639651420267,0.9963400824221825,-0.9557462219679227,-0.38202659164319785,0.9975608252291812,-0.217147941276859,0.9782876513534461
1930-01-12,1,-0.9192013864757983,-0.9312608671956952,0.04121450583241193,-0.038139192847708725,1,1,-1,-0.0140986144011912,-0.0013807820385642877,1,1,-0.9043620656007064,-0.9576878337295466,-0.07761298490701984,-0.05598065354676485,1,0.9766817982520256,0.8904188268393508,-1,-0.05177116995904026,-0.5149763582066664,-0.8794454561210004,0.06722574020044234,0.9910332141485195,-1,-0.4073503996692249,0.9642458215753054,-0.23647329828440056,0.9458591159015045
1930-01-18,0.04769525406178121,-1,0.048077706428503286,1,0.94091928344557485,1,1,-0.029131691407794147,0.9360029274981676,-0.882988866213971,0.0165955508308806,0.034305399854884566,0.08236754520699474,-0.028601155925852995,-1,0.9409062411209584,0.02132726407940544,0.12001145101048782,1,-1,-0.0946401177066632,-0.46631218075896164,-0.8427861725623427,0.08585461726866424,0.9191670670748208,-0.9970380407726543,-0.4009373863672219,0.9901991671113214,-0.22241673931688646,0.9261483067519825
1930-01-19,-0.9406559755589994,-1,1,1,0.013715637400138037,1,1,0.9284461570372875,1,0.11214008639509321,-0.9641804012580126,-0.9350671737813854,-0.9019897231756104,-1,-1,-0.04709442703722355,-0.9192505412139902,-0.8530413992172758,1,-1,-0.14858571228423295,-0.48689872603292617,-0.9111876958654116,0.05889687012628733,1,-0.9787913914624079,-0.4643604225262603,0.9437480405942935,-0.2829837863137437,1
1930-01-20,0.045616406160614686,-0.11052429851549828,1,1,0.9940720488483639,0.08685703031384828,0.06866391342243428,1,0.01613104398916909,1,-0.0058338741223890045,-1,0.09253201766771935,-0.08865491301661477,-1,0.8361786774594636,-1,0.13559889669216885,1,-0.03332026244120101,-0.19261053025662195,-0.49545143326166313,-0.8068785558127368,0.03376861393209748,1,-0.9335889689723413,-0.5281073650230736,0.9218894010503835,-0.3168968303688438,0.9858631354190668
1930-01-21,-0.9142428545969434,0.8395838352903794,1,1,0.01302274111035151,-0.8808211007836454,-0.8518198814198842,1,0.9688983679183127,1,0.9829378427878351,-0.08327374605919047,-0.8455118486074202,0.8677350985452267,-0.04610191134251407,-0.1630275424394122,-0.0691163387590481,-0.7434094280523575,1,0.9224785882797197,-0.22174187671140821,-0.4505427685862335,-0.8293749814611153,0.08951723343362296,1,-0.9715097138558616,-0.5241111236737473,0.9231416049449632,-0.3547984737864643,0.9828579015979599
1930-01-24,-1,-0.1370471865863745,1,0.01618424654919648,0.9639719285220316,0.11849336597145366,-1,1,-0.007737449237563032,0.03815837098738717,1,0.8647336566806448,-1,-0.09175730842843977,-1,0.8359939099155267,0.8618038050964403,-1,1,-0.03321517533547291,-0.237773903431005,-0.5033042172243827,-0.7280631293109543,0.11877736599276191,0.9560779870072632,-0.9622129966325842,-0.4965092583472608,0.9614802605126213,-0.4070866272471741,1
1930-01-25,-1,0.8362798678697341,0.10147251033691174,1,1,1,-1,1,0.9614510506602761,-0.9413823978847571,1,-0.06580827380022714,-1,-1,-1,-0.1381167699172191,1,-1,1,-1,-0.22680583452557843,-0.5598478379197446,-0.7576639883209981,0.11732217206386386,1,-0.9189166868264784,-0.42867555356863274,0.9345058620518412,-0.3937689198375019,1
1930-01-26,-1,-0.14259132477848935,-0.8859111122970432,1,1,0.07303010109579922,-1,1,0.0935167516026707,-1,1,-1,-0.05165727670208631,-1,-0.09485215645024647,0.791022318202349,0.06198580297080214,-1,1,-1,-0.2570180853190388,-0.48326711411678847,-0.7159796301035283,0.1540583960810472,1,-0.9274819547075783,-0.3940570096010749,0.9209587041602164,-0.2855019998218064,1
1930-01-27,-0.007013383711445553,0.8522719144548385,0.06489386281264009,1,1,1,-1,0.02075934239871391,1,-1,0.020963693744692313,-1,-1,-0.011564493480613058,0.8311488079595954,-0.16894802454076674,1,-1,1,-0.02203158776950409,-0.19284242161212273,-0.47251642779061365,-0.821638923164432,0.0926985103719026,0.9650074412704399,-0.9472442949563061,-0.3910875096571009,0.8353126335167909,-0.32265599767779807,1
1930-02-01,0.8331616646960822,1,-0.9074078834141043,1,1,1,-1,-0.9417836878329476,0.04938272485678741,-1,-0.9574397293521191,-1,-1,0.9115973669342987,-0.1367648230087476,-1,0.0019931114434172947,-1,1,0.9366333080341595,-0.18485927669129096,-0.5444262282883547,-0.820317003232996,0.116836072553672,0.97772599767617685,-1,-0.3358480477379455,0.7903237657695614,-0.2851842331377299,1
1930-02-02,1,1,-1,1,1,0.008189864838730632,-0.08718041237450258,-1,1,-0.00806347438434174,-1,-0.02968655777652951,-0.03986301325281394,1,0.7998008208790356,-0.03136033448187514,0.9739704630730063,-0.08598804332398291,0.04498715243100193,1,-0.15850875195650221,-0.5678209473530128,-0.7341363643350998,0.030608371578121574,0.9529406562472298,-1,-0.3722543112157437,0.7772111554405478,-0.24924159521756448,1
1930-02-07,1,1,-0.031219674218358362,1,1,1,0.8995712274186731,-1,0.020530990765432966,-0.9151263480717298,-1,0.9626963879332108,-0.9966255452098536,0.09380789017662261,-0.17928452825759877,0.9462462533871151,1,-1,1,1,-0.2321829303335619,-0.5690989128448102,-0.7162993661828166,-0.07849409880968342,0.9245696583855495,-1,-0.3781446776135181,0.8180171934583864,-0.18629092101168315,1
1930-02-19,0.03235264488793266,0.048200459102858084,0.8590823909745186,0.018110063789728792,0.026418597126126597,0.021123749696218996,-0.040002879566057525,-0.053049744152299905,-0.952491872688531,0.06112716090144332,-0.07377582748971234,1,-0.08358441540490069,1,-1,1,0.01336446154421933,-0.08760808502298079,0.11200691303031385,1,-0.23188795367141954,-0.5134910179176692,-0.7089585357373405,-0.08154546644484353,0.9424877255156188,-0.9445937756815284,-0.30091086511830023,0.8631887563104537,-0.2021307954456316,0.8843050308492567
1930-02-22,1,-0.9384145350068616,-0.12897206131170702,0.9308284243427082,0.9426926615273277,-0.9209436312755083,0.859174243247077,0.9298538237801799,0.04484755365462645,1,-0.9626890465588236,1,0.8946955828710831,1,-0.028054779438733135,0.06373785613400929,0.9116293532453535,-0.9362535747742348,1,1,-0.2314547287061814,-0.5465630768909628,-0.7630277477669952,-0.06197068383731444,0.9810861309676202,-1,-0.258008939115031,0.9039543796481475,-0.17185004112311025,0.8792737311766519
1930-03-16,1,-4.1097484101781934e-4,-1,1,0.056121251390112814,-1,-0.1393262300291609,1,-0.8380651292497882,0.04283364467818307,-1,0.007014334121976495,1,0.0948058390981884,-0.9635773906521611,1,0.007475281773481002,-1,0.03602550377947933,0.08476875486730273,-0.13205497213670747,-0.6254027670611801,-0.771989006495011,0.007329568333640443,1,-0.964456198040462,-0.2337703664416286,0.9575244171277402,-0.18330176567048045,0.8624457329890495
1930-03-26,0.05832369658536307,0.9416262562492105,-1,1,-0.9184233824157407,-1,0.8172602166438404,1,0.13500209861147638,1,-1,-0.9449558884509431,1,-0.8831082406384898,-0.018795727076922564,0.01823691629720625,-0.9560163607952862,-0.037440510448666586,0.9671042957688474,-0.891344038461403,-0.10451550582998932,-0.615111802830113,-0.8925536876202442,-0.04849859936431665,0.9432556986357125,-1,-0.34059069550575294,0.901814887434419,-0.1528155385808642,0.8743881151720528
1930-06-15,0.95999385985007,1,-0.06372807558016214,0.017018153533779112,0.07713235756821435,-0.05164459091934248,1,1,1,0.017324080362744243,-1,-1,1,0.09601165719238036,-0.9854804739701563,-0.9427460890703192,0.013413861979915787,0.9459089078808782,-0.005468107901285046,0.06303412543097853,-0.16794754338632034,-0.6587668470058474,-0.8919853626385623,-0.08134698916318928,0.943090639613317,-1,-0.36573348309380793,0.8848715520759338,-0.08163355985060901,0.8185251966153069
1931-01-09,1,0.021276880941218712,-1,1,-0.8779186157088336,-1,0.031265953547757186,0.09123256746845143,0.11510972336239256,0.9804640355863307,-0.014561743190761756,-1,0.020619365023727743,-0.8677511691031322,-1,-1,0.9977973994992666,0.0018216089279003977,0.9877456819472883,1,-0.14460585080970115,-0.6211226475907928,-0.9222335968158026,-0.1547370049248073,0.8811076618187476,-0.9354486935007801,-0.4411457774313881,0.9065555830283689,-0.07875471891863534,0.7564111864270628
1931-01-12,0.017986071332822262,0.9384726670399068,-0.003936221196342737,1,-1,-1,-0.8790676000608854,1,1,1,0.9134112306969662,-1,0.9561613872215309,-1,-0.04337515220106469,-0.012979853979769862,0.012236862725038211,-0.9879392932727236,1,1,-0.15866903304017543,-0.6931301861785066,-0.8379192547616503,-0.16102885409156095,0.9285892906844851,-1,-0.5108774296125435,0.859516455115524,-0.048726376794410234,0.6275674362726915
1931-01-21,0.9544362101490599,0.013002938810799503,-0.9957616720611359,0.03295482478962497,-1,-0.016531337336510243,-1,0.07967222088729564,0.04798471861208997,0.028948862251519936,-0.05461448897095078,-1,0.022921663173592788,-1,-0.9225096137005218,-0.9565891673082645,0.941483828195734,-0.04098763241525738,0.053691910677369226,0.05202576443507223,-0.09722478640988075,-0.6947635119449964,-0.7452298590446563,-0.16963430258073411,0.8515288846019446,-0.9597863054521173,-0.4469787563452041,0.9113563247376604,0.038887230769014014,0.5416076563991583
1931-01-25,1,0.9643296765524736,-0.005926872654296922,-0.9167051806494322,-0.04379367764828146,0.9272104278202473,-0.012105706019726936,1,0.943856263580893,-0.9396905479003922,-1,-1,-0.9761726299513127,-0.011212552063634473,-1,-0.08622322309561137,0.007311442189769646,-0.9889550070376366,-0.8940674471858192,-0.9358430604059662,-0.06318095646568336,-0.6526833926142606,-0.6980722951484364,-0.1480342662079631,0.8488231687964501,-0.9368008188985146,-0.4464983771970458,0.8206017576431885,0.030196831834606155,0.5889333565194015
1931-01-30,1,-0.013522527301056964,-0.9902694188530182,0.045858328238777446,0.9368764984817272,1,0.9578167759371251,1,-0.028894122947738743,-1,-1,-0.003843281775501195,0.019270363287673953,0.864693607591153,-0.014883727710108596,0.8606707786502278,0.9688795428577788,-1,-1,0.00603842140128219,0.8971226089885145,0.3427165431488941,-1,-1,-0.13130456863042184,0.05790158091257114,0.5289644603572476,1,1,-0.38618836003538304
1931-02-04,1,-1,-1,-0.9357650156713273,0.005226034022015713,1,1,1,-1,-0.01892696957811346,-1,-0.9971878190325945,0.9908312146115541,-0.1160277623877215,0.9096726469734722,1,1,-1,-0.07803924381379579,-0.9546472735530294,1,-0.6401258318140427,-0.031615926470372924,-1,-1,0.9876937058831892,-0.44379263057678886,1,0.04828335415168439,-1
1931-02-11,1,-1,-0.11395902939890024,0.05447267557108204,1,1,1,0.009654978150674842,-0.03210231140437858,-0.9210357649249535,-0.010343979073219822,-0.015070626032753998,1,-1,-0.045358122643054055,0.0361576331719099,0.009721438099049795,-0.0058098306665614885,-1,-1,1,-1,-0.9885512245916022,-0.037520944732927886,-1,0.0052755303943308185,0.46002086397894737,1,0.9660524695622269,-0.05885260727520858
1931-02-14,0.042461896752605366,-1,0.822842230386987,-0.9408457272568416,1,1,1,-0.9078391078283691,-0.9958029866108427,-1,0.9494258750448968,-0.9859712759175867,1,-1,0.7976350374021748,1,-0.957120733273804,0.9515311571150433,-0.010855366265009825,-0.09602406108327521,0.10025177197860469,-1,-1,0.9408774925236164,-1,0.9559235482680082,1,1,-0.032817520481914775,0.9019294025301909
1931-02-22,1,-1,1,-1,0.018788609906863818,1,0.009463260540991003,-1,-0.020975983588899738,-1,0.012108716854377088,-1,1,-1,1,0.011145689280477988,-0.009405015542956363,-0.03958963383825864,-1,-1,1,-0.09944311440891451,-0.03337516088748316,-0.04586482879513276,-0.08221040392181578,-0.02176662310197197,1,0.05576250165596097,-1,1
1931-03-08,0.01902180300816292,-1,1,-0.08470529170548191,0.9616441849575574,1,-0.9657725768377586,-0.02971278525105303,-0.9543002910384896,-1,0.9740751708367745,-1,0.0669915527366064,-1,1,0.98648615006085,0.9445370943405164,0.9420102821894435,-0.009252661613896818,-1,0.04057588734163553,0.8725497810132736,0.9097210365661814,-0.9544632766208622,0.9132758376218452,0.9292897737383624,0.04978241047248988,1,-1,1
1931-03-11,-0.9790020005040976,-0.06103964727025191,0.04232970224562371,0.8187794033292867,-0.0040437772142014605,1,0.0029903607547486777,-1,0.020421877396998633,-1,0.07586543982353622,-1,0.9756352770572276,-0.011048063700067168,0.055573852740596785,1,1,-0.04155737938476045,0.9830056778762499,-1,0.9377894171351984,-0.0734117189039658,-0.03738840018663492,0.01566553725349107,1,-0.06628772738937916,1,1,-0.014271410804303719,0.019140667965982683
1931-06-15,-0.13689002188373334,-0.9839357812727494,0.9882600134493065,-0.09737291378650537,0.9473004569279748,0.022304163519513143,0.9634302087676136,-0.05531894726499176,1,-1,1,-0.007813028868769889,1,0.9477870481983068,-0.8933247371618811,0.031320065805844566,1,-1,1,-0.011938204284857368,-0.028211320873806733,-0.9990619144550112,-0.9993838062587089,-0.9397278179293433,1,0.9315956054255673,0.04693312499413682,0.014882823177431725,-0.9600750449773877,0.9242569860311387
1931-06-21,0.8394860203622245,-0.02702854815543876,0.0633014850283713,0.8144914559080609,1,-0.9019416865699368,1,0.8822489412517522,0.06711484875045592,-0.033958496019864004,0.07030546788516356,-0.8874929265530733,1,-0.004361706661542786,0.07295069689571076,-0.8899783536015402,1,-1,0.02617643332060804,0.9595128939103715,-0.9443116691807374,-0.04711432192105369,-1,-1,0.005628293807737661,1,-0.9255283492454517,0.9964615264901701,0.011885644864381262,-0.05619624163729775
1931-08-01,1,0.9381667285001135,-0.8594929892336455,-0.1257591135301639,1,-1,0.034027321367173125,1,-0.8626355733521246,0.9511440365944024,-0.8450710362438868,-1,0.05167470666401963,0.9893901474232154,-0.8659038773420966,-0.0010367965362017006,0.023487498940412688,-1,-0.9643255950672185,1,0.016881948022915205,-1,-0.056007155391073704,-0.08870800113185517,0.9777152512105258,0.07705494158688408,0.06116182932674874,0.02164721851634932,-0.9267699169459293,-0.9720647006438744
1931-08-17,0.019136463073332166,0.014179664913696932,0.09054598589478224,-1,0.04520403312809873,-1,-0.9105980236732132,1,-1,1,0.10910337579565521,-0.018604165722009736,1,0.0035060326243893103,-1,0.9501811991086582,0.9858345364542023,-1,-1,1,-0.8736656340574156,-0.023579336474286006,0.8772767336636439,0.902483157567652,1,-0.8681372041991328,-0.933940080102998,-0.9263235534790523,0.03627883083341399,-0.03549503985193303
1931-08-18,-0.9589034764251183,1,1,-1,-0.953419674328751,-1,-1,0.013058761457153345,-0.028394533523051768,1,1,0.9419878370997845,1,-0.9641761326332194,-1,-8.776540552699608e-4,1,-1,-1,1,0.1176230200388223,0.9375904829543323,-0.03334471079050372,-0.0897710266051368,0.03915593408106699,-1,0.054289201455758995,0.029590815528543146,-0.9435533039625819,0.9538180732364788
1931-08-19,0.02935337897273793,0.01743982143460099,1,-1,0.0215995993836382,-0.020257468454460414,-0.133398755751846,-0.9590855877988352,-1,1,0.05678347194081912,1,0.057276250409791785,-0.0024964419564162954,-1,-0.9573877537604797,1,-0.07237466911780954,-1,1,0.07615602439834343,0.8423774224037297,-0.03430097652845789,-0.1696541323702482,0.027756429347227614,-1,0.06854702856707895,0.011469380140998776,-0.8931974761033052,0.9369611938845054
1931-08-27,1,-0.9748471673639437,0.0494725863668346,-0.035967759306765545,0.981549638327182,-0.9559228993495515,0.8639355128587346,-1,-1,0.07776615878041682,-0.893993434016074,0.05312436014995914,0.9938924518127935,-0.8852313798444683,-1,-0.05578812587695603,0.0938338116817451,-1,-0.020774368554022926,0.010375002559571911,0.08621195436924287,0.7622137472567972,-0.019985499647238992,-0.16492876303148096,0.03786751565314077,-0.9501123573874941,-0.018347941884761076,-0.014464089046356831,-0.9059768127191868,0.9361595119562743
1931-12-07,0.01864436618668619,-1,-0.8962334443590481,-0.9867101734813011,1,-1,1,-1,-0.007464449745518853,1,0.10494648223306902,-0.8650965373826844,1,-1,-0.006340523716373059,-1,1,-0.04490539319789255,0.9092598329484771,0.9291064426360222,0.04901623461743103,0.7514399969412314,-0.05634022409630242,-0.20534747149462626,0.13511763172224756,-1,-0.02266915369381501,0.07393454819131116,-0.903178812674798,0.9875101328112446
1931-12-16,-0.9392895334494153,-1,0.08335435134808389,0.0016023139671240694,1,-0.025015788570095898,1,-1,0.9159209944902733,0.02533134852367369,-0.8634489849125161,-1,1,-0.11910144198026562,0.978508690632678,-0.0887862448972957,1,-0.9874274492464985,1,1,0.09301583465837071,0.7598249928412236,-0.03948768841888679,-0.2023805961373179,0.08485839618393129,-0.9820152999222608,-0.03626186846246076,0.0796391108898043,-0.8932884925077905,0.9822873486734564
1931-12-19,0.04135594268383891,-0.07996583978820493,1,0.9200492076011083,0.05629034147084977,-1,1,-1,1,-0.9447931700818396,-1,-1,0.03250615871066942,0.8172298660666003,1,0.9077319105454368,0.06070412906111,-1,1,1,0.09542579789321791,0.7136429954771017,-0.0327941587471025,-0.2723641539997659,0.05995625080056391,-1,-0.024130060382057623,0.17117881538276114,-0.7948732602902645,0.9617569843511972
1931-12-21,1,-1,1,1,1,-1,1,-1,1,-1,-0.024319338834691062,-1,1,1,1,1,-0.8993519409232105,-1,0.02699400065465185,1,0.07427736028342241,0.6546808684694888,0.01849014806479364,-0.2528001769788576,0.08671170066484865,-1,-0.10677120956614636,0.1882475459465691,-0.800054779604586,0.9511597978082968
1931-12-25,0.08272953873976274,-1,1,0.06811189802374673,1,-1,0.06660692186473072,-1,0.04594427094694109,-0.01018345648900143,-1,-0.03932175605853616,0.0024832166828978597,1,1,0.02264838979404804,-1,-1,-0.9370421323752209,1,0.0488105430210249,0.6837886879832467,-0.03215869855617674,-0.23756588663074688,0.13581382991173713,-1,-0.10852047856357104,0.19526846186382546,-0.8161020823114762,0.949081316885874
1931-12-27,-0.8827944787336621,-1,1,-0.8558721950342861,0.03748389382896189,-0.029660335855684727,-0.9230409522673526,-1,-0.9478335913113408,0.953144061903621,-0.021014799436642195,0.9078646725490338,-0.9653653721518302,0.021220381882459116,1,0.988204042146753,-0.04978149584433711,-3.688967665017584e-4,0.008056330455340599,1,0.0795032439325621,0.55732788233548,-0.011876065410204223,-0.17882059735645703,0.10868942427993551,-1,-0.04419235024903284,0.24283051212604415,-0.7689421546567046,0.9686444904739269
1931-12-29,0.06392209134395332,-1,1,0.12905506955742652,1,0.9496329866023173,0.02131004441720208,-0.060982525965289414,0.020523780064376385,0.036696260273621606,-0.9927434529809135,-0.04559901307474079,0.012347495839213796,-0.8836021587410212,1,1,0.9392927209815686,0.965946091840925,-0.9626693289158265,0.005219510117108306,0.13200458340423044,0.564211874019642,0.009777966618857773,-0.15479157539013183,0.10398628728162161,-1,-0.08146686128640307,0.20024049419353399,-0.6741712643107436,0.9213477365800724
1931-12-30,1,-0.033674533099424586,1,1,0.04799941614617764,1,0.9684376015695694,0.9366257505758889,-0.9335560187519201,-0.9452481986632962,-0.026536174353617326,0.9486386026845531,-0.9364931993000497,-1,0.014587401960486357,1,0.0016173369837269025,1,0.017456143988754058,0.9855893425405508,0.15686535349149136,0.6309807696412636,-0.017712024673553015,-0.12006172195798329,0.12385250734904277,-1,-0.012225697223977566,0.13436212876393072,-0.6386833167983809,0.855145966164582
1932-01-01,0.028548191667840728,-0.891512560067352,1,0.012605202641699953,-0.9393668279847384,0.03510644242333394,1,1,-1,-1,-0.9990938984592405,0.018049397385182853,0.020424324081734446,-0.012387823017228405,0.9395764144970356,0.022544335576088814,-0.8924764310297459,1,-0.9750894130199813,-0.01072190901621628,0.07207868093743833,0.5889046749150997,-0.01994614062310386,-0.05468492131437683,0.06328048929556013,-0.9767440729538823,0.023623032011234467,0.11404619012257174,-0.6170750072676354,0.9003660365709736
1932-01-02,0.9784888983981359,-1,0.030923511506959822,1,-1,0.9563222480505259,0.06998127993005865,1,-1,-1,-1,-0.9439965025218602,-0.9299460154101659,-0.9696197678752357,1,-0.9356994309697161,0.10080233095418867,0.03272131525437305,-0.04370431307114253,0.9730406988795383,0.05531993717452244,0.49052693037408424,0.006420731951387974,-0.043372122221705806,0.12598867787925433,-0.9532282153409651,0.10638271043956754,0.1398472825980154,-0.6464707982713642,0.8302016299827641
1932-01-06,1,-0.05775164296143798,0.963646352396395,0.07250694803535762,-1,0.05026625056167966,-0.9054832107137674,1,-0.013777526326338774,-0.040490384027163095,-0.08206006533599375,0.05243740795576057,-1,-1,0.029267041148777206,0.019177552152878863,-0.8260104405188667,0.973266608339495,-1,1,0.08538364450116753,0.3918831524976235,0.019012904485624104,-0.022733489005705158,0.18350520002028728,-0.9058073251620915,0.1380419642487771,0.04927536719745276,-0.622576765282655,0.7865954711040277
1932-01-09,0.010022682232699642,0.9323422842246173,1,-0.8828947299236795,-1,1,-1,0.030995768466773432,0.9514447789214204,0.9208299170008815,0.9085126615695617,-0.881229604958092,-0.0652377940755845,-1,-0.8681513452626491,-0.9103188877854728,0.11563855409295909,0.04091777422853804,-0.02234759547241283,0.0358638059333477,0.0985524097121856,0.34998691919451463,0.10834213017921622,-0.16073178713072836,0.18196934682140806,-0.9331134259159003,0.21308808458000358,0.06013039713040177,-0.5814476187360582,0.8781466546774985
1932-01-10,-0.949480206681699,-0.021234764505319914,1,0.09864357303651372,-1,1,-1,0.9416739839260625,1,1,0.018493543839925852,-1,0.8559606480434284,-0.056615859302456495,-1,-1,1,1,0.9279651335533877,1,0.0978133518341367,0.4164774355552297,0.1537488689847859,-0.22530666763491541,0.22661052077258428,-0.8663354166673956,0.29515778619645044,0.06132531402696313,-0.48759237807140043,0.8648217452393646
1932-01-14,0.034850658604154705,-1,0.06491100458033117,-0.8771720833522959,-0.014798443036183384,1,-1,-0.04227461452588843,0.03968931715036206,0.011640036452625013,-0.972556974677754,-0.04097202757795426,1,-1,-0.03692873376052297,-1,1,1,1,1,0.16519146496710432,0.45432514792247725,0.16768331536699166,-0.24549323405634543,0.25023506554477615,-0.8874168417642369,0.3086466412937947,0.14643338117494958,-0.5285705445862852,0.904426095220731
1932-01-18,-0.9605234539806367,-0.029640749521268606,-0.9243322724247708,-1,-0.9266498751793616,0.09653272883122044,-0.020656296947325514,-0.9969609009705295,-0.901119193837193,0.9655436836036732,-1,-0.980599727183249,1,-1,0.9501433065890498,-0.06469069065424538,1,1,1,1,0.09544559185753913,0.4902313696243098,0.12178190198061853,-0.23963449013986815,0.23889424702731687,-0.8550652626345291,0.2967159444201782,0.14411758241801392,-0.5145500704224428,0.8862753219998852
1932-01-22,-0.03564380142003354,-0.9708795769914111,-1,-0.07514556754626234,-1,-0.8917585358257398,-0.9501145796096788,-1,0.05684169679448303,1,-1,-0.00921503615152064,1,-0.022818745563995102,1,0.8647859536214862,0.007394672661434121,1,1,1,0.09889152567989092,0.47152059674611846,0.1571768383130372,-0.2618228253861462,0.2759072979892935,-0.8264378054374035,0.3055015650223992,0.19594155759271317,-0.4485524552510782,0.8500627379178061
1932-01-23,0.9359686470774153,-1,-0.028094014066344264,-1,-1,0.08152396147225727,0.049084263735347466,-1,-0.9259300773990627,1,-0.04038037122995708,-0.9778322659155096,0.001541589775931218,0.9151274396432522,0.03884682055772759,1,0.9647581541200253,0.03264865319007404,0.010791873915432126,0.04229298910034873,0.14556857675287388,0.4577393986254215,0.13306795972460486,-0.20777604209468303,0.24590091082216617,-0.7710761970136139,0.28419024812203214,0.1845590532030874,-0.5113420102879722,0.8610742942633454
1932-01-24,-0.05824429223737482,-0.00352053811820352,-0.9676029022572464,-1,-0.0771966046431245,-0.913442429680056,1,-0.00437752120373569,-1,1,-1,0.008687490831363331,0.976730019700535,1,-0.956564859185114,0.0943171571101229,1,1,1,-0.8640453408355951,0.17932240345989725,0.44166386491393866,0.0908680497570642,-0.21158305917956644,0.325272589136947,-0.8018149901487482,0.283725918433746,0.09669204278996785,-0.596711694653151,0.8350303074415496
1932-01-25,0.8802162756144395,0.9531752211828248,0.005311616809533182,-0.028859932552396828,-1,0.08447813434530371,1,-0.9336969219838428,-1,0.03351658132773139,-0.10147859462575137,0.984688192760582,1,1,0.03371504264227543,-0.8874784461807581,1,0.0013408290506808918,1,-1,0.22535388216911917,0.5373537548004732,0.13160908426824264,-0.0810543929834483,0.21480198137141293,-0.7955694424850587,0.3590702058683161,-0.007276046296068539,-0.6123133602244737,0.8422968834829856
1932-01-27,-0.10698474476500874,-0.03744201164771299,-0.9891634249404598,0.9118809152598467,-1,1,0.15184315484790956,-1,-1,-0.8749676420892571,-1,0.033842782053837395,0.030218750250731508,0.03528674111320118,1,-1,1,0.9147754266651952,1,-0.04029135331334999,0.16910798574011962,0.5163862296010036,0.10348569212081137,-0.07822920378362395,0.1690535329927584,-0.7444809706120696,0.38989634605033563,0.01592642232227522,-0.6191883305833898,0.8864806164305632
1932-02-02,-1,0.926292024779248,-0.008174931671792618,1,-0.0028129426427940807,1,1,-0.01928310048875781,-0.015835247847859724,0.02591359636067969,-1,1,-0.9337087091948398,1,0.0467985604784924,-1,1,-0.06284228839768757,1,-0.9796250644188521,0.15407404737288072,0.5492563807027376,0.1938652666493782,-0.11685069083969352,0.17566898225491978,-0.7272324745988064,0.2939592315230229,0.0441009666082862,-0.5824643660654777,0.9688931817598517
1932-02-11,-1,-0.07047490395776468,0.9272013552469468,1,0.9597535658518832,0.005637207711366221,1,0.9021704066634328,-1,0.9747467900340915,-0.01689403550927082,1,-1,0.019337669918866096,1,-0.05717411360188174,0.04774076865304577,-0.9961835350910748,0.06434993794097166,-0.02036268055351631,0.15148545920232956,0.4821728700349477,0.15681877901601643,-0.1537860300173423,0.17819349183529085,-0.7081831039200295,0.30181769380594475,0.04274897131261562,-0.5730773871683204,0.9906523878967195
1932-02-13,-1,-1,-0.014578772889981328,0.006893588822943775,-0.023643295187194213,-0.9766362092380261,0.02189978718980068,-0.00716202048817538,-1,0.058211178282286835,-1,1,-0.0568717777237,0.9306010188128643,1,-1,-0.8845319089755135,-0.01759507064207877,1,0.9766097189775724,0.17109739672377822,0.48184468014025644,0.09402723208026086,-0.13838750439569805,0.16018335922752042,-0.6960713436165183,0.36375376057799624,0.09294221364039998,-0.5390332123454926,1
1932-03-01,-1,-0.06575388558712159,-0.9990614389615944,0.9824827228232225,-0.9896577975928055,-0.05848001573130546,-0.9290760089310486,-0.9511294127734213,-0.05693835614396836,0.9708370679800116,-1,0.05750244192821019,0.9124360836145698,-0.062083078901092215,1,-1,0.11535952777901115,-0.9523016680685368,1,1,0.22911588630759874,0.5175720442921619,-0.04027192878741413,-0.05862205914963853,0.13688334352503712,-0.7178397268166814,0.4307005563037183,0.12589657626599624,-0.502656183318094,1
1932-03-02,-0.009617678206637281,-1,-1,1,0.00986789489874218,-0.9588290893398324,0.044586181785993495,-1,0.901912487689479,-0.003282223418429875,-1,0.956238704082873,1,0.9194508803007663,0.028240413105593776,-0.020022411448185062,1,-1,1,0.010011029849604558,0.19635871163909155,0.47025179233072884,-0.051774214425126995,-0.025988852430607175,0.19417921546460404,-0.751564434984773,0.48308161335632516,0.2144548078340085,-0.46673592713898865,0.9626229617733749
1932-03-03,-1,-1,-1,0.0067564547432178435,-0.8985556148768193,-1,1,-1,1,0.9939709636569515,-1,1,0.01087113438764753,-0.034874930675435234,-0.855234573886208,0.918451748846185,1,-1,0.019859021677332778,-0.9314272472194042,0.2284430602493041,0.3640320771786569,-0.08866925714945349,-0.06724321073209899,0.20697471367455467,-0.7232673869974369,0.48979032429617725,0.20983015483317727,-0.40343483114582424,1
1932-03-08,-1,-1,-0.010780237412986282,0.9634698704692664,-1,-0.01309475758002887,1,-1,1,0.007957334878101463,-0.15900402597910412,1,0.9751719109109067,-0.9619674308260462,0.10673978181029964,-0.046761160409719116,0.028702274251773296,-0.06288790242753362,0.9078881738980387,-1,0.1954380937350852,0.45703548186741494,-0.08894637101757577,-0.0652329881371044,0.2341766552493089,-0.7571950637296392,0.43743099582471096,0.1849503260197308,-0.29946997914850293,0.9579952832629047
1932-03-09,-1,-1,-0.9052407484771264,0.055271855661772284,-0.049665386096817254,-0.9352877116169374,0.09557551525803287,-1,1,-0.9775919148417408,-1,0.02115324656897344,0.04187155923193864,-5.764829852292763e-4,1,0.9383043392082874,0.9966187246862,-1,1,-1,0.2557412010023647,0.5130888139308253,-0.07702527767416496,-0.062088785791475976,0.2353448842398305,-0.7321402694571287,0.5250496570046692,0.2513357768201448,-0.25610647982823764,0.9457587338718206
1932-03-12,-1,-1,0.05711958140194573,-0.922772599784662,0.947803026669483,0.0463161900496466,-0.8208855462181021,-1,0.001176412694450013,-0.03141381388034237,-0.03676159535562917,1,0.9969114937027743,-0.9061676677287984,0.02605759894780091,0.006089338380634968,1,-1,0.02046790765559403,-1,0.1655932888934299,0.5479540386930517,-0.09133535089541309,-0.03498432192912805,0.11195110431146216,-0.7784994751009882,0.581573170267697,0.2547718015830468,-0.21700779823644678,0.9868200353680194
1932-03-13,-0.05122793715141649,-0.03622573752309932,1,-1,0.029175995803538468,1,0.08754255331547922,-1,-0.9743050727024288,0.9349651745924592,-1,1,0.04300861835285952,0.04084603615653504,-0.9263262388029668,-0.9045953734396777,0.029850909750666954,-0.005562031929430389,0.9940679426257145,-1,0.15187076185210815,0.5723501256351247,-0.09060165469527359,-0.025674668388000123,0.03666041412499217,-0.7473334262558332,0.5807601215478061,0.26051968258362346,-0.17121913793659302,1
1932-03-14,-1,0.9590655768581493,1,-1,-0.9394416610974008,1,1,-0.0480305970017868,-1,-0.023991949991596484,-0.00809950602050391,0.015760386675978788,-0.9146967405142252,-0.9129228759333142,-0.035496298833451734,-1,0.9885096942926697,0.9635194416957295,1,-1,0.2359221320487068,0.5814435840715957,-0.1412455631829842,0.01254942154207355,-0.020089458762842863,-0.7143625232339058,0.5685954883273955,0.23454817784698181,-0.19236918895903743,0.9531658356484678
1932-03-20,-0.014538587866381847,0.001406174477411315,0.04417918038285018,-0.06780541639624782,-1,1,0.0387852210200853,0.8842203156014844,-0.10104094703879207,-1,-0.9397424153074002,0.9831583037978313,0.07029695246200696,-1,-1,-0.0035369186453005907,0.02548244343875028,1,0.07513451223711165,-1,0.2541963362492126,0.5299019994031572,-0.14700565095466164,0.063299247198672,0.0181033332513741,-0.7208215243346772,0.5587901119296693,0.2825741285565202,-0.21422022127052073,0.8746870949953467
1932-03-25,-1,0.9996737363342214,0.9960825808187692,-1,-1,0.02609338833375907,-0.8511170842008869,1,0.8903391389482125,-1,-1,-0.009466730407577395,1,-0.07447571067106096,-0.045195910775268744,0.9922516875450813,-0.9478160409228796,0.04874904360456955,1,-1,0.22398565819765498,0.5831618108431462,-0.044258801985261345,0.08794300373113592,-0.005435586454702771,-0.6420691011454878,0.508892976122993,0.3064044256984007,-0.179444247571839,0.7688710416902816
1932-03-26,-0.09340879873481323,0.028742441825365672,1,-0.08288681166252077,-1,-0.931249483240176,0.12083325062110628,0.0999946857881866,-0.0768459049339858,-1,-1,0.9785092291412397,0.04101242264473692,0.8976054466092799,0.9375410604744279,0.04537191675698249,0.047948096427584574,1,1,-1,0.14785489212232755,0.5826823257670911,-0.0828885968796149,0.07708204417534802,-0.03201104851752064,-0.6816862689168097,0.4936454298991074,0.283701538134057,-0.16667846757698862,0.7714617194953243
1932-03-28,-1,-0.9569401579159048,1,0.8488415307575358,-1,0.010867491481112657,1,-0.8413568101468234,-1,-0.04545782873316728,-1,0.022030336056258926,1,-0.05514254413158681,1,1,1,1,1,-1,0.15132544723618416,0.5532302219304339,-0.09576053369380427,0.006145646969020452,0.013844704781794913,-0.6298962008675598,0.35418550608016897,0.2964383847181246,-0.200179824044731,0.8045379466187984
1932-03-29,-1,0.037976173289545945,1,1,-1,1,1,-1,-1,0.9535204190576987,-1,1,0.08590469791466526,-0.9842149905454541,1,1,0.01339048068832327,0.01876672386190492,1,-0.006880380585827628,0.10266300636138484,0.6129867609744013,-0.05574898302028952,-0.0654442055199401,0.09348123195647015,-0.566449525013614,0.3629823789809073,0.29722623331273174,-0.19388160694613193,0.7588477180121704
1932-03-30,-0.0206413591489526,0.9990211494078899,1,0.00385477348685348,-0.009752455748299749,1,1,-1,-1.9489740489320173e-4,-0.029827671029702407,-1,0.0748056907621174,1,-1,1,0.04647736797797064,-0.9590497426349799,1,1,-1,0.042882024018829415,0.6163237730081192,-0.09645814284302018,-0.1652589618036188,0.10464656898993714,-0.580215664765246,0.30170086030944726,0.3503567672818791,-0.2410756161482848,0.7975996437164753
1932-04-01,0.9730147035277952,1,0.007823545583908631,-0.916594916131382,0.9412630049964771,0.033139236030276686,0.020137788298638215,-0.04078831766878366,-0.9779721125280106,-1,-0.09392314275820068,1,0.0972299538276703,-1,0.007089131371923907,0.989559593776544,-0.016631225785503134,1,1,-1,0.02541678787191804,0.6731077003751315,-0.1110755123554609,-0.1957221673544861,-0.0257795384244663,-0.62188040999784,0.3872330066239064,0.4073541127433427,-0.19144732728488464,0.827130416097517
1932-04-02,1,1,-0.8983387316415936,0.05444781562463796,-0.04254086665765222,1,0.9675838506650428,0.9059019276462041,0.0128276618579658,-0.07939592884918101,0.8744142577452698,0.05013135047991091,-0.8273861245199806,-1,0.961629660075989,-0.009600644013358695,-0.9002493913518806,1,1,-1,-0.03492507912829866,0.7212918288958411,-0.05837013612493102,-0.26616297670006345,-0.04725675383718349,-0.6182429896952685,0.3786578648921109,0.41048826224881074,-0.1667876748198663,0.8608824818181475
1932-04-04,0.13082997481971714,1,-1,1,-0.9721780554626536,1,1,-0.048671006125266536,0.9584791691016072,0.907955787569074,-0.06110527840634672,-0.9281542631240987,0.1003930560393208,-1,1,0.9698917617099194,0.032040319484475055,0.006801593387963933,0.007196619935819881,-1,-0.06899053988953915,0.6925023752578566,-0.04503998014860344,-0.2539624091714968,-0.04263506385139136,-0.5831196259736997,0.31751581149862945,0.36479544425928795,-0.1579400219231129,0.9334693677757131
1932-04-10,-0.8624989791014042,1,-1,1,-1,0.0023829478838183205,0.0061059978784423485,0.879082711548444,-0.04063751958987494,-0.05047869961401863,-1,-1,1,-0.056873522779715024,1,1,-0.920781434345503,0.9811199213784679,0.9395328303140723,-0.053198246129876,-0.1185303086093229,0.6649611249255967,0.005612352932175095,-0.2878863444555757,0.013352565123841136,-0.6397719894317029,0.3103443392714932,0.3123594541528485,-0.10382711417981755,0.9420456035725926
1932-05-05,-1,0.029352477724563397,-1,0.021488344546002236,-1,0.9727568240438524,-0.9411177230336653,1,0.857884282721682,-0.9653597854617746,-1,-0.05375736294683087,0.17704594958743192,0.9190935914101166,1,1,-1,0.06269244148992348,-0.04708414391694837,-1,-0.06723571097206736,0.6709713785497072,0.05467200932493484,-0.2270866202357154,-0.11363717736581494,-0.6650733243350624,0.22866372652158606,0.3475519664690621,-0.1292088518452085,0.9388267683877759
1932-05-06,-1,0.990098242967394,-0.04066129197790502,-0.958217853285293,-1,0.04387868057241884,-1,0.07971885587986838,1,0.020589328007292962,-9.976375023218464e-4,0.9064025976364712,1,1,1,1,-0.01102124851959485,0.992492946109571,0.9319761560649413,-1,-0.0778395611285754,0.7385430194615862,0.11837957003906921,-0.25128938239069526,-0.13843267322806677,-0.7016019699361994,0.1065974237779242,0.31963516805963277,-0.09344310271776671,0.93056148990886145
1932-05-14,-0.03459182732110244,1,0.9568936828605167,0.021156441842690388,-0.055640180354488256,-0.9302243917781999,-0.0015296064500509576,-0.8903332125242741,1,0.9427615199676881,0.9824833151564969,-0.01556540201164558,1,1,0.07465510598416181,0.008268466360938143,-1,0.06093150296716643,-0.06643140142986403,-1,-1,-0.2339175737503637,1,-1,0.8443709856413628,0.27528236964326236,-0.853054251401846,1,0.9013002768430359,1
1932-05-16,0.9230653902244994,0.028190034175741507,-0.038818700124933825,1,-0.9697604797613368,0.01642223209726701,-0.965135873748499,-1,1,1,0.025470541908736988,0.9808886743299196,0.04207409345801649,0.09664035805289173,-0.9080674033500623,-0.9154195849244056,-1,1,-1,-0.024549266260021962,-0.054335201684125534,0.7450062354810392,0.022002257902649425,-0.04086584357116019,1,1,-1,0.027897977822321063,-0.07398021971900648,0.04363906714786414
1932-05-17,-0.06675455037171307,1,0.8439773320478456,1,-0.052347269331377455,-0.9454871099339038,0.02984618578954157,-1,1,1,-0.859189836405715,0.029964996328111115,-0.94468998337231,1,0.011153199632024324,0.07698984430277478,-0.038164262498797896,1,-1,0.9559827931477385,0.9055831312309709,-0.1815298755229664,-0.9524300145673579,0.9258617035599209,1,1,-1,0.915433548932343,-0.9458742129569359,1
1932-05-22,0.9134624250099864,0.03239371887753362,-0.1218087846861532,1,0.8760356060600086,-1,-0.9292745407300242,-1,0.06964913374307746,1,-1,-0.9222353035279833,0.04096155697035675,0.05944645176902541,0.9164909375049514,-0.8292561837659926,-0.9848018113949963,0.027244997291696826,-0.01558846948023418,-0.0024055009889596413,-0.07157580803746455,0.7482606291882383,-1,1,1,1,-1,-0.048424124293914406,-1,1
1932-06-04,-0.08611355404538368,-0.9426084515732247,0.836440327197133,1,1,-0.04749365656437399,-1,-1,1,0.051814440136261686,-0.040915877164919845,-0.008911297735446966,1,1,-0.06009989749881017,-1,-1,-0.9546917930257105,0.9152355091064183,-1,0.9027815711701414,-0.22315632492005588,-1,1,0.018135135449524054,1,-0.007724252208077265,-1,-1,1
1932-06-15,-1,0.0263046821119034,1,0.05319718892663905,1,0.9142848106087623,-0.03431466706196307,-0.03560870874182398,1,-0.9305116600948082,0.9136693233812387,0.9813403029804475,0.032897415242801875,1,-1,-0.007664336383608528,-1,0.026648511417471932,1,-1,-0.040345007358864815,0.7330173857957847,-1,0.00827368010622509,0.9828574224703186,0.07221578585346411,0.9227165159251008,-1,-1,0.011573437924513263
1932-06-18,-1,1,0.016597710649141506,1,0.012013267022808805,-0.03903760769447673,-1,-1,0.04920884498055533,-1,-0.05995841468248153,1,1,1,-1,0.89332502052357865,-0.023831121124584964,1,0.03170285662300787,-1,0.8829896490544372,1,-1,-0.8409722612152268,0.0446363274796876,0.9971847613725809,-0.04670231230563693,-0.0260919486604978,-0.04669122530077352,-0.9028111821340502
1932-06-19,-1,0.01877639123024366,-0.955287670480958,1,-0.9596368621872027,-0.9914341622909804,-0.03876389678652725,-1,-0.932352719513974,-1,-1,1,0.05599190040316515,0.08730475688890793,-1,-0.07899834076364187,0.8930203240132274,0.009795100068386353,0.9747772953331476,-0.0827095667613178,1,0.0979887866305933,-1,0.1265910481179473,-0.9299624795275199,0.014217858534709249,0.9499861501002695,-1,-1,-1
1932-06-21,-1,-0.961353237253058,-1,0.039071130175027946,-1,-1,0.9148807143596231,-0.04328801545440064,-1,-1,-1,1,0.9396243505170871,1,-0.022684884778648495,-0.9967280207419138,1,0.9751306657941748,1,-1,0.030110247800764767,-0.8824506486139685,-1,-0.8546010619799616,0.06935879724257465,-0.8968172167222567,1,-0.038340806748138445,-1,-0.04641468215689648
1932-06-26,-1,-0.029690632594138733,-0.025198627363252513,1,-1,-0.04423078107976541,1,-0.9706250037818938,-0.09355283643463619,-0.03650418354960272,-0.007720365691869957,0.008557638592684103,-0.054060267250127136,0.009820889065203064,-0.98549561048156,-1,1,1,0.031139258324114905,-1,-0.925808810249069,-1,-0.0368536127214516,-1,1,-1,1,-1,-0.028311588244475216,-1
1932-07-15,-1,-0.9787341921815446,0.8754778831933212,1,-0.011584530677208549,0.9549255026025115,0.038285435157527026,-1,-1,-0.9854141834766882,0.9742723518583447,-0.9781433739190937,-1,-0.8943722436378517,-1,-1,1,0.031087799251026782,0.9944061275873636,-1,-0.00531431929288384,-0.022587529760217606,0.9445235655626603,-1,0.06918718635889365,-1,1,-1,-0.9846115874623119,-1
1932-07-25,-0.0025162031181131805,-0.005812089389465536,1,1,0.9125364971800158,1,-0.9324336451256511,-1,-0.08313619066080058,-1,0.04523604448111618,-1,-1,0.0843571305900358,-1,-0.05088177556012963,0.028505048681785272,1,0.015995753043964833,-0.03110964383608661,-0.9382261561477896,-0.9714223084659738,0.009515463171455907,-0.04277836693358106,-0.9111501699001963,-1,1,-0.0012732016373147026,-0.04917286395554987,-1
1932-07-27,0.9594282810611836,0.9625368664963146,1,0.10545141863443874,-0.038335742418945884,0.05331379265101088,-1,-0.033851273273292515,0.8294390334829644,-0.052127727478846975,1,-0.052225933717145234,-1,-0.914089765878916,-1,-0.9721399407038877,1,0.03206902631135766,-0.9485007176753774,0.9257631088906564,-0.8837543427762821,-0.8866617545697806,0.03068267000649901,-0.07190746472122093,-0.8633319876473536,-0.9888919743016654,1,-0.026114718382161534,-0.02781087989963781,-0.9404926572761099
1932-07-30,-0.03819504855508049,-0.010314156681810793,0.0749151583767167,1,0.9012588505539041,1,-1,0.8641530978730119,1,0.941349712574121,1,0.8867631665254486,-1,-1,-1,0.008422644437881543,1,0.9892905403956096,-1,-0.06458911791787136,-0.8819694957970602,-0.9217039158372017,0.06656158210203086,-0.10818553531732064,-0.8886858038529877,-0.9747218753164495,0.9631267792291347,0.015154769374412902,-0.016781692379100613,-1
1932-08-06,0.892538600039271,0.9644101268648476,1,0.0845311838988434,1,0.03212183216123332,-1,1,1,1,1,-0.08924821140940031,-1,-1,-0.025242260491012636,-0.906441308703336,1,0.011811598823082359,-0.06552519900959031,-0.9567384927553025,-0.9132779055581559,-0.8389736618330598,0.12373496029985512,-0.22185103900968342,-0.8857437765067883,-0.9848048626546527,0.9889552933077372,0.10358522764742678,0.026984028179408447,-1
1932-08-07,-0.0919911372767862,1,1,1,1,-0.937252482452275,-1,0.030324945749360954,0.009123800711656749,1,1,-1,-0.01019276730443075,-1,0.9407751743864582,-1,1,0.9527038197265749,-1,0.04170049934655318,-0.8729722812657021,-0.8374854973146859,0.12355374255101607,-0.24330819494084516,-0.8897012508140684,-0.9973360708328628,0.9844428346589665,0.0788782603561351,0.018839167620039822,-1
1932-08-14,0.8930456442068413,0.10618603161225293,0.03542547271345686,0.04866244179737267,0.07467698125308786,-0.04457446083999095,-1,-0.9042750257986196,-0.9890108577780066,1,0.028148903659047098,-1,0.9171280892658062,-1,1,-1,0.03512063028280821,-0.028548331920270953,-0.012721143742844054,-0.9424268159948035,-0.9999289506089577,-0.7805396042175743,0.1826109642450543,-0.27635925277761825,-0.8169224129367406,-1,1,0.1547607763227279,0.010025816584792673,-1
1932-08-17,-0.07789355105221507,1,1,1,-0.8769405103251271,-1,-0.08688505349117981,0.08568252486386929,-1,1,1,-1,1,-1,0.017232404246495858,-0.07156608420794741,1,0.8894175919671167,-1,0.023157166611089353,-1,-0.8213731779048699,0.14874369737269058,-0.222159054845281,-0.8696533421083236,-0.9238277147014962,0.941015679871323,0.05666447628152384,0.033118348582098965,-1
1932-08-18,0.8546868885030255,0.016476384860866555,0.016387479678759753,0.048585035005167976,0.12085285016032077,-1,-1,1,-1,0.07442455076036314,1,-1,0.003071850954183719,-1,0.9640100817519313,0.9062554387830098,0.023961350419591576,1,-1,-0.9627140090217597,-1,-0.8120554498777398,0.14686847329138936,-0.1317387749345501,-0.84276935344479,-0.8871649118127858,0.919257603887817,0.14470389708735248,0.13559253781498626,-1
1932-08-24,-0.006453056121039746,-0.968469101521197,-0.9170333933102344,-0.9456291312533859,-0.823104507835924,-0.025449566387764633,-1,1,-0.006977280082368753,-0.9102083343260982,1,-0.024929295913667104,-0.9571377671510841,-0.06367694042011784,-2.2164497185761523e-4,1,0.9849479939703422,0.014964518322382436,-1,-1,-0.9577656225765634,-0.8823747071876648,0.17629963631061335,-0.07821243558406919,-0.7104841626650289,-0.8310215987107265,0.9549539117807208,0.1300284210716939,0.15118223080980092,-0.935499492459736
1932-08-30,0.9309454766282207,-0.04105911264553952,0.030490080897780936,-1,-1,-0.9893507871820084,-0.057715952564443285,0.030333238850964284,0.9007612841318569,-1,0.01936107549689947,0.9312455767417758,0.009068552594678647,0.9067569693965187,0.9518002440861187,1,1,0.9129609979238275,-0.12843681066632517,-0.0035292075309021342,-0.9838758792983631,-0.8998663890444035,0.19683103358654747,-0.06942906299104684,-0.6771322603247593,-0.8188186755515774,0.9306610225315618,0.16340765626569098,0.1443587229489726,-1
1932-09-01,-0.04114877518063942,0.9029287030404162,-0.858546231247308,-0.014531587740799101,-0.027082536798454515,-1,-0.9811324265466719,1,-0.03875148475610746,-1,-0.9133929043436825,1,0.9719076266778891,-0.052255051754089066,1,1,1,2.747927778175008e-4,0.8159423337192068,0.9784488962337929,-0.9938772176784804,-0.8812336490589218,0.21439040177903013,-0.13679654418502069,-0.6749900729961933,-0.7500089188970213,0.8790514115375526,0.21224133218708047,0.1248832271219404,-1
1932-09-04,-1,-0.059233165785969266,0.10775462678958958,-0.9064330132713071,0.9548791643251164,-1,-1,1,0.9535551318796694,-1,-1,1,1,0.9237730436181906,1,1,1,-0.976165262982759,-0.131653387997266,0.04828764690044707,-1,-0.8648206259475538,0.20184839141159616,-0.08860195243610976,-0.6245650334761548,-0.8351289838191771,0.7403524617965689,0.12395548909212854,0.09286475322362908,-0.956557868764607
1932-09-06,-1,0.9274174627329687,1,-1,1,-0.07687281206835062,-0.002344441805709252,1,-0.030959659294789055,-1,-1,0.0024227633123903303,1,-0.027377623962816178,1,0.03836436141197075,0.011448544427810625,-0.0372407044048213,-1,-0.9152088795717589,-0.9681252927465265,-0.9239242509660772,0.2656479869715937,-0.03947855221173441,-0.6115161517783008,-0.8874006663330166,0.6648520791067432,0.1262408075186809,0.017071405861367087,-1
1932-09-15,-1,-0.05271535185135445,1,-0.06882110032716304,0.014159472865916456,0.9174510860970861,0.9674619858706642,0.05731522243947229,-1,-1,-1,0.9996851723850421,1,0.9335399975393971,1,-0.9411464954167064,0.9434797338583322,0.945102053369375,-1,0.03364035533227472,-1,-0.9183693963086934,0.22131171324860877,0.0029075904781636075,-0.5787586116690852,-0.9017434417934233,0.74774503755069,0.1490016446590314,-0.013273149823986318,-1
1932-09-22,-1,0.8807818764187361,0.03598772099697212,-1,-0.9614483138631035,-0.06440704850178536,1,1,-1,-0.029950864616253292,-1,1,1,1,0.08391696132685866,0.05008162728845078,-0.05582668040475158,-0.027226906140667806,-0.058096043567517075,-0.9188703714205023,-0.939806325779143,-0.855219709027016,0.2612299166976032,0.05007659528695386,-0.528690007390818,-0.8900076966997685,0.7393139847180533,0.19131453692421607,-0.018658887075122713,-0.9577251206857699
1932-10-30,-1,-0.023374770904999287,1,-0.023660811542206672,-1,-1,1,0.028751328457180092,-1,-1,-0.029320952913024168,0.013154601069733207,0.02831511790622987,1,1,0.9977609508696407,-1,0.9551527137512107,0.9144166080683696,0.07219122289685653,-0.9401526273405406,-0.8765339002557961,0.1673157912518196,-0.05329006619781131,-0.5637273233730394,-0.8609874363752205,0.7838846737898533,0.10854250018132937,-0.013110984033575086,-0.9620263475089929
1932-11-01,-0.04360749967980282,0.8364872651032721,1,0.934559326725595,-1,-1,1,1,-1,-1,-1,0.977507705949639,1,1,0.019540215150394058,0.020971876518926513,-0.057150061080644465,0.008799419680146747,-0.06231165115069437,1,-0.9988342217125433,-0.8812208099642971,0.11765728119894445,-0.11794511650743492,-0.5770238673352399,-0.9390842843833762,0.770869424821007,0.05906632187072116,0.036007708632248905,-1
1932-11-15,-0.9732115400777867,-0.07145391866859307,0.08398582814723676,0.02216857584581733,-0.07149697049058823,-1,1,0.019276904628200864,-0.050521873241040516,-0.05948133098751074,-1,-0.01722250283717608,0.03890172222005406,0.044926166625381514,0.9844672416621884,0.9721507060567659,0.808654157451116,0.9702223506034215,0.9029412245081755,1,-0.9893297420286857,-0.8911060447546341,0.08524830415858323,-0.0626503435604984,-0.6192476106756871,-0.982649643642703,0.7657702491997027,0.001764644231494937,-0.009631913081454953,-1
1932-11-20,-1,-1,1,-0.9592459461891728,-1,-0.058869892662503864,0.02025754261190693,1,0.9127156289494766,-1,-1,0.9236449416987591,-0.9517728615851114,-0.9018136847306502,1,1,1,1,-0.07403206355319292,0.01837110319118329,-0.9382668949069679,-0.9088085885566612,0.15520937480025546,-0.04132392116852292,-0.616149349287334,-1,0.7585080717116559,-0.05125605512045343,-0.0695765527886516,-0.963346967096345
1932-11-21,-1,-1,1,-1,-0.04667212023231415,0.8559384025194601,-0.9281296944206098,1,-0.08111932430829738,-5.439240349671692e-4,-1,1,-1,-1,1,1,1,1,-1,-0.9748831208578091,-0.890899579257665,-0.8531916339993959,0.09362019068239688,-0.017189934207856264,-0.6261863657063432,-1,0.7667255236898805,0.01178975932058652,-0.05915493883042329,-0.9060945954217499
1932-11-28,-0.09517090267652495,-1,0.08701888453109297,-0.04065074379961886,-1,-0.1155319287587867,-0.032719268818531266,0.05264505927504659,0.9153546573534227,-0.9367239724279766,-1,0.024365909073726266,-1,-1,0.03747560576588993,1,1,1,-1,0.022849701745526696,-0.9011180623039371,-0.8941202394842989,0.01266439606519898,-0.09121296260860892,-0.7304538268562637,-0.9969129534394047,0.7778043917143322,-0.010622805302091132,0.034847257059081246,-0.8825585390561539
1932-12-04,-1,-1,1,0.9042802709013541,-1,0.8045814065916262,0.9191861484344147,1,-0.048058969447499544,0.041073989336639416,-1,1,-0.022115825889651997,-1,-0.9505905964961061,0.06935419774453444,0.06608686068122704,1,-0.025009171295772736,-0.9502730112422679,-0.9713465197768876,-0.9249002941271159,-0.007545382089319052,-0.08753405514983122,-0.7503157593653662,-1,0.7594879323960072,-0.005231281539300047,-0.029125108929475507,-0.8267675541427577
1932-12-18,-0.037339963776834684,-1,0.04821643126123498,-0.060088474238323086,-1,-0.18443651710719922,1,0.06920376986248644,0.9082822672114964,1,-0.0325841851088261,1,-0.986896528665088,-1,-4.5578210616437076e-4,-0.9117637961309036,-0.877323661763885,0.074733948948565,-1,0.04315902658012849,-0.9624276242440516,-0.8981902595105478,-0.03824808506900027,-0.16688675070529918,-0.734371400303078,-1,0.7693060635673445,-7.194929204064754e-4,-0.07664124619127789,-0.8273373768842067
1932-12-21,-0.9869408913761951,-0.015366104533419689,1,-1,-1,0.7837261541064676,1,-0.9071884113006706,1,1,0.9545081913853741,0.058866180928859535,-1,-0.00318691277410299,-0.9618657050892768,-1,0.02051024368599219,-0.9108364025457929,-1,1,-0.901173466489621,-0.8140138279352602,-0.08315590980761771,-0.14877427679727553,-0.7306727325176208,-1,0.8280258572198985,0.013263539876875266,-0.019958646727135584,-0.829817486564251
1933-01-01,-0.049582770987142255,-0.9537382964814043,0.030633596703629085,-1,-1,1,1,0.027057739613215115,1,1,-0.020471865961502633,-0.864449286141024,-1,-0.9738898234124533,-1,-1,0.951204522853867,0.06271670246340577,-0.010583913569834569,0.004196517796453136,-0.8328052659263788,-0.8221301263736859,-0.09711874351096514,-0.1425170613236054,-0.7424360188046794,-0.9852528578128985,0.8790074691743567,-0.0021301447038966723,-0.10754506325519388,-0.8072135930144553
1933-01-11,-1,0.013684092124605862,0.9075411665798266,-1,-0.010854038603221317,1,0.11793899632180294,1,1,0.03904850250681635,-0.9731573801028794,0.06631606848506078,-0.06721969290778107,-1,-0.019978791675080432,-0.02315655000724437,1,1,-1,0.9462034946992806,-0.8276217526931382,-0.8059239354517388,-0.04455363257650235,-0.14868992691162852,-0.7143051306838295,-0.9860855932505735,0.8731822260767685,0.05868489119916288,-0.0842174864900604,-0.8381487670129879
1933-01-15,-0.08808093749674151,0.9382519980507823,1,-1,-0.8899260368391795,0.10556458289690085,1,1,1,0.9924368235415205,-1,1,-0.9968792783031263,-1,-0.9724707113024337,0.888262828248588,0.003287265532248229,1,-0.04338740569224353,-0.035032947935703884,-0.8684463255255023,-0.8451124804978559,-0.07292281333097167,-0.11556897987381945,-0.791842991381128,-1,0.8530225340786107,0.05640816219247688,-0.17355001548340576,-0.8443353277980391
1933-01-29,0.8840012165469247,-0.06058987767721169,1,-1,0.05673721639425211,-0.8830349644384191,1,0.008196563895212727,0.014048978555231795,1,-1,0.02388283777449407,-0.10460373818920243,-0.006046107200825213,-0.004422278153576209,1,-0.9802064939211786,0.05947650394449577,-0.9780571825637135,-1,-0.8924054170206149,-0.7642940755403225,-0.1896955633613685,-0.19399876333521385,-0.8222709421416549,-0.9398339982871391,0.8528304352467254,0.09196718985056004,-0.14813019384618564,-0.8622037363801452
1933-02-05,-0.04479071656372757,-1,0.009430897512111902,-0.021318136590538495,-0.9346872531320144,0.07395612667170548,1,-0.9682057424327565,-0.9594569416619451,0.04222169809409193,-1,1,0.8628586040086178,-0.9972141577434526,-0.9228576718619649,0.03449113505987844,-1,1,-1,-0.022593255260774714,-0.9569991515707703,-0.8281297502487287,-0.22642443034989115,-0.19799854133776648,-0.7883699376402648,-0.8932469085686974,0.7584547400868845,0.08242044185099853,-0.19711075358019287,-0.8710020754937627
1933-02-06,-1,-1,-0.9403525482835888,0.9506286597929879,0.03403794326931264,1,0.016740752249241875,0.005556270477481862,-1,1,-1,1,-0.04300164505402948,-0.08073184072822093,0.05724716336909219,0.9917382885183462,-1,0.04844275179172031,-1,0.9656469601454674,-0.9519032257009877,-0.8837022069766027,-0.2952119271678662,-0.15703345201973282,-0.8116570714179441,-0.9047846322485409,0.7887525893843667,0.16397949595365363,-0.1253567574359405,-0.8720433170109775
1933-02-20,-1,-1,0.058872396366622226,0.04331642334713137,-0.920700180837224,1,0.9697892309674987,0.9487468980941677,-0.038925644090275546,0.02456423368122085,-1,1,-0.9867516655014275,0.8705801183492438,-0.9332412391772484,1,-1,1,-1,0.010502942905147528,-1,-0.9783953409010834,-0.30738549409470983,-0.0313892306862458,-0.8611902498541305,-0.9510433396670993,0.7219447627761029,0.11328658124718058,-0.07817079155755285,-0.8766272770834889
1933-04-10,-0.049721948967185514,-1,1,-0.8971603353341793,-1,1,1,1,0.9083026682539287,-0.9424512884784402,-1,1,-1,1,-1,1,-0.01169597557230928,0.02579463426594708,-1,0.923863193448549,-0.9831924323841605,-0.9622272805840846,-0.34862557347679235,-0.013106949202367935,-0.7804665503404666,-0.8960527460002481,0.7415967713591326,0.0957430454849957,-0.1236407720524818,-0.8526241022384144
1933-06-07,0.9168861282549208,-1,0.009770158971039833,0.09686959460474776,-1,0.030945785864292197,0.016062635305215345,0.06636452027032247,1,-1,-0.02610440922558499,0.04801969295412689,-1,0.009815294862758672,-0.06561210149375174,0.023771152719426647,-1,-0.9331767992478065,-0.03131139567500707,1,-0.9777903754213686,-0.9633824453001751,-0.31813690324107624,-0.04357938653061075,-0.8360716314543581,-0.9809576956036749,0.7403160276871263,0.1467112567506218,-0.1199432135653189,-0.8634385096832831
1933-06-18,-0.01449031668558387,-0.09047536873935647,-0.9796018698366491,-0.8930916493232118,-0.047755237288013896,-0.9431762131750372,-0.908408635725367,1,1,-0.020666633365130305,-0.9521971157469997,-0.9329331014632576,-0.02971767287344107,1,0.9164348348865142,-0.9545107199389953,-0.010630238204023978,0.03750489983305372,-0.9936691104756401,0.03463256805235282,-1,-0.9639668912833557,-0.2801209521068084,-0.09278965714147983,-0.7798434351330653,-0.9300478178282495,0.647237502624096,0.054078886079399785,-0.05416523229987985,-0.9341891937205437
1933-06-28,-0.9962803882054214,0.781519563905869,-1,-1,-1,-1,0.02183211281333075,1,1,0.9581520285171318,-1,-1,0.9563682321000792,1,-0.041152427744383546,0.008874808963749037,0.8770824849574349,-0.953304583094496,-0.021534639988105342,-0.9233732240934364,-1,-0.9937979112210584,-0.19737825847083162,-0.1581560872000268,-0.8673740642851501,-1,0.6476266118365481,-0.0027894284847615747,0.01491062035970589,-0.8966461224565391
1933-09-06,-0.07793758776539039,1,-1,-1,-0.04076253500775728,-0.0031767137286136116,-0.9681546158007601,1,0.06780650532795629,-0.028963306534140698,-1,-1,0.01725481907978066,1,0.86552271385892,0.9923846776228629,1,0.04060165267474658,-0.9863463775053241,0.0702528319522584,-0.9735416199621945,-0.9455923445745041,-0.22592783202423736,-0.16872047210415764,-0.9173344727533552,-1,0.6359715474365624,-0.0282246431219177,0.047561939206327696,-0.9162001982296408
1933-09-19,0.8729389539013878,0.05528818969878391,-0.012457172686040519,-1,0.9055443512040973,0.9848977046902744,-0.005110101205448303,0.06916588154263259,-0.9134592058962865,-1,-1,-1,-0.9506569161239204,1,1,0.044288329858672926,0.037003135307742574,1,-1,-0.8790174455517349,-0.9649429077311602,-0.9502870026588776,-0.1649011073868003,-0.04980884078993876,-0.8938624994179196,-1,0.6547234591464096,-0.006912591373825008,0.13160864293820912,-0.9471578375883262
1933-09-22,1,0.990052795860538,0.9280504584393998,-1,1,1,0.9067332269731131,0.9939484535174897,0.02369472994770594,-0.05647593387569361,-0.03477652178362278,-1,-1,0.010081536241495326,0.03968664066017258,-0.9460862465951795,-0.9098363353512549,0.05267587559206788,-0.03470961168456366,0.0848693722178,-0.9237337664434854,-0.9978262011530559,-0.11572636745423812,-0.0035421362514575783,-0.8807809538509422,-0.991637325429625,0.7049267449532425,0.012702317137171772,0.09568108432404027,-1
1934-01-04,0.07014351871741042,0.0353669066010468,1,-1,1,1,1,0.0439087469719569,-0.8880765962491267,-1,-1,-1,-0.024650983073398525,0.9364571103301227,-0.8746493399928429,-1,-1,-0.9142337026030175,-1,-0.9013084376914555,-0.9163553262455395,-0.9090424533411284,-0.1104202700422304,0.003518588770403292,-0.7552073613586948,-1,0.7049905762194669,-0.004008260554208252,0.14491472765779095,-0.9738893880401446
1934-01-21,1,1,1,-1,0.04828884191246363,0.020318079375887144,0.014919611727157167,-0.8763304665896405,0.019717262798741975,-0.056753895918570496,-1,-1,-0.960483827845551,0.020247676666085845,-1,-1,-1,0.048016682178390946,-1,0.07986165299777614,-0.9346840547135569,-0.9239339314096491,-0.052241891780033134,0.012489619789792392,-0.6259632471262224,-0.9936822379859804,0.675561599319987,-0.05688924360627935,0.14450899469986253,-1
1934-03-01,1,0.0340210676647934,1,-0.0012666004198481629,1,0.9212645312508058,-0.9691504019484188,-1,-0.9394578470309918,0.9242204295470279,-1,-0.06273665100133075,-0.004722421328064552,-0.9642679267199262,-0.059114309982581714,-1,-0.038389355904155265,-0.9413352857474574,-1,1,-0.9177075591310889,-0.9182043369547312,-0.14122095583099825,0.07517025029651112,-0.5867309751333369,-1,0.6671369959469499,-0.02838712839420446,0.16655906914898908,-0.9827772969795164
1934-03-20,0.02450355153305972,-0.9203414983109011,1,0.9886710621130421,1,1,0.002482786066530518,-0.007882554654406015,-1,-0.0036306884053526334,-0.0433298930279753,-0.9825731725017777,0.9733281695077896,-1,-1,-0.0752722061039629,0.9166660749536222,-1,-1,1,-0.8474453861546666,-0.8983888819180033,-0.03413558858453469,0.25069366465672394,-0.5665694769103805,-0.9829462100796761,0.6618254445145599,-0.08498206902631772,0.24578988781050512,-0.952492058381619
1934-03-26,0.9882632882746969,0.06428058457882613,1,0.05241970418444131,1,1,-0.9675513012571865,-0.9844381588403375,-0.0798251930798679,-0.9665861382633869,-1,0.015062817131095363,1,-1,-0.09935423103948415,-1,1,-0.009019990307598924,-0.05331557420692401,1,-0.8592149940133993,-0.8716960533828353,-0.02162664851445293,0.21293292090452004,-0.5524750357286595,-1,0.6920409360261459,-0.1138733596338557,0.2953361423888914,-0.8664245049551551
1934-03-27,1,1,0.07800553013333311,-0.9086544683708989,1,1,-1,-1,0.8864395656097304,-0.07341273408624294,-0.03737865082176828,0.9997247785482082,1,-0.05371614425758775,0.8673147011760715,-1,0.12109086903451827,-0.9376093821005655,-1,5.996428408328036e-4,-0.858106752788567,-0.8047522689293463,-0.0014412834954697154,0.2144043753552548,-0.617587319953036,-1,0.689871294932974,-0.21689816742097406,0.29883763929856394,-0.9051620309837594
1934-03-28,0.01632412799621641,0.07991073957924755,-0.9191118021250567,-1,1,0.029284963007188414,-0.11315491346692053,-0.07036485430412742,-0.031197604472019913,0.9031306821445695,0.9480939893802101,1,1,0.9356028673132493,1,-0.060365559657582946,1,0.03313939249472042,-0.09256660197082933,0.9827493171662,-0.9759282436920262,-0.7631511539915877,-0.02702294612694601,0.22832710816077345,-0.6596147525123135,-0.9707705444979556,0.7222023554734701,-0.2144378723806649,0.27704073992679457,-0.9333796145741358
1934-03-29,-0.9579815155814492,1,-1,-1,1,-0.9322802449760528,0.8788902799069284,0.91912111715036,0.9616293510087309,1,1,0.053990837225878496,1,-0.03662608026237757,1,0.9382345155313626,0.03554383401041061,0.9772124973634839,-1,1,-0.985336964864509,-0.6967589220445465,-0.0241761434121672,0.16897942735999533,-0.6494637154133309,-1,0.7199315264440497,-0.18999720143661156,0.262040493340208,-0.9186804184980509
1934-03-30,0.03584647968039023,1,-1,-1,0.02668756573718234,-1,-0.10756782437762047,1,-0.0026596002460743673,0.04589730993514696,1,1,1,0.9627030477988683,1,1,1,1,-1,0.014810432706819143,-1,-1,0.9149148214148222,-0.8002662913976424,-1,-1,1,-1,1,-1
1934-04-05,0.9909490521184398,1,-1,-0.04017254506068968,-0.9732974731354047,-1,-1,1,0.9212299865891622,-0.9383222978186105,1,1,0.034257992798522485,0.04115666077546254,1,0.014470768491053776,1,0.07953317953132366,-0.05366127832200007,-0.9525630759108524,-0.006103358265388326,-1,-0.040740259210102714,-1,-1,-1,1,-0.026601975959809954,1,-1
1934-04-07,0.03751345071231971,0.037855292492700476,-0.04039288242732786,-1,-0.029193127861449453,-1,-0.03226392943167211,0.0216805896360186,1,0.05467490930487051,0.05819878553301738,0.08717641153434452,-0.9327600295833278,-0.9566893615446632,1,0.9216833594869296,0.0635321715522017,1,-1,0.04054295184019763,-0.9586876246826662,-0.0845450317547598,-1,-1,-1,-0.06308159440914796,0.05672131339946762,0.9476897706130383,1,-1
1934-04-08,1,0.9911536218189548,-0.9743765025708235,-1,0.9444893786594634,-0.07201641278957072,0.9312743517799206,-0.9341440156419409,1,-0.8600120568203765,-0.9090197390753466,1,-0.012665251468698013,-1,0.082990832237629375,1,0.9999087070060515,0.0345299414337239,-1,-0.9197963939650189,-1,-1,-1,-0.027198865741857592,-0.0100277341508197,-1,1,1,1,-1
1934-04-10,1,1,-0.0018771013909026912,-1,-0.04042293208443737,-1,0.02327645978850479,0.03978637629703141,1,-1,0.08264158478352734,1,0.9835116972966435,-1,-0.8826294951938902,0.04657897192423788,1,0.9990677012844542,-1,0.004076520340540624,-0.028566457804926282,-0.02748706726815875,-0.016976806778336684,0.9303143675242042,-0.9611783296333793,-0.12304217154991826,1,1,1,-0.022813524945729857
1934-04-14,0.04578303699670139,0.04869150284892376,0.993122356888192,-1,-1,-1,-0.9720005466400643,0.958059548581292,0.009034228003331646,-0.034494589115867336,1,0.0159176230717738,-0.002675883436402904,-1,0.08683710661687072,1,1,1,-0.07345196462525738,0.9860054446345556,-1,-0.881370746912272,-0.9985319647641875,-0.027401156175305696,-0.04049195080168677,0.8352895901827186,0.022577847398180362,1,1,-1
1934-05-09,-0.9100481555132132,1,0.005769252596468877,-0.027346340140969816,-1,-1,-1,0.009534350253443735,-0.9861890065749296,0.9361313457739464,1,-0.9488662024043741,0.9776907083045475,-1,1,1,0.0027128591455367612,0.05638451454697746,-1,-0.010193037727651677,-1,0.031803111855248645,-9.144146599344705e-4,-1,-0.9373398812663911,-0.08248959113573695,1,1,0.08302849977108395,-1
1934-05-13,-1,1,0.9994986014478743,0.9521967511174635,-1,-1,-0.009868600630775881,0.9889058544584417,-1,1,1,0.01796171388777501,1,-0.08319745415129809,1,0.04142692675380277,-0.951501226066148,1,-0.009035301943825291,-0.9821057184553782,-0.02524424370632905,-0.8559793254001661,-0.9770956634638759,-1,0.054746793527122195,-1,0.02855226758475249,0.04519577118198215,1,-1
1934-05-22,-1,0.00911468632404433,1,1,-0.06792912094406844,-0.0657476459837224,-0.9586759931236022,0.059782737264609365,-0.020089963199200533,0.05915290447360988,0.07935984429291487,0.9361670156845877,1,0.9032932071309226,0.030647336234132516,0.9833383382495249,0.021114253402582217,0.09671189842202765,0.9602136485238291,-1,-0.9953096484365171,-1,-1,-1,-0.9011115992797212,-1,-0.9347326902416712,1,1,-1
1934-06-16,-0.028470055260241156,-0.9548874286080383,1,1,-1,-1,0.004056138019075561,1,0.9407091620820113,-0.9345216758269663,1,0.015631457311320318,1,1,-0.8717915822318237,1,-0.9382135555418676,1,1,-1,-0.028700227357416175,-1,-1,-1,0.08827487916874843,-1,-1,1,1,-0.08796914432133462
1934-06-21,0.9660667046130053,-0.006773315109543154,1,1,-0.03454286944457008,-0.06335630923375102,-0.9855342832699427,1,1,-1,1,-0.9699934382350682,1,1,0.0982443870522487,0.010228794299325328,-0.006289438971960215,0.021615759269830948,0.007204297413157312,-0.05344678123623692,-1,-0.05339316907339653,-1,-1,1,-0.03220544874099074,-0.06171181257583891,1,0.04727493505346958,-1
1934-07-09,1,0.9021149188001096,1,0.03792503643902734,0.9225220957273872,0.8804332294555783,-1,0.012533241445318866,1,-0.0019417152698743,1,-1,0.010955249198935424,0.007588005387394348,-0.9015502307556683,0.9806086439371952,0.9858230807157179,0.9765477511395015,-0.9470962563911136,0.9318003407348189,-0.033298127844833214,-1,-1,-1,0.03187379170534377,-1,-1,0.013508551467351304,-0.9397611506833912,-1
1934-07-12,1,-0.08933740110500121,1,-0.9564050107307537,-0.015472729821055742,1,-0.013248689754745357,0.9356130607595218,0.024892658811418555,0.9192247445413233,1,-1,0.95097889821031,0.9949761191143831,0.08408581759066291,0.004468667430153173,1,1,-1,1,-0.019465390441768406,-0.938895609587966,-1,-0.9091444798373269,0.05290767492939415,-1,-1,0.025870571948676972,-0.9641274378513949,-1
1934-07-16,0.05489945967588694,0.8921803790023567,0.04411186404632661,-1,0.9417788077459165,1,-0.9820555366200846,-0.056989385167093065,1,1,0.05628417556008114,-0.022671077787878913,1,0.07069580335331582,1,0.9810523141196842,0.008886508953993233,1,-0.010856158596671772,0.024542992053768975,0.018020902180665946,-1,-1,-0.8528150303894871,0.0750250037286076,-0.9550649132525545,-1,0.040202427210324854,-0.9480566066855188,-0.9701574154766923
1934-07-17,-0.897007518731985,1,1,-0.07827422547033347,-0.023691633494950626,0.13095417243571417,-1,-1,1,1,1,-0.9562396358950886,1,1,1,0.055353718618825876,0.9555149933000464,0.05169607909542151,0.914541529849758,0.9956166570539273,0.07860606348562034,-1,-1,-0.8502307314451913,0.09630442303006467,-0.7948699812531401,-0.9768794988572911,-0.0013871463160922692,-0.8926297059041777,-1
1934-07-18,0.058664049126901596,0.012016764750476638,1,0.9109334420480455,0.9546292459713169,1,-1,-1,0.06318362405008415,1,0.07668344359246104,0.035052687340612954,0.05316259980708404,0.007689461919630491,0.09395140231731913,0.9725313644041045,0.0541424841038346,-0.930692261212952,1,0.056415140247889406,0.04996663853235443,-0.9603116337272226,-1,-0.8063152236861746,0.10684946651085966,-0.7387683232953403,-1,-0.02742761028079598,-0.9044594348594028,-0.9867410069248602
1934-07-19,1,-0.968635110211779,0.004514864237280203,-0.03081535754848319,-0.0067353979593588464,9.950206665819694e-4,-1,-1,1,0.04002176910197186,0.9898024870858165,1,1,0.9646503823526239,1,1,-0.9412810453494423,0.0030379174167142198,1,-0.942887972247145,0.009664745353240516,-0.9846302193968779,-1,-0.8471357939963355,0.08728542095425096,-0.6840819711213165,-1,0.03779842981351644,-0.8667729395126411,-0.9929934866499736
1934-07-22,1,-1,0.9630090356290281,0.915237766528633,0.9155061489763596,-0.8422024513510118,-0.01553871633583015,-1,1,0.9632302541674426,-0.002393294359721354,1,1,0.008604036093015077,0.0014636355806647572,1,0.017065659532440103,0.9394028366589829,1,-1,0.025916789817721952,-0.9366852714946263,-0.9459806453273955,-0.8173498726982954,0.10438496055320959,-0.650304215331489,-0.9551771926820342,0.06641040466082615,-0.8786182667244289,-0.9794510265001524
1934-07-27,1,-0.13609951152868072,1,-0.07867803435378551,1,0.09239458446249593,0.9706472928701447,-0.07965018116905198,1,1,-0.9816376191312786,1,0.08386724740326945,0.9963905610972208,0.9800298011952744,1,-0.9529898011642345,1,1,-0.05582080387710353,0.011416685637386497,-0.9283401564352165,-0.9157528064836711,-0.754126567429185,0.029520569365966184,-0.6422551751824276,-0.9743013144554094,0.11161284541697089,-0.8990119527260273,-0.9536380847467478
1934-08-01,1,-1,1,-1,0.07623644701135601,-0.8926968037388358,0.028839737986716685,-1,1,0.08706026918413645,-0.11611241160183838,0.028505820981781116,1,1,1,0.02007171010608899,-0.039712015917221066,0.023074077522383774,1,0.9371574237751739,-0.02750041699605083,-0.9829780616037735,-0.9818349348427615,-0.6437571545406231,0.03974492053003863,-0.7019663233916169,-0.9006989603748523,0.02396960525073112,-0.8907616797195725,-1
1934-08-02,1,-0.0030441473574545075,0.07212037622288492,-1,1,0.08313400412541427,-0.9675803281661077,-1,0.042999492440914056,1,-1,0.9472302069230573,1,1,1,-0.9593329991304587,0.8312290406550693,1,0.03338422551801712,1,-0.025163507630301087,-0.9840545030962884,-0.9733669586756987,-0.5860183712601434,0.09568885405221561,-0.7262983372410823,-0.854865865462564,-0.008483893735160494,-0.8651219189285811,-1
1934-08-03,0.0948817754290685,0.9422713452820702,-0.8579688464214411,-0.04620010002672925,0.0303006414333995,1,-0.03408685293448521,-1,-0.9462872596189769,1,-0.050068751217701046,-0.04844905343188721,0.03066529111378169,6.892394049946571e-4,0.07591656668534563,0.038820702027927534,-0.11907427311594121,1,-0.9401906037803222,0.05145846710429547,-0.05679713200855786,-0.8710568895625233,-0.9799522536666203,-0.5053848894782167,0.06600161074539529,-0.694161096939458,-0.8614983690365772,0.009947839429019546,-0.8527883226766269,-0.9838768467759635
1934-08-04,-0.8763769723660478,-0.04050874172812746,-1,0.9051440644195117,1,0.00788725672915258,0.9511564481256888,-1,0.019148916268925453,0.03246497283187788,0.944231210904286,-1,-0.8631728079912915,-0.9105103704456892,0.9772569263573501,0.9394025736732066,-1,0.014406750009030134,-1,-0.9136585691469142,-0.053410356215105134,-0.8587186273876446,-1,-0.49678535493166,0.060653227727027935,-0.699380543429489,-0.928528692084794,-0.05713870846563307,-0.8643554107439024,-0.9624119555582166
1934-09-09,0.1095370658974586,0.9473083404434831,-1,1,0.03327931417265495,0.9522113001833599,0.0016871585002578016,-1,-0.9786323150776965,1,-0.008762755478548545,-1,-1,-1,-0.009261550526962203,1,-0.12721613183809388,-0.9625491369063693,-1,-1,-0.02431843020685703,-0.9003431404700574,-0.9993954298460458,-0.5067476084349621,0.04993004760597025,-0.73348142568641,-0.8644287761762125,-0.040182877187550994,-0.9241303785260024,-0.9631653329672394
1934-09-18,1,1,-1,1,1,1,0.9817303629923368,-0.01625287186094415,-0.011780807241804747,1,0.8892285882873124,-1,-0.004350962737529551,-0.05909925634698132,-0.930505444375502,0.06478812751596774,-1,-1,-1,-1,-0.013910750545025307,-0.7729942144953281,-1,-0.5394930552642114,-0.05618500002943931,-0.8312332347916607,-0.8494222320590386,0.005137660126871446,-0.9559671385349828,-1
1935-01-01,1,1,-1,0.024065074875166736,0.0925992326016769,1,0.08649309116346149,-0.9920229253304476,-0.976394619368271,0.03144927161723965,-0.10415768577595885,-0.04527854396601927,0.9815344527800145,0.8736748590508788,0.00945927063257379,-0.9194654365842899,-0.02824781516679309,-1,-0.03537923422089062,-0.04449810121388886,-0.011526439086074439,-0.7951274998333421,-1,-0.5679150754890671,-0.09102013703219097,-0.8324461751304489,-0.9460374916865689,0.07224343726860892,-0.9491797356853638,-0.9716180252619262
1935-01-09,1,1,-0.028545052596236298,0.9607199454963965,-0.8914970476787297,0.03582632494821658,1,-0.023817116550798878,-0.007341996431657782,-0.9136485960129139,-1,0.9062404203145403,1,1,-0.9694942354941549,-1,-1,-0.02696779969073415,0.9612189921192685,0.9440887474499917,0.008710325432052229,-0.8243797183890177,-1,-0.5540193072917796,-0.12154378833197513,-0.8848182031262714,-0.977590487331758,0.1392680913872547,-0.9761203822998799,-0.8726671090040646
1935-01-17,1,0.08847394365716521,-0.9808952444934806,1,-1,-0.9210817190343626,1,0.9715955304411937,-0.9722106730653832,-1,-0.014695577139289484,-0.0450045364696644,1,0.008072418720171948,-1,-1,-0.033254457868177156,-0.9212678452085687,0.04366405744707236,1,0.06934569584905016,-0.8962320210637927,-0.9451112504452379,-0.5392737926315806,-0.04019979947676654,-0.9064252252668729,-0.9622802217633083,0.1620703030280611,-1,-0.9420574185368921
1935-01-21,0.08182875586526761,-0.80186380680416,0.016383945260124877,1,-1,0.047015472475615105,0.08545151306068055,0.022985181153485246,-1,-1,-1,0.9190607866463983,0.01774157210495353,-0.9447586352603564,-0.026707618307043823,-0.04514919511664195,-1,0.039381117071861316,1,0.03956092726262894,0.04595493131908508,-0.95631938449585,-1,-0.6263570297991604,0.006580483007551083,-0.9466491349586805,-0.9156768979529125,0.09159164746633634,-0.9978367188280578,-0.9744142178609178
1935-02-03,-0.9071929244876435,0.12303654405299669,0.9898900664022091,1,-0.030359717175744372,1,1,1,-1,-1,-0.05205114462894189,-0.019106660345743043,0.9975167027363498,-1,0.8952283813540507,-1,-1,-0.946648498242293,0.1016732978046212,-0.9222093754139785,0.020346537890333735,-0.9704397158918365,-0.997576996187276,-0.5799711908029207,-0.032136149959376234,-0.9847273119767904,-0.988962820956324,0.17920832097941497,-1,-0.9148810222025108
1935-02-12,-0.04819450701798389,1,1,0.025351049889629662,-1,0.04409200117047862,1,1,-1,-1,0.9102317160245684,0.9574181693096783,1,-0.0022908507552426016,1,-1,-0.005168970352073643,-1,1,0.027022407183394104,-0.03377382590807518,-1,-0.9618758837604219,-0.600533916545332,-0.043112416078516264,-0.9467193899666637,-0.8820858495433149,0.147824253958187,-1,-0.8765400216494202
1935-03-01,-1,0.0060812173750312,0.09075210015155055,0.9981953515602897,-1,0.98905350997662,0.017154882675087135,1,-1,-0.02613112622088898,1,-0.017342693619504246,0.06893053219836354,-0.9973640972161494,1,-1,0.993640105145,-1,0.08025446171143125,-0.9445045363594757,-0.04858576780247935,-0.9203106254650977,-0.9556433481015926,-0.6648606999294185,-0.047096394565618684,-0.8790332658836816,-0.8913184024253837,0.06926112514834898,-1,-0.7337652922447147
1935-03-09,-1,-0.9282972498207583,-0.8682973981246845,1,-1,1,-0.9691051789166532,0.013333346369211352,-1,-1,1,-0.9877826954013965,-0.8179740026723983,-1,0.07834708863527284,-0.08815570264656125,1,-0.1354709408199316,-0.9056383477602934,-1,-0.08889722833427523,-0.9238533161577259,-0.9870185743168755,-0.6328851358535112,-0.04145160837332619,-0.8629604884765283,-0.9390861432995647,0.06376554445086534,-0.9825849111677911,-0.69900014590261494
1935-03-10,-0.030526844853605906,0.048228470063109485,-1,1,-0.05080819441269646,0.01078716492077414,-1,0.99593461974809006,-7.937659272224673e-4,-1,0.0398004976938392,-1,0.1530875623527207,-0.07289510015316247,1,0.8899338320477685,0.060784533582671996,-1,-1,-0.022743386463316084,-0.06147897072363259,-0.8134602058140956,-1,-0.6051851333087412,0.033163280294398995,-0.7639877266106452,-1,0.061063298165041684,-0.9559252000481637,-0.7444461234518887
1935-03-12,0.9137162779185208,1,-0.021932326799709023,1,-1,-0.9823778308607858,-1,2.1819971617420553e-4,-0.9702687504320607,-1,-0.9313893776369347,-1,1,-1,0.04791894001781938,1,1,-0.06526940904018841,-1,-0.9744138669823649,-0.11598470557655055,-0.779544922344614,-0.9109373258609694,-0.5983471383112648,0.054301623320868714,-0.6982423473379368,-0.9762155287650718,0.03434580367232065,-0.9407338334189391,-0.7305372763201673
1935-03-29,-0.042012347025807584,0.04454414570393661,-0.9836676294088395,1,-1,-1,-0.03933356900378404,0.9926101735543361,-1,-1,-0.03028434375342448,-0.05106103593950573,0.016149822590512675,-1,0.9438902773554871,0.003466944540367667,1,0.8589864587152409,-0.015143377082541543,-0.09502826477439807,-0.05760182986712938,-0.9084060831201946,-0.9340761044492019,-0.5210512332096586,0.06289652903509964,-0.7712839153279121,-1,-0.012643899683250352,-0.9732446740719873,-0.725386037875145
1935-06-15,0.9576810851530465,-0.8936309478500947,-1,1,-0.04367203603941827,-0.054195592838423234,-0.987455296756126,0.06587022943452414,-1,-1,-1,-0.9441523386917194,0.9349097992469085,-0.004760807443115245,-0.053922581324051255,0.9693533490568234,0.013798773682527576,1,0.9407107212956642,0.8956270679325408,-0.11786301963723339,-0.9159737533316265,-1,-0.5508827485715392,0.07849653773140207,-0.6373781592444837,-0.9757524457493694,0.016833138392492505,-0.9868027912908747,-0.7171722160996945
1936-04-02,-0.041196934851657985,0.05816338821084177,-0.07515395541042313,0.07540626890133117,0.8899512292607723,-1,0.011774388680339531,1,-1,-1,-1,-1,0.06909383933134594,-0.9812102280109765,0.9092873609792821,0.017213186251789026,0.9563515251856588,1,1,-0.09840935077551993,-0.11778385407691379,-0.8998488765723791,-0.9869064915467483,-0.5444532227495849,0.06818920053983621,-0.6371921219822617,-0.9808797750003297,-0.013468467230855301,-0.9223015714227141,-0.7545139611535066
1936-04-03,0.8951433426371295,1,0.9070128853159926,-0.8909120218438763,1,-1,-0.9192122618020326,0.006520698763540667,-0.01023593959928415,-1,-0.012427471784652422,-0.03010141110467912,1,-1,-0.007597875841501733,1,1,1,0.02984046971071297,0.8895458705290283,-0.15231431920406074,-0.7785316323385936,-0.9895943515623858,-0.4847533653167233,0.13203323823700075,-0.6082016299034545,-0.9701502621664094,0.05613292405231679,-0.9953713395963104,-0.735917502969909
1936-04-04,-0.10028351665932866,0.030154520646244465,1,-1,1,-0.026405160314219356,-0.003321486704619514,0.9877507017654167,0.9460922399843454,-1,0.9847366991797923,0.8936587453545032,0.05167043460132403,-0.048977309609517405,-0.9264973450227814,1,1,1,-0.9668449036172111,1,-0.1331186015457004,-0.7808566352160018,-0.9832185264021605,-0.4817112094913907,0.06977782491857432,-0.6460452877166175,-0.9578173172816434,0.033889816912898496,-0.9877802504029379,-0.675278092454058
1936-04-05,0.7865012049219948,0.9922898310790814,1,-0.04255559678745857,1,0.8583541786221408,-0.9554326745043644,0.03884380165537793,-0.025350745467341618,-0.05447366362237793,1,-0.10010172105689608,-0.9237266495093215,-0.9460699363037185,0.02770713712579731,0.04683745210245327,0.036243471946122874,0.013644067048283026,-0.010254355832508888,1,-0.10880603163087821,-0.7624952445872414,-0.9407777289683708,-0.5275761687795543,0.06134559520849091,-0.6484017245424684,-0.8877201548508306,0.023100019633093265,-0.9731787575536085,-0.7669441246543698
1936-04-06,1,0.037318003464193006,0.04285659592224822,-0.9953072038960108,1,-0.1339036254864202,-1,0.9609711376464413,-0.9792489861370293,0.909891459436838,1,-1,-1,-0.01152934772601344,0.9969780206504871,1,-0.9293467017513126,1,0.9868709235071358,0.004543809930027232,-0.08530579765867302,-0.7814114152222214,-0.9743693231341569,-0.4353202532120794,0.14264833754189865,-0.5701532125307235,-0.9230427898697902,-0.009070948902131282,-0.8673597803349349,-0.7395079120744599
1936-04-09,1,-0.9401338272240906,1,-1,0.12948483651123965,-1,-0.07456458595352,1,0.0033512684981101826,-0.02750572871398338,0.0723808543151685,-1,-1,-0.983888009819538,0.02150435604009948,0.0760920495240549,-1,1,0.046037086053147824,0.9202429899903479,-0.10721174147063757,-0.7222757448239319,-1,-0.37078407874524105,0.07667278450410683,-0.5565904414765815,-0.8529462284102471,-0.09469294249952089,-0.8470095660120379,-0.6898384412911276
1936-04-11,0.022903041134062274,-1,0.0355910906910335,-0.0624312028231232,-0.852461917531884,-0.04301300536663799,-1,1,0.9689340577292361,0.9340877169074912,-0.8571336559721217,-1,-1,-1,1,-0.8822658574593988,-0.022498725003106124,1,1,1,-0.20533875861696974,-0.7870315020877572,-0.9434156974253994,-0.38832327610576856,0.14977726838045322,-0.6014251773094249,-0.8307520315730674,-0.08702301844541506,-0.8925334193298209,-0.7592702939920456
1936-04-13,1,-1,-0.963160307185751,-0.9874285695360909,-1,-1,-1,0.053630237786383095,-0.01728268644830877,-0.02882143861432951,0.11182776545190476,-0.11808116979802585,-1,-1,0.09158784800353215,0.04595536761551644,-1,0.07424018507929342,0.04169188914628008,1,-0.30288441717539144,-0.8337762087230015,-1,-0.4231590218871485,0.1180273026237322,-0.6154060154241096,-0.8894848280731079,-0.08385667914404525,-0.8543830317315496,-0.8257001503234213
1936-04-15,0.01344575924363467,-1,-1,-0.06754317120617692,-0.1204670744255587,-1,-0.06469845702599564,1,0.8863504509874442,0.9545370655904479,-0.8817706158220475,-1,-1,-0.02020189658075555,1,1,-1,1,1,1,-0.40454283973328575,-0.8720166893786541,-0.9058368044239191,-0.351198392441756,0.0375975536862313,-0.6869334842326291,-0.8924070931394824,-0.047436921203626504,-0.8381181243889874,-0.8096349869798859
1936-04-16,-0.9751382077203483,-0.035734490449702894,-0.04471365268310068,-1,0.7562611473212555,-0.03361212279429082,-1,0.0077733958017700555,1,1,0.09575173955417893,-1,-1,0.9370016992465012,1,1,-0.06960324473799506,0.007367616196480409,1,1,-0.40118143014657326,-0.8910738193306309,-0.9596604098047382,-0.3039561577353783,-0.027666028141494922,-0.7102285747369391,-0.8309570871115416,-0.035683053357039043,-0.7764280917400691,-0.7529773738766985
1936-04-17,-0.032487273953614615,-1,-0.9694286886559755,-1,-0.1813112582965004,-1,-1,-0.927253037920422,0.024028095225915647,1,-0.8562987077723329,-0.03152517369386265,-1,1,1,0.013081124768632213,-1,-0.9783870667766236,1,1,-0.36940127334182493,-0.8175914668296237,-0.9409985173194866,-0.3234231439543942,0.11289057535330353,-0.7347124834793521,-0.8073862814987824,-0.12602868588495736,-0.7049179066086594,-0.7339310889116057
1936-04-20,0.9653505695003313,-1,0.012527388650967364,-0.03500399771214757,-1,-1,-0.028732378653020252,0.03949554403875677,-0.8957814779653529,0.032609280403029905,0.12064350685210334,-0.9865558089171949,-1,0.05597216617691281,1,-0.9708856008813052,-1,-0.00983141213837857,1,0.042814641451934254,-0.3156319410654218,-0.8839745607300533,-0.912879099020582,-0.37675057532489,0.11788043989399433,-0.7086779584634779,-0.7004257093582863,-0.22622680980940219,-0.6616810059254132,-0.789576620518128
1936-04-22,0.055365047145539026,-1,1,-1,-1,-0.0637346677211792,-1,1,0.05094244298326622,-0.9513846218369498,-0.8118459586258232,-1,-0.10335059368251087,-0.927031932791572,0.017849195319964206,-1,-0.039253396786797845,0.9279937206862071,0.04384598680571816,0.9923911307005604,-0.32436975185441713,-0.8959793362115624,-0.9151160697170712,-0.4099904661249728,0.05135679852830345,-0.7160239305099916,-0.6921568129325916,-0.18299608609832044,-0.685325150338149,-0.8513089801695555
1936-04-24,-0.8742430607037432,-1,1,-0.027247836846319817,-0.026952406712899668,-1,-1,1,1,0.02336601172518782,0.18279297152902363,-0.09542050480926978,-0.9885956017838973,-1,0.973540352309539,-1,-1,1,1,1,-0.3433007712467936,-0.8770340100277696,-0.8738233706007799,-0.38759995903206473,0.005302879826833459,-0.7534595899673271,-0.7026314268252901,-0.18913158642280192,-0.7355833806337471,-0.9348907222377945
1936-04-25,0.06991814552548137,-0.030051224827463363,0.09631339836346309,-1,0.9464176086877432,-1,-0.0499671084907084,1,1,0.9233242964104359,-0.7677121799545037,-1,0.0011492341520700222,-1,1,-1,-0.03168135880135725,1,0.011857597630063221,1,-0.38964242536490085,-0.7948188509793334,-0.8875553093649353,-0.37020743827137487,-0.005413531243311946,-0.7291634885931606,-0.6641227346473553,-0.15202815420730326,-0.7169664893069033,-0.8034504175141193
1936-04-26,1,0.9155639500120948,-0.804976407846708,-0.08506321291713403,0.0015059316300211067,-0.04294308868911134,0.9058145589117882,1,0.02971415940346145,1,-1,-0.013349374422389038,0.969104973101987,-0.018399221075625083,1,-0.030261344909586207,-0.981909808960745,0.11476716958998423,-0.9517379027159065,0.06478780300604092,-0.3954858559670316,-0.7389032141501846,-0.9305287818634601,-0.3046648507963552,-0.007325397037673801,-0.7165453314408171,-0.5974088818882761,-0.2026249329106969,-0.7250680407170205,-0.8562600707360747
1936-04-29,0.01519899841595651,1,-1,0.909451573762416,-0.9761945114270458,0.9431115248351513,-0.08718127537774356,0.07572668423830409,0.9598598946435121,0.03072113092224993,-1,0.9153804960904922,0.03631185620867272,-1,1,-0.9936890962457284,-1,1,-1,1,-0.32069140182825173,-0.728933200169067,-0.9888870144867331,-0.3868616893029812,0.03993314616985598,-0.7675399918284599,-0.587088587398257,-0.2766660394783139,-0.7512223464234836,-0.7822836922918365
1936-04-30,-0.9697234552667122,0.04654350877059288,-0.03748543196987719,1,-0.01544152426887202,-0.022977509838129295,0.8456369007067417,-0.9103980648142116,1,-0.9635642493067315,-0.034779308754756655,-0.07296809194074072,-0.947962486407587,-1,0.025918464458235202,-1,-1,1,-1,0.12953470265837896,-0.30881897872806996,-0.7262546553198506,-0.967490511187495,-0.337106086624439,0.010191491187824715,-0.7546348518233755,-0.5287478931292693,-0.3387185155299852,-0.6992153864214008,-0.772083699110685
1936-05-01,-0.08268865505052392,-0.896064271285152,0.954335796741976,1,0.9309454733715717,0.9450922078739704,1,-1,0.02024902466786438,-1,-1,0.8211065190990421,-1,-1,0.9742188470309402,-1,-1,0.014878399037928314,-0.05632667217938603,1,-0.26624595206686286,-0.6740688931454204,-1,-0.2595844988638031,0.07649042486400906,-0.7375852834051758,-0.5706646248295092,-0.3529298368248237,-0.5977060062810172,-0.6890039581516444
1936-05-02,-1,-1,1,0.04605338474928766,1,-0.049161528837353696,0.0011866354902626552,-0.017863234052517107,-0.971997204820476,-1,-0.016223605171801214,-0.0733976489915299,-0.018553255948317138,-0.026245400489012027,1,-1,-0.018105284904213592,-0.9575393184872908,-1,0.04079469993896245,-0.3591603412739027,-0.643918827737412,-0.9084865173907357,-0.30081388754986066,0.13269879513341584,-0.6191440518132952,-0.5923999000703306,-0.40220239427234356,-0.6561155201164941,-0.6561530305194829
1936-06-05,-1,-0.020451902370837494,0.1343746396476524,1,0.09416590810069148,0.8998555758779719,-0.9818746325523362,-0.9924883268376563,-1,-1,0.9393100437654796,-1,-1,-0.9766507192098073,0.0256299710097172,-1,0.9176261768064736,0.0011710064695120703,-1,-0.9380767517883475,0.6007661595343388,-1,0.0012106403205307537,0.6713150861386652,1,0.38001533846512336,0.3696851880909827,0.5953979141482215,-1,0.34279175687242036
1936-06-15,-1,-0.9948441202405585,-0.8187514944361196,0.004270498123031152,-0.8067840836234513,-0.05006168705656899,0.0052384717727824714,-1,-1,-1,-0.003709990170000954,-1,-0.04592985004319694,-0.06125689244796939,-0.9028532512613096,-1,1,-0.905930847108158,-0.07446171073756513,0.04638309916345773,1,-1,1,-0.317383914710202,1,-0.5836617953332021,-0.6270448356287528,-0.36989282193550443,-1,1
1936-08-12,-0.009147625598088793,-1,-1,0.968669444822418,-1,-1,0.9686977514452638,-0.029318524568445636,-0.0025585191043666633,-0.023700459740152002,-0.969593614093482,-1,0.9421371470950718,-0.9961926620160658,0.05518006552173038,-1,1,0.0520581482846435,0.8700464376908428,1,0.021783687843519473,-1,1,-1,1,0.37249843444238706,-1,-1,-1,1
1936-09-22,-1,-1,-0.06734100159015899,-0.009938361257546213,-0.06574254172119387,-0.05776617249974325,0.0032366860764661,-1,0.9703989377185606,-0.9804838871411858,-0.10021311452744086,-1,1,-0.11625744946018213,-0.8315635102815468,-0.010621827340574264,0.058753715763855796,-0.9239172784818055,-0.1167101152989446,1,0.9855050210499936,-1,0.07170312886754704,-1,0.09425320868545761,-0.5928486385931532,-0.015667025064070583,-1,-0.0051811202763577535,1
1936-11-01,-0.02481047559361982,-0.014779183140772312,0.8829553238179474,-0.913669787441042,-1,-0.9985642971239084,0.9413322516324432,-1,1,-0.06637446940200498,0.8405632440519062,-0.025364200736447406,0.09636220223686776,0.8768588865094555,-1,0.9606768971659823,-0.82471600933211,-1,0.8704315831200072,1,1,-1,-0.8973057637328886,-1,-0.9055734614072668,0.2938605934303221,0.9611225928268938,-0.0902479293294739,0.9452641693126829,1
1936-11-07,-1,0.9573852664846899,1,-1,-0.00810409631155895,-0.015633770391576207,1,-0.013326881611707031,0.04389329330515879,0.8982065451149048,-0.15614050950824143,0.9612614878071677,-0.8257353491898959,-0.07858436390342294,-1,1,-1,-0.0025023080924098107,1,0.03326872381481427,1,-1,0.07044639746043369,-1,-1,-0.6392900908171542,1,-1,-0.004697661012517229,1
1936-11-11,-1,1,1,-1,-0.9997582957844963,-0.9824546001742334,1,-0.8517813297841755,0.9724426642873345,-0.01269605720103395,0.8391312419170899,0.024925264869632757,-1,0.8944282282182453,-0.015016724185196395,0.037138091620910196,-0.01197153340707413,-0.965526387042128,0.0056271060177277565,-0.9604821398975686,0.002049446364802976,-0.02009556631669851,-0.8842274974238544,-1,-0.04062808384258676,0.32365263824165835,1,-0.01619679033019117,0.9721608181277895,0.05882877513768392
1936-11-19,-0.02615196214163562,1,0.027712588690939954,-0.033891081359434305,-1,-1,1,-1,0.03954684004178355,0.9131952914484073,-0.14840906207522508,0.9654581301512257,-0.05424603607738954,-0.0059753244692656304,0.952228700412587,1,-0.9622193346801536,-1,-0.9412557797311382,-1,-0.940760686780968,-0.9391742753661673,-1,-1,0.897287053993722,1,1,-1,1,-0.8681022514806568
1936-11-24,0.9657986212624919,0.05906095881674367,0.9632426316470735,0.9526278094390449,-1,-0.08049374818052057,1,-0.02163401931989295,-0.8849015289076946,-0.07067448924366959,-1,0.013879520680188717,-0.9809056801137989,0.9492629521079912,0.07397032838259687,0.05729800885330927,-0.07225722778692056,-0.04313665609356654,0.053655006243471304,-1,-1,-1,-0.007266301205625769,-1,1,1,1,-0.029589078284233072,0.04553246764061303,0.08156747265858344
1936-11-27,0.008013372046061895,1,1,1,-1,0.9021246979895589,0.009847826609649557,-0.9656375044891357,0.07891360960951421,-1,-0.0170331638256076,0.9873452004577221,0.0076857408825149465,-0.00744944692801397,1,1,0.9079290733480779,0.9285915189073551,-0.9205900229273437,-1,-1,-0.04631273516219314,0.9590422473750402,-0.0014358068608345542,1,1,1,-0.9621507820447898,-0.9222846083479967,1
1936-12-07,-0.9715835171781187,1,0.03727426615579654,0.03398604437627395,-0.056302044372680715,1,0.9827167690076152,-0.018264410145057863,1,-0.020416895502798016,0.9217304428223958,-0.009026835441219294,-0.8349238377709632,0.9249747901477012,1,1,-0.07792323076724705,1,-1,-1,-0.10611542366689752,-1,-0.0022863363328352593,-0.9960956690648983,1,0.06255134816157082,1,-1,0.02544973968945874,0.050307040980888784
1936-12-08,-0.006853188319251635,0.1030733392360238,1,0.9669771630141377,0.9149067421141992,1,0.009360582586446897,-1,1,0.9726895468899118,-0.027098951354412648,0.9845778604194286,-1,-0.04645489126058,0.03970133220988448,0.021306368567466705,-0.993354827861223,1,-1,-1,-0.10395769952943161,-0.939651010726724,-0.010889072752840597,-1,0.9789116048669557,0.07029020061626487,1,-1,0.008094645113876038,-0.04258774779958714
1936-12-14,0.9686360124490917,1,1,5.342219422518335e-4,1,0.050259707563698575,0.9930892887767517,-0.05705468085047016,1,1,0.9700684397401143,4.227538477431514e-4,-0.05586928109981382,0.9181758386484463,1,-0.9603379016564089,-1,1,-0.041491674646291554,-0.036163762612843264,-0.10953379968546047,-1,-0.012858914560634076,-0.9561141253675902,0.9303436174142808,0.07275243076974623,0.9288886297863362,-0.9446773621335587,-0.03548823244260372,0.0067538301693653505
1936-12-15,1,1,1,-0.9697191411311893,0.06443824854881763,-0.9007929550305455,1,0.9150925615366502,0.03256060607429001,0.005984886133711842,1,0.9456409079385819,-1,-0.07308187721506854,1,-0.027512929921147622,-1,1,-0.9722410786079244,0.927543033095074,-0.03219594508151981,-0.9535864178874521,0.04029730573629563,-0.9338191924454923,0.9681333655191885,0.08314296211710462,0.9252750973382664,-0.9957001149205268,0.025768853719484376,0.039372641187831785
1936-12-16,1,0.026692501101092114,0.04045207053053179,-1,1,-1,0.03860740117348005,1,-0.9516769281972282,0.9516409445300853,1,1,-0.006700640268034519,-1,1,-0.9483497803294464,-1,1,-1,-0.028102156944490142,-0.06983409537238752,-1,-0.013147198148779307,-0.9991176410081065,1,0.07569182334104549,0.8941711875770642,-1,0.10319349705531536,0.10363124618280067
1936-12-18,0.04382864186377966,0.9855337302386107,-0.8632822454973297,-0.046026405931484105,1,-1,1,1,-1,0.056734276577710796,0.024569930881902624,0.04659486476658736,-0.9491094668003068,-1,1,-1,-0.04394154785438531,1,-0.04033292120439236,0.9703965403188619,-0.07546896210012448,-0.881616686466205,0.006505883281657229,-0.9804145867646926,1,0.11182799136325487,0.8386524125437554,-0.8954074310543199,0.16694473134928864,0.07525291729229
1936-12-19,-0.9228322327049417,0.041661462744362776,0.06023993955900819,-1,0.028342466937021804,-0.016329752955890897,0.0415292196160294,0.07088046992138552,-0.033672415257422594,1,1,1,-1,-1,0.018878680292306216,-1,-1,1,0.9549258694044906,0.002738705829123944,-0.1405600370268073,-0.8648631671903437,0.036017925484600415,-0.9297779717711668,1,0.17196345167694219,0.8231120407038569,-0.9614112467358469,0.25119365657576176,0.14283418934468223
1936-12-21,-1,1,1,-0.13980083627089535,-0.8821032791138905,0.9102734724430127,-0.9155376374866355,1,0.8776549386104405,0.039404843240395615,0.009172781912673567,1,-0.05367615721571328,-1,-0.9527143469443008,-0.0046414660170396305,-1,1,-0.044773896231965926,0.9926985129399856,-0.05378058891964427,-0.8676623444201084,-0.013187248449020132,-0.9639714416965364,0.9926531735983413,0.15478442778479823,0.8714227395141326,-0.9893164479526021,0.33057056548365793,0.1656897618223588
1936-12-22,-0.030816531854533147,1,1,0.828809424748253,-1,1,-1,0.053688871338629984,1,1,0.9898729744464411,1,0.8889464746954668,-1,0.03707885078562079,0.9052299524679966,-1,1,0.9155142018615314,1,0.0098086284893341,-0.8165405990095067,-0.06527584720120577,-1,0.919448758532843,0.18410592779492974,0.9097714498181693,-0.9564900206607566,0.370645366670252,0.10336932690330916
1936-12-27,0.9318103247765817,0.0307233135493582,1,-0.10959288009320434,-0.08506259491554491,1,-1,-0.8474906347176046,1,0.00658219153475581,1,0.022076863073766106,-0.1108958994479915,-1,1,1,-0.018406124740208196,0.019547506421806693,0.011836029706396523,0.004367982865739695,0.031785556062417536,-0.811666346552373,-0.09785996274570141,-0.9270042743367313,0.9443888706992083,0.12303947081141806,0.9247951879559048,-0.9788382269544439,0.3528078052416715,0.09986257346602413
1936-12-29,1,-0.9470557264532656,0.04431466249876692,0.8569500997943944,0.8935401469070203,0.07466915419544828,-0.06077166311077464,-1,1,1,1,0.987187525352283,-1,-1,1,1,0.9494696826329981,0.9844653653069275,0.9952017131632707,-0.9740879579620864,0.050648740541644255,-0.7749591374990562,-0.1093095345933874,-1,0.9373766404140828,-0.01487680918681275,0.9426528899125318,-0.9158632518706111,0.3850101000543519,0.1114855673651718
1937-01-05,1,-1,-0.9348767151606537,1,1,-0.9107150881541693,-1,-0.04233851949066725,1,0.01818294060572201,0.036183722093368065,0.009519364635864891,-0.04759779611700754,-1,0.08488363961782308,1,1,0.0425293258051076,0.004512321465938052,-0.0040888586650945635,-0.05350106460784017,-0.6931207852375187,-0.07702753181693628,-1,0.9294144112289476,-0.03464917020806031,0.9578266273607297,-0.8328487609581512,0.44128270394151436,0.14428709681716614
1937-01-06,0.029935191091326918,-1,0.01948594591146735,1,0.016648239887088745,0.011941372001832096,-1,0.9182421783455207,1,1,1,1,-1,-0.005906001203225375,-0.9122815724905916,1,1,1,-0.9857217217187312,-0.9534233798596186,-0.032168486655016634,-0.7501115514602047,-0.1715146844372364,-1,0.9372770047352039,-0.05697900136297612,0.9686992641364194,-0.863474233437191,0.45948168567505626,0.20993897409789986
1937-01-08,-0.8697485603602052,-1,0.9900989897553689,0.005268233216251583,0.9339118065910323,-0.9505470272264004,-0.047320662272906766,-0.05941489495393981,1,0.04154638898937768,1,1,-0.02739072070813342,-0.9942813870504597,-1,0.03866471470425492,1,0.0034278018169588975,-1,-1,0.015172900143087836,-0.6997861036712442,-0.1563165540215055,-1,1,-0.04550262923468571,0.9641885725448874,-0.8471427405815746,0.5309596014883688,0.23996147235573687
1937-01-15,-1,-1,0.037486755449193,-0.9185200400814877,-0.0580617109661421,-1,-1,-1,1,1,0.052582018779979034,1,-0.9822399557753665,-1,-1,-0.9591068313915452,0.030125710394420024,-0.9687550951910704,-1,-0.06519071987439351,0.021151272398274606,-0.712080327452861,-0.18409888284069612,-0.9642339438190047,0.9840244800140167,-0.03346830805838125,0.9697133359928855,-0.8439359720103935,0.5783561931154964,0.36165963295761205
1937-01-16,-1,-1,-0.9535817889648206,0.06259893105853598,-0.9981591344393246,-0.017179130427938838,-0.030145662498881065,-1,1,0.008883886913967687,-0.8955178139829465,1,-1,-1,-0.010831697551652697,-1,0.9585121510304924,-0.012832275807157179,-1,0.9088348778504263,0.015510083454836635,-0.7384525022332048,-0.17947907030890464,-0.9689825327184256,0.9620298501695659,0.012448790303474164,0.9838766888799834,-0.8398327083699932,0.5558769004569714,0.351358418959499
1937-01-19,-1,-1,-1,1,-1,0.9618876777489432,-1,-0.006926321279010272,1,-0.8417690701576932,-0.016951130208150533,1,-1,-0.010329024751969063,0.9325488260607324,-0.04755953384882894,1,0.9018233018708801,-1,1,-0.02941976589739624,-0.7703546868955985,-0.20585455404439468,-1,0.9311045903953787,-0.01497293681753989,1,-0.8024195622646321,0.49672162818504795,0.3431878598631335
1937-01-20,-0.0423334726451835,-1,-0.03874965857621859,0.026868450259740273,-1,0.062280464629098864,-1,0.9446029637189186,1,0.14854856394634264,-0.98088636062639,0.0567245074998034,-1,-0.9084583668325684,1,0.947497812487445,1,1,-0.03316212654205464,0.06661362239532354,-0.08951280300116402,-0.7300758312458656,-0.17682060928545884,-0.9261225039222246,0.9411572316508,0.08881922334052306,1,-0.7476615998895201,0.4691435955862144,0.26713328123323377
1937-01-21,-0.9804765836462142,-1,-1,-0.9702299448778273,-1,0.9285086287191594,-1,-0.027463636223776566,0.01899667327126542,-0.8329632402495313,-1,0.9988318072502856,-1,-1,1,0.0023400155503549014,0.12066510170815536,1,-1,1,-0.10886998129721466,-0.7235498490155289,-0.2218044705433059,-0.8737596737337576,0.9078713020116461,0.04526913387889953,0.9378592529209767,-0.650918287605776,0.37099806443765293,0.20170078791723534
1937-01-22,-0.013062177091731964,-1,-1,0.009485740946378773,-0.021745444542239367,-0.039593991783883564,-0.048150775815803515,-1,-0.9418288241008134,0.117754288355303,-1,1,-0.03357541825657029,-1,1,-0.8970830746575547,-0.8269160961999736,0.09070069102158751,-1,0.027931254021206886,-0.04522752479362771,-0.784145759435113,-0.21328107052188935,-0.9250529950516796,0.8694930808082435,0.028999197576004748,0.9470692723560942,-0.5401155799275229,0.3782685874423868,0.23069761930500773
1937-01-29,-0.9948526574573043,-0.019332711839793126,-1,-0.9899366738514893,-0.9870881630823289,0.9456118398485408,0.9474091285124262,-1,-1,1,-1,0.029437058185869724,-0.9102282435378967,-0.033335720645171985,1,-1,0.10018180188179404,-0.8698125354631132,-1,0.9534137995470101,-0.044339574112121354,-0.8765065658445874,-0.23925117486410635,-0.91660439791523,0.8140235246505922,0.05726281329571457,0.9938159107728303,-0.6049020400267203,0.40315924305650336,0.24251075150714507
1937-01-30,-0.011029555554662451,-1,-0.00889942466109861,-0.015045948939374387,-0.008967021485235094,-0.013229795460206195,1,-0.029195190866451615,-1,0.08418457956427738,-1,-0.9398254121030469,-1,0.9037053441072493,0.08434910466972045,-0.018374385959836648,-0.8682345062260245,0.05037512224599694,-1,1,-0.039585996361966774,-0.8616096320103395,-0.2292771295073225,-0.9280484414153409,0.8365292667468399,0.03022051398637137,0.9321124875263547,-0.5945822764158193,0.4562376029832055,0.26213777668112054
1937-02-03,-1,-0.03262726222823442,-0.9439606576693852,-0.9538748854541323,0.923934611469897,-0.9948290758768162,0.046254795521660785,-0.9794564261301872,-0.07879607534739352,1,-1,-1,-0.011898775840555986,-0.050760025409680054,1,0.969091489119697,-1,-0.8677757268084914,-0.05421305642997398,1,-0.1503121679013111,-0.8721731931174134,-0.2169082769578196,-0.8258694824176761,0.9025664132725199,0.08030547973368923,0.8611067259272144,-0.4666102942508485,0.4897091005138822,0.236836529846095
1937-02-04,-1,0.9083560125469372,0.05250200502798008,-1,1,-0.09578518046662843,-0.8874680963576851,-0.001985498740715741,0.8940128215565865,0.06888490070837006,-1,-0.03179426106465133,-0.9976351088081373,-1,1,-0.014660424384265736,-1,0.11267473100030934,0.9194947572568746,0.02393866956446844,-0.20694263124965048,-0.9250484628898472,-0.2342986715518319,-0.836732147475142,0.934456837887355,0.10225441638270984,0.9307958647777614,-0.45501102111974184,0.39193247381792007,0.2728198662260135
1937-02-06,-0.08357981238489198,-0.08356298699690057,0.9989152689948183,-0.0013724744606162798,1,-1,0.08887368140743623,0.9196840066992281,-0.041569473031579096,-0.8934955147189582,-1,0.9190372042811724,-0.01698124042611182,-1,0.002821779244201128,0.9828164569825889,-0.05791244014431962,-0.8325986265317147,-0.06797524039673786,1,-0.13847586402236595,-0.9156777724907014,-0.2686558732538454,-0.7631186605189423,0.8972249373587263,0.09258458099689511,0.9825723455989271,-0.39858280723986644,0.3315469150158499,0.26529219143447336
1937-02-07,0.9122265651479279,-1,0.02640641586387038,-0.9993312086904133,1,-1,-0.8737218819444147,1,0.9339992311768506,-1,-7.734729240409521e-4,-0.05657211749508473,0.9528773623409512,-0.015718044064770176,0.9884062333459988,1,0.9271679352225828,-1,-1,0.04019633148881452,-0.07876768724749522,-0.7928839164941003,-0.26544564499077306,-0.8033905791346664,0.9515535595307969,0.02651640410250286,1,-0.4465739497467598,0.256450531263973,0.30534055530259435
1937-02-10,-0.05235828847780133,-0.028529927347134665,0.9767944104666231,-0.018428453539857448,0.047418088283061266,-0.03190928595987996,0.09967044801793035,1,1,-0.15278087887683456,0.9593875850472089,-1,1,0.9766640198692819,1,1,-0.041992029554392185,-0.01224340210405317,-0.019413345769598966,0.9722494343543906,-0.014115090694385879,-0.7988129757289136,-0.2676182570382632,-0.8186379012122103,1,0.1064260760527387,1,-0.4921181828132398,0.2890181445359798,0.3601415684232094
1937-02-12,0.9278018458598931,-0.9965486890197551,1,0.9572834345380978,-0.9496569968872275,-0.9737998124708385,1,0.031195259888954774,0.10918293596487194,-1,1,-0.01750540209743434,0.007936693828243246,-0.014154936717196254,0.08364339352748729,1,0.8990153526074295,-0.9708273170234499,0.8997555726369048,1,-0.032321125015940304,-0.7906880994365797,-0.2859050646944778,-0.8624787738949392,1,-0.0012687680912798344,1,-0.4993854300742005,0.39418511198040723,0.3752296448405865
1937-02-16,0.02051041946783283,-0.10408939154871866,0.007347967746456074,1,-0.020100917679590546,6.905880503432771e-4,0.06180858954795754,1,-0.8421948962667261,-1,1,-0.9513791249479239,0.9515798507394784,-0.9576134229347057,1,0.0751753627177093,-0.06269347591747199,-0.039850904813729104,1,1,-0.07259512041659104,-0.757905398738077,-0.23864138897607176,-0.8110180860228011,0.9720861314115289,0.01452212639688957,1,-0.4974710516300208,0.3649504324298954,0.36893927701632834
1937-02-18,1,-1,0.9618394677119391,1,0.8896829071082353,-0.9378127371793932,-0.9195542808063332,1,0.14113251234537472,-0.0029134188470483213,0.07747462269606775,-1,1,-1,0.001927636441375724,-0.9052345162515539,0.9317713113943528,-1,1,0.022827934534710437,-0.056357013518012186,-0.698521841234722,-0.23518692695526533,-0.7789731008653303,0.89596997182226,-0.02899857839237632,0.9508768633180257,-0.4539543009453974,0.31236042989678015,0.39716014621759943
1937-02-28,1,-0.0912502094994101,1,0.009024140734497088,-0.032224295165147576,0.0585792201966302,0.04069166988946149,0.007015432853765158,1,0.9938979353256691,1,-0.028028950160373767,0.019721360217512585,-0.012503374154550495,0.9869340492512219,0.02362851252629239,-0.06643208835800452,-0.039650001773600674,1,0.9614061765960182,-0.07976229129201201,-0.6987431566400034,-0.1928322597995739,-0.8514887512649099,0.9338841915958531,0.003606938482085289,0.9558947863130485,-0.40995436194298457,0.35230691579508927,0.3645203890316171
1937-03-01,0.02411476331807949,0.8501176604747724,1,1,-0.9577071315394621,1,-0.932185060258901,-0.961106672558117,0.0627601564225827,0.05841381477466079,0.045204416583830787,-0.9976157098827827,-0.9156271071997094,0.9599718667376383,0.025792894262988142,0.9731351869967936,-1,-1,1,1,-0.07798690162075393,-0.594869837238801,-0.21603007749107841,-0.8338973652485261,0.9256571190019075,0.041005243143285144,1,-0.4753833963374072,0.4714361115315109,0.38609334925273875
1937-03-06,-0.9513817805204039,1,0.08971982723529115,0.035732166577857494,-1,0.10018305362398305,0.06503878929776852,0.02321226139751842,-0.9195357711212307,0.9410476894953714,-0.9326531185297411,-1,0.07956824243844463,0.008458730090791677,1,0.04101424822541777,-1,-1,0.06962133613928956,0.13870639785219097,-0.059468893268199124,-0.5633673500754386,-0.1817372092863001,-0.9022417776849196,0.9947910908544921,0.049282774850995234,1,-0.4585907508396643,0.5597116160660415,0.3641405164131985
1937-03-11,-1,1,1,-0.9080906464306343,-1,-0.8227377631198084,-0.9065529957819153,0.9541204863974333,-1,-0.056695644415853175,-1,-0.02104732652837027,1,0.9614308849741962,0.003086362679211585,0.9964932958744595,-1,-1,-0.9195011416822926,1,-0.08259400811321617,-0.5260753110642372,-0.21111124609946746,-0.8860214235070858,1,0.032590313405089014,1,-0.3672377580666805,0.3876153433286714,0.42720594497317965
1937-03-18,-1,0.028446958622111995,0.039199194094935996,0.04566192629155508,-0.06023638284762123,0.1648663079328252,0.06601835723809812,1,-1,-1,-1,0.9408597638352559,0.03952677898325474,0.04428271940372486,-0.9941453251933337,1,-0.05335324206422731,-1,0.06557685694868931,1,-0.06811368633603161,-0.5222314017007534,-0.3223872634731527,-0.9309627795867903,0.9977210203874541,0.04879296433723199,1,-0.40977460694581136,0.45890367401847415,0.3706945605725913
1937-03-27,-1,1,0.938485257498611,1,-1,-0.7719804021250763,-0.8936717315947346,0.007234409725244584,-1,-1,-1,-0.011457646678804112,-0.9118938950659867,-0.9401628688305571,-0.03455473521046215,1,-1,-1,1,1,-0.060455871417324156,-0.5158113479252314,-0.33966822475787356,-0.9436276681061198,0.9740097114573173,0.0834396115294129,1,-0.3152595319843592,0.4001176713367599,0.3232226454240258
1937-04-03,-0.07036242857698727,0.053020778327714124,-0.04358270638654482,1,-0.05665444996780267,0.18378971465226945,-1,0.992535976707879,-1,-0.0703534652828216,-0.0301329914702273,0.9325895225209244,-1,0.017717961724376008,0.8945128186979713,1,-0.0472670779219011,-1,0.008546318911273998,0.021053967620757286,-0.04368133574523808,-0.5138474586613435,-0.3076890733049287,-0.9963282318823483,1,0.11266434652693622,1,-0.2571099173781499,0.41998864425525906,0.3334729501416391
1937-04-19,-1,-0.9364321166706954,-1,0.008908739252417863,0.8926195691909008,1,-1,1,-0.019774036460615263,-1,0.9143307483541653,-0.0313812056214251,-0.05191395368051088,0.9852637659063724,1,1,-1,-0.015150955935568367,0.9581528689580734,0.9423042763959735,-0.06737743077604869,-0.538164218740957,-0.23005299879970448,-1,0.9831653829171891,0.03463724896897345,0.9888595872772171,-0.1906388927081945,0.39484379321118845,0.29141917319317395
1937-04-20,-0.02475245646929336,-1,-0.02239678987813376,1,1,1,-1,1,-1,-0.1325193466959046,-0.07970434329058584,-1,0.9136177051511917,1,0.008102344842528364,0.028209813447455323,-0.03688372895487302,-0.9768358933012733,1,-0.012551099167941948,-0.02584011977527393,-0.48896712407258897,-0.2561557797086201,-1,0.9598422061972905,0.018823789000935776,0.9562086262041414,-0.19287414895715163,0.4132194056904469,0.3116884283315823
1937-04-21,-0.939263278881023,-0.0810558504012805,0.9270955307699992,1,0.03590022982374019,1,-0.001224945295417168,1,-0.044070988202258854,-1,0.8653674342674779,-1,1,0.09127372706186343,0.9417788262161663,-0.9307185261332489,-1,-1,1,0.964881595653029,0.017581018400801916,-0.5446389372390816,-0.22005005513584486,-1,0.9832338130239672,0.007235380838244095,0.9649979014464845,-0.19806407747563637,0.37048128556643733,0.31868986886794143
1937-04-25,0.008048874829352792,0.9073431335449621,-0.059008393449159424,0.08050921082564655,0.9468124660290824,0.014853609786443012,0.9939188362747001,1,0.9364511659142779,-0.05526787450622628,1,-0.005401304285647335,0.0032953894781952986,-0.8989732423057218,1,-0.011166806563867815,-0.06967166672737801,-1,0.05249025179740774,0.012844164173540062,0.016816269553844954,-0.41953428157518546,-0.29055383066772894,-0.9927768702526821,0.9337618449281135,0.008701553801277708,0.9556062279971027,-0.17623861771763621,0.38085902238209174,0.3475248268754949
1937-04-30,-0.9206171060070315,-0.014696275290508654,0.9359844229017427,-0.870688817652427,1,-0.9417809165784623,0.016547366495072158,0.009782403011539542,-0.05804212538007503,-1,0.04770770281181491,-0.943842045310702,0.9910378855320987,0.052408088046707046,0.03200080508521008,-0.9995129265840754,-1,-0.004844313605859796,0.9919246388868275,-0.9030883335404645,0.02500090386814012,-0.48817533074815644,-0.20653118496768041,-0.9691874218955288,0.949151959242647,0.03752174458038081,0.951623792713442,-0.2189048634448445,0.3670545924376184,0.4517581567021102
1937-05-01,0.013885330893704695,-0.966333411746138,-0.06050624396059279,-1,1,-0.053336917736445555,0.9676537927328434,-0.9810107172087084,-0.9995914435111521,-1,1,-0.025831510880896302,-0.004781565645417651,1,-0.9394008357459344,-1,-1,-0.945356987267449,0.08353031035739811,0.026407810053981295,0.06000568653639219,-0.46492413135960153,-0.20543105214642784,-0.939448437924855,1,0.02943030733692803,0.9121823183254604,-0.16341538279048373,0.4238245009114028,0.5135278771415187
1937-05-02,1,-1,0.8733502259757527,-0.016693805527127736,1,-1,0.02948076615957984,0.0020283531694833545,-0.016001763641650846,-0.001232272284396152,1,0.9310446141215541,0.9146798165885881,1,-1,-1,-0.003498230314076922,-1,1,1,0.08280448251768417,-0.4727666627690624,-0.21735787787358674,-0.9082973739849355,0.9588453815190252,0.0018289704680890945,0.9758140796479846,-0.07123746642220648,0.3698044816200593,0.5570624393047218
1937-05-30,1,-0.05643995341861041,1,-1,0.03765037966533202,-1,-0.968671515419247,-0.9579150588386443,-0.9874150482550267,-0.9651010802387633,1,1,-0.005671899641844114,0.06664635258148488,-0.07146136234125544,-0.040467030670730764,-0.995748107443443,-0.03026416248961128,0.019634345149732613,1,0.04407768657445963,-0.5903049860158969,-0.24284806571467826,-0.894294847436967,1,0.005855045436243512,1,-0.15867627828700273,0.43704765248460203,0.5600251229293807
1937-06-04,1,-1,1,-1,-0.9217168027824097,-0.09585826687607768,0.029053532712708607,0.014448940203177774,-0.03794040541640886,-1,0.04903117317528849,1,-1,-0.7735970559832215,-0.9674179123408297,-1,-0.015874046482400983,-1,0.9267545494986541,0.04737281292158568,0.07822206664933633,-0.6102692375106027,-0.3100587641332621,-0.9666826799582349,0.9830516854031611,-0.0066701441565539974,1,-0.14477076283382398,0.3160180474854257,0.5552823048859458
1937-06-15,0.014482605247502445,-0.02856124504791402,1,-1,-1,-1,0.9809200643750329,-0.9738624311346036,-1,-1,-0.8878731778085611,0.019201435975900294,-0.05309376440135327,-1,-0.023064538413405944,-1,-1,-1,-0.015278252978151552,0.9720183293763786,0.15767958392245712,-0.6113162485497368,-0.35704688143419927,-0.8833194039180794,0.9689832191561214,0.018423922289490535,0.990234378112117,-0.19835448367102787,0.3537542266551524,0.552614094996763
1937-06-18,0.9416409570861305,0.9447390030548618,0.0050516881916189416,-0.04609748299541683,-0.01935603997128299,-1,-0.009213083381122367,-1,-0.04975399340429798,-1,-1,-0.9348996421493263,-0.9498550292933311,-0.03911041197103149,0.9729208174810466,-0.011208703725312352,-1,-1,0.980114733030989,0.021392112727049883,1,0.30535821347266623,-1,-1,0.023171161246935412,-0.9440977762239022,1,0.7505648097004614,-0.6390195095701099,-0.39232216727257263
1937-06-19,1,1,0.977325993831961,0.9272582007237422,-0.9640986265393054,-1,-0.991437436801139,-1,-0.9674736639669024,-1,-1,-1,-2.7970138603605754e-4,0.9475253492578112,1,0.9802955591153237,-0.03467016723549543,-1,1,-0.9412384235214104,0.0549127434536566,-0.6809310966477985,-0.06661250782810513,-0.07217650989775726,1,-1,1,-0.09134575303607595,-1,0.5150074227900231
1937-06-22,0.0074498099608246715,0.003961433087461885,-2.871773741983663e-4,-0.05848271750219747,-1,-0.12128862598811307,-1,-1,0.03180962795910125,-1,-1,-1,0.9725157710472047,-0.02467628138846578,0.012179557904019256,1,0.8768408963827906,-1,1,0.013499969597307704,-0.9257510321546071,-1,0.8125156479062212,-1,1,-1,0.002864677774687796,-1,-0.008030884026665741,-0.4560948013887365
1937-06-24,-0.983933111602032,0.9434152386942272,0.9793668794256982,0.9412429236019468,-1,-1,-0.016234541326020646,-1,-0.9505621720584465,-0.056859702140254376,-1,-0.0092653040334989,1,0.9147421784655767,0.9554515037064583,1,1,-0.022336370900035263,0.012372464638194414,0.9482102454651098,0.06633674155313829,-0.11477884125326387,1,-0.06430321688723117,0.026485014432850118,-1,-0.9793999927151206,-0.013538004021302896,0.9815879764104373,0.4981634492675898
1937-06-26,-1,-0.010525967425302651,-0.008631030724942201,0.056903493485736645,-0.026359708307328145,-1,0.9212364298763888,-0.014612074954811982,-1,-1,-0.10566643254020058,-0.9125358189062825,1,1,1,0.08011688341706436,1,-0.9574693210971262,0.986732237851485,0.014912220763047657,-0.921774039166045,0.8498916415157433,1,-1,0.9077766895128138,-1,0.005126492946482486,0.9442206873509433,0.0262177148380921,-0.4478064019784118
1937-06-27,-0.020907095383415508,0.9822167658630104,0.8833078660947278,0.9846284021305894,-1,-0.04596621570858406,-0.025449283413265023,-0.9787927077961316,-0.004611833379143948,-1,0.8626548419959398,0.031339324625560105,1,1,0.03349506975004379,-0.9061626413830063,0.05211627882264558,0.014789743523653365,1,0.9984140100826117,-1,-0.14406000484927461,0.008562837574343063,-0.0719904572702249,1,-1,0.9724205652224344,1,1,-1
1937-07-15,0.9541768971908632,1,1,-0.010631194875282302,-0.02249815903827057,0.9450932686749693,0.9004705142224166,-0.044252235225788805,-0.9865912526058263,-1,1,0.9972998959591165,0.01178104108057143,0.0089179382725737,1,0.04686714358274424,1,-0.9753087393881248,1,0.027218395328418743,-0.08056072830400596,-1,-0.9170198288475354,0.8411133340854783,1,-0.060967661407355656,1,0.0011728733178499873,1,-0.02585921719290396
1937-08-01,0.00930447480607699,0.051715234225779394,1,-0.9573118766825046,-1,-0.04835785810213844,1,0.8757951496521946,-0.04125845575196074,-1,1,1,0.998860827719131,-0.9647487657500926,1,1,1,-1,1,-0.9623401665163347,-1,-1,0.03419030030796366,-0.13031361531449392,1,-1,0.08823211697429012,-0.9379718647915058,0.059475420501810206,0.956435644287463
1937-08-09,0.9626227449287963,-0.9181612598434667,0.046569161227767,-1,-7.240669983347159e-4,0.9168189441290898,0.059646109800100766,1,0.8681937908704643,-1,0.03729613022607503,0.005865731970978505,0.006093257300459287,0.023319316696257197,1,0.0586376235850129,0.07296991032523192,-1,1,-1,-1,-0.009991757280506053,-0.9356207058992798,0.8420802643717656,0.031925565225518704,-0.04009115584492129,-0.9019200270621044,0.058106284225724725,-0.9306121698918465,1
1937-08-10,0.05968696916558747,-1,-0.9166376022293382,-0.013553431368442115,-0.9925476553782965,1,-0.88396086783423,0.017102814416576684,-0.11501036092539885,-0.06750831128191315,0.9069144389036341,0.9834933911267415,0.9511121498817201,-0.9412917722542327,3.177715114583979e-4,1,-0.8918740144204222,-0.007169492890259699,1,-0.030165758897372275,-1,0.9649136799966204,-1,1,0.9918093072290064,0.8974081523185208,0.0920562947686876,1,0.03760961208805513,0.04176090569255342
1937-08-13,1,-0.021239889089303188,-1,-1,-0.04834772163526768,1,-1,-0.9396694343740917,-1,-1,1,1,-0.024218422116879856,0.017438660742350787,0.9776308429141727,1,-1,0.9505642045183189,0.13148165006554613,0.9243339641988703,-1,-0.022938134466545357,-1,1,1,1,1,1,1,-0.9119970453417021
1937-08-14,1,0.9491964239382693,-0.020235837100979315,-0.01941080068941403,-0.9682232238700785,0.0022573251285716855,-0.03874925824237374,0.05153569020208293,-0.010296477674218485,-1,1,0.047469540086233275,-0.99288374047294,-0.9814910925531847,-0.002866705379785839,1,-1,-0.039121170890459744,1,0.004567911234609867,-0.9900678767628386,0.03282311136000548,-0.942246838698497,0.918923738857404,1,0.9188378697878626,1,0.9785357557457334,0.9862947667606721,-0.911894595989346
1937-08-15,0.0656224946823214,1,-1,-0.9486759069879239,-0.014856290602633493,0.9302031433532838,-0.9699105867225469,-0.9391020512308879,-0.9893144355130528,-0.014867162512280263,0.10475245721395032,1,-0.017808857887050333,0.0054659517341647534,-0.9849270224915938,0.025172970215503243,-1,0.9358363184740877,0.042665678457078915,0.9843665929475364,-1,-0.011383954947475058,-0.8845419055419976,0.9964969931070299,0.940695730844807,0.9036412988626634,0.9391560943609453,1,1,-0.9385749106947194
1937-08-28,-0.8896647493475127,1,-1,0.049490484851931305,-0.9459763117357127,1,-1,0.010466921017160735,-1,-1,1,0.021549804334328737,-0.9690945402935487,-0.9941664549918591,0.0010909760769173271,0.9738870392010992,-0.07576328611376548,1,-0.9421472630639544,1,-1,0.06788265939550667,-0.9404796733602461,1,0.8691617498988077,0.8992622334588455,0.9181227347281431,1,0.9842903573189116,-0.9989271556021432
1937-08-29,0.10966841158828977,0.013658406145520163,-0.04174263196436889,-0.9069531740382103,-1,0.047331247812363975,-0.133326518284689,0.9342948349061101,-1,-1,1,-0.9258495948796361,-1,-1,-0.9977596230977575,0.009748353340219396,0.9109393490471784,1,-1,1,-1,0.08245060135044394,-0.961790885069843,0.9844154315005248,0.8487448487987984,0.8823216677189036,0.8504267801528201,0.9987821215138959,0.9470097221477844,-0.9752167526893603
1937-08-30,-0.8868639542171715,0.9173082617603817,-1,-1,-1,-0.8542371294594159,-1,0.04581597045830288,-1,-1,0.06019098870840289,-1,-1,-0.04751674627954283,-0.03628412323945118,-0.9438667820988855,-0.07694478912026292,1,-0.004844316522033987,0.04132400244758072,-1,0.16689665659908487,-0.9887892109635836,0.9318464704113496,0.8763990072045097,0.9287573577302182,0.8349955855386143,0.9085519351682169,0.9552758483105273,-1
1937-09-01,0.02996976082177849,1,-0.11597567266548481,-3.649096625326642e-4,-0.004417672379403159,0.09535965073674457,-1,1,-0.00510071950819091,-1,-0.8849882024010817,-1,-1,-0.9963580155330053,0.927895513699262,-1,0.8809786548434931,0.021537766522759516,0.9144345006198847,-0.9077847829931552,-0.9911415111044987,0.10416079342953419,-1,0.8529238057866361,0.8048967291173309,1,0.8555131274532538,0.9129374383826364,0.9645479465622595,-0.9625430705036353
1937-09-02,1,1,0.8672342972225638,-0.9370913916635546,0.9663340820672938,-0.8797139725249014,-1,1,0.9279589119508476,-0.014166187326518198,0.06499514097442427,-4.441544748552406e-4,-1,-1,-0.04553661025691602,-1,1,0.9648473662680653,1,0.04109593814807111,-0.9756503531583434,0.018102948424711163,-1,0.8189821717256509,0.8358074452839361,0.947741324287167,0.7804514389940873,0.8987222844778787,0.9237433145273555,-0.9333946199586922
1937-09-04,0.07257704145369892,0.002316337312990746,-0.10475302712427792,-1,1,0.015632541817892087,-0.015767088260763007,0.008816926063214936,-0.054012086367756895,-1,0.9537993817444077,0.9835487271581878,-0.05225618817087396,-1,0.9376317085645083,-0.04992025593561189,0.04456377655686394,1,1,-0.924052886804346,-1,-0.019535805031871148,-1,0.8113151696472997,0.8774350774240932,1,0.8108828950613333,0.9208028946164042,0.9065767587312233,-0.9886561080559764
1937-09-06,-0.9219118709565546,0.9929222972209926,-1,-0.10932966539591638,0.009211088534751166,1,0.9463568576855172,0.961413718531689,0.8941594388541039,-1,-0.0460867698171854,0.02058193605202563,0.9326704305941871,-0.00829104858611407,1,0.94751199613185,1,0.06755761430086304,0.05667696044873005,-1,-0.9702390342901753,-0.0630681621628586,-1,0.8293226762515753,0.8694822283023653,1,0.7843891389186053,0.9581824194764738,0.8732527550257785,-1
1937-09-08,-1,1,-1,0.8248863325619527,0.9456851518604723,0.02317899373317911,1,1,1,-0.03669637332258624,-1,0.9828378357773303,1,0.9767650713397498,0.03360641045374102,-0.004259104318915741,0.037069321637832164,1,0.9826383992461978,-0.034258218930427464,-0.9926571573327609,-0.1542740925882316,-0.9731845935477061,0.7597471174479082,0.8759748469701404,0.9935293872284208,0.7322931302745667,0.9797415406142462,0.9498460034785355,-0.982101448424332
1937-09-11,-0.07184326003004937,1,-0.004346753031723716,1,1,-0.9239586128075524,1,1,0.00640972336429213,-1,-0.021940689489252985,1,1,1,-0.9312687175210197,0.9478682666872592,-0.9628315108174437,0.02676586639525691,1,-1,-1,-0.2012070009361941,-1,0.6610607799487935,0.8388710514128624,1,0.7258923030545663,1,0.9571770284128633,-1
1937-09-20,0.86692494996449,0.021261233503003685,-0.9979706237471629,0.10023812625817119,1,0.05836673448151364,1,0.05764342797554933,0.9677985995549354,-0.045107998809394645,0.9772279575205111,0.02311151435809311,1,1,0.019923164825542683,1,-0.07320607964220172,1,0.106040553594133,-1,-0.9109829376748437,-0.28688579689629123,-0.9161987392658106,0.6573730177249532,0.798242054157402,1,0.7685979783229183,1,1,-1
1937-09-26,-0.11283908749617033,-0.8689383905120384,-0.04313968299308735,1,1,-0.9162345747784482,0.05109605992507138,-0.9048181807739846,-0.014571209842763388,-1,1,0.9857170076799571,1,1,-0.9620151779406294,0.09325516166073644,-0.9923688196120644,0.06550232966061487,-0.7155511582858665,-0.002532811744032304,-0.9618734970350081,-0.33010070809827075,-0.9116094381640067,0.7156477295596076,0.7615756196934503,1,0.720624907365009,0.9580174567824955,1,-0.9937868630131274
1937-10-01,0.8682184632203629,-1,0.9445738608222138,1,0.04540533799910462,-0.008970617891789101,0.9909895161871884,-1,0.9808567057143162,-1,0.03925581138124068,1,1,0.10373182623921029,0.013570422850440966,-0.900367429222745,-1,1,0.2840597825391621,0.9926725193769778,-1,-0.2984252987404246,-0.8738425111223587,0.7706820588115793,0.800281816931376,1,0.7521862864294808,0.9803653979938725,0.9175497709107333,-1
1937-10-13,1,-1,0.010727813395715824,1,0.9692754993482342,0.9876292359262485,0.030853525757746025,-1,1,-0.09205054503683774,1,1,1,1,0.9386513169210009,-1,-1,0.04006335306749642,-0.6917253165403182,0.045190337210430864,-0.9952263726516607,-0.2952244198358583,-0.8975556803746882,0.819239477602479,0.7268304299432615,0.9746122987256267,0.6542761103128634,0.9458944319596897,0.9106352223496628,-0.9757940017938278
1937-10-17,0.0017656921773435696,-0.04089998754784441,-0.9229436569679299,1,1,0.0724104162965099,0.9799765189425872,-1,0.01172556690988591,-1,0.07226746804261874,0.017104316531329933,1,1,-0.03263722654475676,-0.03650193488491238,-0.030423311653633656,-0.8946796700380087,-1,0.9751630751623511,-0.9565534925242795,-0.3061396498518719,-0.8913228977765637,0.8288416482371468,0.7522728173210341,0.9255988988421168,0.6319574347027489,1,0.9447773120727163,-0.9729377558238869
1937-10-18,-0.9754717911416224,0.910486388920059,-1,0.002271836192912491,1,-0.8807160589497124,0.04878420073670375,-0.05309102405403454,1,-0.04082923974422392,1,0.993426100008149,1,1,-0.9912875078920422,-1,0.9083568515567193,-1,-0.012605577250150768,1,-0.9892496802976581,-0.2734249156272048,-0.8788356070784935,0.7953268446596509,0.7080530097611683,0.9437033823557469,0.6647056864449186,0.9424466999713244,0.9314926612494754,-0.9546165530684395
1937-10-22,-1,1,-1,-0.9547625456231333,0.07065962991271646,-1,1,-0.9487124825142582,1,-0.996052762441822,1,0.01607179019553362,1,0.0017271778306262586,-1,-0.03267178259372849,-0.0514020488588498,-1,0.918563071243774,0.020923249896054874,-1,-0.2878270336223454,-0.7842263963500617,0.9085437667650609,0.6097079900935872,0.8929157234629925,0.7197843480835933,0.895087130683911,0.9346112218736451,-0.8454027054326031
1937-10-26,-1,1,-0.06452590167431516,-1,1,-1,1,0.01457603724987866,1,0.0021424795447992917,0.01184456138982759,1,0.017831001469136853,-0.9714982402688802,-1,-0.9987880407496513,0.9097804252581723,-1,-0.0774036304578225,0.9905831704351546,-0.9967971450171289,-0.2989588953978357,-0.759112815417272,0.8553309498145891,0.6551485069450693,0.8888958829989724,0.7592551131567407,0.9102454158322951,0.8636780877750841,-0.883239225476416
1937-10-31,-1,0.02889665644023709,0.9089009442204284,-1,0.03579691779328431,-0.0034357825865998226,0.07789209734215397,0.9891493312835569,1,-0.9808855137017711,0.9948383321837287,1,0.9204004472433457,-1,-0.04290967785736788,-0.08134146835417533,1,-1,-1,0.004909450097529855,-0.9140681894528476,-0.2333848181895974,-0.7025177911218256,0.869157782418489,0.5751256263747726,0.8539807561128973,0.7901391749577663,0.8343387494165158,0.823425962923048,-0.849683855636961
1937-11-01,-1,-0.9334029874315357,-0.0542402801041848,-0.01109429511100557,-0.9431929065322386,0.995981241904736,0.9800858957269059,1,0.011531999769175405,-1,0.0018667859062492242,1,1,-1,0.8933475862130881,-1,0.05246404139641414,-0.009686389001691498,-1,0.9947930862386414,-1,-0.25526499843183664,-0.8331178508360928,0.8457741397984618,0.5976777164522602,0.886197202689357,0.9061710384304733,0.7823677593861456,0.8107072188566785,-0.8870616401104594
1937-11-20,-0.028346891230414895,0.03277561072050372,-1,0.8620414928448841,0.04915643139080916,1,1,0.00964479308562416,1,-1,-0.9273883227959198,0.005980874192504704,0.0015812780145244565,-0.05039284895356666,-0.06836619912726394,-0.061352051039607725,0.978493688935518,0.9751261082391707,-0.10215302043190311,1,-0.9097765875539653,-0.2734798193676508,-0.8341863291170734,0.8766772331767615,0.6175720568680321,0.9049318699360793,0.9152172983140437,0.7328257809837849,0.8481493613244464,-0.9443918477670281
1937-11-22,-0.9816224154800748,0.9683299610472024,-1,-0.09136068978717649,-0.9452920061702693,1,1,-0.8946457191157479,1,-0.00404687439527418,0.05164160711062249,-0.9166808953405008,-0.9746836502985046,0.9333693374878407,-1,0.8837026005586762,1,0.003168279858179024,-0.985994523490857,0.005829387654732399,-0.9040090601746031,-0.2321371837251862,-0.7467180420441322,0.8937656450061416,0.6229331678254358,0.8695081478360315,0.8813129765304968,0.7489012485942448,0.8424490445759876,-0.8303472195552587
1937-11-23,-0.0868026872867832,0.023036083148393782,-0.02988418396828818,0.8773315355992245,-1,1,0.10075518302071673,0.043741065504430354,0.03437126874058549,0.9319506356898559,-0.9033784384395392,-1,0.020525656066676556,1,-1,1,0.0162520455951346,-0.910283906479779,-1,0.9935823117157525,-0.9859438038493303,-0.2305140081333532,-0.7116785228173357,0.9530621454125378,0.5380613507249918,0.8892654159386747,0.9203780411094091,0.799675629036245,0.858125912911834,-0.8224498444066255
1937-12-03,-1,-0.9032518125357724,0.9162159386779983,-0.04292604536142364,-1,0.027146601915120083,1,0.9989830559994115,1,-0.0016615678785452115,0.07701443204902314,-1,1,0.03747616514850538,-1,0.00323617731388659,-0.9229575896377685,-0.011098241788795482,-1,1,-1,-0.2542149184763269,-0.728212459541865,0.9767525712345572,0.5382384646859846,0.7736823748602125,0.9911350384489812,0.7577630654379818,0.8751667142679991,-0.824640181229846
1937-12-04,-0.029258244202879813,-1,1,0.9296744881586719,-0.01925014393602764,1,0.011299932919631717,1,1,-0.9822947996257485,1,-1,0.010018667836289574,0.9850077963232569,-1,-0.9317603785515566,0.04898599990532748,0.9708272902786382,-0.03513400886849927,0.002517074849723744,-1,-0.27475593346997895,-0.8297766084668704,0.9531962377029403,0.48044825108897293,0.7155503370224308,0.9857782168871494,0.6984123438452613,0.9163942100297198,-0.8571701314374918
1937-12-05,-1,-1,0.03191279102674349,1,-1,1,-0.9764461866264359,1,1,-1,1,-1,0.8837612185737717,0.0026648205834625127,-1,-1,1,0.009645559751229937,-1,-0.9817114673055027,-1,-0.3263466169361926,-0.8055014255108136,0.9232341756779431,0.52837336164873006,0.67050815102635,0.9931190205265757,0.7185728322823632,0.9726852412602841,-0.9013173893719083
1937-12-08,-0.03587112267624193,-1,-0.918743907534986,1,-1,0.04673579235661274,-0.003752257672299808,0.024173580248529003,1,-1,1,-0.0654204650679655,-0.03687828106193769,-0.9708024534627788,-1,-0.02829606643340754,1,-0.9653196217900107,-1,-0.07931398992826022,-0.9744639606489938,-0.3456725296763496,-0.8608279374858744,1,0.570139213228798,0.6319651598297112,1,0.671440022458156,1,-0.8938092464079455
1937-12-10,-0.9927123242813515,-1,-1,1,-1,1,-0.9892843106837272,0.9819148909614859,1,-0.0054392559127277584,1,0.9092239778419005,-0.9383324564960919,-0.02810416967564011,-1,-1,0.01796804126691931,-0.004348867283294311,-1,0.9096215489965738,-1,-0.28152082545043106,-0.8961352976199892,1,0.5529307914128881,0.6157139550870311,0.8987170666072389,0.6772772899907787,0.9465893803827374,-0.8352592164000376
1937-12-18,-0.051634258580751435,-1,-0.016985222201666983,0.027059282572204024,-1,0.04588379192718817,-1,-0.005030594300086677,0.07282293766548076,-0.9585631205828699,0.002779636246780348,0.024357749892178426,-1,-0.9887019492363719,-1,-0.09073365713796067,1,0.983775989067253,-0.024532774122882572,1,-1,-0.2145409332003529,-0.8984261276753801,0.9605762820607043,0.568535876842805,0.583644774471196,0.856896540724689,0.7005872486163407,0.847685507575827,-0.8302812607727388
1937-12-19,-1,-0.08921914171043444,-0.9482676381253633,-0.874453228936598,-1,-0.9433373570903304,-0.017451229483832154,-0.9916724343321464,0.9936456997241299,-1,0.9495937790237635,-0.9497200517298826,-1,-8.942850838226102e-4,-1,-1,1,-0.0062641433062815555,-1,0.034812349841293,-0.9734289021036295,-0.25265314623152585,-0.9762435696785916,0.8878976451686205,0.6271841435651843,0.5133733019150908,0.8320045352819235,0.7999928139034904,0.790433118426371,-0.821796378013556
1937-12-21,-0.019233204022345296,-1,-0.014831904165087173,-1,-0.011646735219067783,-1,0.9405783380308996,-1,1,-0.02466743260840909,-0.03680276091150747,-0.025338388802057188,-0.013027317926035065,-0.8632111515694193,-1,-1,1,-0.9625633523835707,-1,1,-0.9856187652861407,-0.1963746206346605,-0.9033619150933051,0.9146298123917198,0.6746925808899014,0.4707313021979445,0.8596347279750512,0.8223029463788247,0.8341542479187543,-0.8667474072226482
1937-12-29,0.9375235543703562,-0.11055832473669869,0.9022443928946228,-0.09706233931660169,-0.9939366091056345,-0.0595699005243191,1,-0.011389075473708044,0.05343819545610884,0.956260678574136,0.9128297101260829,0.900423916046779,0.9178834126847137,0.081250696582158,-1,-0.08502887711746565,0.04237002911186105,-1,-0.09019641998224781,1,-0.9658906145137357,-0.16654437668104888,-0.9216194594473733,0.8816487150389036,0.6983907699408054,0.41057187030979936,0.9644125334212879,0.7976734472058418,0.7491354156481118,-0.9080598463666806
1937-12-31,1,-1,-0.07853134779855109,0.8449512781666771,-1,-1,1,0.9827736230433378,-0.9249480343424924,0.010515495959074084,1,1,-0.028856660780248844,-0.9050615123976997,-0.08045672334394205,0.8718828604992963,1,-0.07278835038342657,0.8817271129098531,0.04852386713259005,-0.932713500562818,-0.07873539136956338,-0.8573018680952172,0.8380289440468613,0.6241246848775537,0.4380723264158475,1,0.7830507894224815,0.7638279714742879,-0.9883621466266206
1938-01-01,1,-1,0.8806086926637104,1,-1,-0.0662934445726231,0.04992632682797493,0.0027302398430095742,0.05268862666093155,-0.9866239340712716,1,1,-0.9818155812155502,-1,-1,1,0.05634486898535995,0.8742336982023545,1,-0.91608748588162,-0.9533755859533203,-0.04379362545428504,-0.8159338962607434,0.8556625415361613,0.6739275610829155,0.4919365240257571,1,0.766898721359861,0.8087600040032942,-0.9476598836668946
1938-01-02,0.0015772284919228774,-0.0038896336670172227,1,1,-0.027661080684297512,0.8791181565570703,-0.8785439634931302,0.9907062210713139,1,-1,1,0.013492074188895975,-0.012210910315082035,-1,-1,1,-0.8939394405443212,1,1,-1,-0.8832642890181431,0.02608868915849953,-0.8365229039618876,0.7863013042713718,0.6317075313378183,0.4412382812060364,1,0.8063616769151217,0.8007401794582839,-1
1938-01-07,0.9975416843830771,-0.9309999647731549,1,0.02486439020515796,0.954465088948985,1,-1,1,1,-1,0.03211510013080676,-0.9184236451201149,-0.9456866369723492,-0.03149224055448652,-0.031875390068941134,1,0.09549621449089851,0.07539072384635026,1,-0.013028577109878148,-0.9093349987448638,0.016621747896964245,-0.827543337536845,0.7654110841272845,0.5926864314254987,0.46719461125009437,0.9713795116424709,0.7457063107378263,0.8564602394382215,-0.9692218206061511
1938-01-08,0.017953829636177532,-1,1,-0.9178831949786712,1,0.021214682718524558,-0.06393459689818148,1,1,-1,1,-1,-1,-1,0.9254103451982596,0.020653868870272096,-0.8758014782746444,1,0.08076200653686161,0.9468932301568656,-0.9188828124337106,0.05464862546775062,-0.7926814093465965,0.7828723642225783,0.5732381807740106,0.4344802066914786,0.9903631711262321,0.7704250727904537,0.8909468359326486,-0.9694533707807138
1938-01-09,0.9498220482664064,-1,1,0.07309904294989822,0.012667335148598413,-0.9613358205812444,0.8565949755898739,1,0.045015826859607144,-1,1,-1,-0.018940018371841005,-1,1,-0.9278139253154976,0.10583203597080004,0.022690219057840855,1,1,-1,0.10686693554591432,-0.7443925974517929,0.7934106190700866,0.570656962700363,0.49674376229231076,0.9914399985712465,0.746037788944862,0.885462197349737,-0.9528524162065742
1938-01-12,0.00560908526376358,-0.02001311691904495,0.05977936686836116,0.9244607893319607,0.9872808710831875,-0.012624328639825766,-0.11352961421001617,1,-0.8944394356265744,-0.031101219198425012,1,-0.06869287983926564,0.9807001369381133,-1,1,-1,-0.8139063392333346,-0.9403548945753146,1,1,-1,0.08976471229985897,-0.7102230043449708,0.8120541951206907,0.5930676528387723,0.5530120670051956,1,0.6542787022713221,0.9197085082606095,-0.9241157359314063
1938-01-14,-0.9736287545640355,0.8961646467215303,-0.8735555226668943,1,1,0.9797583127241741,-1,0.059285922560040505,-1,0.892562658242668,1,0.886851119076875,1,-0.07083743901128192,1,-0.05146758912682414,-1,-1,0.0055673037508439105,1,-0.9287507151110073,0.0850953299766394,-0.5833467575118774,0.8153154666155428,0.6610005287881502,0.5672764890770629,1,0.6254720827494289,0.8347225033801342,-0.9328583620804975
1938-01-15,-0.060114083096249105,-0.08411948446009465,0.07219549118249069,0.020428942576452336,1,-1.6483902517760995e-4,-5.231817710934505e-4,1,-1,1,1,-0.09935708741180194,0.054699525814947636,-1,0.05792898181427475,-0.996890177605132,-1,-0.017759271556459955,0.978136109106557,0.08985022803980858,-0.887615990256376,0.07754400529845318,-0.5738645304835114,0.8581601001156629,0.6626733415149012,0.6154234699241461,1,0.7204733849356625,0.849292895711747,-0.9085682474174661
1938-01-16,-1,0.8465588803494707,1,-0.9087420122585348,0.028112219605556765,0.98782501143335,0.9573586597501808,0.0611849230569107,-1,1,1,0.8351489798130193,1,-1,1,-0.051617267654215815,-1,-0.986175381196878,0.03300846498163634,1,-0.8854611090176402,0.06097066262740872,-0.6062258397631619,0.8571100429176115,0.6633859570147033,0.6430136438883676,1,0.660736249514477,0.8529618218028181,-0.9907338015671463
1938-01-22,-1,-0.15192308264771437,0.05978680448632545,0.06281707127896774,0.9689119969151934,0.02181049578218308,0.004437331077771112,-0.9114075569699496,-1,0.024899673342362538,0.030688100609339353,-0.10200330808999747,1,-0.06923957683933923,0.019191865781365114,0.9252120319715912,-0.05525531291578867,-0.01529494824836708,-0.9160562128371229,0.05969732620998347,-0.8350586006889531,0.11700015588526334,-0.6457766816125337,0.8059773387513125,0.6437917680223026,0.5931921100084161,0.9308866945312834,0.7261877873839742,0.8572876743190954,-0.9933134509004903
1938-01-23,-1,0.7873196550652678,1,-0.8935257914523913,-0.003085395525155965,-0.9044207664838473,0.9522906854903588,-1,-0.0069366880423595845,-0.9639420847756087,-0.9155792784309496,-1,1,-1,0.9854780831006303,1,0.9075958003680846,-0.9888433560689454,0.013461959086965347,-0.8930095198229709,-0.7959160744498814,0.05815307687481002,-0.691967610206308,0.8668641918592503,0.5704356679665646,0.620617855797314,0.8887396251759881,0.6470198241074047,0.8811493106694515,-1
1938-01-28,-0.0508177119712685,-0.15749476819587782,0.03558912431250738,-1,0.8997139647886166,-1,0.03101998850961296,-1,-0.9001984300938495,-1,0.08152763418983566,-1,1,-0.03932377184901559,0.07353979875832584,0.06337230442552366,1,0.009508560532661914,1,0.09319648681754289,-0.8245357542862473,0.08271381634006698,-0.76519189404031,0.9042564776062594,0.618167288530395,0.6828352022928623,0.9171797485543036,0.641838649891937,0.8589649457615548,-1
1938-01-29,0.9412545203027406,0.8405333450711671,1,-1,1,-1,0.9801717868056767,-1,-1,-1,-0.8737131956748462,-1,0.0760306914730774,-1,1,-0.8857026953417882,1,-0.9730808249547709,1,-0.8655888877225892,-1,1,0.18733318374135788,-0.06901437425174817,-0.3453297119951504,1,1,-0.3439411418803553,-0.09203399231084575,-1
1938-01-30,0.027924050345946694,-0.13520052382495495,0.04956436926711438,-1,1,-1,1,-0.03512185528130851,-1,-1,-1,-1,-0.8817186974326527,-0.03550557800767562,0.04115132725377857,0.09588398377392382,0.05081734204930621,-1,1,0.05144044288832372,-0.056481683156117235,1,-0.792173461463641,0.9224782752966085,0.6359050285259638,0.07301546973268347,0.030959449511375192,-1,0.820882747986321,-0.07240580372164407
1938-02-04,-0.9175106146308863,0.7883404095220161,1,-1,0.02719135663423311,-0.023508235927612642,0.0061482972603670305,0.9303999174961699,-0.12406820419089204,-0.007066455802457461,-1,-0.011361464619797257,-1,-0.9960018504570222,0.9895541500213179,1,-0.8990593513388462,-0.01824753133199397,1,1,0.8827100897223227,1,0.13681762772595607,-0.021208881463262497,-0.3571744013848758,-0.8446754227679577,0.9776325647102818,-0.004848249989663045,1,-1
1938-02-05,0.04610318646063882,-0.18010681808181317,0.1629595157030319,-0.020234154187224185,-0.9216410616541948,0.9487968753702846,-0.9105499879687341,0.0032866663428940956,-1,-0.9171474455360742,-1,0.8960443619058431,-0.018182717331848286,-1,0.016905936326290893,1,-1,-1,0.037596244667378764,0.042450032399917514,1,0.019867865968874687,-0.8193320652426715,-0.9564221475662104,-1,-1,0.04480808502132272,0.9281099997540994,0.08227661280744081,-1
1938-02-09,-0.9093742192915155,0.8167343049361229,1,0.9589939432190014,-1,-0.04624199361870618,-1,-0.996270293898875,-0.04981004728533056,-1,-0.12992197504657244,-0.08290390031391437,-0.9929000631766292,-0.14109659838203747,-0.9549878009812447,0.04038260795449966,-1,-0.013916610625053005,1,-0.876724284686644,1,-0.8646121228521595,0.12355954551535231,-0.04060968051521663,-1,-1,-0.9229193570788258,-0.04653340074936363,1,-1
1938-02-12,0.05801414470164523,1,0.06887646616821175,1,-0.09014159790903142,0.9403100879972421,-0.03855349865176949,-1,0.8442794911156998,-0.020992991500808467,-1,-1,-1,0.8400301180479508,0.04252608544207592,1,-0.003424007623683556,0.9828371493984484,0.004720261140777282,-1,0.06110514650988985,-1,-0.8583685993318292,-0.9657448532933329,-0.026884790616519716,-1,0.05510150739343145,0.8796198587992813,1,-0.04827383146746156
1938-02-13,1,1,1,1,0.8683310401843228,1,0.9164634056201547,-1,-0.15289411767838768,0.9747300553021063,-1,-1,-1,-0.14031280493486686,-0.8866686104256454,1,-0.9643849993652719,-0.011756417484400483,0.9828108561622668,-0.0450388675133907,0.9534778668450695,-1,0.11501292880457503,-1,-0.9845508781802776,-1,-0.8274621582530786,1,1,-1
1938-02-15,0.026614694812422623,0.07478034161640934,0.0937457092513958,1,-0.12524247532992416,1,-0.005744644531732401,-1,-1,-0.007949448971955597,-0.019133189080220214,-0.05821399810154737,-0.06732215613491799,-1,-1,0.003476955726783193,-0.004058617710853363,0.9257151020456534,0.05515311394510314,-1,-0.008323203921148825,-0.06912832992348761,1,-0.027857061693963847,-0.027903686466470234,-1,-1,1,1,-1
1938-02-18,-0.9262435287326729,-0.9045552784967426,-0.9052631989124253,1,0.7942156632782744,1,0.9316825222043095,-1,-1,0.9726460726237789,0.963785779420177,0.8759399023019606,-0.9932872683672738,-1,-1,0.955553899755013,0.9619795639113946,1,1,-0.03440045626588062,-0.9929645325066879,0.9110305009019385,1,0.9451369257411938,-1,-0.02589311267948824,-1,1,0.037684517256368344,-0.013905008533046104
1938-02-19,-1,0.016523541619898774,-1,1,1,1,1,-0.042174466116154385,-0.0033813353680989255,0.026305042649543364,1,-0.11909065318429601,-0.05680434076077212,-0.00889777624225685,-1,-0.034235223002158865,-0.006953434164581274,0.06929832963180083,1,0.9579770013210724,-0.0037998655907058865,1,1,-0.033988454289987646,-1,-0.9112175915338868,-0.06396464499592991,0.01866707887474217,-0.9558632637686023,-0.9545056851165226
1938-02-26,-0.0289926888213472,-0.9213886000211274,-1,1,1,1,1,-1,0.9965282247914391,1,1,-1,-1,-1,-1,0.9367394927948139,-0.9980661147570549,-0.9188534727792828,0.039156955247204084,1,-0.9394249598016472,0.04391987315334567,0.04224901896679778,-1,-1,0.08365211315015009,-1,-0.9536098606572089,0.03969074774893866,-1
1938-02-27,0.9397379267859078,0.035440707982139386,-1,1,1,1,0.0100772991377589,-1,1,0.024053100480913803,0.043448392639747535,-1,-0.009170472969230126,-1,-0.08903525234780119,1.7708935681137739e-4,-1,0.06346860943977717,0.9504547623357119,1,-0.8725415925723992,0.08480417295959025,0.07721147913398857,-0.9652816569884783,-0.9700874072126715,-0.02694399128617822,-0.9521099459123122,-0.9395875386068037,0.09077374236804425,-1
1938-03-06,-0.02601353312536292,0.965625603352609,-1,1,0.057686493997619714,0.06910612861468313,0.9926578118415331,-1,0.023363915922486433,-0.9619032339734392,-0.9555962044555326,-0.06495584705710744,0.9816070311620222,-1,-1,-0.9988218504625781,-1,-0.9068032254530781,1,1,-0.7777590306790224,-0.007198641744040751,0.11121955135037578,-0.9332762686039477,-0.8835496501975527,0.02667152898592666,-0.9909432968001219,-0.9141777133721752,0.10194183318292242,-0.9958644200500323
1938-03-14,-0.9681345509541895,1,-0.07111080956156823,0.022342925238323486,1,1,0.014045943915156789,-1,1,0.010005852965186413,-0.03983066710357486,0.9241021346726654,1,-0.06601197635929912,-0.05636030349030263,-0.03425379988075272,-1,-1,0.076197910660745,1,-0.7470634221184588,0.015383458470044128,0.0959074366075018,-0.9488275114132064,-0.9621174120292548,-0.0761670937187817,-0.974122912096908,-1,0.07349865431312558,-0.9574695758038031
1938-03-15,-1,0.012037383772688814,-1,0.8833244020923755,1,1,-0.947664645849642,-1,1,1,-1,-0.0652976081428982,0.005968044135410633,0.8925890591659419,0.8222452224814188,0.9010451578298453,-1,-1,-0.9142417229855295,1,-0.709369522887008,0.0484428555079577,0.128380563562764,-0.9314686379286131,-1,-0.07119879559793046,-0.982790094362375,-0.9859306745721269,0.1629222090109803,-0.9161869543256523
1938-03-16,-0.03994374606513429,1,-1,-0.07283800277680619,1,1,0.026371810572538124,-7.53951250599183e-4,1,1,-1,-1,-0.9659566120675375,1,-0.14394327136275997,-0.08353553427770932,-0.060291703246395545,-0.06753587308600828,-1,1,-0.7774120805297249,0.07224070999372195,0.08817234535803595,-0.98199276418545145,-0.9802812615646821,-0.0037380134397261566,-0.913830629381917,-0.9664084055092284,0.1738131127169236,-1
1938-03-17,-1,1,-1,-1,0.028359328419638397,0.07692357226958402,-0.9527165274760615,-0.949990756694006,0.03217402511058831,1,-1,-0.017568387563963506,-0.11881167796631154,1,-1,-1,0.8433590300614342,0.9319594013483231,-1,1,-0.7062243916249016,0.1153150811487261,0.15762230238885455,-0.9566335938228473,-1,-0.04868006788222872,-0.8321141307710948,-0.9982930196852869,0.15675072379552593,-1
1938-03-22,-1,1,-1,-1,-0.9428037754021477,1,-1,-0.012090486582903015,-0.9209922061603019,0.008722986133922417,-0.012672464049292231,-1,0.8393652268378434,0.013190156862793123,-1,-1,-0.13728789545605036,-0.007650957449561235,-0.008115090734722274,1,-0.725312982004059,0.1617306468567034,0.18702937483553875,-0.897420467508659,-1,0.05351013257122841,-0.8240456155163592,-0.9616687945137802,0.2039973714603708,-1
1938-03-23,-0.07890234065422941,0.009915614406825202,-1,-0.01865380475317513,-1,1,-0.0793452745848402,0.9251125233952734,0.062128660328881535,0.98143970633401445,-0.9780707642396667,-1,1,1,-0.06627046819227822,-1,0.8284003934987321,-0.8727082938976796,0.9873414580913605,0.02457683211963424,-0.6288240371904614,0.14957317375291526,0.21445797748754838,-0.9432722142058229,-0.9989501024013802,0.06870714994073487,-0.7942070042239819,-0.9619025737250142,0.14758932001787006,-1
1938-04-04,-1,0.9887339574724209,-0.04493336330180264,0.8847632092443907,-0.0836621848334409,1,-1,-0.007452853384495195,1,1,0.015207710266946672,-1,1,1,0.8456173914644658,-0.09874689662777736,1,-1,1,0.9432942552972339,-0.6467112209838479,0.14295003839608222,0.17799061486403955,-1,-1,0.10430371808631575,-0.8364240641605037,-0.95969632838702,0.22473902855935335,-0.9486959478845057
1938-04-06,-0.04819597039353707,1,-1,-0.07316534888713278,0.8973145804727567,0.0315980937263437,-1,-0.9659874893586848,1,1,-0.8762249192618594,-1,0.01569883554209872,0.0738455053014625,1,0.8607863932712291,0.006996414146015151,-0.009245665299999373,0.02673936008040645,1,-0.6243220812277249,0.14462187116355416,0.2792416407262466,-0.9001613015450439,-1,0.09536103619586227,-0.8723461714780822,-0.9828382121804049,0.19777631141470764,-0.8639322186853664
1938-04-09,0.936636375382721,0.005684253358508973,-1,-1,1,-0.9404139212244162,-1,0.027863578892188823,0.041853826146565076,1,0.07809070313496547,-0.005017943206840791,-0.9622019575030654,1,1,1,-0.983722199170151,0.9515257184422757,-0.9129235144647442,0.005426983138928199,-0.5958459249206407,0.19330130283093433,0.22826144671676588,-0.9277223539171368,-0.9024755852396652,0.16481951590999783,-0.8560460578344888,-1,0.25541681101964475,-0.8529324554895296
1938-04-10,1,-0.9568213530364017,-0.04114481344667842,-1,0.08396960685139465,-1,-0.08265443496522629,-0.938753810659955,0.9758542042581354,0.025732971874452115,1,-0.9573958205925162,-0.023508569827316195,1,1,0.0065002819110333565,-1,1,-1,0.9950299419969734,-0.5512023264118477,0.21521964565349558,0.24327739348509184,-0.8909259953865115,-0.9395255110204606,0.16103286814685167,-0.811646986393203,-0.9769568072928763,0.1860375054010169,-0.8677533136351625
1938-04-14,1,0.008425784233593858,0.94779910832214,-1,1,-0.011375968366872602,0.8908693617272335,-0.0027078458787702653,0.009329240001522243,0.9918509956189678,1,-1,0.9636591066169893,0.0695188987096077,1,0.9993026622809849,-0.0875409906963236,0.031673220245248435,-1,0.0033681464152868212,-0.582175398265914,0.2916444861782963,0.21671181081981256,-0.8890178312745656,-0.912815846033704,0.16026695000543,-0.8317396845499303,-0.9278574761268001,0.13366358538567913,-0.9228213945570394
1938-04-16,0.009445952554002823,0.9868621453406076,1,-0.03227326709850098,1,0.9812698012449429,-0.08746895715431324,0.997225476667382,0.9147899778978678,1,1,-1,-0.008346194123406314,-0.8861079802901931,0.048832908117493745,1,-1,-0.9290752467980017,-1,-0.9740989464912552,-0.6397465131332485,0.3401851375594156,0.226919120569384,-0.9183851525156238,-0.8793244035006592,0.2044225189750179,-0.8508062114274243,-0.9713078819752362,0.20179260859539885,-1
1938-04-19,1,1,1,-0.9668714884492458,1,0.023046316063149108,0.8463873933081413,0.05686075448122219,-0.06740920906185,1,1,-1,-0.9867274381516522,-1,1,1,-0.08387738864021488,-1,-0.05100035883013809,0.0033468292768401575,-0.6479598722396576,0.3578488747540245,0.237379326812466,-0.905462936180246,-0.8537003485670183,0.17898026273503564,-0.9115119229016133,-1,0.1496251615504498,-1
1938-04-26,0.029584205588594426,1,0.003366877555528558,-1,0.007672678133419986,0.9809431028299237,1,1,-1,1,0.11850025553776733,-0.09729910111293272,-1,-4.2042150758214714e-4,1,0.01608929878310017,0.8952150442960471,-0.05464165245599517,-1,-0.9758627025511887,-0.6003836177640058,0.437747033648266,0.24177267019133267,-0.9784592033190851,-0.8975321067996884,0.2168584815776583,-0.8915989429918906,-1,0.0679762061105043,-1
1938-05-01,1,0.06049061509547837,0.9853560423255715,-0.03489291617649459,0.9050117145714235,1,1,1,-1,0.008135242275171484,-0.8258474166400703,0.8286317344011972,-1,0.9995618712852404,0.021709154893001625,-0.9298284888580743,-0.09247041329876515,0.9150731692226631,-1,-1,-0.6345954781231247,0.423557245592314,0.20224452556458833,-1,-0.9232688409984402,0.23114430171835243,-0.8547702917436777,-0.9944177764716997,0.1484359360313806,-1
1938-05-07,1,0.9804172805442567,1,0.9432412462115745,1,0.08011518519206628,0.0444919746363599,1,-0.0421691893515872,-0.9468527313118061,-1,1,-0.010786431395020113,0.10190736237909714,0.9027016428653138,-1,0.8785691081477993,-0.07706129095106073,-1,-1,-0.6004414527400318,0.3929183818833342,0.1305890373197884,-1,-0.9100130807809478,0.2637135634265658,-0.861040111178946,-0.9503097083558746,0.07539356503547,-0.9324192327031862
1938-05-09,1,0.03008477596776593,0.05025034265652217,1,0.02303776775893296,1,-0.8996234964030454,0.06866843649737686,-1,-1,-0.04663506282214225,0.0562766925965863,0.9629367545726325,1,1,-0.043331328062408137,1,-1,-1,-1,-0.575618734106925,0.30653382821673486,0.13052568103828588,-0.9523689301299034,-0.9495164953956787,0.2353899199993325,-0.7908269096844697,-0.9493832468920205,0.06803418542843691,-0.8768922090591372
1938-05-10,0.005557831676330727,1,1,1,-0.9504059711973297,1,0.02783353077884121,1,-0.02882329505761283,-0.05087770256121471,-0.9919834009246726,1,1,1,0.06756262731767493,-0.971033718476785,0.005528896241594361,-1,-1,-1,-0.5918037708320999,0.24432985696467185,0.08259953559406888,-0.9673974260392825,-0.9409155813969577,0.19677258643582393,-0.8051700267994407,-0.943156169660156,0.03577992596104311,-0.9375658739737545
1938-05-17,0.9705188722860605,1,0.05608410608436887,1,-0.029294946773894326,0.012430454434695926,1,1,0.9526804495922743,-1,-1,1,0.052037432841478215,1,1,-0.02675964655779617,-0.9889222375835744,-1,-1,-1,-0.52395687153195,0.22912410514484724,-0.010467680312242128,-0.8530604359289139,-0.833314662065155,0.23973805760910966,-0.8278748721953849,-0.8660785074575957,-0.07820077206789139,-0.9328779576149715
1938-05-20,1,1,-0.9072860428597299,0.030650634803649046,-1,-0.9807841080592948,0.08356986431848623,0.04072041524450065,1,-1,-1,1,1,1,1,-0.9993621558353921,-1,-0.047762711202728014,-0.00545306512604582,-0.011139116488119494,-0.5556540128685147,0.1945357101700799,-0.027191452156487765,-0.8468564358411403,-0.8736812534475012,0.2524658925660237,-0.8916517973498461,-0.820489037066721,-0.1276270656192607,-0.8550733967041634
1938-05-22,0.02378871621557621,0.016556197595998134,-1,-0.9546561621847873,-0.029112064427325945,-1,-0.9093612033892183,-0.8978858517770568,1,-0.008183611099248145,-1,0.0036756016215261367,0.052958050724649874,1,0.0057578096012158575,-0.08404352546417682,-0.019677258813182275,-1,-0.965073251591454,-1,-0.49541817879414607,0.2342257619621988,-0.06118585903273489,-0.8597577856797173,-0.9410358017745356,0.2221367575554551,-0.8094113263807765,-0.7727492202983901,-0.16449587749582723,-0.9166694779251221
1938-05-24,-0.8973088897853615,0.9847166051797115,-1,0.02391914930635075,0.889868528768571,-1,0.08071424058162746,0.10015342974117314,1,0.9850852145866263,-0.011103291507793434,0.9802801438062875,-0.805220798465798,0.011901909841818714,-0.985872973802701,-1,0.963186113490021,-0.033837081104162614,0.02827521642217601,-0.04732499066589091,-0.4535263521766794,0.3092116483024883,-0.06943767205978121,-0.8688208760739397,-0.868048089502478,0.17671105989662467,-0.8693200339496039,-0.7297196201319514,-0.25988017509618494,-0.8917266679462764
1938-05-31,0.01267840084110372,9.525911896676176e-4,-0.003334719055971491,-0.9699228572192389,-0.09878500669814372,-1,-0.9086753635540874,1,0.0701050957586582,1,-0.998993946562027,1,0.15984962703223615,-0.8740504701348435,-1,-1,-0.0323752160253763,0.9655715451997706,-0.8651346158810803,-0.9107215031879866,-0.32032299399209596,0.2738415482687564,-0.17331125979353745,-0.9409296521385432,-0.9158983593699198,0.20516488950951062,-0.8291663027089584,-0.6837013652799544,-0.27488937423596665,-0.8971310604780208
1938-06-02,0.9966693347354207,0.9210672249829072,-0.8837422508420699,-0.10221822694446525,-1,-1,-1,1,1,0.006407333904126511,-0.04123652010067347,0.01819393557808824,-0.8026471835095703,0.12194773477864762,-0.04454228586331277,-1,0.957911262074316,0.020095694829609045,-1,-1,-0.3304015580483744,0.16447834483696672,-0.22604232627599882,-0.9237397341056478,-0.91705676926686,0.203332457786045,-0.7047402993452835,-0.7222563995045307,-0.1947382185175507,-0.8104630747641559
1938-06-15,1,1,0.11492360243234667,-1,-0.04847881870662063,-0.022475266332539157,-0.01206258689540085,1,0.03311285312463519,0.9342747894413642,0.9508371140758194,-0.9173912657386931,-1,1,-1,-0.08349224780564568,1,-0.8979941956297456,-0.07466579718449284,-0.08614890631212924,-0.3237789923094876,0.143472486882212,-0.211872144737167,-0.88598772396424,-0.9268730252821498,0.22295887128561903,-0.6174891408531081,-0.726131389907278,-0.12416873444303798,-0.8655566811930917
1938-06-25,0.03632844745565078,0.04468446094194933,-0.8147295668082662,-0.09427482181867908,-1,-1,-0.8481150485746144,0.050246061853482016,1,-0.06378799549077285,1,0.06655886136359068,-0.07887401259529525,0.024561979066485495,-1,-0.9656222876140466,1,-1,-1,-1,-0.3897103120743207,0.09972900048357405,-0.19421562046403687,-0.8400064029933351,-0.9728320762956395,0.1834498690875302,-0.7092091959776015,-0.6711471593426614,-0.06077297719883182,-0.800959987079987
1938-07-02,-0.9632701472347148,0.9776719187382267,0.18219812656812295,0.8796886375328735,-0.13059863531065175,-1,-1,1,1,-0.9596984467939851,0.0312336017613557,1,-1,0.9507562144695596,-1,-0.03777343218867446,1,-1,-1,-0.0357397618599703,-0.38053770153992583,0.026869475344812446,-0.2143260187894268,-0.9014510858612157,-0.9887028984586843,0.24545342590712604,-0.8101975563883181,-0.6315580880588016,-0.10133539412497419,-0.8395157474317404
1938-07-03,0.02537323704186012,-0.0031316730249139058,1,1,-1,-0.05687784052582068,-0.010460245513584154,1,1,-1,-0.9633537950126189,1,-1,0.022205603843653332,-0.026955241549712294,-0.9999106462477964,1,-1,-1,-1,-0.377720358873429,0.030836931349966366,-0.33838100221671047,-0.9217668232636221,-1,0.30870204628747133,-0.7254304474022487,-0.6934179185396611,-0.0677237320236713,-0.845485516806
1938-07-04,0.9830332372456492,-0.9697827870736968,1,1,-0.07072205334281889,0.91868487386389,-0.9792210482161529,0.035928263283484196,1,-0.05677540280133109,-0.0924455149924851,5.126082164164103e-5,-1,-0.9094150953280289,0.9384808682074219,-1,0.04671529126015572,-0.05370552678718865,-0.10754173683420809,-0.053902177609189805,-0.4429889252170787,0.017272961789996412,-0.45586320914899836,-0.9941781292170349,-0.9763192891107764,0.3051132957744439,-0.7583852630155559,-0.6442004344551518,-0.1815494573609398,-0.9032948273967355
1938-07-15,1,-1,0.0014498781243518222,0.0825044873412133,0.9114863229587374,-0.005589737156550978,-1,-0.9217476871178408,0.06325444489232512,-1,-1,0.9167931761779982,-0.012593710575625305,0.04000215978541943,1,-0.013048755150956048,-0.902315081802709,0.930431658049997,-1,-1,-0.4797857169120173,-0.011144188817718219,-0.5059748333160947,-0.9784175473090413,-0.9870661063637332,0.27132217740662357,-0.7905256142447435,-0.6744946907513294,-0.16382907497618301,-0.8745818963807281
1938-07-26,0.042802681015330024,-1,-0.9758054681211421,1,-0.05688432735977289,0.9646746274262815,-1,0.06407916063124308,-0.8734334354270055,-0.013325070772384984,-1,-0.08191605292687709,0.9739192157166835,0.9779133528476363,0.01183425692373774,0.9452894702240149,0.06850500501214529,1,-0.028870534976746853,-1,-0.3811402180073682,0.04960136717273612,-0.42711589856044285,-0.9949217576824357,-1,0.2665403960180759,-0.7882353607480926,-0.6979890420053754,-0.0932275673567486,-0.9198636185436498
1938-07-27,1,-1,0.010717117849646685,1,-1,0.007138402857037596,-0.08343959173085636,1,0.11812918997754795,-0.9390815177487033,-1,-1,1,1,0.9959340392049073,1,1,1,-0.9915201615817691,-0.037124783674765904,-0.443766681314929,0.017610983551612114,-0.43853377269175864,-0.9803992988460091,-0.9499036286527179,0.2729491572309689,-0.8312444579396416,-0.6806282677748376,-0.1362258959517682,-0.7842390895714072
1938-07-28,1,-1,-0.9275294475548546,1,-0.08487957224186715,-0.905012914494493,-1,1,-0.8074303854628139,-1,-1,-1,0.035169208894380466,1,1,1,1,1,-0.11564021395042678,-1,-0.4706818667470365,0.014388657740305236,-0.4999882488787094,-0.9435446586454902,-0.9368317859134995,0.2814861914623113,-0.8654426715147219,-0.7186680336742572,-0.020509495524714705,-0.7543093673622164
1938-07-31,1,-1,0.04490497612750566,1,0.8932025486472261,-1,-1,1,-1,-0.08792060416830938,-0.0065613735814112895,-0.039069405478897146,1,1,0.15720033199091576,0.0042315054101261795,1,0.13281019399677252,-1,-1,-0.3923271184030661,0.06660679702064784,-0.5445123088959852,-0.9606856536324783,-0.8723134619998871,0.3025013829057857,-0.9093981420922741,-0.7188925715739272,0.01851184140111667,-0.7408228716121098
1938-08-06,0.05199286570651185,-0.019621391380932995,0.9958892489839591,0.024516080810918495,1,-0.03399853870506786,-0.0385912641536994,0.011757167725889195,-0.012849992733178994,0.8041321577520676,0.9614106448513159,-0.973932062254687,1,1,-0.705005422617711,-0.8806491130563266,0.03527054296404808,1,-1,-1,-0.3881981251575603,0.059392427173666586,-0.5769039018732273,-1,-0.8588719151478728,0.3010230353830909,-0.9219766567676476,-0.6767695867828878,-0.03206105555146206,-0.7336559220453709
1938-08-07,-0.9030246918994822,0.9304621253290081,1,1,1,-1,-1,-0.9258041181559361,-0.9698571294516934,1,-0.0071934103518461745,-1,0.10091011389300275,0.03624899146046878,0.16889765414640878,-1,-0.8700678507538065,0.02524755935428724,-0.05318065329723409,-0.03015184461954934,-0.3443225177650456,-0.009915786840539169,-0.6435135436301875,-1,-0.8930656764209727,0.21540547224404094,-0.9865055814450092,-0.631909070782912,-0.02139421095051479,-0.7860937661402658
1938-08-14,-1,1,1,1,1,-1,-1,0.05566408371360587,-0.015221889174223402,1,-0.979207769697809,-1,-0.8500063309097814,-0.9276155177137625,-0.759116550966936,-1,-1,-0.9200022469177718,0.8701086198386622,-0.9585656985522858,-0.32234453327730717,0.057167639347865236,-0.6558965700213606,-1,-0.9066649687167052,0.24931070617390777,-0.9479712318258503,-0.6127908272483351,-0.06864101792507613,-0.8015273013373819
1938-08-20,-0.022558248506983847,1,1,1,0.03286676674158384,-1,-1,0.9571920121698269,0.9376437841063582,1,-0.00423807139623833,-0.016678753357964093,0.14282042695369546,-1,0.1650670605980008,-0.004193835671715829,-1,-1,1,0.03599109151846969,-0.31069939084086273,0.15224567347850562,-0.6143970446047463,-1,-0.9490756862467191,0.32894864811611685,-0.9441245664460004,-0.6078554215441615,-0.10258650515775998,-0.7085347059774791
1938-08-22,0.9471334404721522,1,0.03939351918263412,1,1,-0.0654715938606546,-0.051401911673547906,1,1,0.06854027874021096,-0.9515682054748619,0.9296239241389348,-0.851957940229153,-0.014680109621500903,-0.8175025015246926,-0.9442798888584552,-0.029861139187791652,-0.07580467472252106,1,-0.9015834657629472,-0.31496878568403214,0.13549326576273107,-0.6760808805653223,-1,-0.9491909265542129,0.3582895331034963,-0.9368773646062873,-0.6224311213983873,-0.11445889110273183,-0.7159226464513985
1938-08-24,1,1,-0.956200430630664,1,1,0.9154417156457366,-1,1,0.023095351202108816,-0.9126257439159123,-0.004004777187247233,0.011707109351461131,0.03660267859630206,-0.9354258553751298,0.1549163524419298,-1,0.9323909627963077,-1,0.053751452619289264,0.08565409527826295,-0.2678810503724989,0.09011552914838122,-0.7344569376838512,-1,-0.9919973520968409,0.341670366857923,-0.8996045530299959,-0.61034812720595,-0.19186160920329204,-0.7369228418033685
1938-08-28,0.033136162062659125,0.029603199189649265,-1,0.047455001896934856,0.006240315562744181,0.017335446351259165,-1,1,0.9645790837561666,-1,0.9836421239644739,0.9728095569840011,-0.9290525197679228,-1,1,-0.15417016280852847,-0.041570935086902794,-0.03316190296152621,-0.8784916231925723,1,-0.27988422878106967,0.09326807721013072,-0.6563561989011288,-1,-0.9525572182434927,0.34249654959616554,-0.8439456729087517,-0.5473506686034362,-0.21890433252699631,-0.6765796322547399
1938-08-29,-0.928782860917935,1,-1,-0.9475528441022805,-0.9731711833737091,-0.9145564715245607,-1,1,0.04347302155243293,-0.057092274544535804,1,1,-1,-1,1,0.7560710729447958,0.9470224989778987,-1,-1,0.024230979625803117,-0.2146155463821601,0.1487466326218331,-0.7175295333389666,-0.9605683513837774,-0.985896637060042,0.27712061193219506,-0.8999496574385377,-0.5384773888960414,-0.30298227768361935,-0.7668174537610941
1938-08-30,-1,0.044808556931626775,-1,0.005315522305842424,-0.005474792243604032,0.05129303104056826,-1,0.10731358260765567,-0.9241344416238569,-1,1,0.04164716951072167,-0.057070361719327,-1,1,-0.18562823743851609,-0.044755599482375286,-0.09461555186172699,-1,-0.8872159063777347,-0.26945467123916506,0.09522162443174118,-0.7253683425117842,-0.9430882469164394,-0.9546906570834206,0.19088917968566418,-0.9470127754080977,-0.5050758832246778,-0.2998759672551041,-0.7309882175797799
1938-08-31,-1,0.9028402719669268,-0.006683834101580022,-0.9934453691303289,0.9584025689266509,0.9845488035210335,-1,-0.8176751473449876,0.06762654003243818,-1,1.689413144724261e-4,1,-1,-1,1,-1,-1,0.8851611036772525,-0.028329670840750443,0.10918722912625667,-0.3044764304488418,0.04845904768272286,-0.7645939210211643,-0.9125583941678859,-0.9751404992582503,0.08555049066784545,-0.8968082811826317,-0.5057867630563664,-0.2851737113541762,-0.7771356436876778
1938-09-04,-1,1,0.9457303173274486,-1,-0.0380566441261202,0.0812017484914096,-0.08084175742631561,-1,-0.8883299297726271,-0.008248445137940874,-0.9467714030565759,1,-0.015077602200612827,-1,1,-0.0072582453468961194,-1,-0.055991945160852374,0.9140875208657979,-0.8527742264011291,-1,-0.9250287701573097,0.18314726996984787,0.08699465951349705,-1,-0.8903052475546642,-1,-1,0.6787410502717433,-1
1938-09-06,-1,0.016868984833247613,1,-1,-0.9529079630521458,1,0.8844853347623776,-1,-1,-0.9933271257302067,0.028883433260646352,0.027857994066518232,0.9682408081070264,-0.05043760345153925,0.0027930549043135855,-0.9918167384411887,-5.460480165637716e-4,0.866710107353871,-0.03522227044594883,-1,-1,0.04601884320056937,-0.7890912846819321,-0.9063625894055024,-1,-1,-1,-1,-0.27067004388203675,-1
1938-09-10,-1,-0.9557698361700012,0.032651225408105056,-1,0.01711777516733204,0.0027434075992744944,-0.08963334337485285,-0.025140482333893877,-0.013949457332538384,-1,-0.9439152800265395,1,0.020314656511722262,0.8962140553653142,-0.9793130024236553,-0.06268250620593407,0.9656972397312967,-0.12810644952348138,0.9296546539793566,-1,-1,-0.9482747944518566,-1,-1,-1,-0.0910115631358166,-0.046679642196898574,-1,-1,-0.04647327180601557
1938-09-14,-0.04636422965730591,-0.04183031130337245,-0.9567485492526339,-0.03838626311817306,-0.9091260498381333,0.9211142286970015,0.8972253817871524,-0.9550528917474118,0.967823719401496,-0.04381791790507661,-1,0.03996860330668983,-0.9790344078498574,-0.09829664196510435,0.014485721781393401,0.8803297153886315,1,-1,-0.02583308606941337,-0.0320846923001743,-1,-0.03898484452200701,-1,-0.001025490331555745,-1,-1,0.8920107068769216,-1,-1,-1
1938-09-22,0.8797299080757854,-1,0.031097431891204397,0.8638816525788605,-1,1,-0.061629138554355256,0.019119213261438728,1,0.9066092572370127,-1,1,-0.004909501317857723,0.8930173464570281,-0.9768325387003276,1,0.03315027060462139,-1,-0.9738217542393582,-0.982361329128072,-1,-1,-0.013214535706870478,0.938983858320416,-0.04866225646939204,-1,1,-1,-1,-0.11858675298796262
1938-10-16,1,-0.03144647422237101,-0.9109576107794968,-0.05022148453602315,-1,1,-0.9420981116790581,-0.9447237941234445,0.056504471605792306,0.007767124740986842,-1,1,-0.9930479137929098,-0.06348477070047487,-1,0.013382791759438795,-0.9071490402062752,-1,-1,-0.013030358717833757,-0.11298374943353617,-1,0.9611390586902268,1,0.8511136061312419,-0.10845244663066456,1,-1,-1,-0.9933363279523542
1938-10-22,1,-1,-1,-1,-1,0.054093031580445095,-1,0.042942575677840544,-0.8934405977636238,1,-1,1,-1,0.9069043016165004,-0.016428475013952726,0.9928783495299863,0.06160867699968153,-1,-0.020435299047801725,-1,0.8681182519247893,-1,-0.021738671301531398,0.04017997008693275,1,-1,0.0077115115880909135,-1,-1,0.0038128953141298716
1938-10-29,1,-1,-1,-0.040220396970167216,-1,-0.9457990215017279,-1,0.9480237884975453,-1,1,-1,1,-1,-0.0492552636797593,-0.9523578704162131,0.06604975178052463,-0.9302187686841913,-0.06957383804566053,-1,-0.06699190055723792,1,-0.035110001724231066,0.9773526917816081,-0.8961023537655857,0.0021143844379285515,-0.10654264592426299,-0.988812139309671,-0.06891466863447016,-0.02958319771735274,0.9951443124493093
1938-11-01,0.053537508858061966,-0.06766753891432353,-0.004257160485546585,0.9477625864457605,-0.001099061449220673,-1,-1,-0.006695514227132104,-0.07472759191585776,0.04631929405063573,-1,0.020243471216111253,-1,-1,-1,1,-1,0.8929840164739159,-1,-1,0.00792154440918491,-0.9738569236893221,1,0.06230820780320845,-0.9760606905862945,-1,-0.011327213588621543,0.9068468255681064,0.9376916534545832,0.020273340344837965
1938-11-04,1,-1,0.8686163501666875,-0.01530112424534702,-0.9780544565202992,-0.027907157799990978,-0.06551627907147783,0.9567567375544949,-0.9835993232032413,0.9827753629746644,-1,-0.932841121799799,-1,-0.08655646102949865,-0.004459025124306071,1,-0.018467225856386493,-0.016450637634945475,-1,-1,-0.9818075488210388,-1,0.0026227423531478555,0.9975085647119707,-1,-1,-0.9787806346689037,1,1,0.970975505903463
1938-11-19,1,-1,1,-0.966021218870171,-1,0.967209238890489,0.8726257733714241,-0.0054827048621651775,-0.03479787154378078,0.0671414782702835,-1,-1,-0.04821032840745598,0.8794489912772149,-0.9672385147689999,0.15276614299895785,0.9062711045461346,-0.9694690838989867,-1,-1,-1,-0.04606554505558591,-0.992500740742793,1,-1,-1,-1,1,1,0.009336512036676958
1938-11-26,1,-1,1,-0.017960446829668464,-0.007959300037510775,1,-0.07664171634083072,0.9815720504906232,0.9120780951249529,1,-0.030003654227750087,-1,-0.9839260400386639,-0.1118272480332081,0.023012501142931963,-0.8253396660018301,0.005451478272000765,-0.006653639997744265,-0.017636334263473552,-1,-1,-0.0886351814683779,-1,1,-1,-1,-1,0.9809220879851122,0.8820210050200326,0.016364991315903528
1938-11-27,1,-0.017659617283324325,0.07888144200261027,-0.9443134340809319,0.9616162515066818,1,-1,1,1,1,-1,-1,-0.074901827324597825,-1,-0.9593837387346479,0.13177525106369448,0.9494136458814255,-1,0.9298709728078594,-0.09237327408957186,-0.8721063263816876,-0.17016579157755343,-0.9770348359675052,1,-0.9276134848315554,-0.939068866795737,-1,1,0.9098306066419392,-0.0273767195132616
1938-12-10,1,-0.9843845319690466,-0.87722663796184,-1,1,1,-1,1,0.043558472137597226,1,-1,-1,-1,-0.06498797244705623,-1,1,0.02917379341001103,-1,1,0.879657738614533,-0.8281386191214045,-0.15412988466753935,-0.9744636701722807,0.959268751839387,-0.9387621897064427,-1,-0.9519398254373465,0.9753336362205953,0.9103266498930978,-0.045096175200459755
1938-12-11,0.0032637916981240744,-0.02373166618060607,0.08893500204702498,-0.010331691977016444,1,0.03153638379601509,-1,0.05937237524273453,-0.9560984686282686,0.03526223758289848,-0.003600817344081353,-1,-1,-1,-1,1,-0.9250929368911414,-1,0.024577365982727306,1,-0.8242046212932106,-0.2512040923495547,-1,0.9605848171142064,-0.8326718969014406,-0.9977343735249974,-0.9426434307193778,1,0.8847864419255128,-0.06222700019556415
1938-12-21,-0.9599837486688706,0.9351426058890887,-0.8893264316381095,0.9612720550822801,1,-0.9395106711090953,-0.06715193106054551,1,-1,1,0.8550921498979751,-1,-1,-0.022390196274197804,-0.010979336318921229,1,-1,-0.036687770580688284,-0.9071825756455947,1,-0.8166199929124764,-0.24817281276577785,-0.9478792658132972,0.9710730057245299,-0.7994365025334103,-1,-0.8826351414788437,1,0.8599027094073162,0.002954811426532325
1938-12-31,-0.01507558830343303,1,0.07229691397916604,1,1,-1,-1,1,-0.005639349059931131,1,1,-1,-1,-0.990577845436833,-0.9870853155402243,1,-0.027004228523769713,0.9554975132656593,-1,1,-0.7631201737898075,-0.14179416454886823,-0.9088592914145682,0.9501829109350419,-0.7089889875402189,-1,-0.8826094046305707,0.9734537056788383,0.8157702868179328,0.010538087930178993
1939-01-01,-0.9525039986859003,1,1,0.0336849796917188,1,-1,-1,1,-0.9836067412284347,1,1,-1,-1,-0.0711842323787697,-1,1,0.9332404893640946,1,-1,0.029837300382354215,-0.8014924441564824,-0.14793769864822778,-0.9298363770940091,0.992497187431916,-0.6593837334105536,-1,-0.9096364930950414,0.9810683491453631,0.8911925066637073,-0.013107413998162678
1939-01-07,-0.01656837311776238,0.04725372836108932,0.006030108032139658,-0.9492762307043032,0.06680497113666184,-0.01623332743421213,-0.005886254763924237,1,-1,0.06132016279929775,1,-0.0748307009154876,-1,-0.965774928179914,-1,0.06153823715918738,1,1,-0.03751697371267604,1,-0.7409142565484298,-0.1475264289206807,-0.9390990758508797,0.9786109466314998,-0.6908830630398943,-0.9483174690674318,-0.933565814049719,0.957693482585871,0.8140691131013996,0.04948791724282034
1939-01-08,0.9535995149381561,-0.8500661455202575,0.9489040493726687,0.00814497996415009,-0.8752131874526976,-1,-0.9765667728778537,1,-1,-0.9338987607011016,0.0016077049614471317,0.9162373387362333,-1,0.008794429250529645,-0.024655469557207654,-0.8656245695739996,1,1,0.9343671114327716,0.03834307855153829,-0.6701916668012162,-0.16667632806056445,-0.9860993236934049,0.8937090142419464,-0.7031305107133821,-0.9356357880756008,-1,0.914101695963651,0.8013241980714645,-0.056779238669836335
1939-01-13,1,0.1362512825643628,0.04240283718177673,0.9869578689823151,-1,-1,0.011846789671116964,0.014901159314700152,-1,0.057384220692325294,-0.9879994073764219,-0.05050160499924761,-1,0.9498149666885778,-1,-1,1,1,-0.027565370062617278,0.9746538264990442,-0.6263454745161225,-0.14941624018192534,-1,0.8487071703338933,-0.6915877659411721,-0.9478998187182135,-0.8965825107846921,0.9672903753887144,0.9160049528584024,-0.1066544655347014
1939-01-15,1,1,-0.9077421200738044,0.029667024187207014,-0.06611363921616609,-0.06484879795039622,0.9952106097977426,-0.9579818710877684,-1,1,-0.024532958479176137,0.9268856970259836,-0.012132506422163458,1,-3.3103641814280493e-4,-0.11443640244452713,1,1,-0.9659320210045653,1,-0.6471031331190851,-0.14259242568984293,-0.9533331047344146,0.8907631652136633,-0.6781070664019965,-0.9575025083961977,-0.9666042254890248,1,0.8614781512709281,-0.17291715812343042
1939-01-21,1,1,0.00982469443302425,0.9687350985939063,-1,-1,0.009485717490983592,-1,-1,1,-0.9557459524305008,-0.027718315249103953,0.9461407903643062,0.10640818270974739,0.9528728358228813,0.8268481035993595,1,0.09189649712007075,0.018564946466697485,1,-0.5871442883933887,-0.17841613558536112,-0.8623566243630535,0.8568548711262782,-0.7198658957805378,-0.9395772001006787,-0.8513363084208847,1,0.8383213122513025,-0.09744269145392112
1939-01-22,1,1,-0.9666654649909374,1,-0.039793463689509756,-0.037063390856508005,-0.9884396590925567,-0.013500321145620497,-0.05796978839051459,0.058761921393758465,-1,-0.9717609486158094,1,1,1,-0.06252352389386173,0.03497909595193849,1,-0.9789816889257952,0.04071051342767018,-0.49813187803124126,-0.2056447672574492,-0.8773629470792721,0.9017590796824997,-0.736146043075959,-0.9329071427581689,-0.8267997821509281,1,0.8176946221832714,-0.11943839730377491
1939-01-28,0.05359693548159494,0.04662133384899436,-1,0.005809092139236194,-0.9889957230252321,0.9408266607445519,-1,0.9285894429284806,-1,1,-1,0.004001532898782689,0.07683169000242873,0.016511239501507013,0.02698318311171244,-0.9897369966415452,1,0.08743943297239731,-1,-0.9377584829239648,-0.466321662013215,-0.24299910525364607,-0.7879492363509146,0.8995150136023191,-0.6839337857140526,-0.9330922702240232,-0.7510060148188192,0.9423491979276698,0.7814254757194768,-0.13889237892313916
1939-01-29,1,-0.9429119676236307,-0.011728218661363088,0.9369612158494655,-0.012620699212518738,1,-1,0.011753713095678853,-1,0.013218217088166173,-0.055471207976002024,-0.9667212466237344,-0.8932426217497281,-0.9411506445941371,-0.9003645652364509,-0.06020416633474379,1,-0.9036222528153464,-0.071219447697357,-1,-0.40435775373893446,-0.3300642831785304,-0.7824434358924685,0.8863555411455589,-0.7269496191289546,-0.9745534489702217,-0.6948315052966105,1,0.8323732193358155,-0.09187554859131197
1939-02-04,0.02902874584080517,-1,-0.9896635779265206,1,0.8930247036212503,1,-0.047889982532480446,0.9976280744486521,-1,0.9511729997473085,0.9185652704954127,-0.02132482984930839,0.06832822848836784,-1,-1,-1,1,0.06662260856449798,0.8266148063808614,-1,-0.45009969100795644,-0.29454457260141814,-0.8209740661332087,0.8156512959739871,-0.7952234375349049,-0.9941167624814561,-0.7115363485982398,1,0.821926236209337,-0.04351274339371172
1939-02-12,-0.9708247894711063,-1,-1,1,1,0.07015476682827038,0.9344632132264807,1,-1,-0.024584694412070007,1,-0.9459005652858037,0.9606636900285913,-0.11835764814972893,-1,-0.07373219004103493,1,-0.9194109651002286,-0.05207136374668975,-0.020291648734416134,-0.472196776619723,-0.2367340310309195,-0.832277097794967,0.7994543574666365,-0.8996099748757282,-0.9787164332804017,-0.7180018113547373,0.9906156921760665,0.7951620101157308,-0.13283301713226114
1939-02-18,-0.01514710314184009,-1,-0.039795825649470706,0.05956842035388932,1,-0.8794194327346188,-0.030799998227301284,0.024886839771322555,-0.0276128348389042,-0.9716123894792679,0.08459097889632239,-1,0.014979560067946207,0.8737856110871217,-1,-1,0.03384203391171792,0.07781035422354021,-1,0.9563451751921828,-0.5081868751888986,-0.2788182201586717,-0.8417038503448991,0.8233567646657542,-0.9298942572762258,-0.9638696719592584,-0.7532410614364169,1,0.7423789629248215,-0.14145803359218204
1939-02-22,-0.9098300039113849,-1,0.8887038717025565,-0.8893792795000236,1,0.07208478173524524,0.9201761953236164,-0.9535995309085028,0.9640775205212576,-1,-0.8590706183681003,-0.05069405294271945,0.9133341448189487,1,-1,-0.03377177380398311,-0.9460367045869811,1,-1,-0.02296789969658053,-0.5273365201461233,-0.22868571813523417,-0.8000975117639342,0.7585036596797167,-0.9195794261729556,-0.9828503091347002,-0.7723231252150726,0.9799607197659175,0.8149497984223653,-0.27370760350387324
1939-03-04,-1,-0.06341067321135174,1,-1,0.06120667860859763,-0.8878255129245616,-0.07783040740507807,0.035518860348368264,1,-1,-1,0.9353382891226703,1,1,-1,0.9429719319752923,-1,1,-0.13980246569350718,-1,-0.5940091933569858,-0.17041649289803376,-0.7680422431085612,0.6368471595981166,-0.9027571219765906,-1,-0.793565025142291,0.9779972734169257,0.8216500599745588,-0.31468992941136026
1939-03-05,-0.024797506558491333,0.9195553970332211,1,-1,0.9875759420756168,0.01962700546228846,0.8863556813081271,-0.9198167971600305,0.034840431501915514,-1,-0.02839861465316229,1,1,1,-0.02175088599028141,1,-0.0031630833873693698,0.04204052175166173,0.8379504236870776,-1,-0.484735879245352,-0.1973766891796661,-0.8294565727810383,0.5894878591546726,-0.927257200650569,-1,-0.7835452688197475,0.8763959164649668,0.8563351076437183,-0.3576522069633552
1939-03-18,-0.9735953116962681,-0.02142097247630992,0.13469402383148532,-1,1,-0.9131337776068786,1,0.06662178576831135,-0.8944002355574439,-0.04267342397600915,-1,1,0.05539860264077001,1,0.977915578681195,1,0.8914094745896973,-0.9295671208899472,1,-1,-0.49799324936866973,-0.2123226119651403,-0.7962628772005854,0.6463878330550002,-0.9122301546465118,-1,-0.8184665804648372,0.8651673971939295,0.857651927633235,-0.38130371703494526
1939-03-19,-0.002666100497561552,0.9350210072711301,1,-0.03603549618639734,0.012037968953748757,0.08364963944357884,1,-0.8966722793880915,0.03619215006822096,0.936878990081069,-0.04828580560686502,0.004182685097180228,1,0.1107814073140172,0.04465437449668852,1,0.0063792156974683545,-1,1,-1,-0.5118901988532899,-0.2193796663012642,-0.7743378358132924,0.5761664728784586,-0.9483014739841654,-0.959237393971566,-0.8082166649071232,0.8680965742113973,0.8094913108684365,-0.42904653345658705
1939-03-20,-0.9237685608948673,-0.04455737990840114,1,0.9107852095287736,-0.9698213795595972,1,0.09009538950079021,-1,1,1,-1,-0.9950306017412439,1,-0.8700778965144158,1,0.0033966714861900504,0.9934075975306659,-7.422345452088308e-4,0.06488233993701464,-1,-0.5590037840708402,-0.23499558041971774,-0.8167664590057302,0.5861213776347195,-0.9010481306120327,-0.8835551241915468,-0.802132632340966,0.8042737934647266,0.7522656099156574,-0.39545494069100157
1939-03-21,-1,0.9151804281666849,0.03387937890393955,-0.088835193759908,0.0010627912692365848,1,-0.891701306703847,-0.0360274941973302,0.016388256176290028,1,-1,-1,1,0.10364595946084265,0.0342332041715705,0.989826081556566,1,0.941323006937061,-0.9342395122108411,-0.07343148159860036,-0.5748396500229446,-0.24349173800023427,-0.8221293513062177,0.5789911817604663,-0.8756459295739738,-0.8158886031455163,-0.7819931985265998,0.8794428024017433,0.7294039760138239,-0.34015509290295304
1939-03-27,-1,1,1,0.9108199706427379,0.993026602701101,0.01850011515739336,-1,0.882406518887657,0.9883501066545821,1,-0.0066888655870895875,-0.013727972224882423,0.012765127098950946,-0.8172574917871019,-0.9436381356691512,1,1,-0.019591534247134668,-1,0.9005887062412279,-0.5631974022213244,-0.1685126040865486,-0.8127918217126874,0.5421887445832008,-0.8490261879699564,-0.8104104665175638,-0.7674557951353497,0.9927492065934714,0.6908063879054842,-0.3754132582349674
1939-03-28,-1,0.029431371679310092,0.0043072269286922316,-0.021752069620702197,0.0471157499441206,1,-0.03548477435263253,-0.1025415260684226,1,1,0.9522125345482351,0.9762587260841956,-0.9451183914310313,-1,0.030899604125461555,0.04544732371190263,0.021685345614008478,0.9700758553932962,-0.048636860735612686,1,-0.5501334924407077,-0.22983522431704523,-0.7936057750393118,0.6037291160035473,-0.8054027620688307,-0.8375015775026222,-0.7052572399892508,1,0.6583956168661584,-0.34764545095264526
1939-03-29,-1,-0.9272705457601975,0.950112681919098,-0.9537479029341523,1,0.001532233430433072,0.8412316681510991,-1,0.01099130562297379,8.128916392391439e-4,-0.0030215365132750804,1,-1,-0.03404573629107832,-0.9560040640742747,1,-0.9208809696817359,1,0.8806769882209233,0.007835838908339054,-0.49063789728011153,-0.16657801105637282,-0.81131699499399,0.5436551392961517,-0.8188021674311844,-0.8615788497702016,-0.7309866520991409,0.9954239971691476,0.6643529257317383,-0.3695906476179082
1939-04-01,-1,0.019622000171368614,1,-1,1,-0.9588930042230854,-0.10028659007018081,-1,1,-0.887217315647094,-0.9315493118688131,1,-1,-1,-1,1,-1,1,1,0.961188902262519,-0.3962594515517839,-0.13182711028009123,-0.8537826689328267,0.5698403959537777,-0.8112711549484247,-0.9070471509599018,-0.7483386701571589,0.9759214659691648,0.7433175266403884,-0.34900818505828546
1939-04-02,-0.010265056224664226,0.9995590369519683,1,-1,0.02830039405430429,0.04034254596173181,0.83743608578014606,-0.06203455874169783,1,-1,-1,0.04344442093616019,-0.0616831039403013,-0.03938128820664022,-0.07075280607227208,0.017771468364480847,-1,1,0.00919830315861292,1,-0.3920852709244314,-0.1995985693926452,-0.8154425337259342,0.6099489384094848,-0.9056458823720519,-0.8940606755803654,-0.742252834223829,0.9464287550077841,0.7415741724922199,-0.3496844332834057
1939-04-07,-0.9757262629575993,1,1,-1,-0.9243498328959247,1,-0.13311416854796565,0.9205117265267465,0.0233769490708593,-0.04021681844581848,-1,-0.902025266070742,-0.9961384810675051,-1,-1,-0.9706651921209194,-1,0.05019509186313553,0.9563664601866563,0.06915028195605699,-0.42500746045548066,-0.16592932647754605,-0.7813681130018841,0.5568598565984326,-0.8769132576630858,-0.9591666543364132,-0.696447639826811,0.9469194560814107,0.7832762058804796,-0.31199905707241626
1939-04-09,0.014268462350094824,0.005885904911553719,1,-0.03186949795232141,0.06626821168359276,1,0.8243477449219471,-0.0142008416671352,-0.9302539708792023,0.8859974083258858,-1,-1,-1,-0.0021375071019401615,-1,-1,-0.033835384277451586,-0.9424134129139656,1,-0.8589452710657135,-0.39073294491527455,-0.13367703300561423,-0.7536883450826762,0.6051513721789211,-0.9074619416194212,-0.9963618065906428,-0.6383482085264326,0.9666137870761206,0.7494154480676772,-0.2624518709072142
1939-04-22,-0.9523348125194993,0.9789022564449481,0.0738284570400094,0.8884458829931747,-0.8279076456619886,0.07522761075928597,1,0.9635506183014284,-1,1,-0.02165097042848463,-1,-0.07353992711520219,0.967560244945283,-0.04610877829388038,-0.05851230527588791,-1,0.04092397864474129,0.06659692295501862,0.13762661842479573,-0.3156741623829916,-0.20303073492704365,-0.747422259814076,0.5723462038719921,-0.8858677448359437,-0.9993408319894375,-0.7193939010785773,0.9157025383043123,0.7163871072509183,-0.2402197574061744
1939-04-24,-1,1,1,1,0.1172071177863766,1,1,1,-0.032569577636126223,1,0.9655869732779152,-0.05964982865901347,0.9006746575345971,0.047576940109087196,-0.9998422606350236,0.85128872119483745,-1,-0.9270156516805198,-0.9009616551729135,-0.7788661297718756,-0.3126802773267639,-0.20502183532696697,-0.7259899434691461,0.5740523694849228,-0.809983509324731,-0.9505782524532201,-0.6763208776547691,0.9407612995037866,0.7038742751537375,-0.3004087853694893
1939-05-21,-0.018035500576152663,0.0018325842414544935,0.08548445027758389,1,-0.8591479028479293,0.04569760935296452,1,0.0097631917180481809,-0.9838971305959621,0.002423464933954622,1,0.8922319275914216,-0.04795518128861065,0.9715013012128685,-0.04999648082646668,-0.14695853000297754,-1,0.06766017178055572,-1,0.1400533634882637,-0.2641946024987537,-0.2029511090195514,-0.714352024246248,0.5580066779741069,-0.7972204940539919,-1,-0.6973814755415757,1,0.6638669983678974,-0.2452377809375841
1939-05-27,-0.9332532045093815,-0.9803076356616598,1,1,0.13827320023498801,1,0.022532607556872586,0.9025378560836161,-1,0.928629613491884,1,1,0.9492172048322112,0.051678995920775184,0.9241587285841666,-1,-0.03692493988536627,1,-1,-0.8315942260049128,-0.14076144754564687,-0.23731848657514215,-0.6958949048837265,0.5731933663541939,-0.7766169032181364,-0.9372657696002167,-0.6754641233565879,0.9699035795361504,0.6202705825889894,-0.21810114421842136
1939-06-03,-1,0.007241844789472207,0.008561029275340415,0.015426360458834498,-0.8296754285613037,1,0.972808724630503,0.010232051819395682,-1,1,1,1,-0.034196884091437174,-0.9128869255765777,1,-1,0.9145035510963745,1,-0.055373073013881946,-1,-0.044557968802984516,-0.2811419498408853,-0.6751502707423371,0.5990537025270933,-0.7734563629774804,-0.9538432531791217,-0.705461481842648,0.9215135249708775,0.6476838084116266,-0.2675997788227068
1939-06-04,-1,-0.9300056912374466,-0.9791320240111737,-0.9739509300166953,-1,0.09842169452968452,1,-0.9611815809502775,-0.02152976966018194,1,1,1,0.8844458717524969,-1,0.035800017166053855,-0.05984342939712084,-0.052721318759042624,0.01907582165409827,0.9401216800110045,-0.08871873841099343,-0.05477817290376409,-0.33469084048682723,-0.6953627199070321,0.6692352325219767,-0.7320631616931261,-0.9482764119447773,-0.7183143963581482,0.9047551523082026,0.6293081229377792,-0.22974334339032348
1939-06-09,-0.013276108162845524,0.06608208028365792,-0.02631612964772645,-0.04027723526919624,-0.0019538214034483525,1,0.03344307495679377,0.005154786283616208,0.9642093477764282,1,0.0869680557127237,1,-0.1142232776805816,-0.0020913302604438355,0.998688766886529,0.9137184328967799,-0.9906947140426928,1,-0.05354711688472913,-1,-0.03295057153914563,-0.3544976913269407,-0.6012766291929108,0.6067378344230148,-0.7696706108153322,-0.9585880841706272,-0.7544694291471359,0.8905586479442399,0.652498527827817,-0.21716817638018288
1939-06-10,-0.9034477984266877,-0.8958765999117717,0.9074410163303659,-1,-0.964371682403361,1,0.9661296738329803,0.9385706640708283,1,1,-0.8944359542594225,0.08063257039218352,0.8602987538624269,-0.9999062638696355,0.018837181404292247,1,-0.0540914414883501,0.02087192565024265,-1,-1,0.005790848236720367,-0.2596372892012087,-0.547018211081805,0.6423517252560295,-0.7282248396180411,-0.9276311803727447,-0.7768442761702923,0.8619067571660202,0.6595964358848306,-0.19473389189580767
1939-06-17,0.08902015478858816,-1,0.03390350487173499,-0.021764953724444425,-1,1,0.030353143897807522,-0.023245175975505794,1,0.01677765182982638,-1,-0.8735311762253345,1,-1,0.9065051410955047,1,-0.9581101913579246,1,-0.03295110091880893,-1,0.04300860906454762,-0.2449065751124751,-0.5291060165597026,0.7007027709318367,-0.6550027176914545,-0.9846581558935957,-0.7378775879574101,0.9146567013340305,0.6927366582400964,-0.28124563136114
1939-06-18,-0.89394019701626,-0.01897319925431329,-0.8590459004053589,-0.955755461604197,-0.025246256144505264,0.059822961220971416,-0.9225300151214679,-1,1,0.9741647537892989,-0.10028371595520369,-1,1,-1,1,0.025474393899309278,-1,0.05998707955638616,0.9412958060815941,-0.018007718990970534,-0.0403901555917035,-0.2126093064874722,-0.6280279730274185,0.7350152958555451,-0.570383913591962,-0.9897068765118837,-0.7413168158385658,0.9057471272506646,0.7085935768568691,-0.3679292982875098
1939-06-23,-1,0.8776271128111892,0.11021549196647107,-1,-0.9825097920619874,-0.8349300683457999,-1,-1,1,1,-1,-1,1,-0.0876961371493189,1,-0.933685645194355,-1,1,1,-0.9598535450812274,0.027023238138986536,-0.18049928454218334,-0.680223430209812,0.7942692521519493,-0.5317425342662787,-0.971969597293523,-0.7662640661999203,0.8780672430556695,0.6928742558015614,-0.3228795680566624
1939-06-24,-1,-0.11404628515768456,1,-0.06048042265867293,-1,-1,-0.001668665563506866,-1,1,1,-0.05990567277350434,-0.006505266570422719,1,-1,0.156812722847821,-0.004850686972878715,-1,1,0.012108691282650574,-1,0.01482065799146029,-0.2917950810222634,-0.6677553142128422,0.8374393128393222,-0.6036932298429156,-0.9879002559747199,-0.7188059910664539,0.9549075835687624,0.7574394292073536,-0.27755965033010677
1939-07-05,-1,0.7999856171367811,0.01285236029419512,0.9218890985158241,-1,-0.07251099638711578,-0.9423005801327472,-1,1,1,-0.9398879966654502,0.9233581497849659,0.01925292482013785,-1,1,-0.9120318816438248,-1,1,-0.9231755421040071,-0.020336867638556466,0.037016384204224886,-0.1820871100558804,-0.6702885511256947,0.8318807154849928,-0.5086171458878135,-0.959619446961234,-0.7452378992153368,0.9475934363559719,0.8146990782988244,-0.263989703879286
1939-08-06,-1,-0.18964602578409262,-0.9821457768791122,1,-1,-1,0.03639605379504074,-0.034162920956151144,0.03490407430848852,0.011576673204098609,0.005562751442429348,1,1,-1,0.01943315432295256,0.06353324568731344,-1,1,0.0621903563166305,0.9538180378394938,0.05400962590005927,-0.06503569698260729,-0.6860750567380441,0.834885641389858,-0.47992748722476514,-0.973825958959805,-0.8222228839777395,1,0.8776522376295199,-0.21809999203839786
1939-09-22,-0.003789890389433115,0.7364193885523775,-0.06056633685708046,0.03783509498292148,-1,-0.003078546972780538,1,0.9369723258826788,0.9991766674455794,0.9420152678980537,0.9012323673523235,1,1,-0.05403273443704504,-0.9526761666045647,-0.8440278176071748,-0.09045185775375297,1,-0.8971986246300941,0.060596437878400966,1,0.8534568355609541,-1,-0.09121356637306055,-1,-0.047405128463377744,0.12177891419194209,1,1,0.7576735618018857
1939-09-23,0.9601167009777569,-0.22199171103790527,0.9082211662473505,1,-8.669707431070428e-4,-0.9515964122968257,0.005202930858886123,1,0.0031622792429213398,-0.05584767900636267,1,0.07490915662616793,0.007587951201787568,0.9260156730275132,0.01222224033361452,0.11714407843399599,-1,0.012132711461404044,-1,-0.9193631874376507,0.02890031814442362,1,-0.03000905385062347,-1,-0.020053915642120446,-0.963588475780386,-0.8291427140369982,1,1,-0.18677860094955911
1939-09-25,0.08423451096386592,0.7189513740933839,1,0.051682101062137664,0.9248835402059815,-0.0017895310298812195,0.9745461796764368,1,0.9850936215181251,0.8897563988402151,0.00901803408241586,-0.8948964892141748,0.999371136489465,1,-0.9553719023372329,-0.7781033032991859,-1,1,-1,-0.01228049846625312,1,0.02474243686942479,0.9551867395827621,-0.01231421904587049,0.9066711812509377,-1,-1,0.009821677939828022,0.04168765865465596,-1
1939-09-26,-0.882543355265259,-0.24797216699544933,1,0.948569564185506,-0.00621901889956511,0.897145320068522,1,1,1,1,-0.9379289520406299,-1,1,1,-1,-1,-0.016005044032916693,0.010471789606989246,-0.006916471734763285,0.9866870845693669,0.025307535406335013,1,-0.01815426795677022,-0.9553094251321531,1,-1,-1,0.974157088342549,-0.9364084783090156,-0.0947765869953302
1939-10-03,-1,-1,1,-0.019330194236083953,0.9677798766708616,1,0.06288551019562494,1,0.007180384864254763,0.026514966486421487,-1,-1,0.01956494758416616,1,-1,-1,0.9807116418689938,-0.8909870022495112,-0.997716860421133,1,-0.9504378669979068,1,-1,0.008268332909960319,1,-1,-1,-0.0038835276906323823,-1,-1
1939-10-04,-0.006179510863653204,-1,0.026370864436470187,0.967850154543949,0.025132452350348666,1,1,0.006531046775240745,-0.9562621939786436,-0.8754489221420448,-1,-1,1,1,-0.022013848401980174,-0.007371600728093397,0.016814695897496845,-1,-0.022279935859150224,3.5030055323648224e-4,-0.0027028658701764297,1,-0.009702267781445117,0.9842632466327873,0.02476109250874059,-1,-0.10712214277903775,0.9870926405594866,-1,-1
1939-10-05,-0.9339470672078699,-0.06163992680868402,0.9984341906230454,1,0.9466635162974942,1,0.12484828476938992,-0.9345559390091931,-1,0.07946297930621526,-0.03674671165498444,-0.12915380713420777,0.037528273301338566,1,0.9697394151827393,0.8943326928957345,-0.9780588116444664,-1,-1,0.9987822383930752,-0.9123807369221939,1,-0.9681217623592153,0.035078097043032996,-0.9575838742060192,-1,-1,1,-0.01805022927371247,-0.014727623022634861
1939-10-06,-0.010263540679894323,-1,0.022827036033751136,0.009577162777916759,-0.03687002089870728,0.02468872968756053,-0.8546250110946624,0.01610615980766472,-0.0042727283316215114,0.9975435582711195,-1,-1,-0.9470706986293863,0.005256309429132577,1,-0.10257165868928309,-1,-0.06879147220469795,-0.05320072428641076,0.12082447382402062,-1,0.018550145378567695,-1,-0.9318088471465604,-1,-0.0019411244353102486,-1,1,0.9290446223675336,0.9604145035057112
1939-10-09,-0.9563900251699076,-0.02776097986069659,-0.9268868855244266,-0.987220186089816,-0.9153855634727075,-0.9318647683072037,0.13297626477482727,-0.9408099774332223,-0.9862160141483349,0.006210477995648889,-0.030565290785117827,-0.014753637435229283,-0.030345667258647957,0.9494341246048204,1,0.8823751192121837,-1,-1,-1,1,-0.06030671994389081,-0.9701389691560571,-1,0.009230398844951915,-0.013945889549290436,0.9029994251770663,-0.03052163665276786,0.01917056995855393,0.04877174189802436,-0.035369871652136564
1939-10-11,0.026797126335382337,-0.9867236221886756,-1,-1,-1,-1,-0.8563580341263727,-1,-1,-0.9347339784103925,-0.9991581609885971,0.9072371964807765,0.9515672992820836,1,0.030992581746122405,1,-1,-0.024570188045895613,-1,1,-1,-1,-1,-0.8846608881819061,0.9241609592537806,0.007893922495782246,-1,-0.8930263311086667,1,-1
1939-10-12,0.9723551956807446,-0.0013109656015053428,-0.06632659984431233,-1,-0.04217130640619171,-0.07380601985444724,-1,-1,-0.0034310080752668615,-1,-0.005597952120670824,-0.07977948233849064,1,1,0.9871050268973179,0.026786215368568622,-0.009736274265950251,0.9012235363629257,-0.03772582908915634,0.07804642556815655,-0.011887819930957222,-1,-0.01593114656207406,0.075431287921925,1,0.9902727437802732,-0.053585143132442115,0.09911099096448106,1,-1
1939-10-13,1,0.9725248288762691,0.924825784131572,-1,-0.9487355676845495,0.8990933388935042,-0.018449367146806894,-0.04568150524169501,-0.9568728317717391,-1,-0.9054119703557196,0.8888848818393769,1,0.01743206348613957,-0.007350647200837668,0.9519214343993809,-1,-0.05504659365117792,0.9072805112984981,1,-0.060931572975999375,-0.9873722281932706,-0.03457285775018284,0.1143091132090433,1,1,0.043237430028566115,-0.02329632565705403,1,-1
1939-10-15,1,1,-0.05640350712660591,-0.02598397641143102,0.03760870488399204,1,0.8868260190172272,-1,-1,-1,0.011734123221189718,1,6.747992747057063e-4,-0.9776946258029888,-0.9982435075586706,1,-1,-1,-0.01215785166044947,0.034506603850017914,0.02024585041954708,-1,-0.07300485681042396,0.08811824641286042,1,0.9374196169360542,0.00764250715855206,0.05044514142457311,0.9690036377009154,-0.9419032408817136
1939-10-16,1,1,-0.9594362078764443,-0.9981877613858354,1,0.011692589174972623,1,-0.020691823491091554,-0.03245286074791032,-0.07153341838300376,-0.9860487237757476,0.11540968175476651,-0.9756352471523919,-1,-0.0261001281405544,1,-1,-1,-0.9912254176321873,-0.903160795039702,0.01650295329255471,-0.9189632035068418,-0.029453522635828372,0.04689299222188169,0.9390859579990538,0.9775063331296637,-0.0742818872284006,0.07695145456393256,1,-0.8611110927787813
1939-10-17,1,1,-1,7.203082215245793e-6,0.003951410671390376,0.907715231141405,1,-0.9824452099578656,0.9390259517062414,0.9240612034999125,-1,1,0.020678730967904846,-0.011435604004710775,0.9702378145259727,0.051893315707229326,-1,-0.05272849497784582,-1,0.061661079744429914,0.03252873851749967,-0.9488101900021686,-0.0069704346394101994,-0.002294922414261061,0.9802766625794428,1,7.440032887894854e-4,0.08305919493399988,0.9923576259743105,-0.8814644598840741
1939-10-18,0.03908546552738057,1,-0.06739479012864902,-0.9640859229106983,1,1,0.03433416907152109,-1,1,1,-1,1,-0.9325459195496328,-0.9745595763320323,1,1,-0.10711175251496263,0.9386604888506269,-0.04734036422251342,-0.9002372478812232,-0.06593859432229508,-0.9507998370661208,-0.12536096666667895,-0.013069045439485304,1,0.9619440536991676,0.06744851772373993,0.0791550324606613,0.9856050476447541,-0.8921444831628585
1939-10-21,-0.9501787403694021,1,-1,-1,1,0.004941862918235729,0.9973107424035342,-0.10538252190665509,1,0.029663233938474698,-0.014793077811237842,0.0714950748795965,-1,-0.03571239196273801,1,1,0.8350824406938504,-0.04268765222442372,-0.9766126926493938,-1,-0.05351986341789089,-0.9316717758581373,-0.06355079863940807,0.006698850923864998,0.9179780754303738,1,0.04742454258617894,0.012847372074112406,0.9245718008021417,-0.9144814228659688
1939-10-22,0.04544754590616773,0.01159917056644133,-1,-0.03635459300498056,0.033908356492906466,-0.9279950546860518,1,0.8766235796898262,1,1,0.9829074118050249,-0.8881032378661584,-0.04320164041926944,-1,0.0777808625859,0.05020480892428125,1,-0.9947633289765784,-1,-0.029230615228567847,-0.08117506309184891,-0.9114883009931783,-0.05147843583103674,0.060978023119951326,0.8701130801145202,0.9439574902870862,0.01957551506092464,0.004673958480091162,0.9461561827058811,-0.9255094131277309
1939-10-25,0.9391750954559769,0.9869054346392387,-0.03339098356723358,0.9463749245783167,1,-1,0.05987933451662719,1,0.022973979472569295,1,0.021139328465860086,0.09491221033433395,0.9528640346228282,-0.037870509510540384,-0.8823605187034209,-0.8927667159801081,0.002977639856939329,-1,-0.005102596893314382,-0.9078184939691206,-0.0489820082101007,-0.8476996512874986,-0.015096395837841857,0.15044626676733286,0.8573871119577939,0.9493065610336151,0.0644322933965257,0.06819927804273904,1,-0.9295428467896859
1939-10-26,1,0.07225999631070124,0.9264924280095173,-0.043809340180396394,1,-1,-0.8539075619121311,1,1,1,-0.9727655471190123,-0.8988127052860028,0.04315301610160227,0.911722083665011,-1,0.028802499051764574,0.9673446459285404,-0.05404756698523416,-0.9886472741077988,-1,-0.09508658096098369,-0.7166572738427849,-0.016408036779208737,0.155287337137194,0.7783571044127041,0.9144993316071843,0.1265389612137911,0.09736910449014016,1,-0.9527836134319797
1939-10-27,1,-0.8718926302499761,1,-1,1,-1,0.1365791765161143,1,0.05364744406029165,0.061475712645876146,-1,0.009313819810235047,0.9478713349201275,1,-0.02135772869382202,1,1,0.8519326957192479,-1,-1,-0.08396895448937482,-0.6540909555353144,0.0124848640725139,0.13078994446790987,0.7959537128859614,0.992198454262731,0.07165991369947408,-0.022215772491783498,1,-0.9376123937482436
1939-10-29,1,0.034685159132256116,0.06246735217874355,-0.044959691420517145,1,-1,1,0.01379083686233984,-0.8883728426364893,-0.8983035336548798,-0.055835785023829465,-0.9298559177887028,1,1,-1,1,1,1,-0.06443967452750932,-0.015194274714370626,-0.10029352045008195,-0.6979852433821973,0.0034031489463754363,0.1908883042915295,0.8045976948650607,0.9932272896471426,0.03715442344407792,-0.060692527804047575,0.9572028707029511,-0.9928688375168021
1939-10-31,0.010122603677469866,-0.8591680289537699,1,0.9285629485715484,0.05824272505329453,-1,0.03337793685193513,0.9289669451347363,-1,0.04983866395454395,0.9094481385907487,-0.018180536472447217,0.005110941851158235,0.08208627923455769,-1,1,0.009226157767316834,0.04700590149639905,0.9043081978624358,-0.9263559219876069,-0.06320711026874556,-0.6988978538622428,0.07068514430452685,0.14324402785876797,0.8417111637928902,0.9427523486959082,0.1472353427265865,-0.0805705423702584,0.9306278490175043,-0.9579521811591022
1939-11-02,-0.9757883465257478,0.0492964158597019,0.030924443421228243,1,0.9574215283186275,-0.06462163819055822,1,-0.0678406837619232,-1,-0.9197409182864724,-0.03345244295070493,-1,0.92435467985817,1,-0.07911902480586985,0.06486215677209861,0.9502583103784931,0.9616575370744869,-0.08978066311980104,0.06789118117094972,-0.0698857527926828,-0.7594240191597201,0.08748002524395207,0.1318331456214808,0.8698791512393591,1,0.11777411257517728,-0.08038707272826881,0.9303442540139196,-0.8734193570960768
1939-11-06,-1,1,-0.9344236737744555,0.018031064101986516,1,-1,1,0.9108897610942359,-1,-1,0.9148410453555378,-0.07081689829517179,-0.06349626778855744,1,-1,1,1,0.027781627735861236,0.8766543763652165,1,-0.1557157176725271,-0.7862429426844725,0.07280162389740488,0.11771488622629639,0.8723206783326252,1,0.14661263597152469,-0.04982843393559509,0.974791389212453,-0.9596543560487167
1939-11-07,-1,0.07486162930310936,0.049165121777569376,0.9819952360936661,0.14018447323981498,-1,1,-0.07434115516058493,-1,-0.00287841115937415,-0.0719100872838282,0.8806887003511723,-1,0.05588761653870933,-0.09195261715341552,7.64057026517051e-4,0.05485423138739709,1,1,1,-0.14201115678673779,-0.7687786917856818,0.005793810104569072,0.1967933749131014,0.7922926431860186,0.9395757124746349,0.1791750419310983,-0.13894174351419508,1,-0.8329136441751215
1939-11-08,-0.003137166199679964,1,-0.9086356935009926,1,-0.8294870073000556,-0.01695885207770531,0.04388358896384481,-1,-1,-0.9704134355201529,-1,1,-0.052259197655384115,1,-1,-0.9961410955871915,0.9895303854155041,1,1,0.0316635337516733,-0.12123016657816302,-0.7286537670341102,-0.003899371588875447,0.24045832191887226,0.7951286764979787,0.9551856760498231,0.07284908601405471,-0.10364914621824917,0.9290919084667661,-0.7686343365644998
1939-11-09,-0.9949255263108038,1,0.08772071249378799,1,0.08114516645364389,-0.9941606392959605,-0.8927564751902792,-1,-1,-0.012846936642077589,-0.02585056652838502,0.042498665953386805,-1,1,-0.023215662293318617,-1,1,1,1,0.9610036607163237,-0.16311032741329445,-0.8172008366128636,-0.0033412369714383924,0.2639307133221049,0.7788817018443829,0.949547277405919,-0.007893986973842679,-0.11720609398866588,0.9440894894607589,-0.7771633070536653
1939-11-30,-0.04286289592682213,0.07490631781739121,-0.8839743204508854,1,-0.9028889336273086,-0.09643334269279458,-1,-0.01667951638733256,-1,0.9863811546001209,0.9567685096013635,1,-1,1,-0.9257866110913628,-1,1,0.018078444260726134,0.027705944886803224,1,-0.09165758347786622,-0.8025950810432347,-0.05619651782925473,0.3290054038113589,0.779034820673508,0.8861195317022418,-0.01877096007169662,-0.09827172789256931,0.909697618078796,-0.7802261396303795
1939-12-02,0.9489392930765898,1,0.10513547511826282,1,-1,0.8585027414300391,-0.039335941353084714,0.9341566772401505,-1,0.036235634038924824,-0.02341159381279634,1,-0.1345522406314682,1,-0.0023876622484947374,-0.031065342109728,1,0.9854907765175109,0.995427332290064,1,-0.05130437757618506,-0.8423586823736324,-0.03294637098776751,0.3907807826400022,0.7681890096226937,0.8979156363353545,-0.04025402055686722,-0.1361852990109367,0.9233861111183891,-0.6614916389777161
1939-12-04,0.03685346508884757,1,1,0.06366469701999256,-1,1,-1,1,-0.052088744489289684,1,-1,0.018970761817681536,0.8473284089919234,1,-0.9201051961325725,-0.9934230036986179,0.041073937681230466,1,0.012409214178594308,0.10542125468502883,-0.023224135101436255,-0.9197844257359844,0.01924440028498002,0.35474367670566076,0.7828068970231165,0.939007924280163,0.025955372447438424,-0.16339037155868397,0.9406631093110999,-0.6782162923469024
1939-12-05,1,0.009685024954703136,0.005933279935476987,-0.9289204822023226,-0.0053733683792460685,1,-1,0.09433672435955431,0.874574780797257,0.06384489979223662,-0.01690133525521731,0.9946633317700506,-0.10482558373902229,0.0786908236978997,0.07109736907990327,-1,1,0.04531375019421968,-0.8778520818246942,-0.8434349537795716,0.026595017725348225,-0.8979435077009371,0.009208984054699823,0.4058142296350276,0.7895132894337032,1,0.016341611358462377,-0.1671032661314894,0.8919577548779799,-0.659902940779929
1940-01-01,0.06186450414415634,0.923003488235913,-0.9632322439520231,-1,-0.9964425809600947,0.015333046613424495,-0.08369882298600839,-0.8665497422689137,1,-0.8022124990134816,0.9686459225494841,1,0.8896872077416872,-0.8979002147875913,1,-0.0309614610245581,1,-0.8975235138868303,0.09468388804222827,-1,0.09774968951890523,-0.8749244588959142,0.09292310619266085,0.44967815515416487,0.8206078486929514,0.9997784527323372,-0.017198881044785973,-0.18574415284676773,0.8853485419621387,-0.7158234771094165
1940-03-02,1,1,-1,-0.029630180161726694,-1,-0.9048259709160357,-1,-1,0.06861809565380961,-1,0.006598774142519304,0.04154166484547894,1,0.06821251420454866,0.05405888716969254,0.9173513084507362,1,-1,1,-0.10939061630615465,5.426979025445061e-4,-0.8434228520501923,0.15600736473061805,0.43397636737352224,0.7770516701551928,1,-9.966670339032167e-4,-0.1438578306403352,0.9294783628849659,-0.723391716749613
1940-03-03,1,0.02543781261830458,-0.07398899641866308,0.9227084744290008,-1,0.08312767393906895,-0.06469474341604187,-0.031432297484007,1,-0.034875175127052294,0.9747530228113207,0.9450545520393131,1,-0.8927751365012984,-0.9172999883166784,-0.048015738308460176,0.03228563242692861,-1,0.01131989036523351,-1,-0.04781731493575993,-0.9020384227701451,0.08800895754410484,0.47142466308495495,0.8483939857578128,0.9845124109773399,-7.012984373174472e-4,-0.25087664463499104,0.9134084610456594,-0.7320527325851112
1940-03-05,1,0.9418367215530744,0.8741511751632558,-0.031094560069069632,-0.028310217395049353,1,0.9194397818557359,0.9434751626689145,1,-0.9412046467574272,1,-0.04418440577397309,1,-0.021945340313434425,-1,-0.9955790312652224,-0.9647758624551359,-1,0.9947183507392499,-0.027396641176060554,-0.057949455489808864,-0.9316337278471558,0.05377639200867433,0.38829993536062046,0.8052673245745999,1,0.025072585811012616,-0.2566537456129212,0.9612689918428832,-0.7049638010116033
1940-03-19,0.09149010982832373,1,-0.07110745296452325,-0.9799294228763906,-0.9751676315540058,0.03063048352850717,-0.06278185868015407,1,1,-1,0.07124917112127771,0.9278745964556769,1,-0.9804303721844546,-1,-1,0.03314068057265307,-0.026091161227759896,0.02864088238155149,0.9263733396342083,-0.07368610444940306,-0.9797854620732616,0.12797751292100476,0.3888607090617763,0.8534212832208188,0.9542316893121602,0.08260263086791668,-0.1334077105607426,0.962131667350905,-0.6129275228308323
1940-03-27,1,1,0.9239079516662209,0.011321458466725609,-0.04317836303833544,0.9890716849778893,0.9333890242083253,0.006024535937797282,0.032986022146284655,-0.0034593349368056137,1,-0.023151040869495487,1,-1,-1,-1,0.9681374600422137,0.9643707656505445,0.9623172075272703,1,-0.06127085132830072,-1,0.1660915514281825,0.3902630187758131,0.7983691786177125,0.9757634474541066,0.11579287078201925,-0.14979628639327583,0.9155567803169252,-0.5565678002640636
1940-04-10,0.07620958293947655,1,-0.03576112063631043,-0.9081493255659023,-0.9687932484491344,0.06049488535562597,1,0.9870662177212416,-0.9557162138126606,0.9842840849849339,1,-0.9159019068856256,0.1275888031011021,-1,-1,-0.027371587697481492,-9.518633542019428e-4,1,1,1,-0.06770053281933593,-0.9343606833718878,0.1322816662812582,0.4081977733139796,0.70089617367428,0.9560423310184132,0.09969856191611813,-0.17514527387815018,0.875790549142467,-0.6055659158940874
1940-04-11,1,0.016458020610607527,-0.9645793876308626,0.08225789359862257,-1,0.9916935462335743,1,0.010382893182140807,-1,1,1,0.08278922969700298,-0.8104393624766683,-0.005118061835766574,-0.018102977861047753,0.9178429121082157,0.9752463789495446,0.01632699895120271,1,0.03755485885738985,-0.11151366660570004,-0.9108285799133662,0.05194548167468535,0.4100169349849953,0.6586149238146829,0.9423229091303249,0.21077308890519447,-0.10373409738415972,0.879879528157959,-0.6316755305784832
1940-04-14,1,0.9862932086495118,-1,-0.8696902015369861,-1,0.07768356969840118,0.02214015418326598,-0.9569524354620327,-1,1,1,1,-1,0.9780190236487694,-1,-0.014489918850622563,0.01888471667597691,-0.9573434401880726,1,1,-0.1383632901826241,-0.9066338801634234,0.025612948265520567,0.40081938986841,0.6848635700596022,0.9845687087650975,0.18581200249731097,-0.1461852246143915,0.7997100315013616,-0.6000293612364779
1940-04-21,0.008935871909272586,0.06809942273591318,-0.02411938028557925,-1,-1,-0.8258941299245957,-0.870647082385285,0.03594972017097775,-0.010210340169215848,1,0.0625328805927915,0.050912015148358636,-1,0.04426809472040838,-1,-0.9282037014419142,0.9961464628339027,-1,0.02092824530439319,0.005101517391751131,-0.20617603783850705,-1,-0.02261000637286347,0.33823999501996643,0.6781665113053325,0.9802728116036563,0.20295225697655253,-0.13300015432032639,0.7767578680419456,-0.5545189626036023
1940-05-24,-0.9718304979453848,1,0.9377559650641412,-0.03230864957562496,-1,0.07379373108521858,0.11971937752449835,-0.955323351811781,-1,0.06583246631407569,-0.8594989062881048,1,-0.05718710724523113,1,-0.09454763924192022,0.02713163074589986,0.04038929852230966,-1,-0.9415442755667351,-0.9794583525624988,-0.21124434799958977,-0.9692735566263573,-0.08010589306375923,0.26661268014013584,0.6025239147255722,0.949009613943601,0.1205486388392837,-0.08410803289188376,0.7471257506054392,-0.5186569405263938
1940-05-31,-1,0.002974679550755699,1,-1,-1,-0.9250582735227971,-0.8373974205282152,-1,-1,-0.8902785498993605,0.10488069187567539,0.06349823212963357,0.9077786001608379,0.06267034803429694,-1,-0.9346710662456332,1,-1,0.03938890126566175,-1,-0.1434272310250406,-1,-0.08937143535022679,0.29869564327929177,0.583084717877009,0.899275663917964,0.1218834319087623,-0.10063628096528031,0.7757821141176259,-0.5434235820755483
1940-06-16,-0.023093901683056917,-0.9139010578059453,1,-1,-1,-1,0.14249535088599175,-1,-1,-1,-0.8892584351953613,-0.9289338217190506,-0.06164935006043004,-0.9340304753179295,-1,0.05995332232615236,0.02291538178932695,-0.08286842001206884,1,-1,-0.14418367565943607,-1,-0.12913860041596525,0.34713282825388564,0.5166116085706381,0.8944733015545493,0.15358123453595546,-0.09243397168549275,0.7618196156226023,-0.4536807701650455
1940-08-15,0.9488448102815565,0.07658664527792725,0.007152784905067877,-1,-1,-1,-0.8483382643709756,-0.01289969994407747,-0.07583348165359127,-0.032951777540752625,0.026671822427568492,0.05000841193098304,-1,0.04133300743782342,-0.00380334605686683,1,1,-1,1,-1,-0.08303240419705205,-0.9172073858283889,-0.11473620695636537,0.32190666006496715,0.540411620509455,0.9308704775463394,0.17994523580971258,-0.05560757063301639,0.7356332679813774,-0.4251151170615395
1940-08-22,-0.029450815260174346,0.9651010927846257,0.9214203898595464,-1,-1,-0.017094529561489602,0.12083517465065785,0.9688105342595114,-1,0.8953401031685675,0.8905852945250821,-0.8995927711799337,-1,0.971382654124506,-0.9897282636319369,1,0.007035921859740113,-1,0.051125786548561925,-0.1007682601799843,-0.07191311942910605,-0.887726425162922,-0.11017354794661757,0.3420666248661482,0.6427897220628478,0.9407056450510005,0.08096394815923226,-0.04804312436912669,0.7116846292444098,-0.338250944310463
1941-03-12,-1,1,-0.03574750027272522,-1,-0.014076049291047776,0.9625424312027059,-0.8327617841171835,-0.0066191455700495005,-1,1,1,-1,-1,1,-0.09675917996393157,0.01207865296544497,-0.9135272420939168,-1,-0.9077633118011518,-1,-0.11359130852481969,-0.9237342769245744,-0.03068096997493408,0.20645338319412815,0.6763279481589279,1,0.1361112559142318,-0.05903731527684179,0.6936478531314574,-0.2815777657746159
1941-03-20,-0.05000701336233204,1,-1,-1,0.9747889284937643,0.019363343735574023,-1,-0.9905258204468358,-0.015282693006714365,1,0.012140607124499825,-0.0352805942600215,-1,1,-1,0.9493351070888207,-0.020600733816059535,-1,0.014149727660205502,-1,-0.031424639832753884,-0.9731810650608227,-0.006602422548476185,0.17841996017659578,0.6593210355445378,0.9595811134800452,-0.009667205533549689,-0.011377515440647738,0.6397292795183029,-0.25726798630234043
1941-05-10,0.9258841025014638,0.021226988856553608,-0.02736193851974489,-1,0.0699735699922317,1,-1,-1,0.9192073334109765,0.009034189891795386,-0.9726034269863372,0.8157756440949598,-1,1,-0.02534093557129402,1,-0.9863897265127142,-1,0.9183744865544491,-0.02896676817484045,-0.037010358818008564,-0.8367246130204373,0.06531384663814643,0.12918937441652467,0.6032452698876773,1,0.020619852402193568,0.013186985560382728,0.6889503797860105,-0.27962727176719454
1941-05-25,1,-0.9745656209650883,-0.9679642127159628,-1,1,0.01911483298892036,-1,-0.06355860374500655,-0.0073069770235000275,-0.9679803597235005,-0.03448352441604274,-0.1826369879312738,-0.033089155540477644,0.057888869167239454,-1,0.1027353503338615,-1,-1,-0.0625045201106077,-1,-0.07632948537950424,-0.7664901013943267,0.08964753012804665,0.1555981499365375,0.5777355006337468,0.9477297968794054,0.06187831253935806,-0.010918938036082383,0.6893591481493863,-0.3234664440442241
1941-05-29,0.06347964184121357,-1,-0.031761833167087805,-0.0707179237590696,0.01779943582347543,0.9502627296421139,-0.05735223171070647,0.8983171153707572,0.9344070284877667,-1,0.9365119417344028,-1,0.9489418878780146,-0.9005342033414178,-1,-0.8681644942135027,-1,-1,-1,-1,-0.12967687153999305,-0.7157267241942687,0.03873600770560427,0.14928352217717208,0.6311418147732708,0.9736194167020406,0.13143260691539416,0.0031215060463647137,0.7777405841970846,-0.3396945681642379
1941-06-01,1,-1,0.9441925533325556,-1,-0.9452030875567975,1,-1,-0.037684233183222005,1,-1,1,-0.04713346600238677,1,-1,-1,0.1269630983678972,-0.04112626004113795,-1,-0.02775626081873861,-0.020655029922386103,-0.09315807561441838,-0.5588193975209075,1.0409884725670615e-5,0.14700529313605798,0.6857644154834891,1,0.04534836952862081,0.012596262340261006,0.8222618190912139,-0.3662992305839369
1941-06-02,1,-0.04772220551858308,1,-0.03833951291569271,0.03557010386987347,1,-1,0.9537190541759236,0.028484272729837667,-1,1,-0.9572231333023493,0.03724344629956211,-0.05342113357353695,-1,-0.8001135080153993,-0.9812220442312601,-0.022936071777454714,-1,0.931494834396052,-0.13967195790196607,-0.5302307278661791,-0.002912262235047147,0.08814002160231357,0.6988542241746921,0.9268052235877444,0.04646978886056928,-0.001466183927955481,0.8376121292414476,-0.37114479120828514
1941-06-05,1,-0.9916113320494833,1,-1,-0.9517525965757372,0.001412481374442054,-0.026559115624194884,-0.03712934609288143,1,-1,0.011518244442095926,0.03735663184292315,1,-1,-1,0.19926374355095078,-1,0.918868329090348,-1,-0.055317680462372176,-0.1497453693591323,-0.5031870703880327,0.0642010610704062,0.056639577547960986,0.7786535627529075,0.9099899902614729,-0.026524655773376163,-0.005324101276341725,0.7418413950589431,-0.3683437317707891
1941-06-08,0.026662717843030315,-0.07105226042674595,1,-0.01726503941045876,-1,0.952662579984662,-0.9663165095892884,0.9238542706620578,0.031241668961182634,-0.04244928450125307,0.9628175766875294,1,1,-1,-0.08301780513972112,-0.7549805796064372,-0.07811394646467718,-0.03341252268977357,-0.03533076509443467,-0.9685068956685426,-0.20950861187811987,-0.5611761196086867,0.02400131310339778,-0.03894470102354642,0.763829170984887,0.8815746960182222,-0.0014721282782655387,-0.038980024589588706,0.7107394156296828,-0.34236657342571547
1941-06-09,0.9805376174168099,-1,0.06885966915933595,0.9526883843666273,-0.07730566321837562,-0.0021424854164477924,0.02447959307362768,1,1,-0.9617619394642705,0.0798408283876969,0.014163306548404586,1,-1,0.8397249265284344,-1,0.8952060091523022,0.8981560356079317,0.8713921562052673,0.00595294945870517,-0.21660972022539873,-0.5962523799859176,-0.01422150472034129,-0.08470011236726399,0.7988093590300666,0.8104891373259877,0.030879890803207487,-0.08345688885305824,0.7542285013673584,-0.3246011515808966
1941-06-10,1,-1,-0.8889393716366132,1,0.8604525545613338,-0.9519177080881641,-0.9610067550450411,0.01160646995770298,1,0.022832602883638975,1,0.9973026298139955,0.0178189652594809,-0.014371100337044362,-0.0864753307064482,-0.04585905139261515,-0.03619050822522174,1,-0.10902886253833444,-0.965385283760697,-1,-1,0.9390691960705032,-1,-0.18300494294512037,-0.1628243487569896,-0.9265281615228708,0.8609415338836778,1,-1
1941-06-13,1,-0.010951661324878681,0.05584234428080492,0.03330817337393821,1,-1,-1,0.8958606764230562,0.027769150773109263,1,1,0.030056537419816842,-0.9580447798245864,0.9671546168299153,-1,0.902890670294923,0.9213784675808975,0.0406308958195406,-1,-1,-0.03711085223888699,-0.08123386921806985,-0.055458732447218884,-1,0.7026511463045101,-1,-0.014487458033278,1,0.09210941509728598,-1
1941-06-18,1,0.9238363332106005,-0.9129828446579465,-0.9015211317159826,1,-1,-0.04525521295559065,-0.09063217130764922,-0.9479438723868666,1,0.014415066535384047,-0.9551143404394051,-0.021925147985251026,1,-0.034093878202321015,-0.07108038926204774,1,-0.9186746023197763,-0.014958733665937585,-1,-1,-1,-0.9949759735123395,-0.08051794307627014,-0.25797444450223617,-1,0.8565857786521672,0.012780277857013411,1,-1
1941-06-19,1,1,-1,0.04532074961427701,1,-1,0.9245512761341692,0.851319155242927,-0.005255072074060174,0.019034091508669193,-0.966821056928246,-1,0.9295161767355263,0.0010108824350342216,0.8441574402931912,-1,1,-1,0.9520080486474934,-1,-0.002517774685446339,-0.02090715623434014,-0.029587039926711634,-1,-1,-1,1,-0.9249297415080859,0.03521957588231006,-1
1941-06-21,0.0049535789587884516,1,-0.023285096531950544,-0.8797376224779229,0.0035074579545002482,-1,1,1,0.9282427796924662,0.9442633477356437,-0.022535551709717216,-0.027214325034564557,-0.06017671193048668,-0.9880801167104768,-0.0737777589078884,-1,0.0020093765301333333,-1,-0.023971143552698138,-0.07643531890055955,-0.9595676873334495,0.976671193506063,0.8996761774207515,-1,-1,-1,0.017130345962639182,-1,1,-1
1941-06-26,-0.9478595170256954,1,-0.9855453131442596,-1,-0.9925103065010593,-0.017407361207921745,1,0.012679049292911637,1,1,0.9628758887519748,0.9031649023863303,0.8917198607541251,-1,0.885979043797028,-1,0.9653616570324276,-0.028391066093710227,-0.9745592588601526,0.8500582928340691,0.005477314175169723,1,1,-0.10138164471268907,-1,-1,0.976847439344605,-1,1,-0.015807511177354572
1941-06-27,-1,1,-1,-1,-0.00853659574651,-0.9630784278194524,0.006182439165117404,-0.9182798826404975,1,0.04457207551279163,1,1,1,-1,1,-1,0.033235824985683116,-0.9549457513843225,0.013307482754570166,-0.14344634797076028,-0.9748558081132239,0.0567232676794901,1,0.8375788575182557,-1,-0.032000896747069074,1,-1,0.02976378635713739,0.9743510956537692
1941-07-08,-0.03893536812366927,0.021299411270574775,-0.07453179671523169,-1,0.9626673740473348,-0.010766183318707823,-0.9754327532009189,-0.027439620159114275,1,-0.9524501715162309,0.02825595011138371,1,0.04272410781428437,-1,1,-0.015189016840374547,-0.9495445288155089,0.0024615847389959367,0.9952589783495421,0.8460103645494135,0.012605090944020736,-0.8954018623263865,0.06170006731936972,1,-0.0026004477024121897,0.9553995529743498,1,-0.010385257780632928,-0.9305709902272739,1
1941-07-25,-1,-0.9591621894813368,-0.9513117282246318,-1,1,-0.9710563422511338,0.006609677759307986,0.9081142027553012,1,0.029994078170040406,0.9953031403225879,1,0.9584196535020204,-0.09332848952578576,1,-0.907388684531903,0.0494888259139753,-0.9569924411617063,-0.0019975806693210973,-0.02595290803145689,0.9983995339137287,-1,-0.89795937841330975,0.019991168260957703,-0.9738589014261756,-0.02908197829414727,0.09444545439368901,0.985931563111896,-1,0.03849999154637462
1941-07-26,-1,0.019539719591763927,-1,-0.04118385688134485,0.0355693483714592,-0.07670497601573012,1,-0.03675056397145704,0.05696033807231049,-0.931991191086581,0.006763308966491022,0.002351688918233674,1,0.888732475870664,0.0710452059767992,0.04857977286766513,-0.9065706333904857,0.028440005123187895,0.9960500048286243,-0.9461502688743606,1,-0.002899974445878639,-1,1,0.023862805384199826,0.925206088040881,1,0.007518199403390047,-0.00877038738133984,1
1941-07-27,-0.007893861556273363,1,-0.07211231964270659,0.9577224134895855,0.9879149137951718,-1,1,-1,1,0.06742322715905325,0.8925582055220271,0.9253422208861951,1,-0.026921628835063216,-0.9198965159810732,-0.8995430675036556,-1,1,0.009420204979133318,0.04913715178017175,0.041498604632110414,-0.9476342597820024,-0.023161376133273404,0.039812102985506415,-0.8980242676296127,-0.02749114944494946,1,0.9680153335620353,-0.9557487306817416,1
1941-07-31,0.9513919631274868,0.04914887355388653,0.83890367015553,1,0.05645955363785027,-1,1,-1,1,1,-0.09387121936201859,-8.726955189722885e-4,1,-0.95516944432349,0.03011851315784675,-1,-0.0917517810716566,0.04164392237829484,-0.9529584487810043,-0.9461550170787705,0.04680474180622078,-1,-0.08156637568848464,0.07681213551357245,-0.9122900599235677,-0.042858283695945014,0.9295646107459292,0.9114820652725294,-0.9935493906647404,0.9941677650444114
1941-08-01,1,-0.9233079506816569,-0.1569704783811211,1,-0.8665143521787981,-0.029477581931714125,1,-1,1,0.05567331263882214,-0.9700012426299917,0.8823845513284929,1,0.007804408974134147,-0.8794968335099351,-0.024819568540838777,-1,-0.9575101548814251,-1,-1,-0.0322963240827671,-1,-0.07020794143740218,0.18706342167817452,-0.9234793196935576,-0.01897074641447919,0.9186913314148066,0.923603116374271,-1,1
1941-08-19,0.03366918189807022,-1,-1,1,-1,0.9583132056464544,1,-0.03037154957156052,1,1,-0.03890408357143493,1,1,0.9135208294090095,-1,-0.9904523821722151,-0.046736401300599084,-1,-1,-1,-0.09705466020558559,-0.9875565814271997,-0.11963680384974387,0.07883360757469003,-0.8152162315121625,-0.02630350692039824,0.9333885427760326,0.9142160705750865,-0.9423497437052046,1
1941-08-20,0.9863625067418177,-0.1080136409039858,-1,1,-1,-0.04124965044110751,1,0.9256108839859303,1,1,0.881774766893191,0.029349844546777692,0.02534321831128239,-0.042810216078872476,-1,-1,0.8738216119220156,-1,-1,-0.04286905067887847,-0.08885021487340693,-0.9560915424541109,-0.030352352491698695,0.16390416064104452,-0.7226117975877597,-0.007435535093783949,0.9633294356559489,1,-0.9638861971687862,0.9834684553996207
1941-08-21,1,0.8474959486836005,-0.008242825160451162,1,-1,-1,1,-0.06477688587831654,0.008905747439731604,0.021741054144937433,1,1,1,-1,-0.024222737281760387,-0.0047900471354598295,1,-1,-0.03635297932799597,0.9455732138697455,-0.11749704930655876,-0.992402901453513,-0.10896310049657904,0.15569607500615795,-0.7437794523814845,-0.028151635086834745,0.9778628635668517,1,-0.8896479858577259,1
1941-09-01,1,1,-0.99899754590285,1,-1,-1,0.09739729298000366,0.9132148391267811,0.9534531852267388,-0.930491655335732,0.00722548451786853,0.02492571484618411,0.04322604329970903,-0.01203052084741707,0.9517510869517759,-1,0.05558222657291212,-1,-0.939870101144871,1,-0.14024082408611008,-1,-0.04722738623292629,0.2139724557637718,-0.7898272043934154,-0.02731989192824467,0.9432400522043397,1,-0.9129204904618186,1
1941-10-04,0.09000909694849679,1,-1,1,-1,-1,1,1,0.01698248808625613,0.03922837300644044,-0.9627557584361289,-0.8658061113478386,1,0.9570210136104952,1,-1,1,-0.007442889386733431,-1,1,-0.17799419663111699,-1,-0.03338100283215312,0.23470120930226712,-0.7714859593613804,-0.0684615367118022,0.9005199346801708,0.9398436860802173,-0.8651192844840523,1
1941-10-05,-0.902366411033215,1,-1,0.027770461381612432,-0.01775150021512728,-1,0.08379018728903564,1,-0.9601403411413081,1,-1,0.1275066060559893,0.022432484567040056,0.01291523029407382,0.07482757234620507,-0.012816361303725321,1,0.9254630190217028,-0.08507418838918346,1,-0.07169634023458478,-0.9777479167526884,-0.024650777254254398,0.21903207243924305,-0.7395365372529371,-0.06582281593440624,0.8631352822862625,0.9495425420820388,-0.8345307179530069,1
1941-10-08,0.06481562204628599,1,-0.041244069491800595,0.9821925421384545,-0.9473788203049427,-1,1,1,-1,1,-1,1,-0.9027950556644136,-0.9310486261395631,1,0.9839604877037575,0.027857753693531828,1,-1,0.1694638190627259,-0.150146807699999,-1,0.019597046492807708,0.218956956349048,-0.7634292590000568,-0.15913262463314914,0.8293082919613983,0.9701362648354851,-0.7544164574272338,1
1941-10-09,-0.8604027474631215,1,-1,0.005421767960325785,-0.017005419580140013,-0.008005332430304657,0.06178370275668976,1,-0.05771371054412722,1,-1,0.04200565854142935,0.02737169149865415,-1,1,1,-0.9545608587772821,0.00676067922672996,-0.01581115824902557,-0.7827186102761209,-0.12927850777926464,-1,-0.061336444082285974,0.2539953350605088,-0.6959989407002274,-0.11839730835269285,0.7312182083076143,1,-0.8421230921122542,0.9412647706225908
1941-10-12,0.10705898482637222,0.041167980058052,-0.0654658973949026,0.9810116827017751,0.9486450803768177,-0.9766147273640193,1,1,-1,0.016253309200351396,-1,0.9769479135938969,1,-0.04199549319202989,0.046834631007823035,0.04181816096935542,-1,0.9720881036357144,-1,-1,-0.18550410925547434,-1,-0.054948729613186656,0.25769043079516,-0.791840509608055,-0.12659773259069135,0.7404324124996937,0.9220204298654235,-0.9127691189083942,0.9532606277352524
1941-10-15,-0.8570424698711467,-0.8965468733026917,-1,1,0.009805584981552151,-1,1,1,-1,0.999873696777566,-0.04323147894891721,0.011072616909294508,1,-1,-0.9156458728112452,-0.9477634469258915,-1,-0.00903124984112813,-1,-0.01815449642156386,-0.25984724923168556,-0.9371858931345873,-0.014917379854645321,0.23887930327563267,-0.7414821949154923,-0.16041928996797314,0.7302820240579341,0.8608055554545474,-0.8439416226185688,0.9494350364633575
1941-10-16,0.08973832486146927,0.03398446524432086,-0.07138342523789454,0.0729264192764435,0.981639873924394,-1,0.004086110992663761,0.12071242962332329,-1,0.055720660885390516,0.9529908327131429,0.9999335227562575,1,-0.005759034048065215,0.03835783829475092,-0.04156595746913805,-0.03006754155311675,-1,-1,-1,-0.2670123364254268,-0.8993334981001584,-0.01177725174981521,0.26984973370197773,-0.6711215649084871,-0.17445944875735686,0.8343225926257203,0.8999952037317641,-0.7792035431579719,1
1941-10-18,1,0.9998581336140461,0.9204937680094014,-0.8653598320632936,0.009476501161285067,-0.009013620999119287,-0.989355522803182,-0.7835215909050954,-0.03247418730938012,0.9787988139716689,1,1,0.025067203163920748,-0.9296195246999108,-0.9380111499781876,-1,0.9170766225325249,-1,-0.03705148543835923,-1,-0.28634832684957,-0.8757551993564828,0.04549764632273956,0.24028346011161053,-0.6478985767608989,-0.21889688504690252,0.9314865576409852,0.9615080679333106,-0.863394714834834,0.9487600355307706
1941-10-19,1,1,1,-1,0.9598353640816581,-1,-1,-1,0.8078267890859926,1,0.12626849634766302,0.034913422823093176,0.9547066289588378,-1,-1,-0.08143883799949536,-0.04618322358831384,-0.08793846643390835,-1,-0.003856725235678482,-0.3227461518009707,-1,0.0027263474003915503,0.288847282060536,-0.6460783753785201,-0.2265407661054368,0.8013899748044395,0.969517136163287,-0.843262920032691,1
1941-10-23,0.01329958736052006,1,0.01728924398664977,-1,1,-0.04776666249384687,-0.00286495778091711,-0.05272444373847651,1,1,-0.8468916540637602,0.9983370911970584,1,-0.04793131377308357,-0.045817649344283895,0.8910538766423988,0.8782477195186174,-1,-1,0.9624199339211754,-0.32304959217253804,-1,0.009267713699842898,0.39515331466407055,-0.66538040173509,-0.26044041625754344,0.7784206567262142,0.9592836984749353,-0.8035157332493048,1
1941-10-24,-0.9730263356804713,0.00616635039764446,0.9239919549105194,-0.04934830630121012,0.010216432750012605,-0.9968040392562478,-0.9500844187592011,0.8901679040528007,0.05275624732142514,1,-1,1,1,0.9465136986329138,-0.9996623783073396,0.021524199531102406,1,-0.04694778700158242,-1,-0.019861206782224472,-0.3708555752343524,-1,-0.046884406480981515,0.4488697074897833,-0.693614024011179,-0.24634329766900312,0.8193067599028526,0.9861907750088157,-0.7313209238705369,0.9182874297064637
1941-10-25,-1,-0.9617990428755361,-0.0674176722250931,-1,-0.9831284040169553,-0.042367099849810685,-1,-0.08743020407159818,-0.9261624785646287,1,-0.034713450625525444,0.002365905919415656,0.007915615262123699,-0.018728605908692297,-0.04575024000913763,-0.9649661840204657,1,0.940836506934796,-1,0.9793737211773194,-0.42843739577765577,-0.9795508996145231,-0.027691024454679275,0.5234391871930226,-0.6879983109041123,-0.26299424088858053,0.7906823806006343,1,-0.634449911770074,0.888210109193016
1941-10-31,-0.043582506014445466,-1,-1,-1,-1,0.9424780151050113,-0.025019604504808668,-1,0.05963269750911682,1,0.9073146329193064,-0.8853789001963405,-0.9380171638745467,0.9553058552624257,-1,-0.0030186419134856646,1,-0.025048882975473363,-0.049460156630942165,0.07071451735026946,-0.45100917336858976,-0.9906390403619122,-0.026792690181097308,0.5364328206796459,-0.6874716580036485,-0.304090068394426,0.8827382842133815,1,-0.6345977164049915,0.8678824265435752
1941-11-03,-0.9313654387886308,-1,-1,-0.01717684312645107,-0.003955882610646944,1,-1,-0.09064220851214799,0.984881439108391,1,-0.08329507856948382,0.10921184182804189,0.04484179560466761,0.005260155459194449,-0.03513635151727856,0.9889446931946944,1,0.9668593244134183,-1,-0.8945311312808895,-0.5183215275792761,-0.9510002147620592,-0.1428985696085939,0.6173991622270775,-0.6961599568924279,-0.24427531221312848,0.8714837454403213,1,-0.6361330380706173,0.8833692261867117
1941-11-04,0.04017751073485332,-0.03756863813445588,-0.03234240356971718,-0.9863616848499658,0.9829926133297988,1,-1,0.8653729952771989,0.02179330220738429,0.011460260972447456,-1,-0.8319056535913404,0.9688155555000453,-0.9468121110080018,-1,0.04057067871094455,0.0861522615479462,1,-1,0.07698655146458933,-0.4831397740078979,-0.9942457816260479,-0.11849153460109288,0.6007041468287411,-0.713718198242393,-0.24935230281212134,0.8008124889720717,1,-0.6959632772881743,0.8986197435111315
1941-11-13,-0.9551089369484645,0.9180745059758378,-1,-1,0.07403311561168813,0.023914877096508635,-0.004599911006395008,-0.11808464642732985,0.9364985938016026,-0.9123789685083632,-1,-1,0.009041707593058446,-0.034989793581128636,-1,-0.9214871144785814,-0.8618424814266369,1,-0.02387415406683424,-0.8358852433412525,-0.36767393571074086,-1,-0.10327672400577492,0.6785534741635655,-0.6271564188618491,-0.19602263661742791,0.7228859747049456,0.9355110673184488,-0.687280774527908,0.8925752768317913
1941-11-14,0.02934190969222028,1,-0.07731517049835268,-0.09122813707091937,-0.9132299127517445,-0.9542170540011691,-0.9763174546414805,0.8629414874681479,1,-1,-0.04571483610842575,-0.04003811492266851,-0.9233332916528787,-1,-0.028525524800410595,-1,-1,1,0.8751143617327755,-1,-0.42230959247988686,-0.9757621899223001,-0.14300730172357867,0.6812059691339596,-0.6016753045346526,-0.17038304537069598,0.7346252940468928,0.9186889775984391,-0.6682725972536057,0.8434375698265645
1941-11-17,0.9755835922029572,1,-1,0.890068585830919,-1,-1,-1,1,1,-1,0.8716610293554342,0.9511015388210845,0.03661915631870971,-0.017787496892247345,0.8944370400280567,-0.04185103283686564,-0.02308612724525494,0.018607660056662367,1,-1,-0.4846896772317035,-0.8965868368984454,-0.07196871139245392,0.5662982604719163,-0.6282604199367857,-0.15427762848852777,0.7874120709500534,0.9686870491088075,-0.7007733481203882,0.80253440787623
1941-12-21,-0.02008237976505145,1,-0.04012224372120132,1,-0.058629678492872817,-0.04917097000133741,-1,1,1,-0.04212667650844737,-0.06493968977856712,0.08873309760575498,-0.8785612054729739,0.9129781124937377,1,-0.954038878122384,-1,-0.9563151850594014,0.0036741761315221,-0.07333998100917194,-0.48347413039739684,-0.900751468610998,-0.09976432426648502,0.5548627857967992,-0.6163240575501343,-0.10333456846829256,0.7079416607501477,0.9912012242034838,-0.6343027881701098,0.8070395574909067
1942-02-25,0.9159849153432574,1,0.9273812496972229,1,-1,0.8529980072565996,-1,1,0.01717678052505256,-0.997754504544737,-1,1,0.10659091118550224,-0.0776982457654839,0.009809313470932501,-1,-1,-1,0.9453705875826325,0.9230803685126747,-0.48715350989184325,-0.8069343066596252,-0.10325796278066678,0.4504007774335726,-0.6036297248111628,-0.10723651873127778,0.6833062526710182,0.9645272346127522,-0.6193393697025389,0.8429504307408403
1942-02-27,1,1,-0.056877120161433314,1,-3.5560652361921186e-4,-0.10241424776193053,-0.053184079821132046,0.02189885054700358,0.9744353596096011,-0.005615270323455435,-1,1,-0.876580898207257,-1,-0.9393763141890736,-0.030544704170940462,-0.038027745747990505,-1,1,1,-0.4886203483775953,-0.7246404224938047,-0.14775633167162922,0.4546934216909074,-0.6123414399389189,-0.19202107272029045,0.6642803923548429,1,-0.6896454788351482,0.8594621600842431
1942-04-01,1,0.021797826954877197,0.867956482923504,1,-0.9949764103981729,0.8410176111594287,-1,0.9627819366184398,1,0.951436083272642,-0.01727644300066855,1,-1,-0.0545526129431273,0.01814447583664769,-0.9557333091368772,-0.9922683244542143,-0.10181412460884487,0.04429132102494493,1,-0.6090003417018501,-0.7399204032442378,-0.13375327099644369,0.5404717801384341,-0.6051096237333589,-0.2759708160994626,0.7118851275853872,1,-0.7715175018074175,0.8117588115050806
1942-04-04,1,1,1,1,-1,-0.1432933226704387,-0.008585518323906638,1,1,1,-0.9739582391732323,1,-1,-0.9588997549834205,1,-1,-0.06803199093761403,0.8811257547526288,-0.833499664330893,0.09248529801404781,-0.6407484369918977,-0.7327732282571059,-0.14481730411927665,0.5129156572305478,-0.5821527377451754,-0.1838623475475984,0.6258638717818641,0.97366344218426,-0.7523174300238711,0.818996934832739
1942-04-05,1,1,0.05976337193732495,0.06145240830846399,-0.008876932442597796,0.8121812338812423,-0.9589218868607042,0.07105095501633985,0.022023390449666502,0.048515001980865,0.005834487720333903,0.0706433785740368,-0.0291343217708675,-1,1,-0.03825925500725602,0.9125940100052645,1,0.1258316900250971,1,-0.5415033803489113,-0.7379913911769468,-0.2674941874888091,0.508764053666405,-0.5551631921448115,-0.2235356034169343,0.692851162424811,0.960250585984543,-0.6321862442903039,0.8681999040145358
1942-04-06,1,1,-0.8958843745583644,-0.8513226917099754,0.9719549468159112,1,-1,1,-0.9485771236305868,1,-0.9486588487439584,1,-0.8918750696236535,-1,0.06573025100453311,-1,1,1,-0.8708897287663464,0.009848308306704245,-0.5691872548626874,-0.7408786888382285,-0.31722968186294864,0.5142929388323304,-0.45569037103594817,-0.0860589732254323,0.7691132832488379,0.9004264124664553,-0.66703406896347,0.8361651703936538
1942-04-19,0.07850496467887336,0.032061371636169955,-1,-1,0.0011614745880721422,1,-0.011143796248330062,0.050710440170697146,-0.012689933033464107,1,-1,0.02595263593430963,-1,-0.07884324340272575,0.9863169414442924,-1,1,0.027584533829550062,0.10918933912807627,1,-0.57302701352638,-0.7272746102565651,-0.18344514172256302,0.47391432895333824,-0.4750855395998313,-0.14606623934757115,0.7051376647342541,0.9537379346036069,-0.7602673582720522,0.8587877356708106
1942-04-21,-0.8613075489116655,-0.8841983758625217,-1,-0.08086443503233864,-0.9844529581573855,0.004516603652427342,-0.9139103150918764,1,0.976898683197473,1,-1,-0.9537040519991878,-0.00885856876447233,0.8915825078461537,0.016714390673964075,-0.007670683652596821,1,-0.9311406305501558,-0.8580382790273692,1,-0.6518879861424068,-0.7062589559839638,-0.20729391016020596,0.47562664816915373,-0.5006153483384479,-0.07210221151070201,0.750833393695848,0.9549438326353823,-0.7818823600491505,0.8519157497599861
1942-04-23,-1,-1,-0.0641961876792575,-1,-1,0.8912909829863198,-1,1,0.03565765672621746,0.04747684208634506,-0.0018783436671298004,-1,-0.9561037584724066,1,1,-0.9691670798239587,1,-0.0652938873780543,-1,1,-0.6672962067538033,-0.7450393208054276,-0.3221015977248155,0.511425671659225,-0.4793669704755486,0.0505230104575804,0.7191764184393424,0.981567623780809,-0.7241033745171994,0.8708837495301598
1942-04-24,-1,-0.06600729324906707,-1,-0.06909307696880318,-1,-0.037854862073118944,-0.0012804104818892048,1,1,-0.8793223035137757,-0.9500182041717706,-0.017659295500567884,-1,1,0.06391885929370311,-0.054669633123141104,1,0.9307853645098381,-0.005848084639776041,0.012360880520855932,-0.7086867663278004,-0.751257162648721,-0.33691441509297076,0.5120346864264316,-0.44819407943297385,-0.04198191375276297,0.7180656989724227,1,-0.6865416350850135,0.981589897032248
1942-04-27,-0.032748775296228994,0.8687001674350932,-0.07382809388196743,-1,-0.029197662247490208,-1,-0.994356740654762,1,1,0.1017732819131183,-1,0.9622558998078687,-1,1,-0.9213647345156865,-1,1,-0.050527647261216724,-0.9682859728756873,1,-0.7475964715374787,-0.7468655247372677,-0.32068318162785747,0.6100198050500121,-0.4275618171590031,0.009837760027487652,0.7367988086232027,1,-0.7652515461828987,0.9963982747327329
1942-05-04,0.8839188480487591,-0.09250314505775958,-1,-1,0.9595742515579864,-1,-1,1,1,0.9944045163905483,-1,0.03564293052659373,-1,0.05853320395573958,-1,-0.11004913257664728,1,0.9493976723943056,-1,1,-0.6636089917827518,-0.75076785744534,-0.3583078607229964,0.5745639239657159,-0.4391723237830939,-9.277887358205561e-4,0.7640209184380562,0.9934168133328776,-0.7143894492226195,1
1942-05-09,1,-1,-6.775571397309443e-4,-1,0.0013757800129186037,-0.02377500485678652,-0.08152610266663907,0.10718484993445154,0.0016626505949276504,0.039114157623635126,-1,0.9091769313215045,-0.0037155775041159966,-0.9351598915564098,-1,0.824167809608438,1,-0.014928048483901168,-0.0336868661263503,1,-0.6762723125626061,-0.7744733683341025,-0.2874924727159396,0.49737185502038006,-0.4089630267453789,-0.03449427506455406,0.7988484546486578,0.975051157108832,-0.7107584195126134,0.9524976387073046
1942-06-01,1,-1,-0.8659026172417609,-0.0364077943569866,-0.9480173510100125,0.9236730610514771,0.8818265829388431,1,1,1,-1,-0.08499305957339498,0.9753609066330783,-1,-0.056020350967084576,1,1,0.9683152394648514,-1,0.03373442051146203,-0.5786270650359019,-0.7421347891650116,-0.3973608008915843,0.5247822375984821,-0.4102537289952391,0.04023810919639975,0.8270274565145699,0.8846739343327266,-0.6864594939817699,0.974129776825239
1942-08-01,1,-1,-1,0.9425781825320155,0.035830412768661724,-0.06597700111341154,-0.08390839324786825,1,1,1,-1,-1,0.012334829988190799,-1,0.9430501244863136,1,1,-0.008615120503409068,-1,0.9580985713481596,-0.5896572067130887,-0.6790103940488724,-0.37805906473100864,0.5048109117224573,-0.3682857233496966,0.07562656193076753,0.7720589370870251,0.9489761647891055,-0.6579169047691051,1
1942-08-02,1,-0.0605966255347451,-0.046647947515532695,1,1,-1,-1,0.005842360007446756,1,1,-0.015690087993427082,-3.6399991857494207e-4,0.9897364244878004,-1,-0.008362321325364852,1,1,-0.9678638928023373,-1,-0.02531581755749246,-0.5390873801425762,-0.6737151494881566,-0.34751740029349854,0.5635228924469269,-0.4002765257015433,0.12952452571970005,0.8068704173370258,0.9413613676809106,-0.6520194763596362,1
1942-08-03,1,-1,-1,1,1,-1,-0.08311477952531143,0.9372788789513268,0.09932675758357812,0.02407362902572474,0.9129096792303276,-0.9971426188450445,0.0370600718854438,-1,0.963274179929185,0.04833943615236258,0.04800047547479769,0.006097823199322838,-0.03630825014292349,0.868452131860183,-0.5986299116249114,-0.6266999447232097,-0.3554272248366576,0.5544223124665342,-0.3345872424460147,0.09415745437889314,0.7720640622745585,0.9107978642388342,-0.5872322786187797,0.9975501024521344
1942-08-05,1,-1,-1,1,1,-1,-1,-0.05844809868075984,-0.8787605046086199,0.9949880769015941,-0.05609536362199408,-0.06378132751372467,0.9835829680984146,-1,-0.024228730333841653,1,-0.9478728261147651,0.9240567770467968,-0.9788716220774247,1,-0.576662741878317,-0.7275862042838531,-0.35863433282811896,0.5443725035980109,-0.325629219551558,0.08880049209595435,0.7877071794539474,0.9153073433884519,-0.7000900814337345,0.9635177491431598
1942-08-06,1,-1,-1,1,0.030426080322546123,-1,-1,0.9140673201963648,0.11295075340048166,1,0.9094114849420729,-1,1,-0.05397283262216479,0.9296882566407063,0.05374828638754103,0.046373395821010854,1,-0.020167910455166638,1,-0.5668694902102582,-0.6980039824705206,-0.34875369257739525,0.5424038706468569,-0.3248315462773139,-4.745546977698162e-4,0.803291298070352,0.9787901864821497,-0.598773368573905,0.9189009981414322
1942-08-09,1,-6.580490680661022e-4,-0.11832882783465482,0.01367903126857617,0.9759914437162137,-0.07104103705459641,-1,1,1,1,-0.08212881565852104,-0.06052818453780606,0.037770551636975735,-0.9073831794386823,-0.0650064379662777,-0.8869628592107629,0.9962900270415282,0.016746710556776567,0.9761103928159386,1,-0.5616516045117322,-0.7513138475590059,-0.26148178525604726,0.6005404919060449,-0.34857289371231776,-0.0028933724887611678,0.7645082473448312,0.938259097150556,-0.5115190422027805,0.8961534596675996
1942-08-10,1,-0.9776302798800135,-1,-0.9548193306882063,1,-1,-1,0.03350393034903165,1,0.017609313503158863,-1,0.82156407082363625,-0.8912718505698185,0.05763685715752487,-1,0.02853154436445382,1,1,0.006715716042834052,1,-0.4676688011287214,-0.7722011752347078,-0.31874264751440784,0.6339790356241009,-0.313854961486286,0.015597802730359867,0.8151714118923125,0.8721471930330167,-0.5628662227632736,0.864540228676621
1942-08-12,1,-1,-0.05370223170500443,-1,0.016467063964655138,-1,-0.04170394623559903,-0.9571544931180468,1,-0.934357434723459,-1,1,0.10533002215015497,-0.8584568029219393,-0.10117813932569486,-0.9589580935110369,1,1,0.9312070525290914,1,-1,0.2270248357350465,0.6592021351717338,1,0.6063688785558674,0.9533380837019116,1,-0.10782571803884955,-1,1
1942-09-30,1,-0.04577969808116167,-1,-0.015782575018296163,-0.9626051606429088,-1,0.9061434392091235,-0.04193223210163566,1,-1,-1,5.595322255075308e-4,1,0.10656907880852728,-1,0.0012950004277850757,0.012581433294969746,1,-0.041149437931009336,0.056252828770229746,-0.11129760683549783,1,1,1,1,0.01959016758830645,1,0.8686779259912791,-0.060790581192035065,1
1942-10-09,1,-1,-1,-0.981026193762534,-1,-0.1181302129155255,-0.07322032652715149,-1,0.059635101817909875,-0.07482809528981849,-0.015659495511402,0.9946922479381007,1,-0.8642622397383913,-0.009023799423258594,0.9502351005416503,0.9712206968882504,0.09330901716603301,-1,0.9790003890284609,-1,0.019274956397981047,0.006187073801577125,0.01721254965264829,1,-0.9204618043388921,1,1,-1,1
1942-11-01,7.905528432808895e-4,-0.015794257714928595,-0.08596243197673847,-0.05327194643609012,-1,0.8398959584980301,-1,-0.0666961983266845,1,0.9082795100523056,-1,1,1,0.12387049414911877,-1,1,1,1,-1,1,-1,-0.9514521121496253,-0.8668132520561068,-0.9260581538136641,0.06152629265151366,-1,1,0.06118026729945569,-0.03167806190034572,1
1942-12-21,0.9868613879101742,-1,-1,0.9232295114505393,-1,-0.09733163965373393,-1,-1,0.0013153890347644692,-0.061807062328640194,-1,1,0.04358158428634318,-0.8608398249242198,-1,1,0.04491661462302332,0.03384228285362412,-0.09845006313765725,1,-1,-1,0.11215467542032487,-1,-0.8989498673567106,-1,0.03690983703211215,-0.9319721528069497,0.9551087547383738,0.023929551405997507
1943-01-01,0.028881542665675553,-2.832349406584056e-4,-1,3.226166160688049e-4,-1,0.8882599300095118,-1,-0.03399356633499273,-0.9627832792577157,-1,-1,0.030832708766017847,0.9943185298989735,-1,-1,1,-0.8945412071802328,-0.9191501438219034,-1,0.03543405925144494,-1,-1,-0.7873311596520233,-1,-1,-1,-0.9586327912288588,-1,-0.010351107790260938,-0.9057094930575975
1943-05-12,-0.9541788399082624,-0.9530345407574498,-1,0.93761678763655,-1,-0.08762969960764655,-0.04847614944687928,0.943111829788697,0.001164142451229755,-0.0623091644655398,-0.11711087775328521,0.9708597675465915,1,-0.014937780695587155,-0.07808948923712766,1,0.08022166700928424,0.07703831104829806,-0.038168245874129925,0.995706534300888,-0.08891497284591199,-0.054751428916129385,0.138215854532878,-1,-1,-0.03676608785936708,-1,-0.02240256412920738,0.9488801140730624,-1
1943-05-15,0.0023510930460242108,-1,-1,-0.03804500319524784,-0.048894893864836586,0.8870220337043742,-1,1,0.9505286569260863,-1,-1,1,1,0.9638735454249483,0.8898449103331803,1,-0.8568089737537705,-0.9081115003506938,0.9551641579477509,0.022341278501862072,0.8699725784165153,-0.966398235077437,1,-1,-1,-1,-0.08488009096279248,0.9422379797884154,1,-1
1943-05-16,-0.8798671686628701,-0.08623124640063351,-0.014405032561616293,0.9244890414474134,0.8930734285134518,1,-0.0011696707593013,0.012211997988479939,0.010408476953290835,-1,-0.025027949840963903,0.06773566650495133,1,-0.011128443504936691,-0.06297178245361945,0.02573983306886496,0.07609944216327102,-1,1,-0.9498543397575924,-0.04686295093923387,-1,0.06215386332279027,-5.220474422314991e-4,-1,-1,0.8933895983947245,1,0.06028229163801668,-1
1943-05-17,-1,-1,0.944295472170422,-0.03684510643931149,-0.09941228593508666,1,0.9863668483830704,-0.9641168477853905,0.9579533244367385,-1,0.9739530072842342,1,1,-1,-1,-0.9195965367346661,0.9852613292581529,-0.0801918728498423,0.023514675114244987,-1,-1,-1,-0.9062243450842598,-0.9671244523634664,-1,-0.018420700396942102,-0.04973080976210609,0.040033965972382624,-0.8943072355495583,-1
1943-05-27,-1,-0.08453288193313668,1,-0.9939772300107917,0.7915309072502067,1,-0.01325862056459104,0.003840115130674837,1,-1,1,0.017334222883507278,1,-1,-1,-1,0.005929757428560611,-1,1,-0.11497943614766881,-1,-0.02005232167401938,-1,-1,-0.011974739525612565,0.9094556134717038,-0.9849753583758417,-0.8979453588990043,0.07182411502804231,-1
1943-05-28,-0.05135844019287894,0.8806296534782423,0.017303900041233722,-1,1,0.027710858622204015,-0.9947967850686206,0.9390916185442848,1,-1,1,0.9388439098402418,1,-0.0014335815736348234,-0.03170271915601619,-1,-0.9818168454563462,-1,0.08148950086483076,0.8132311992019009,-1,0.0016130982977704822,-1,-0.9907028224587086,-0.05012225242510224,0.8661062165770481,-1,-0.8436832946242955,0.03043405349471931,-0.9713160702223094
1943-05-30,0.9411895246802076,-0.10371983595674805,0.9977823739016197,-1,1,-0.9586149098659825,-0.01055240595739071,1,0.04291460167061323,-0.04039793228277189,1,-0.011863150028346703,1,-0.995947871337403,-1,-0.009385831515222542,0.01782213760680995,-1,1,-0.17465202633593824,-1,0.007250361421729481,-0.9626494306262692,-0.9957045260043124,-0.07502256208776836,0.8855825713384109,-0.9511233680475271,-0.8636912839934114,0.08217216725351367,-0.9532014961610115
1943-06-01,-0.053915718383063305,-1,1,-0.004025426765766782,0.05967094612433632,-1,-0.9608230587367362,1,-0.9247690982745981,0.9368764950919733,1,0.8959639485387074,0.00631138467665282,-1,-0.024162176674909497,0.9239259315836706,1,-1,1,-1,-0.94182241685245,0.06623685346349688,-0.9850327179315207,-0.9446769079850248,-0.03983176011679257,0.8364885406013078,-0.9416463126933143,-0.8790422372749805,0.013372769004933338,-0.969073963851531
1943-06-03,0.9156965049165643,-0.017127223749554776,0.054678049699489306,0.9173785275653668,0.9522171379200792,-1,0.01093787205979746,0.035653476741371426,0.023045064368199752,1,1,1,-0.9703384656364163,-0.10245281035515141,0.9249432768663107,0.009624200770980917,1,-0.0010231912640165097,1,-1,-0.9974076006132524,0.022620005101899085,-1,-0.9834535693583568,-0.024838456265549355,0.8871092598683764,-0.9281510564873009,-0.9609196135826918,-0.014861180831675976,-0.9994414728261634
1943-06-05,-0.006889089361521106,-0.9874958269243919,-0.9154693437208198,1,1,-1,1,0.9867797660655132,0.9819431165250192,0.03820136171935562,0.07842088858516072,0.026253928692174022,-0.09858095603877759,0.8578269685131155,-0.0435295003029319,0.9071795683835182,1,-0.856661372379531,0.026898091984851935,-1,-0.9828442747789137,-0.007747411111804783,-0.8724400733484189,-0.8730969508038192,0.04114710501830758,0.9607048393900073,-1,-0.9319423412074302,0.04364136907400107,-1
1943-06-09,-1,-1,-1,1,0.005161741474221437,-1,2.6869468419865594e-4,0.09034481723183141,1,0.9438885653127187,-0.9116207974393611,0.9191831708217779,-1,-0.09025710186735747,0.8950301690808204,-0.013998100912490208,0.030724420972627953,-1,-0.9610841715532938,-1,-1,0.05285513777120231,-0.8544595108817399,-0.879386275254816,-0.015470635394098105,1,-1,-0.9364781483789513,-0.022758972456377438,-1
1943-06-13,-0.03474334281418301,-0.008415979376689586,-0.048600316804422006,0.007725642488726314,-0.9573336244360632,-1,-0.973362480843271,1,1,1,-1,0.01623941021557518,-1,-1,-0.09624402222040851,0.9407591074885538,-0.9186922000478245,-0.009663628376202604,-1,-1,-1,-0.01455295784519961,-0.8581179965091271,-0.8508626344899404,-0.0352258564233026,0.9613688839697956,-1,-0.9557745296278819,-0.02182942716705353,-1
1943-06-14,-1,-1,0.904115251766025,1,-0.054241843111601185,-0.015657873943129008,-1,1,3.3376858252243125e-4,1,-0.039948610431942866,-0.9513849381727076,-1,-0.03445548169053514,0.8555978410820593,1,-1,-0.9776306265002123,-1,-1,-1,-0.06534025942879859,-0.7789133170921583,-0.8118056125199261,0.07039722782397924,0.9872765579838327,-1,-1,-0.014225434518932455,-0.9287694508889264
1943-06-15,-1,-1,-0.08425703711104804,1,-1,-1,-1,0.009706928362082756,-0.9406414325880745,1,-0.9965389212844301,-1,-1,-1,-0.12309738477556376,0.03024566565607456,-1,-1,-0.054519768650332145,-1,-0.9591378892880791,-0.09406741709070067,-0.7925681110290329,-0.7834331109553331,0.13785686194455615,1,-0.9934401383048934,-0.9221771084027611,0.08724209841855107,-1
1943-06-16,-1,-0.0060939816634885124,-1,1,-1,-1,-0.00268785921321979,-0.98318208485324,0.05854713800777467,1,-1,-0.03340978403495676,-4.956473183435062e-4,-0.035727252188859526,0.8696691451113335,1,-1,-1,-0.9397579491153064,-1,-1,-0.06710859953079766,-0.7470105480371031,-0.7873433147021339,0.1083030942573584,1,-1,-0.9260984707229959,0.008171791822360996,-0.996279679008331
1943-06-17,-1,-0.9345310190018649,-0.07380234237446293,1,-0.0771397236213619,-0.011484209101441989,-0.965545852375174,-1,1,0.037183312990149875,-1,0.9437157973839067,0.9987515330056793,-1,-0.058909039448002076,0.09003982283445766,-0.03207037137590674,-0.0016045267078460546,0.010919863888941173,-1,-1,-0.11468794090949824,-0.6574707193671456,-0.7519547002898676,0.10843786794937368,1,-1,-0.9532388625345074,0.021881929512518303,-0.9738033116637552
1943-06-19,-0.015819855359861523,0.03500294203719512,-1,1,-0.9701970566588607,-0.9698100052040062,-1,-0.012164075548414255,0.007907159535373576,1,-1,1,1,-1,-1,-0.8608293396320241,-1,-0.9871691510901817,0.9513031868609583,-0.025583539312209802,-0.9185867709651151,-0.03952527642288223,-0.6104991256526808,-0.6662835557933545,0.12439371373295782,0.9896022880136403,-0.9457515120507359,-0.942576563790483,-0.07790757378372416,-0.9654765613499146
1943-06-21,-0.9586752493841144,0.9328763874446327,-0.0034333509219844904,0.009210924515452468,0.007348188450377546,-0.05448757598210319,-1,0.9763011208894709,-0.9179159921548327,1,-1,0.03323380735307879,0.06853296253250507,-0.018492777074153977,-1,0.08779195855199529,-0.022458352400951176,-1,0.00832600934816563,-0.9669822892446889,-0.9664033331116432,0.033253212980425995,-0.6444778395708974,-0.6533785757684021,0.1237388018845854,0.8602541885075582,-0.8897985318366868,-0.9490332674964822,-0.07950803987106134,-0.9003933115264381
1943-06-25,-0.036189951529387865,5.379367583715489e-4,0.9918068486323284,0.9292182928977836,0.91234450422602,0.825918238994853,-0.036628823591938864,0.012046900382856718,-1,0.042202587674376346,-0.04258754760121819,1,0.9733498283421146,0.9611309289529347,-1,1,-0.9990952329429483,-1,0.9072949081474044,0.02374778826883006,-1,0.09354733714837385,-0.7298536679131152,-0.6991306423194217,0.0997771230088982,0.9376350015794148,-0.9409020520616612,-1,-0.08641930019940045,-0.8414043341849416
1943-06-26,0.9545413035037823,0.9736979244406586,0.0027771226103310287,1,-0.07951361629222153,1,-1,-0.9754202708016384,-1,1,-1,0.003998762626122865,1,1,-1,0.04640031629163499,-1,-0.018110567719376802,-0.0601936163905642,-0.966852965303094,-0.9865534077493338,0.11050997042688945,-0.6741373463177637,-0.6544568398883946,0.01999587816518396,0.947664628977915,-0.8698721874981074,-1,-0.03418892040344046,-0.8930097366794401
1943-06-28,0.009646879445123213,1,0.9822574813993121,1,-1,1,-1,-1,-0.010027861373372082,0.08597043674254112,-1,-0.984936811747496,0.031683634718613796,1,-1,1,-0.013716692564713973,0.9096618993461666,0.9061854029733996,-1,-0.9380161936269151,0.13398930853350657,-0.6600829299865524,-0.7365745745251256,0.07756022260468538,0.9011092268909915,-0.8905766615814108,-0.9539350208237485,-0.04492095702828895,-0.8927831678036884
1943-07-03,-0.9743575567842623,0.025716595017972632,1,0.08169092929186705,-1,0.023323062760037927,-1,-0.049723816680878996,-0.9374458081426639,1,-0.015547519490207051,-1,-0.8734721975799481,5.347980726317925e-4,-1,0.04980039162100125,0.9323802474823145,1,-0.03614904146854081,-1,-1,0.20294840283524562,-0.6522938713184145,-0.7646929114609778,0.10329232224607238,0.866843897032683,-0.9365440134060447,-0.9258953612292125,0.04576700269911964,-0.8103374548656082
1943-07-06,0.014659390543232398,0.9905312585566477,1,1,-0.0460926661875527,1,-1,-1,-1,0.032740660928815,0.9309790818758836,-1,-1,-0.9708538367012871,-0.10138367317613206,-0.9021907975493577,1,0.031067210171014548,0.9621424617620866,-1,-0.9929395108344158,0.16912840991345102,-0.6526397425214283,-0.819461277223086,0.0025807048665984766,0.8288232698343254,-0.8340671856879912,-0.9835577420064866,0.07990637476628812,-0.8575364391076598
1943-07-10,-0.9473321294987946,1,1,1,-0.93271306557938,1,-1,-0.03391287303426227,-0.04980780384935879,-0.9183786120429684,0.05423733683912291,-1,-0.03402844684904682,0.02913635027583772,-1,0.09042130834226525,1,-0.955439405141,1,-0.013562071867878611,-1,0.16696164177950662,-0.6225987173601933,-0.898402373769502,-0.013431811283108799,0.7505348335574242,-0.8865049363881051,-0.9762826516233788,0.05713719167945516,-0.7380804137060559
1943-07-15,0.03330283799280609,0.04510815341142238,0.038067231549975156,1,-1,1,-1,-0.9969403120193265,-1,0.019782616887217497,-0.873485790888114,-0.038301822913553885,-1,1,-0.04425691417356736,1,0.046772573534051065,-1,0.030100934437452875,-0.9644185333322265,-0.9695393189009431,0.21183702226161308,-0.5826489164507017,-0.8843057289214163,0.016195049724413362,0.7731343594998478,-0.9031692477258493,-0.9275878874357565,0.09180480433603935,-0.6970388306614602
1943-08-01,0.9749651224843264,0.9972451989081332,-0.9410280753006723,0.04979675951567386,-1,1,-1,-0.032868004791588135,-0.012876651169887898,-0.9726935928286519,-1,0.930234486505629,-1,0.00337137179397784,-0.9920512536005649,1,1,-1,-0.8485316335146025,-1,-1,0.2923740984652965,-0.5710409320719375,-0.8714737260836107,0.03583381119857912,0.6648670137362394,-0.885661232733335,-0.9080491055504422,0.08652738134065344,-0.6466648887403121
1943-08-06,1,1,0.049586335592016306,0.9479321008540664,-1,1,-0.017907954232259216,0.9006323719087154,-0.985665819617568,-0.0028371932107713604,-0.02652940194256237,-0.0036658086511476284,-1,-0.9813124487972277,-0.05025468621602658,0.04152280171736111,1,-1,0.14676899514983033,-0.07208416781334581,-0.9823838021925169,0.3121825143416317,-0.5657374104723285,-0.8299862717134597,0.09510537936241646,0.6239023289969763,-0.7650419098001682,-0.8545909990420147,0.052674364334486946,-0.676695391813138
1943-08-09,1,1,0.9455719471950341,0.038521365132628604,-0.011288480939287915,1,0.9262999809034371,1,-0.005942746201407223,-0.9414545654804288,-0.9965053486836754,0.927987993659251,-1,0.014269077935380015,0.8675788310394237,-0.8924634900054609,1,-1,1,0.9222299361727251,-0.9606020176918664,0.2832303112939093,-0.6048785617272722,-0.8187159924642119,0.08779745372843756,0.7321878211095152,-0.7733472219870553,-0.908884190946174,0.11389684443031073,-0.758701516768792
1943-08-10,0.030653885444523743,1,-0.031048385017151348,-0.882673058217637,0.9208845464971985,0.12732837744342962,1,1,-0.9530710978036794,-1,-1,1,-1,0.9884169781144339,1,0.08978329945290076,1,-1,1,1,-0.892913374583175,0.29356747637112146,-0.6729276839416244,-0.8292960510071312,0.08947969484591313,0.7265145854176864,-0.7297591605239525,-0.8964607844054192,0.0924333941252563,-0.7308172844171263
1943-08-13,1,1,0.941349126389528,-1,-0.052126761374195696,-0.8400232655294555,0.043681867889936665,1,-1,-0.040232938146782304,-0.0781141427549108,0.07233808011187814,-1,0.022714479000543353,0.013818165967098506,1,1,-1,0.07629825825321768,0.08846012871391784,-0.8974278066410827,0.27975671359695237,-0.6546364654904432,-0.8548371918516177,0.07648769618759625,0.724981166438884,-0.6524775824384115,-0.8291912800224276,0.13384440869359304,-0.6982417468744568
1943-08-15,1,0.030124781029340686,1,-1,0.9174132083167827,-1,1,0.07635314424115514,-1,0.947735057680503,0.9048260742099218,-0.9165066660149908,-0.003503865507335946,-0.8921658967538644,0.9754006469616938,0.0024188214169711397,1,-1,-0.8385635977445858,-0.8983512761016631,-0.8243752800887258,0.24364763670224146,-0.6527621357679168,-0.9108780351108143,0.03098722698127749,0.695451609387349,-0.5966606082203979,-0.8250863020559043,0.11469672193196132,-0.7065131822979478
1943-08-23,0.01502218193729088,1,0.014645095868232594,-0.016292786344771937,-0.06325346565553425,-1,0.027693608066280517,0.9965034447825035,-0.01969959632169982,-0.01871931681199146,-0.012432770083481426,-1,-0.9422768017316641,-1,1,0.9594161695507903,0.05621645329517999,-1,-1,0.08439149458084705,-0.8346499283392802,0.17186034663220814,-0.7384589598481482,-0.9325873930469167,0.11785282594221433,0.7165973110943166,-0.6717961450659204,-0.7658703493401946,0.10822662796898991,-0.7215845933414284
1943-08-24,-0.9736460058673114,1,0.9404013778207353,-0.915801532587113,-1,-0.0700439549072196,1,1,0.9666169552009913,0.891324284058883,0.9796844125786276,-1,0.05644658999785879,-0.029516000508527984,1,0.008006436372653525,0.9865096061080609,-1,-1,-0.7873874259016311,-0.8958904120917333,0.06881506449219338,-0.6904442636595562,-0.9532822077504671,0.20354237893722835,0.6296028241224154,-0.5886597325875557,-0.770562298962364,0.024382525486820905,-0.7128042303376051
1943-08-30,-0.010874618235427236,0.07941549449229202,-0.05056709887863997,0.04771637122362571,-0.0022705481927137727,0.8654917393567767,1,1,0.07886270883847113,-0.08789033757953135,0.0038950950023850517,-0.02580071853445698,1,-1,1,-0.9869971938005844,0.04781899329477546,-1,-1,0.15413677245385837,-0.8570893728086589,0.1175644483737346,-0.6165373251463467,-0.9389385515965555,0.24117021663179128,0.6178363392368874,-0.5817223788952818,-0.7625671501745096,0.034421498894474045,-0.7170857377303326
1943-09-14,0.9828875822540979,1,-1,1,0.9827905628441201,1,1,0.018538762044679302,-0.9140775254268233,-1,-0.966110744365447,0.917428345282458,1,-0.03895158482131955,1,-1,-0.9459933656995175,-1,-0.05565779191324416,-0.8020604621471074,-0.901279663489232,0.14454098087421383,-0.6079084914837966,-0.892202259633309,0.2504503136853199,0.565505935584909,-0.4909135453204361,-0.7878096405020034,0.027838953921482047,-0.7054960477225317
1943-09-17,-0.002504332935177711,0.07347784150698211,-0.10419364288991351,1,1,0.03730797312959455,0.10922692096006681,0.9659029438029092,-1,-0.006294985573689682,-1,-0.029433343241130117,1,0.9559922163718435,0.07093671509775668,-0.09903395430629658,-0.04129418354831871,-1,0.8958079008839357,0.1919281081247004,-0.8597904780398843,0.1817713774478918,-0.4736173031555233,-0.9420836950992905,0.19748897430357068,0.5980655947584138,-0.5641941301797098,-0.7271507592678487,0.06332590647386878,-0.6890560752092578
1943-09-20,0.9645818088664405,1,0.8467869604683962,1,0.04592338224865178,-0.8876100222868032,-0.8829971552462192,1,-0.08179306373513517,0.9167151500341654,-1,-1,0.012253433254722723,1,-0.9034422889164935,0.8807529721487193,-0.9991651387081449,-1,-0.07240665256783685,-0.7980496036763081,-0.8118242670355009,0.10139763220993755,-0.4910264912255763,-0.9118096086557551,0.2339442326450463,0.5671196559619076,-0.5703865571351894,-0.777482260817276,0.026183533777878958,-0.584271381025246
1943-09-22,-0.0012831741304920596,0.014309988604219948,-0.08663417881099478,0.03866322598541305,-0.927627770793246,-1,0.05601376223103771,1,-1,1,-0.02661672709931806,-0.003350877647955608,0.9632875661371915,0.009730748166198677,-1,-0.10702202237111247,-1,-1,-1,0.14735750316712315,-0.8175577553007001,0.12754846893948366,-0.5205130760631695,-0.8696433529119009,0.18319489032297806,0.5469439973597813,-0.5925982395705041,-0.7861531887261286,-0.06197582227123701,-0.5297789215289757
1943-09-23,-0.9461796848102196,-0.9670270040386604,0.8423791387341105,-0.9232998954191669,0.03197255218640138,-1,-0.9049129905536833,0.0063587107486002825,-0.0045738565754734894,0.07909811390834087,0.8851324903304172,-0.8886100969923906,0.06201670176296503,0.9342670951612565,-0.06082800782140252,0.7979704353829615,-0.07502187048744435,-0.012619736104758972,-0.015881623681595736,-0.7920039719403049,-0.7797827322600819,0.13471927315562973,-0.4307581797954634,-0.9910300395666656,0.26472737121017365,0.5783115432511292,-0.5853108880240602,-0.7002140893769163,-0.040791342689578215,-0.4878326551024521
1943-09-26,0.05319409125338537,-0.10850927895345586,-0.14050279590974846,0.07236992119970465,1,-1,-1,0.9701231460666137,0.9115147898359153,1,-0.06909208409409062,-1,-0.8597983064236556,1,0.9075881188221437,-0.17314089500814134,-1,0.9520175228613106,-0.9696625739519682,-1,-0.7384047070741838,0.14743630364336816,-0.5054255982806232,-1,0.2801514739599294,0.5695706688263268,-0.5121500604545538,-0.6266995122211553,-0.031318793195997376,-0.5481638626488948
1943-10-01,-0.853314482750774,-1,0.8590635290574583,1,0.0788867643274287,-1,-0.02731094708071724,1,-0.07063527973964467,1,-1,-1,0.02714773719922059,1,-0.06435090511464381,-1,-1,-0.029835213556353213,-1,-1,-0.6884885634658072,0.1845612618470126,-0.49492780902041456,-1,0.3128499365864986,0.6460095606712906,-0.5186528488026171,-0.5858397038384272,0.011753575975998097,-0.6044963966369371
1943-10-03,0.10728512985174343,-1,1,0.014788476804003747,-0.9087233578057138,-1,-0.986430477669949,0.03634424885292786,-1,1,-0.02596969399899951,-1,1,0.10166674870887249,0.9237755118532806,-1,-0.05335317143337037,-1,-1,-0.03056464048894081,-0.7015090329759762,0.21694096867042612,-0.5292531997367482,-1,0.2661497058573776,0.6052558009752655,-0.5640149812471592,-0.5493510614574995,-0.014364027776756806,-0.6946973415288723
1943-10-07,1,-1,0.06537738056962317,1,0.07129727974272781,-1,-1,0.928615148453508,-0.04511163032593135,1,0.9417145688370177,-1,1,-0.8285414171158376,-0.004128872875966416,-1,0.8780224825604718,-0.053580465672743105,-0.001057283971674261,0.9134495222222283,-0.7546770380730558,0.11178339536439136,-0.5409108521625051,-0.9517112396672361,0.30059752569851333,0.6901909830425472,-0.4728388003040581,-0.4528028479915141,-0.00955398634542498,-0.7365310239522134
1943-10-10,1,-0.08421004182437597,-0.8408615066770482,1,-0.9218994054009788,-0.015003331537618791,-1,-0.06480351321801903,0.9017520614477237,0.039053480708849064,1,-1,0.03275619938819674,-1,-0.9755024206375531,-1,-0.08770664257893013,-1,-0.9407924698808747,-0.04375919193171507,-0.7234983372257243,0.05409993620865193,-0.5675570063139903,-1,0.2290775756903311,0.6945322853886376,-0.452831926092237,-0.44972876543757345,-0.05796987839086696,-0.7567476068166419
1943-10-12,0.008590163423882635,-1,-1,1,-0.014965434844880443,0.9800747954402661,-0.012832106379626618,0.9337415953701572,-0.06895588930148555,0.9702016500597248,0.06785041639713041,-1,1,-1,-0.003201872888267898,-0.024067522036984146,-1,-1,0.026510553729379494,0.910162283282149,-0.7156374543613768,0.07990549778272903,-0.5909925099938955,-0.961869501409806,0.27259457208618876,0.6255873447665821,-0.3828890167227156,-0.4424107819544886,-0.058129273395662505,-0.8315969623663567
1943-10-18,0.9741931178114144,-0.02531741999317516,-0.0999685004977332,1,0.9348681072494355,0.004361718009948001,0.9772139904017223,1,0.92225091955699,1,-0.8896392290407149,-1,0.004831804937408202,-1,0.9343819570821494,-0.9425582095500145,-1,-0.043379932258647114,1,1,-0.7078966557454995,0.053969432348125214,-0.5002712228200612,-0.9445152198084836,0.11676343683863472,0.5797700257874351,-0.44975882934648087,-0.5138599942535337,-0.0012786426957692373,-0.9723633773057029
1943-10-19,1,0.8907262047416226,-1,0.042308321754019884,1,-0.943872892839506,0.041063817053445084,0.04910511865736866,1,1,0.09017420371553464,-0.08953871640294486,0.9766933554785232,-1,-0.010414469104717217,0.02231049002801022,-1,-1,1,1,-0.6622282743231259,0.13279433239245383,-0.5140572729826302,-0.8662081655997139,0.11625560220950287,0.5869936679666609,-0.5471264358342414,-0.4763750977933561,-0.08010946923579662,-0.9877186938242035
1943-10-28,1,-0.03292827925194908,-0.05303955578257735,-0.9030425195567039,1,0.049445606492677485,-0.9504086863548405,0.953534903483591,0.03503458289832573,7.244942932941312e-4,1,0.7520703693417248,1,-0.005471294030536811,-0.9907156328445814,-0.9457927859207719,-0.008435410895867856,-1,1,1,-0.6625568186240962,0.04443104440646588,-0.49202486436915366,-0.8459795669571616,0.19082620577208664,0.7020263605692222,-0.4949070190461142,-0.5378770566693329,-0.19551542657232923,-0.967323622882261
1943-11-12,1,0.9633216275950217,-1,-1,1,1,-1,1,0.9985290591111176,0.9038181395908126,8.579732802869167e-4,-0.24666582611541688,1,-0.9885453852738207,-1,-0.10060127356252435,0.9274485577902629,-1,1,0.05980900547876078,-0.6610419592559033,0.06179437165944143,-0.4733224875636607,-0.8666650104909437,0.2424650078122965,0.7753643186310759,-0.47640227876097846,-0.5901019171404301,-0.1817316131349751,-0.867641383046557
1943-11-18,1,1,-1,-0.0025602661151787887,1,1,-0.019753849451414895,1,1,1,-0.9832737435594515,0.6673049968258605,1,-0.019114556896653645,-0.0052736566822415565,0.8752580135882511,-0.03982151186583971,-0.01585749998745123,0.043328004838867784,1,-0.6828125327888607,0.030217002935950955,-0.472684554433985,-0.8970568076849642,0.27647244267980486,0.7713825519339349,-0.5127663543202587,-0.5707600913926087,-0.16023660936874617,-0.8598620940142978
1943-12-02,1,0.0040686142147852156,-1,0.9852000353650845,0.05014909304862847,0.1010444856549908,-0.9895700648702701,1,0.06470158028228401,0.068645290966733,-0.04773067254576091,1,1,-0.9738095582439222,-0.893710923634534,1,0.95301563240418,-1,1,1,-1,1,-1,0.06809562833611904,-0.6897822640773328,1,0.43416553093698174,0.3569444751176466,0.831416130034136,0.11535737907175214
1943-12-12,0.0062199721651934325,-0.9751194256805606,-0.10255238112446585,0.005621361683296189,-0.8851980344430755,-0.8030976255941528,-1,1,1,-0.910423512819363,-1,0.04059188945181191,0.008730964665125573,4.866043109039708e-4,-0.002035396916954424,1,0.051667205085991985,-0.005280721444602121,1,0.02449019200679392,-1,0.0572387704469689,-1,-0.873553394317653,-1,1,-0.5554074929142829,-0.6132914204531412,1,1
1943-12-21,-0.9685573767224204,-1,-1,0.9693444203719521,0.08736492678123453,0.13279390061764584,-0.010036456371237179,1,0.08770205150987276,-1,-1,0.9775813164309086,-0.8452871712464464,-0.9742919895979562,-0.9879424719663085,0.017828223402031496,1,-0.9517076577940938,0.05446640818921178,-0.9358888277228957,-1,-0.9309278349602186,-1,-1,-1,0.00800838645028279,0.4209373851082061,0.2886246185125153,1,1
1944-01-10,-1,-1,-0.04494489467283691,1,1,-0.8353507977299953,0.9446889454695007,1,-0.8385695576044648,-1,-1,1,0.15009319840492252,-0.041343591488949616,-1,0.9748482519398528,1,0.012807828622118933,-0.8927543873936711,0.032960209171060906,-1,0.04657541403786469,-1,-0.007162506751574482,-1,-0.9893528261517315,1,1,0.07947776738206713,1
1944-01-12,-1,-1,0.9474597082774776,0.01171432726483479,1,-1,1,1,0.06510581419261197,-0.015361299201387735,-0.07793049371611649,1,-0.8478323129701733,-0.9785677176055102,-1,0.05526373134430829,1,-0.9755473747944067,0.06044380493254875,1,-1,-0.8934223901769652,-0.0055167133738751595,0.9806032266894495,-0.04229648081794668,-1,1,0.09534925427315011,1,1
1944-01-14,-0.025591201534269636,-0.025158919828914827,1,-0.9392604874565798,0.07203231615589356,-1,1,1,-0.931760393044429,0.943716419050443,-1,1,0.13432995337130926,0.008151325264461162,-1,1,1,-1,1,0.0511878145741862,-0.0914135937156495,0.05014396639050822,0.959280683304714,1,-0.9795933361776513,-1,0.027651749309278495,-0.9043051280355535,1,0.0451849944397853
1944-01-15,0.9413375793271525,-1,0.011076438376305564,0.05877142037398775,1,-1,1,0.0795799040854629,-1,-0.02998990550398639,-0.04684323326821782,1,1,-0.9662438751891833,-1,0.0329791178027008,0.11434638778251627,-1,1,-0.9244112334410666,0.8688674262555308,-0.9146754602506088,-0.01790415342376539,0.03773938147943656,-0.07683361982818282,-1,1,0.054450220296066165,1,-0.889677939766878
1944-03-05,1,-0.11548699122425088,0.9965602819949392,1,1,-0.029063422357040736,1,0.9780235483120804,-0.009831813430945524,-1,-1,0.049126071655350434,0.040611358285766896,-1,-0.06770245216778681,-0.9039168687655318,1,-0.03500820424071949,0.009055974497256924,-1,-0.12460441185942184,0.005588584451631462,0.9739425599753475,-0.8884780759846999,0.7521252226918765,-0.05428397594776546,0.022909997311879815,0.9608697319238579,0.004005678390881284,0.1045671989147241
1944-03-06,1,-1,-4.093471507211621e-4,0.038447053603957615,0.0068259219492102785,0.9455764928127074,0.022173664889805655,0.0053850893160893865,-0.9357841587188926,-1,-1,-0.9316995160287551,-0.9427623660933857,-1,0.9185937131239074,0.0232741906778966,1,0.89426500802436,-0.9237941582542791,-1,0.8325757439196904,0.9671943590797047,1,-1,1,0.9051825833400513,-0.9232214663414158,1,-0.9867056743723165,1
1944-03-07,1,-0.012581157434421453,0.9262384495835227,-0.9353715539848403,0.9691725380698492,1,0.9123965908152581,0.9461998334662995,0.03348545250835322,-1,-1,0.0468315179371841,0.037423659600501535,-0.01651958476249049,1,-0.9396972916055124,0.056600396857155344,1,-1,-1,1,1,1,-0.01443989408031765,0.03393831665795566,1,0.0031976686145953614,0.055733089500964006,-0.04569662945402053,0.07278220864873064
1944-03-13,1,-0.967666519366641,-0.032901317824242104,-1,-0.017072237975880422,0.12208326415356929,1,0.03553873396117058,0.9857169814986126,-1,-1,-0.9334916044437304,-0.9355448931803193,0.974185299129741,1,-1,-0.8878321439592218,0.0013673306083465953,-1,-1,0.08826766345666048,0.041460248901754926,0.06920622713213498,-0.9934315256881331,1,0.016128930543307107,-0.9858853997985143,-0.9192375697124124,-1,-0.8940726873104324
1944-03-14,1,-0.03666873115417668,-1,-0.040875500567129075,-0.9945739436687683,-0.8334342044278781,1,-0.9126317517473287,0.023978867580615404,-1,-1,0.05916740522058472,-1,1,1,-1,-1,-0.8698106880899779,-1,-0.049021428795622324,-0.9057733666714469,-0.8975266428544263,-0.8661241882693209,-0.03446182310113355,1,-0.9602964944777204,-0.022945517649939684,0.040236464451077314,-1,-1
1944-03-17,0.008510526539848406,-0.9903207911893169,-0.07472848227128737,-0.9776316896336794,-1,-1,0.09168550681845877,-1,-0.9737347389581323,-1,-1,1,-1,1,1,-0.0028887214164630137,-1,0.11980035071161133,-1,0.9479077818917443,-0.8953840163408618,-0.9097067818989283,-0.9433475688606907,0.019262848132079048,1,-0.9343686683263643,-0.030584473900815205,0.1041251507644415,-0.9577081342650743,-1
1944-03-20,0.9732553103096334,-1,-1,-1,-0.017842793174844496,-1,1,-0.04355441395323867,-0.04447239020660332,-1,-0.09496465137846699,1,-0.07280175583201598,0.03726163103878499,1,0.9836280861697683,-0.01277191715757231,1,-1,1,-0.8889225750556121,-0.9223758178253694,-0.9638302935884484,-0.013439558766053294,1,-0.9484238062337942,-0.057598367091445966,0.13839579987990935,-0.9694519212200592,-1
1944-04-02,0.009430055183573094,-1,-1,-0.023194304589532533,0.9757937786420409,-1,1,-1,0.8613255219901229,-1,-1,1,0.8485632105178875,-0.9362042735101739,0.015927511645833947,0.004817604330698111,0.9835855838107604,1,-0.04827160192753577,1,-0.8847244924623077,-0.9795156631315799,-0.9831673925025202,0.0427983016071532,1,-0.9652207773375314,-0.0626591325863801,0.09344618228388296,-0.9254240013783325,-1
1944-04-03,-0.9778456481906352,-1,-0.006505155663284579,0.9439449392576701,0.06297762891242986,-0.03690767095633929,1,-1,-0.09879474322028858,-1,-1,1,-0.08114262497063462,0.014590329753925046,-0.9346979562315649,1,0.028582139841974774,1,-1,1,-0.8048862127441856,-0.9591711459312251,-1,0.06719468085850774,1,-1,-0.04976591166241712,0.12395413424232211,-0.9224903077917329,-1
1944-04-04,0.018054154081770135,-0.08408956099438236,0.9694293303363848,1,-0.9096362940773315,-1,0.01760834017080315,-1,0.8142551408501608,-0.051559914088669445,-1,1,0.873754114561005,0.9852343236981483,-1,0.03150287009791297,-0.964407660943771,1,-1,0.05527205485430131,-0.8014507437210264,-1,-0.9323709923127088,0.0763867222811474,0.965779250160216,-0.9681663723104801,-0.02378622013466439,0.09831095684822297,-0.89433273833431,-1
1944-04-05,1,0.8491753196635056,1,0.054047875376590726,-1,-0.011330370726904793,1,-0.03174490715458855,1,0.9454529402770683,-1,1,-0.11103090324810228,0.02001854222980437,-1,-0.9220887768936358,-1,1,-0.045341100419667546,-0.9303800197578747,-0.7779438887540706,-0.9885956904022221,-0.963142759840803,0.015217669743790026,0.925345567490193,-1,-0.03385341479523424,0.2110245359626852,-0.9375100224629136,-1
1944-04-06,0.07651834995679885,-0.12971641994030547,1,-0.9126879282823319,-0.034640092925406485,0.9525470414741497,0.0877782725205003,-1,1,-0.05006154294736487,-1,0.00931717991418568,0.8802306768568565,-0.965671375760616,-0.03643649322255682,-1,-0.0022728491150380004,0.07962288508295012,-1,-1,-0.7841654388256256,-1,-0.9855667256562092,0.007473938830203755,1,-1,-0.08834958758582548,0.15079633639297862,-0.9440882119239653,-0.9697679394869185
1944-04-08,-0.8619231787739049,-1,1,-1,-0.9652156152361087,0.0016587407257317999,1,-0.004424307910507741,0.031189297230371227,-0.98932581016073,-0.02641137549529693,0.9806954035514089,-0.11265106648507728,-1,0.8436938643014061,-1,-0.947515463424961,-0.9114158668527943,-1,-1,-0.7865558599175672,-0.9485882598875445,-0.9901480355480679,0.047022169006501274,0.9406383926989264,-1,-0.057474346405508,0.11606164320783757,-0.9242855236506899,-0.9925847955583158
1944-04-10,0.10026488993129057,-0.0475573088106489,1,-1,-1,-0.9964881281175185,1,0.9831500818209512,-0.9360782316306198,-0.025659045312938722,-0.9914342159358499,1,0.8739769875883302,-1,-0.1135058460003554,-1,-1,-1,-1,-0.02554303073014863,-0.8058390915156848,-0.8476689879005042,-1,0.05513040301230681,0.979327942266139,-0.971713758402557,-0.02465072669938137,0.09915808107423749,-0.8551421016203657,-0.9499227101798217
1944-04-11,-0.8747862240021941,0.8255681527399653,0.1121838578890828,-1,-1,-1,0.07024211853282836,0.01730346339042166,0.03399258947697048,0.9701693341480464,-1,0.08873985197912515,1,-1,-1,-0.003844906341442633,-0.0443511471559811,-0.07974003065052737,-0.02506417564220731,0.9159321235845399,-0.8669446958606387,-0.8827815156588177,-0.9939051916778358,5.799255633857567e-4,0.9635465091967031,-1,-0.022490675991504158,0.08837082565354956,-0.8578688635090027,-0.9598614761611075
1944-04-12,-1,-0.09634402768548889,-0.8213310075338118,-1,-1,-1,1,0.9297582137749527,1,1,-0.04415582692550901,-0.9058701718916072,0.04110700675639223,-0.028341891012433562,-0.07413846196077745,-0.9894314409831934,0.9497198976249445,0.9181497086958486,0.97012679030155,0.04423912372049277,-0.8860324057546916,-0.8320149646160628,-1,0.03073323974500843,0.9309413887506767,-0.9726808723469857,-0.05030582056384968,0.0846830345534708,-0.8661444681509588,-0.9723872809463637
1944-04-15,-0.10625973068073769,0.8701825295066674,-1,-1,-1,-0.015849834645532468,0.011733404700169259,-0.055233534534990913,1,0.0037544025857274566,0.9202034780658139,-0.004662752604321252,-0.8777100805128314,-0.992306413353355,0.8501581398870419,-0.08671876347434493,1,1,-0.02775043140078126,1,-0.8684829642352375,-0.9020664131214747,-0.9919483650352008,0.04966337753347741,0.9255987713983661,-0.971892723272989,0.01226589830443834,0.12171383127019302,-0.9324819603832677,-1
1944-04-16,0.828141218088962,-0.12793576442361065,-1,-0.023526321912107684,-1,0.9451603085478006,0.9896504875408805,0.8839530494499871,0.02922089977260478,-0.945935534291686,-0.06678575162903888,-0.9300860191433793,-1,-0.018050119692788358,-0.12315808469400413,0.8689755302349864,0.05968547434853655,1,-1,1,-0.8800833306786133,-0.8253468410187661,-1,-0.019514097129748456,0.898154230558971,-1,0.02836513859828321,0.2227158315938264,-0.959652364394813,-0.9762584792686045
1944-04-17,-0.09647068381752022,-1,-1,-0.9919786983204323,-1,-0.038439452706800936,0.06668399094876931,1,1,0.04782391086191262,0.9140781254175061,-1,-1,-1,0.7957704917701783,1,-0.9007438275750655,1,-0.0231742674023917,1,-0.8547134268334993,-0.8387321271315243,-0.9966443908442549,0.09568995841422766,0.8181955879253768,-1,0.025188230569397715,0.24742871453444562,-0.9201473368917923,-0.9712317155439211
1944-04-18,-1,-1,-0.055243167172652985,-0.03097746804430168,-0.027834334357927815,-0.9260708169737318,1,0.02310599585864148,0.010685209466841816,1,-0.04654232517592061,-1,-1,-0.07102317725071172,1,0.014080360429830407,0.051750040318485846,0.02099839674345949,0.9416960572600801,1,-0.8242243010272522,-0.854033855610484,-0.9779739636142565,0.1177474889479111,0.7906436934675191,-1,-0.04126386018846012,0.22362884552437384,-0.9117608650933239,-0.9033239000030894
1944-04-20,-0.0258567670932609,-1,0.9119726862874571,0.9496805398080183,-1,-1,1,-0.9612920504366048,0.9489716494342884,0.027627674413633785,0.9139804157052337,-0.11844317659356562,-1,0.8783671944406565,1,0.9358593409117707,0.9882520133582251,0.972130778961127,1,1,-0.9308203788540076,-0.7670842250007704,-0.9257445208294746,0.12490915804119837,0.7326493249400158,-0.9742191215594205,-0.14848909732043764,0.22902598114262251,-0.8647286830737971,-0.9267833702494203
1944-04-21,-0.9783787906557626,-0.035305614625741,-1.847662324651056e-4,-0.020927311196208387,-0.0545687183760728,-1,0.0402252476987458,0.03629627240771105,-0.0070415801403695966,1,-0.03062899172484812,-1,-0.014823288100373366,-0.11348571553074605,1,0.031079014080576117,1,0.004681572808069467,0.0582230970650921,0.0883261925626474,-0.9008753935216112,-0.6784618062043568,-0.8691840583292315,0.2138970544945042,0.7082599476375437,-1,-0.1828720786574044,0.2327246422523834,-0.9162329927312857,-0.946946719348746
1944-04-25,-0.0365098343946082,-1,-0.9811006715511462,0.9426974965066537,0.8791268326340289,-0.053359616505765484,1,-0.8333942251955703,0.9795407533765187,1,-0.9840184149481261,-0.14129573989027366,0.9690955105204746,0.8465216529322949,1,-0.9368358472395291,1,0.9681657427351459,1,-0.9033270259658822,-0.8951520211387928,-0.7340721630219759,-0.85823663553788,0.2602132132837506,0.6211751648586168,-0.9994308798588447,-0.17766281187890393,0.3196704458162717,-0.9713945671240457,-0.879124370699988
1944-04-27,0.953930158142927,-1,-1,-0.027005894523188356,-0.0979339632479409,-1,1,-1,1,1,-0.023302816511499236,0.8441766852311674,0.0016643799537680026,1,0.08908128666093962,-1,0.008506417357711626,0.04226044724765876,1,-1,-0.9800788352825961,-0.8381066895485185,-0.8712547961727424,0.29567492224180775,0.5827898933164387,-1,-0.1916930905210296,0.23941784799382726,-0.9431155137833573,-0.8662703769502839
1944-05-01,1,-0.05606564989895446,-0.06510211117424514,-0.968805554081777,0.8676176560961105,-7.999535367453348e-8,0.026048889067539105,-1,0.012985311570112956,0.12003390347749265,0.9226669281707136,1,-0.9675343768903162,1,1,-4.039669959142733e-4,-0.8937034420782553,-0.8737496931121184,1,-1,-1,-0.8259364033244303,-0.8209912939423349,0.32143532852539336,0.5524685659108676,-1,-0.1778829312013286,0.2768936464668299,-0.9375078050587268,-0.7608807384334348
1944-05-04,0.07516878324192089,-1,0.8961458260391806,-1,1,-0.9978150034536017,-0.949391203028804,-1,-0.9689562972967775,1,1,0.016523417365043258,-1,0.06164264976149336,0.00322220565354292,0.907883759509946,0.0747412166497029,0.1217309641602915,1,-1,-0.9905395207136333,-0.7260397521496873,-0.7199963789062938,0.4007654582655921,0.6199051492527439,-1,-0.16060974291857766,0.40357254416484323,-0.9747487284974466,-0.6644185030083779
1944-05-05,-0.9134744830232137,-0.045574917380497904,-0.08160833315181204,-0.015449998570832957,1,-0.019065885722787113,-1,-0.047892384900694474,-1,9.529338274617549e-4,1,-0.962605297503559,-0.08412886299289457,0.9946148895940344,-0.9927062469162001,1,-0.8077828229401341,-0.8182230962481736,0.011506949185911997,-1,-1,-0.707344603687463,-0.6484235633541037,0.3309495792983743,0.6239715523473784,-1,-0.19961311924404726,0.4620252732421205,-1,-0.6282103926965323
1944-05-06,0.0812182546798571,0.8769123975510617,0.8930564863371607,0.9583800124455237,0.016948331709371045,0.8981351964719272,-1,-1,-1,-0.9761206533464389,0.08455431229177235,0.02082610688586961,-1,1,-0.023442126524728768,1,-1,-1,1,-1,-0.9846820587791654,-0.692685663932192,-0.6681476157634846,0.3468870141411656,0.6334103554305721,-1,-0.18389917291658323,0.5116143497440998,-1,-0.6308129730483699
1944-05-12,-0.8475513166945816,-0.08756123614630817,0.01475752196501412,1,0.99802483750873106,-0.07244933978857326,-1,-1,-1,-0.05927473912421921,-0.8875301683987571,-0.9617057204452468,-1,1,-0.9672943298826303,0.06578886448832377,-1,-1,0.0808852883246951,-0.002046469484478397,-1,-0.7844745139272725,-0.7601544637565998,0.3105379597399828,0.6254652335384736,-0.9902065195575324,-0.15818703115492264,0.4874109854510768,-1,-0.5798874918181869
1944-05-17,0.09662144209836743,-1,-0.949153930643964,0.07074221993867014,1,-1,-0.00928039547747117,-1,-0.023429097776683006,-1,0.0028684869532243917,-1,-1,1,0.008483447304003966,-0.9331499967517732,-0.10442483643312128,-1,1,0.9450923734253077,-1,-0.7382321630748983,-0.8234607169326882,0.3726443876840254,0.6384938270122746,-0.9938266633252236,-0.18893111270591512,0.4926322013202842,-1,-0.580748251972128
1944-05-18,1,-0.04712739787826725,-1,-0.9141161337470358,1,-1,0.9488091158920434,-0.0460084314660828,-1,-0.06980443388346802,0.967185257292235,-1,-1,1,-0.9541125947740955,-1.5883242628911276e-6,-1,-0.0403772612028237,0.03895950137822812,1,-1,-0.7610341849913516,-0.843910809723236,0.41266114010302635,0.6047494968331235,-1,-0.21116730731158834,0.5054466123650856,-0.9837056394189423,-0.5560502230388988
1944-05-19,0.018612439129639502,0.8641238661236142,-1,-1,0.018199241330809746,-0.026858601645479707,0.014870601670543326,0.8659608368195337,-0.006636528598556568,-0.9950140044061363,0.06571928132946403,-1,-1,1,-0.004007855470215982,0.9692805127850092,-1,-1,-0.9367252821077927,0.07077265514428577,-1,-0.7518835697665807,-0.8510266508712245,0.4428615335775864,0.5956034305447522,-0.9220673214268196,-0.2625042119057456,0.46629709867454505,-0.9275201873291222,-0.5902940643651207
1944-05-21,-0.9284299318898919,-0.11041591707675036,-0.04610678036058724,-1,1,-0.9895926717839565,0.9554703827257002,1,-0.9378510996795916,-0.035276390885664366,1,-0.016872278827939513,-1,1,-0.9785764361081059,-0.017470323446565073,-1,-0.11548625362583687,0.05405937362672719,1,-0.9395423486926217,-0.8094368120449368,-0.750343554968567,0.4785514466932625,0.584923309564396,-0.8403184600744441,-0.22076954778085117,0.45311084258943846,-1,-0.5709445007490304
1944-05-22,-1,0.8661983913173176,0.9395924182405532,-1,1,-1,0.00817897253945754,0.040697259497567195,-1,-1,1,0.9552199918565442,-1,0.07433138439838582,-0.010562804373230428,-0.9357879349474527,-1,-1,1,0.04659634088555187,-0.9526368827134111,-0.8048214166184664,-0.8141720591402125,0.5135147870121798,0.5754970741055303,-0.8287882906297976,-0.2620931999825423,0.4132272599692478,-0.953902030895116,-0.5401845159200458
1944-06-07,-1,1,1,-0.02302108476034881,1,-1,0.8858912152253644,0.9578213988246418,-1,-0.03399927163126382,0.032850090749314,1,-0.03060289805599936,0.9729080989377789,0.9012572303894952,-1,-0.0729051583877558,-1,1,0.9886889961245441,-0.9524564480640334,-0.7849537588827464,-0.8252843262629499,0.5414911954936084,0.5534546772156655,-0.8576835899828297,-0.24303809595831338,0.4152127634395967,-0.9419001938782195,-0.5266585341459915
1944-06-08,-1,1,1,0.9689717151527993,0.015491651741596946,-0.014756770961151133,-0.09087601216561103,-0.03479315895415547,-1,-1,0.9704880383737069,0.010774221658468308,-0.9811902578455015,1,1,-0.028481271221267535,-1,-0.04483962796707275,0.04299969848256613,0.10830719387075138,-0.9171719473109731,-0.8246709108530632,-0.7837955303377997,0.6117849637799428,0.49596693143178106,-0.7935971856789484,-0.24475813747376532,0.3604552449470325,-0.9817473655216379,-0.5128295771284497
1944-06-10,-0.001184954770308666,0.06020073190760611,1,1,-0.936982721126278,-1,0.9072388177351141,-0.9823453542057873,-1,-1,-0.009917474689759231,-0.9685336419664274,-1,0.0290755083117068,0.05883731927649438,-1,-1,-1,0.9652953785226779,-0.8847849744959768,-0.8428894729518213,-0.8543454979823341,-0.7318355913542791,0.6034339759639475,0.4745172019111518,-0.7393590368001968,-0.16933289198961735,0.33845005513468585,-0.9307585702590112,-0.3694436123330297
1944-06-16,-0.9804741011914748,-0.9126385776394139,0.015928046044038746,0.0398339986260583,0.03514674111179361,-0.008846808742323242,1,-0.01333000597817835,-0.053766893811868055,-1,0.977729480772091,-1,-0.06455016450579809,-0.94328957292917,1,-1,-0.12245071103937177,-0.11646605044465252,1,0.06811542801083292,-0.8934408369855017,-0.9188738650654598,-0.7840448311036162,0.5838301516066927,0.5232757875174923,-0.7383755408865619,-0.1892897355686439,0.3274900993286127,-0.9346902305242042,-0.446572587537932
1944-06-18,0.011447185011568606,-1,-0.9783400189866375,0.9924728003723583,0.997376188464055,0.9652837393314481,0.023402821703068177,-0.9961948598269776,-1,-0.019736869605478158,-0.00210589640480352,-1,0.9100642619184862,-1,0.017413739224230396,-1,-1,0.8775902442339991,1,1,-0.8421994515108672,-0.9599046693238565,-0.8888929847054927,0.581313074360059,0.5386823860918591,-0.6854346264887983,-0.20676940710164793,0.27752324341039114,-0.9443261315551722,-0.42584384265357483
1944-06-20,0.9811483768098054,-0.0421049227248812,-1,0.05100129671393505,1,1,1,-1,-1,-0.9553018491630981,0.9438565894816543,-0.055116685446970126,-0.08034937241411366,-0.008401477250550626,-0.8805465874670564,-0.04090708979253277,-0.03430078073701104,-0.09257316892468825,1,1,-0.8409943190493614,-0.8777537540159133,-0.8752805519015818,0.5897553762955144,0.5995709120412317,-0.6970818163038289,-0.12858887624892062,0.1974414706575749,-1,-0.3005343082839603
1944-06-27,1,-0.9830565321633271,-0.005293949838092282,-0.891174956199585,1,1,0.06600281032514832,-1,-1,-1,0.011628541563429962,-0.9977003223191728,0.8740984857865872,-0.9780559838747505,-1,-1,-1,0.8219970164596778,0.08632044376330628,1,-0.801675938791671,-0.9168967503954548,-0.8327716547267898,0.5561318719743181,0.548909931960047,-0.6888153037355293,-0.04539260993297002,0.15706425653251482,-0.9143568313775097,-0.24282195302297002
1944-07-01,1,-0.02599221562881593,-0.9166966330924365,-1,0.07322403937106459,1,1,-1,-0.012234776642553014,-1,-0.9293209133746672,-1,-0.09919381130176741,0.021464030007390056,-1,-1,-0.010617662671590034,1,-0.8885616752503254,0.05350312432999926,-0.7953846902730471,-0.9025346148913054,-0.8406572665477149,0.5479685268924411,0.5215248246655386,-0.668443625886376,-0.0017545405214677498,0.16898660865570136,-0.9341818312889933,-0.27755936953514243
1944-07-14,0.04117462196331678,0.9661206760047614,-1,-0.03982008998737474,1,0.012871977633005849,1,-0.058942029552053965,-0.9772821640171623,-1,0.03104968658197227,-1,0.880727269884752,0.9862355565080171,-0.039246193699358334,-0.03208592669774046,-1,0.0315676671354036,-1,1,-0.7740409324125632,-0.8433523835616898,-0.8061354719171506,0.5225764264501349,0.5156382049222954,-0.6812458276842809,0.06751979676299028,0.19601020536865849,-0.9177787775870458,-0.29935065092847635
1944-07-19,-0.9104661853806562,-0.0228263278163362,-1,0.9472272297268971,1,-0.9282942013744563,0.05388107429706879,0.8962911042108558,-0.02157133372723974,-1,0.9907292265797414,-1,1,1,0.9436449869646238,0.9006648357461686,-1,1,-1,1,-0.7179985243193171,-0.7516116282096185,-0.8382797854922981,0.45397845100627804,0.48781306011722864,-0.6655588178745442,0.08449804145183015,0.12020026030295222,-0.9814122456156776,-0.23843357440383164
1944-07-20,-1,-0.9750376825437493,-0.009691813576415687,-0.04787730983949545,1,-1,0.9869811527594573,1,0.9584674226026295,-0.0328343439578076,0.03164383072681354,-0.10234521495361082,1,1,1,1,-1,1,-1,1,-0.615573665603518,-0.7593108651633433,-0.7910377959431849,0.4389737451771389,0.451546141523144,-0.6485188997664096,0.09508171394184467,0.18628293775114704,-0.9663874159248198,-0.2627533864959802
1944-07-21,-0.022240601796353787,-1,0.9893919045223545,-1,0.0824793183324094,-1,1,1,0.03962202220033906,0.9366780644720158,0.9905248570922974,-1,0.03664218188542867,1,1,0.05432827396798556,-1,1,-1,1,-0.6700788447346809,-0.7735081545650502,-0.7717234228068571,0.4312023805230093,0.4416950951475126,-0.6573858328491358,0.1462736226975031,0.24487206960331487,-0.9258157657380613,-0.24408544630545972
1944-07-23,-0.9714283686957371,-0.06529588625090044,-0.010331347741867392,-0.048836092913342455,1,-1,1,0.015999958247091883,-0.9362149799158719,-0.019718191650958006,-0.00795724035205081,-0.020585738945489096,-0.9553609016321645,1,0.030234048474935493,-0.9170326514980078,-0.029835672554899162,0.06907267059576738,-0.04659779993170554,0.15488257659076665,-0.6596995698299614,-0.8495516528747236,-0.7199843798126516,0.5140063286905848,0.4797989709116842,-0.6494719493587858,0.1638791407194789,0.35271388173455215,-0.9100297170232866,-0.29057430123634537
1944-07-24,-1,-1,-0.9282402842256191,0.918643262204898,0.01130296850171475,-0.05041919643956472,0.008768363058849094,1,0.05307351521939052,0.9210072988195964,0.9193593101406295,0.8732754524031732,-1,0.03399852053718333,-0.9631182962616816,0.057119372197335205,0.9538584952753393,-0.9276689009696357,-0.9530933709856194,1,-0.7202999314864339,-0.7747941358881326,-0.7609550164400404,0.5180320403934763,0.435485739181809,-0.6067614328755171,0.13017182427342228,0.3642994230955261,-0.8261311259998716,-0.3400913343034583
1944-07-25,-1,-1,0.03443194144996886,1,0.9838440282461621,0.9166364668577986,-0.893021657042596,0.07234246525379573,-0.9440124295376187,0.013812151025612951,-5.160295371514634e-4,-0.0687484457454699,-0.10698585181648834,-0.9557608463389274,0.025866813120271615,1,-0.004271849199700695,0.025602289507179354,-1,1,-0.6388956388067397,-0.760198660491445,-0.7868340655050726,0.6023492586134499,0.42381368033815325,-0.6451761636321129,0.19474497366861998,0.4140631659283856,-0.8737349950243974,-0.43218181541713335
1944-07-26,-0.002147849636254362,-0.14123901821144547,-0.9521419348838941,0.04347509480509515,1.9523571872537282e-4,-0.06635565766281815,-1,-0.9158821190663924,-1,-0.9401568401251097,-0.9214158381764744,-1,-1,-1,0.9402385951249363,0.03075683973026999,0.973125697147723,0.9931133302774882,-1,0.029005742099373455,-0.6625819755498448,-0.7493172779518148,-0.7953099506110654,0.6954386566435207,0.4677338673964989,-0.6162443982810106,0.20073840844088012,0.4164923762059736,-0.8996266526050057,-0.42702561624679397
1944-07-30,-0.9904678888524688,0.7939307764745709,-0.00985290634534508,-0.9381487358830091,0.895132220353023,0.8000580457757174,-0.1031596064807021,0.016159161067770378,-0.0788594778116769,-1,0.0344089950625015,-1,-1,-1,1,0.9630855563524391,-0.00820569848431052,0.06476228223240332,-1,0.9237715962237817,-1,0.223109221068985,-1,1,1,0.2894054810617388,-0.7883189809297012,-0.5487556706404337,0.013365797635710663,0.5399275252574447
1944-07-31,-1,1,-0.9744151748200427,-1,-0.10368969511938153,1,0.8390296507486693,1,0.8515902155455434,-0.03196457705897826,-0.9623628669021376,-0.02374920882558329,-0.04417804525616653,-0.07514006481157232,0.011979335014790982,0.011647914724292385,-0.9988027414699405,-0.920492326955726,-1,0.002273220786858876,-0.010715848559879504,1,-0.03297837879116605,0.008067353424370483,1,-0.6974837301453861,-1,-1,0.9172928261782294,-0.3564180790922914
1944-08-01,-1,0.004869384805621824,-0.0030949121703899296,-0.003055439358918277,0.8767209555612562,0.003667349991069102,1,1,-0.145398887126149,-0.9993561179304264,-1,0.9488453168761571,0.9130491329778172,0.8864708997383807,-0.951615501615149,-0.9795338806850379,-0.064952095679639,-1,-0.03421937348435433,-0.9691510140338525,-0.9743094388714788,0.09018606351704173,0.8777261346688655,-0.9404319859985643,0.010811310922271944,0.2902584984260216,-1,-0.08649856279701074,-0.0030866772195430325,0.5965519986996808
1944-08-03,-6.146442991041834e-4,-0.980148121530674,-0.9678537195519037,-0.9771309638598273,1,-0.9572457145491279,0.02770932174158136,0.0091551082966983,0.8428567037730827,-1,-0.046300710473598405,1,-0.035824685106896514,1,-1,-0.026027613660297377,0.9255225424053939,-0.0330642010787513,0.9405172979617482,-0.004897717292163817,-1,-0.90678545307583,1,0.034998617628610895,-0.9182296884704475,1,-1,0.8860088036718522,0.9369740316880601,-0.3113793414022644
1944-08-04,-0.9827475861638479,-1,-1,-0.020797429674565215,0.0813639360976739,0.012659175405812073,0.9837699681891066,-0.9545206266718745,1,-0.08594211581051181,0.9313596406984193,0.026452261792586862,0.9456292899974259,0.01371071461752571,-0.05565130462124768,-0.9863695702028638,0.047271056644763276,-0.992312497689057,1,0.9732810181366339,-0.011886161323774402,-1,1,-0.9141016754043142,-1,1,-1,-0.09106528656657842,0.018256773194042397,0.6467989362312838
1944-08-06,-0.08333158370880356,-1,-0.08810424594595323,-0.9510469816967765,1,0.9368909954684213,0.02321646766954255,-1,0.04186442908553223,0.8995825843515718,1,0.9910322225326914,-0.05435019412774589,-0.8792361401217075,0.9417605464076737,-1,1,-1,0.013377944245108742,0.011838935749709845,-0.9925179160562326,-1,0.009562817783678845,0.08040353454560312,-1,0.03282735203676157,-1,-1,-0.9519085702414399,-0.3243780155558488
1944-08-07,-0.9845952264942615,-0.02604641876270597,-1,-1,1,1,-0.9501672644265652,-1,1,-0.06918630816186033,0.021982894256841634,1,-1,0.07325398612109157,-0.015658685834175845,-0.05240722971239575,1,-1,1,0.9834899340060925,-1,-1,0.9922504629560532,1,-0.011759268403705447,-0.9620053036714048,-0.0692474321069183,-1,0.04174384409458354,0.6360446884256988
1944-08-09,-0.04358153790794739,0.9467093013551157,-0.06419145220046629,-1,0.03937754733728416,0.06336191427802684,-1,-1,0.04352230326786821,-1,0.9889377168648978,0.013307155101041745,-0.10814896770024351,1,-0.9432100854705271,0.9351308396506929,1,-1,1,0.022243276223624542,-0.07806487278268648,-1,0.026301562098454356,1,-1,0.006145204743754018,0.8317298776664696,-1,1,-0.34560609577203993
1944-08-10,0.9340014002762911,-0.011673211822724072,-0.9206736705500332,-1,1,1,-0.015924133525013207,-0.005020818111863834,1,-1,0.0033635977878699874,-0.9689062280280984,-1,1,-1,-0.05758180050922257,0.05426152918029781,-1,1,-0.8867235632116232,-1,-0.038781767178659554,-0.970283945550059,0.036557777498145594,-1,1,-0.16632549347250714,-1,1,-1
1944-08-12,1,0.9386172975210008,-0.07013583579755456,-0.0019390170608588608,0.05855702216849912,0.03931739921047084,0.9680180578797274,0.9884977573183943,0.0033685279362144493,-0.1433124185412905,0.9513927016124314,-1,-1,0.047996716717725096,-0.021932075623112834,-1,1,-1,0.015256471454294318,0.005421156117021542,-0.11854299887244124,0.8895029686829502,-1,1,-1,0.020016572973701408,0.8251543893177773,-0.04551838042745815,1,-1
1944-08-16,1,1,-1,0.9205727498538576,1,-0.9089283325523753,1,1,-0.9663667335794872,-1,-0.03318055137440512,-1,-1,1,0.9581418974123745,-1,0.06102021034732852,-0.048137308967932224,0.974561571975678,0.9381856492106443,-1,-0.07063363021358093,-1,0.080200352820194,-0.07728971021935194,-0.9765108536485668,1,-1,0.01707181238016664,-1
1944-11-23,1,0.05682332454038386,-1,-0.07550616245467534,1,-1,0.09353811871755124,0.009499562492374602,-0.061564805472134054,-1,-1,-1,-0.06146413877047263,1,-0.030237397642328356,-0.01675427544529995,-0.9248144746063285,-1,-0.011313566997816271,1,-1,-1,-0.02047862403002232,1,0.8721871429318508,-1,1,-1,-0.9712348663824402,-0.025591767412714073
1945-01-01,0.06763751385313499,-0.9222199503260519,-0.07804671118618844,0.9038234298437504,1,-1,1,1,-1,-1,-1,-1,-1,0.025394925885091735,0.9629451820255912,-0.9892750944292865,-1,-1,-1,0.0018428051721017802,-0.8700299300684361,-0.9952732998920196,0.06236538763314403,0.9812019092714603,0.8187236975800275,-0.9454142369796954,1,-1,-1,-0.06554063709243241
1945-01-29,0.9972307370830426,0.03951906382876924,-1,-0.02922417020291257,1,-1,1,0.01942589258886762,-0.026744593299288466,-0.028909565346837418,-1,-1,-1,-0.9707868995388446,1,-1,-0.014846108056579044,-0.02034237765110758,-1,-0.995418947728022,-0.8895997438385517,-1,0.02552157236190989,0.9542400845784753,0.8299522716267954,-0.9522635427872991,1,-0.9827126125701126,-1,-0.06444111527610775
1945-01-30,0.032002186131316446,0.9769303370100368,-1,0.9264345091252788,0.022875067212510536,-1,1,-0.9023658305880675,0.9379770084526934,-1,-0.0033053861319967126,-1,-0.026749937536117874,-1,1,-1,-0.9787278585043123,-0.9916957736794466,-0.012017759642384829,-0.09870489948591077,-0.9633668295965526,-0.9653587933817644,-0.020458341316380642,0.9439350486881599,0.8183355385872109,-1,0.990804444213738,-0.9432326554923608,-1,-0.0961837561501448
1945-02-01,-0.9079072079427868,-0.011957647220886103,-0.044057862268980674,-0.06697774426301606,-0.9146132744462042,-1,0.0019832935136687713,0.08801716417485272,-0.03538905877445886,-1,0.9760097219089279,-0.05644180672993515,-0.9679999905401929,-1,1,-1,-1,-1,-0.999477002858296,0.8488954332255916,-0.9783536582575583,-0.9539796558689098,-0.03933741769011159,0.9761362966443609,0.7968903317714661,-1,0.9122723770673368,-0.9937309011336263,-0.9148809511535256,-0.05199402015795044
1945-02-14,-1,0.9707294144378954,0.9542000775280791,0.8339647238727442,-1,-0.043408341110732995,0.9696654907815228,1,0.9188778696053757,-1,1,0.9048001363895739,-1,-0.018528678335999138,0.11695845006142147,-0.12031034608927105,-0.053389794834382664,-1,-0.06349037712591898,1,-0.901781549534006,-1,-0.05510302086549823,0.9904149958172568,0.8902322456432508,-1,0.984601449045258,-1,-0.8208410610322945,-0.09300044653639866
1945-02-15,-1,1,-0.02762929755154775,1,-1,-1,1,1,-0.06395309157260698,-0.0049402945741919835,0.008245910195405548,1,-1,-0.9544513070534394,-0.8398176812336392,-1,0.8892823418104049,-1,-1,0.0477722672370362,-0.99989138173148,-1,-0.120359618111041,1,0.7729816363338978,-1,1,-0.9354669331302989,-0.7732035590050199,-0.06841451093224372
1945-02-16,-1,0.05801532719538882,0.962309668632567,0.018962279533494497,-0.05522909781962715,-0.07632924553291065,1,1,0.8731482690980161,-0.9596830304363713,0.9876708879410601,0.03798821789903073,-1,-1,-1,-1,-0.0994779083831604,-1,-1,0.997051077796515,-0.8966745638387779,-0.9748460130608823,-0.14407792410868236,0.9898946450577788,0.726852063854316,-1,1,-0.964760669270162,-0.7903868332138768,-0.07354763464202914
1945-02-18,-1,-0.8860265800053367,1,-0.9478647832353283,0.8452341917091933,-1,1,0.034687242518369965,1,-1,0.051420959689074563,1,-1,-1,-1,-1,0.8948439567591199,-0.04293908037887573,-0.05342415525537492,1,-0.8918593695832824,-0.9623009465401,-0.07391247562482575,0.9675947723027545,0.7439249851844267,-1,0.9830237216850458,-1,-0.7988507210505084,-0.049985850277217705
1945-02-19,-0.03471992407166147,0.07723179969432792,1,-1,-0.1431779875178747,-1,0.029002183081922928,0.9896282411465255,1,-1,-0.9454192752138524,0.028790148160130813,-1,-0.012363351268642853,-0.042228454587246333,-0.0026233446143213435,0.027827327384658873,-1,0.9172557335375829,1,-0.8311090704687462,-0.9998524621318359,-0.12348648808426792,0.9248249539440815,0.8148087442715177,-1,0.8977419076163257,-0.9926814996057324,-0.804614322023255,-0.05526201264250035
1945-02-20,0.9578236441534964,-0.8434710678565887,0.08742749508916592,-0.030493159619941368,0.8455244092454303,-0.08490806929335148,0.9843395945135394,0.03969244983570075,1,-1,0.04916888092039562,0.9522836754707757,-1,-0.9098651430488035,0.9430462592190387,0.9885043431460557,-0.8881625454651763,-1,-0.06111468744191839,0.07813966764507718,-0.890655984517171,-1,-0.14824269238476429,0.9834823891561513,0.8309542512375483,-1,0.8517008994384858,-1,-0.8067909091798324,-0.007790907584961031
1945-02-21,-0.02850423859872342,0.06880149465621799,0.9815312243648527,0.9288749295935891,-0.12230433304123323,0.8794717616291441,1,0.9636229598024192,1,-1,-0.9198025409467181,-0.03232683371549905,-1,-1,0.00908374512832899,9.091229296382952e-4,0.07967174843017655,-0.035432153959062074,0.9345861813581103,-0.8414093565210534,-0.9358825041354952,-0.9627502390000702,-0.18240991601851275,0.946351176245494,0.8128677787007732,-0.9641818739100355,0.8513542404857063,-0.9693256996345927,-0.7789351578518785,-6.057148219854825e-4
1945-02-26,0.9036352095697527,1,0.005293446470348462,-0.05932008579771153,0.8260779983306406,-0.04496563726706815,0.010371460655016818,1,1,-0.04618261598879536,-0.010797316246924593,-0.9946904814042586,-0.032544347092838266,-1,0.9830328403457445,-0.920933295323189,1,-1,1,0.14984791546842924,-0.8612855684306318,-0.8452782273206052,-0.3020612457335605,0.9001566631663445,0.8106908784263994,-0.9552664289450618,0.8692824240617608,-0.9515565241737962,-0.76219487930959,-0.08536146424900493
1945-02-27,-0.04513210237177001,0.014419438115605199,0.9629251922379677,0.8932231105437544,1,-1,-0.9849728786799606,1,1,0.8943455893809907,0.984756770208594,-0.05734220765471598,-1,-0.07709358137846278,1,0.01771961542036371,0.03393683984627083,-0.05161460757289327,1,-0.8387809417066504,-0.8453961426103744,-0.7861058189048197,-0.2504952719494601,0.9663815151565326,0.7908272051143833,-0.9466865500166984,0.8585706945749043,-1,-0.7928021927615864,-0.07591403317194274
1945-03-01,-1,0.9803234714489919,-0.027563953708940825,-0.0972322099351699,1,-1,-1,1,0.0032152217623693247,-0.059689719885660075,0.004514061564987015,0.9171015975447124,-0.011055990803838345,0.8722794489933869,0.08763485329505416,-0.9234184472946109,1,-1,0.014317265762956666,-1,-0.8687171758103611,-0.6887603323176861,-0.29909937618452515,0.92370765713342,0.7475046598027074,-1,0.7734482359873754,-0.9675365326918755,-0.7985766610976277,-0.1733534129714362
1945-03-04,-0.005678658502356604,0.02792252206858492,-0.9652361180795433,-1,0.007084977702826789,-1,-0.05953314626665762,0.049762670197919356,-0.9803705840361985,-1,0.9422956463431449,1,0.8734281037160458,-0.06822986416996579,-0.829641679374003,-1,1,-1,-0.9838461259794756,-0.04463277841726909,-0.8210605039883971,-0.613978039313828,-0.40226170103620873,0.9333675905710671,0.7663252724241856,-1,0.6854547658761635,-0.996453211427669,-0.8398085558474394,-0.1383852829986899
1945-03-05,0.9942479705533891,1,-0.005087266839875371,-1,0.9382404487316373,-0.11253367805409598,-1,-0.9266972449107502,-1,-0.044635702629050034,0.002033563180049547,1,1,0.8928259739119246,0.16264127613654178,-1,1,-1,-0.006042971006103848,0.925453810223909,-0.8992532406934528,-0.5258445403340808,-0.46565034088317814,0.9457118690723285,0.7738810514389852,-1,0.7612351565962937,-0.931231179685571,-0.8330503965344004,-0.12976714116139498
1945-03-10,1,1,0.9923345592292541,-1,1,0.8618195748908255,-0.021410239010562937,-1,-1,0.9267741184908447,0.9526401585582306,1,0.028491696315803727,1,-0.7781536875155001,-1,1,-0.08537032733593997,0.9787115442906286,-0.051353029198506484,-0.9985260437025799,-0.5470611627599503,-0.4536242581490638,0.9596546570759715,0.8312060356237004,-1,0.8064001407149595,-0.9552397771668105,-0.8571871706682496,-0.17213330622082718
1945-03-13,1,0.03128271145015937,1,-1,0.044450962055209264,-0.06445364782761531,-0.9527760238077632,-1,-1,-0.024201088471162424,1,0.0554231544025553,-0.884499520444812,1,0.13750649294873651,-1,0.0582625534161656,0.9012466013701472,1,0.9369441989627674,-1,-0.5816255042190744,-0.40376908424169194,0.9597029793996145,0.7651809808417803,-0.99283831258603,0.8734259384326192,-0.984894979236742,-0.9864484887030727,-0.19364369437385487
1945-03-14,0.014675521398730407,1,0.006562111338780152,-0.06812962628716834,-0.8943010074121548,0.8739500034451315,0.04448515824460386,-0.11257721639048635,-1,0.9313903160397632,1,-0.9258096570269363,0.027211870234859825,0.04145566333178019,1,-1,-0.8840641332480117,-0.037662202901535435,0.04018331914583961,-0.021232949926530797,-0.8578798307925255,-0.6535065377356211,-0.5126012644327036,0.9290394156785009,0.6217299697128578,-1,0.8628426084932608,-0.9093906872266947,-0.9409100650216053,-0.18207999570287772
1945-03-15,-0.9645596038608472,0.09435030023003521,-0.992701129116881,-0.9764850915357411,-1,1,-0.9526661558492772,-1,-0.005729684522373102,-0.06248338824310706,0.038621366626054754,0.07246635345914731,-0.9214132862683156,-0.8871517060989322,1,-0.058945852607309,-1,-1,1,-1,-0.8115105775785191,-0.6382380317921836,-0.3888112513848654,1,0.6146436725779493,-0.9843148090380691,0.8507288966181625,-0.9644412522159223,-1,-0.24410948389746026
1945-03-16,-1,-0.8786328941027021,-0.07974693203175443,-1,-1,0.0266428815356059,-0.059454751320911936,-1,0.9864701582846203,-1,0.9930431780816563,1,-1,-1,0.032517143680921956,-0.9892035443674084,-0.04812724894726028,-0.03775744102611245,1,-0.028077589620452703,-0.7564278887974013,-0.6542505071631983,-0.3918678782296955,1,0.5842995503976589,-0.9753238067937213,0.8611559250450447,-0.9661637782113268,-0.9671135312371583,-0.35762710441396167
1945-03-18,-1,0.08001162907663739,-1,-1,-1,-0.9441364396616271,-0.9641118127878013,-1,0.02083034825864316,-0.09427108205390666,1,0.018438146939832034,-1,-0.0038212879097569985,0.9956202529135098,-1,-0.9888649701325526,0.9521854376200982,0.02356829718598452,-0.9566722186048712,-0.7588538931687798,-0.6061802441207007,-0.3700966440371764,1,0.5089113822764919,-0.9700235780537328,0.7954726145841814,-0.9890058349127798,-1,-0.4014914749214511
1945-03-20,-0.013666578045976263,-0.8473042680617106,-0.0035682458787092974,-1,-0.0821846512693194,-1,0.027731770774862885,-0.0504787915048136,0.972737712161581,-1,0.05891744778014829,0.9607032843724155,-1,-0.9716534073347747,0.060386376852400114,-0.016291960018817497,-1,0.021585370556369665,-0.9022456247357501,-1,-0.7220103401192463,-0.512819725180275,-0.311248707173364,0.9485088061457796,0.45067477333618244,-0.9141265368923243,0.7643672932801037,-0.893846175864059,-1,-0.39783754054702586
1945-03-22,0.9817477162406936,0.06671691493325305,0.9941606981171152,-1,0.8432373164222708,-1,-0.9685399855213481,-1,0.006824939319635126,-0.022979049927837503,1,0.058147423471046955,-0.02171424250768761,-0.0685150943815932,0.999424422540624,-0.9671176697241097,-1,0.9983377464707193,-1,-1,-0.6418194522037602,-0.5003931482996725,-0.2797475606961442,0.977099937996684,0.43705629960245274,-0.8844233737880393,0.76489023779401,-0.9269787943532916,-0.9651319114440929,-0.438492884182493
1945-04-01,1,1,0.008375875796520327,-0.10367360608785492,1,-1,-0.023979633147106494,-1,-0.9922640447456387,0.9659174707253343,1,1,0.9768896632910141,0.9133429727770871,0.04207273763580699,-1,-1,1,-0.0639828854057195,-1,-0.6834709141447521,-0.4562842970579925,-0.2598567980804435,0.8972998756999057,0.4333418396204345,-0.939937592872022,0.7767496406088974,-0.9753900062225704,-0.9454339536687107,-0.505379018458584
1945-04-12,0.04869132649380947,1,-0.9522835427951157,-1,0.06977632198714245,-0.04568446800557047,0.9717606053814313,-1,-1,-0.0012501209959064896,1,1,0.033878533436204505,1,-0.8257024006097461,-1,-1,1,-1,-0.03931719173512005,-0.7036114270946139,-0.4058005899335127,-0.27446694150785045,0.8879150587666456,0.4964355855460959,-0.9230670786370919,0.8431246510565911,-0.9334675636386314,-0.989952563751971,-0.5079781173820214
1945-04-13,1,1,0.007512009637302475,-1,1,0.9030704297277167,0.016966513341362233,-1,-0.04059832104431205,-0.9284084196403622,1,0.0019937705743627854,-0.9161968685057974,0.12813678508101156,0.12510406801179208,-0.08682345703140693,-0.05956152116342528,1,-1,0.9482808584473308,-0.7999640146674606,-0.5026861529676039,-0.18366078993055823,0.8998109662513589,0.5153242863983056,-0.9808633903613648,0.8536659790463502,-1,-0.9944986340041767,-0.5241189579911905
1945-04-14,1,1,0.9572258229850266,-0.06843881157564624,1,1,-0.8784777119675826,-0.047352261932020134,-1,0.04678895959668816,0.04395823910540242,-0.9585420321363562,-1,1,-0.8211356488228286,0.8741793775561069,0.9401516469043367,0.0735440877129575,-1,1,-0.7922221518077586,-0.4026312874776014,-0.1349680725593596,0.9472070090226545,0.48245690441847566,-1,0.8728003188815756,-0.889945629989668,-0.961199025983381,-0.4855004030091448
1945-04-18,1,1,1,0.9118997120655455,0.0011119273292681253,0.06915652549827445,0.07192104171314095,-1,-0.007219302467706301,1,1,-1,-1,1,0.1707483641282388,1,1,1,-1,1,-0.7796241772423221,-0.4341688514577828,-0.09133522519310186,0.8929872972045709,0.5487135242014277,-1,0.8413184023894574,-0.8542508421786439,-0.9594648220297115,-0.4558013374853351
1945-04-29,0.03715056814886497,1,0.010329537377754106,1,0.9308255316311386,1,-0.9072436154691146,-0.01025738361045514,-0.9880046082869834,0.02209359833682345,1,-1,-0.01987029840859833,0.023350730206515347,-0.8140185779630995,1,1,1,-1,0.01558104667266813,-0.848318806684871,-0.36218079767570477,-0.05212306033434329,0.9162859872454363,0.5585036923801694,-0.9699732910880307,0.8656231419174927,-0.7883851196024823,-1,-0.40506036597584233
1945-05-01,0.9286975093116693,1,0.9277938708808499,0.04554795449285742,0.0206528934300535,1,-1,0.8855443315094462,-1,0.9927580880880965,1,-1,-0.9651867694206606,-0.9631566909123782,0.06598862271488837,0.07612617027532631,1,0.06924731524169947,-0.04182155000644028,0.9435940786212051,-0.8304354928349794,-0.2901724018356929,-0.15321273068744273,0.9638864190464292,0.5270157573042309,-0.912167581248159,0.9608300029983521,-0.7400599818840534,-1,-0.3354746206160334
1945-05-04,-0.0532680651892099,1,1,1,1,1,-0.04556691058808704,1,-1,1,1,-1,-1,0.021732466014081075,1,-0.8919307933266172,1,1,0.897905372375289,-0.023216205241355037,-0.7790325369907966,-0.21644200272200703,-0.1431395906993452,0.9906717315271368,0.5852503725475433,-0.9283537643259168,0.9662957426738709,-0.6879616795700478,-1,-0.35082807262623955
1945-05-06,-1,0.03137452555076192,1,1,1,1,0.8380732800736282,1,-0.06277111549700443,1,0.054847221827836634,-0.09444232003615305,-1,-0.9139935191597712,1,0.04605784858039341,1,0.0763027433791994,-0.08855583532010669,-0.9846356324804179,-0.8054183004251149,-0.258091405687029,-0.11152344768343253,1,0.5929654694358598,-0.9562377749747137,0.9538471600990448,-0.6836225985020898,-1,-0.3501046840430461
1945-06-04,-1,-0.9299245856072825,0.040524167566235114,1,0.0792506189945541,0.042566315141692845,-0.1291796613184053,0.034320563084169864,-0.9887524142840632,1,-0.8848380864096501,-1,-0.034060377525957475,-1,0.03210113000889314,-0.9385923385447208,1,1,0.8431599692583648,0.015327991251431139,-0.7938669841260623,-0.2903237072753947,-0.13511900789230613,1,0.633829467679924,-0.9917429597416754,0.9847274389701602,-0.568724102420453,-0.9562584206522549,-0.437900900532354
1945-06-07,-0.035575411189876394,0.059729912476576996,0.9190702444153442,1,-0.8595422980631812,1,0.8575013319465665,-0.9477327724612002,-1,0.08446259839658565,0.07700126693820175,-1,0.9169837751235929,-1,-0.9588426098991083,-1,0.07600230753697512,1,-0.14720844071722794,1,-0.6737471489513468,-0.21171499100037483,-0.11200709134039114,0.9896178872010685,0.5541134500670308,-1,0.913999732034185,-0.6182876394611613,-0.9146824003748145,-0.4216241166219482
1945-06-14,0.9298445496236996,-0.8986716798382234,1,1,0.12435120471656846,0.07406137204385532,-0.05586326350610338,0.0015143062655006423,-1,-0.8797558942821289,-0.838558382562642,-0.007889879926079701,-0.07017675684058333,-0.08626773127107157,-1,-1,1,0.10562834789835851,-1,0.11754711921561511,-0.7022372688095423,-0.13607871304607816,-0.11498528913549819,0.9556535767757753,0.534373112326439,-0.9785083735426102,0.958555368073874,-0.6755459888910337,-1,-0.43637031334589554
1945-07-01,1,0.0933701222397002,1,1,1,1,0.9368768104476594,0.9794394782327106,-1,-1,-1,-0.9880920669197446,0.9286508830567478,0.893900335822128,-0.010052649772623878,-1,1,-0.8881237435780829,-1,-0.8655471215829712,-0.653941764267308,-0.089099844810482,-0.08115251426651848,0.9798127064181591,0.4660245584601158,-1,0.9037642492022878,-0.7416204783785112,-0.9338119883577964,-0.5060813796475248
1945-07-09,1,1,0.027905756015940364,0.01644513352226229,1,1,-0.03637561529052458,1,-1,-1,-0.031549464564596286,-1,1,1,-1,-0.011955015666774482,0.05215625328574569,-1,-0.02409410712209592,-1,-0.5823705387188965,-0.07560918624389587,-0.13642643256706743,0.9999296898626042,0.44773253407783437,-1,0.8518110780417838,-0.8734271251688163,-0.8430285521843732,-0.5701700792520846
1945-07-13,0.12835064201619595,0.021698255598130656,0.9664139229484795,1,0.08706327435534478,1,-0.996404274755777,1,-1,-1,0.9418695410166896,-0.019763115349420213,1,1,-1,-0.9966384219184484,1,-0.025646441742417814,0.9302688139868599,-0.003249743502317992,-0.5830180667619179,-0.009572800753007621,-0.13891996010251415,0.9960862338220695,0.4521158859774001,-1,0.8924995603974857,-0.8775064034702564,-0.9298965137602311,-0.5993251305634848
1945-07-14,-0.7838039208974219,-0.9645624295179778,-0.028579238514528926,1,1,1,-0.018984674768162235,0.015444703280728111,-1,-1,0.0015125250598826412,-1,0.0632427718492623,1,-1,-1,1,0.9446543244300732,1,-0.9805725843907979,-0.6237382880660713,-0.054547501273686114,-0.16283667937409468,1,0.4642459997738466,-0.9613536648602733,0.8292131357802411,-0.8236044701826956,-0.9687601641352157,-0.6883600739190605
1946-01-01,-1,-1,-1,1,1,0.07740528356822884,-1,-0.9214587231601565,-0.11222320209153924,-0.1885611781704417,-0.9165434691795602,-1,-0.8784331654988856,1,-1,-0.021597042375707143,1,1,1,-1,-0.5527234461946893,-0.06981374973200988,-0.1525551879583736,1,0.4566183648420151,-0.9539559726998956,0.7785465402418997,-0.8998778025843891,-0.966076173308042,-0.6995141812006941
1946-01-15,-0.012180984618245128,-1,-0.0028946780581863285,1,1,-0.8704241327897769,-0.02961537724268415,-0.09057952759516508,0.8469515562865353,0.7527142288247859,-1,-0.07856995768603048,0.0953263021601054,1,-0.059475085222745916,-0.9547233442806687,1,0.08387473928938893,1,-0.005349943513510591,-0.5257076683933908,-0.12285480713787647,-0.12229902981625454,0.9965429893817225,0.41067221350351824,-1,0.7446140604405678,-0.8624699559486397,-0.9031310200337619,-0.7117639433016159
1946-02-21,0.9427512605868049,-1,0.9487828850205279,1,1,-1,-0.9902597127740337,0.8129210899094547,-0.12857755144573413,-0.19570342820715303,-1,0.9208251410855679,-0.8914924200227925,0.013669485643662993,-0.9164249527714291,-0.048177864393085246,1,1,1,0.9597459165646934,-0.5005008059791245,-0.14840633328071567,-0.11824162338956662,0.9601472329928942,0.47778971510725443,-1,0.7642869416904104,-0.851066473990266,-0.8892803922205009,-0.7184064074637461
1946-02-26,-0.03630399903737114,-0.005493461389496468,1,1,0.004206232968109291,-1,-0.03494611614467136,1,-1,-1,-1,-0.07303808795160172,0.10124016180509665,-0.9746034914278854,-1,0.900651704033203,1,0.030975494168437367,0.008056635899252762,1,-0.4688383723076874,-0.12235460419735686,-0.07864336937806665,1,0.40003270063332896,-0.9596752634616132,0.8210797626591853,-0.8751571959148235,-0.9025087203589807,-0.6779799993960469
1946-02-27,-1,-0.9836943268601058,1,0.04412285448226516,1,-0.0752944626486507,-1,1,-0.04242580655854189,-1,-0.06356109654409614,0.9153208165219558,-0.7896351062208022,-0.02593465948525986,-0.08618776654008176,1,0.02570386601148622,-0.9496004539281555,0.959553208493784,1,-0.3747793871197373,-0.04207981422561963,-0.1113406918163174,0.9514887315119211,0.445836603893324,-0.9331701954584481,0.8378782797600903,-0.8526019354266402,-0.8672599046549935,-0.7003335761544044
1946-03-01,-0.02163028892910479,-1,0.022504648281316153,-0.9091865315429184,1,0.9023580662312407,-1,0.002246170022180416,0.9398528806284521,-1,0.861790002649868,1,0.18445859349610338,-0.9637050410472122,0.9059879958786541,0.0924377710606562,0.9994281204925656,0.01819814139790732,1,0.03498965214268823,-1,0.8938915922115855,-1,-0.04463561151022766,1,-1,-0.1528606668466822,-1,0.12964158154364924,-1
1946-03-20,-0.9726848234038439,-0.0037450242952821178,-0.8689744385988586,-1,0.01990613552282894,1,-0.013258173396993866,-0.9233846255155718,-0.037662027800483666,-0.0061816702654611255,-0.09800329853438605,1,1,0.029526537187818502,1,-0.8946396457118513,0.003967572692923582,0.9982761544873087,0.010579725596956746,0.9906531198036933,-1,1,-0.05964878850132638,-0.9972107023344714,0.054474444885378115,-1,-1,-0.008665453100054177,-0.8655091965205665,-1
1946-05-01,-0.044293638631616394,-0.9462664188932931,-1,-0.06706475155513181,-0.9207848826828264,0.05770057798345807,0.9773476733127177,0.010373222458987641,0.8977895736711813,-1,-1,0.0662871816774071,0.07207117816382558,-0.9043022413645514,1,-1,-0.9906416966533671,0.034161958473459264,-0.9574427790775354,1,-0.020612010659704416,0.029755563632272053,-0.9866149247003051,-0.007385622487300791,0.9742929620072805,-1,-1,-0.9061409944746855,-1,-0.038210186946979974
1946-05-05,-0.96736534681203,-0.004799143302233744,-0.07104386888503478,0.883806421316791,-1,1,-0.005935566935668102,0.9907864529639832,-0.06236887449094364,-1,-1,1,-0.9265113329302289,0.07789781217772196,0.032059930182056884,-0.036082212149787574,-0.02021961922205251,0.9711381907956107,0.006907075539473118,1,0.9653146908665877,-0.9319429114258921,-0.0717452062964482,-0.9804780682000254,0.028796681796348866,-1,-1,-1,-1,-0.9444550409199657
1946-05-28,0.028106311359759384,0.9406109527565354,0.902625494955387,1,-0.009499170079934727,1,-0.924373354200381,0.029301693175592614,-1,-0.02290662701802193,-1,1,-1,0.978775832803807,-0.9414298948763477,-1,-0.9783231110881315,1,-0.9880088059516073,0.0014755830986502572,1,0.010743517965156046,-0.9940323446304331,-0.06471429843796261,0.992680011714691,-0.031227640137602042,-1,-0.015937428339120152,-0.0025418143543507465,-0.03207211371992191
1946-05-29,1,1,1,0.05903962642196858,0.9371916370598686,1,0.06530021197833302,-0.8867058299794571,-1,-0.9711585881168222,-0.002805982712275723,0.03414616164802209,-0.02216396576151003,0.018294577476559937,-1,-0.0540646958148262,-1,0.0016530191977561781,-1,-0.9533417169002536,0.07463032805739955,0.9945522721762569,-0.06353036135459778,-0.9914114457178059,1,0.8818388334981327,-1,-0.9729817546140843,-0.942384047842869,-1
1946-05-31,0.01785571590844459,0.08183301029302281,0.024876705625186957,-0.9392035244147624,1,1,-0.862017688872978,0.08914462982796256,-0.08276621167946319,0.004145498519920854,0.914570186764015,0.9532631819687352,0.9267231870459413,-0.9711706748586992,-0.1002073159007213,-1,-0.03833162701382775,0.9323200338857383,-1,-0.0053665919081662405,-0.9059748538500736,1,0.852250583654799,-1,1,-0.04534337773459607,-1,0.01444322206246662,-1,-1
1946-06-01,0.999961228964218,-0.8821552602898979,-0.9482936008583074,-1,0.013365279063151436,1,0.11179440191363199,-0.8283950369359259,0.909071108959239,-0.9787380443417804,1,1,1,0.021502803175981522,-1,-1,-0.9852465141077339,1,-0.03378907917818219,0.9522997033046066,-1,1,-0.14718518549042803,-0.01010155067382934,1,-0.9897668507766166,-0.0046168712352846475,0.9753776939541293,-1,-0.11069574554983763
1946-06-06,1,0.01939581408054014,-1,-0.043976356461525534,0.9924743583638714,1,-0.846857447451616,-1,1,-1,1,0.024669805366229647,0.015957894927279503,-0.9759908969787173,-0.02389280108327274,-0.02222371931732625,-0.0622961033775844,1,0.9062723998170766,1,-0.02506778813354482,0.002771181771708764,0.8436245004548567,0.9294672592683499,1,-1,0.9738296995264449,1,-1,-1
1946-06-08,1,-0.9215147845022912,-0.055586554315421144,-1,0.06176235349770742,0.11918091696827571,-1,-0.04767545639657422,0.06669104152205807,-0.036544119138647635,1,0.983740171473084,0.972339866280797,0.016621338281722964,0.9331177466180295,0.924725393511838,-1,1,-0.07814467374916823,1,-0.9777471071392696,0.988963500007248,-0.041591586039455786,-0.039904765129051056,1,-1,1,0.009395506298739642,-0.005281395091484065,-0.0653597846419417
1946-06-13,0.08206063695088583,-1,-1,-0.09647432947694179,1,-0.8778674339414128,-1,-0.9912484995911055,1,-1,1,1,-0.002330764044139011,-0.9644973947486785,1,-0.05850432806824224,-0.10336710046627529,0.012753645764438604,-1,0.04723007851689831,0.021357091337306233,1,-1,-1,1,-1,0.003953897578537924,-0.9768296082649138,0.9864799655060819,-1
1946-06-15,-0.9156011367569735,-0.008430107548464294,-1,-1,0.06952510474708795,-1,-0.05419164841648949,0.0063909080604172,0.007792752788731594,-1,1,1,0.9888296877929719,-1,1,0.9326247034930114,0.8692699568850482,0.9458333630795185,-1,1,-0.9176603128784113,1,-0.08174268497050607,-0.08055619261857216,1,-0.06431452207183319,0.9571611327445769,-0.012582131540898822,1,-9.994625054721151e-5
1946-06-17,0.06735418794627357,0.8949089096174564,-0.01768733749193674,-1,-0.9057429713215422,-1,0.8930630544405073,0.9038326080760283,-0.9424357677208008,-1,1,1,0.04582242184228624,-1,1,1,1,-0.03362879994418211,-1,0.06723605798700194,-0.8819378459546825,1,-0.06216953099781289,-0.09294471939552852,1,-0.07449603982093028,1,0.009191329432126041,1,0.033056264197260425
1946-06-21,1,-0.08509752119278247,0.9295826068268537,-1,-1,-0.017233421716633,-0.0869708063837884,-0.05736461776537238,0.00915282656005556,-0.03544562565662135,1,1,1,-1,0.1109468514700871,0.011966207456333366,1.522549117513039e-4,-1,-0.021701987964495628,-0.8991385796655871,-0.9594633328754234,0.9654783573506311,-0.10501093174658266,-0.010507522592627591,0.947781006415889,-0.06687596864481676,1,0.005215893262195879,0.9679806979945891,0.08562777333220772
1946-06-22,0.011002688246702252,-1,-0.05468446119616799,-0.0035058537425717295,-1,0.9546583158499211,-1,0.9228537143067134,-0.9889762821823294,-1,0.07229497241725635,1,1,-0.0051799846509006375,1,0.9752439669910036,0.9878564317044279,-1,0.9566280762519145,0.04571003841233212,-0.9971739779370934,0.9093608067434851,-0.13806420259429134,-0.10548719853362158,0.9797105881609737,-0.10235701669750527,0.920243214179729,-0.019476121196118697,1,0.0820731568727143
1946-07-03,-0.9888678728367227,-0.05653851420197409,0.8983698343631336,-0.9991808572803478,-0.03039986309194942,-0.03767269959316677,-1,1,-0.043268984600829175,-1,1,0.009664319971009139,0.05117820199694301,-0.9708295420208028,1,0.011725713338682442,0.04682755732985233,-0.1067503878751217,-0.04006537038989755,1,-1,0.922367868523156,-0.19682004665618633,-0.0429822384997553,1,-0.048611068983559914,0.8362707738127348,-0.07110283867484055,0.9920778779170477,0.144212715349256
1946-07-20,-1,0.8611302944011976,1,-1,0.8893914983664623,0.9456229109816435,-1,1,0.8793725782147732,-1,0.059790278486249626,-0.928315898344599,1,-0.04702603455533405,0.012398500379216748,1,1,0.8338431032627942,0.9043457897250246,0.04527222845486156,-0.9767593934198566,0.9918554851156834,-0.15345420665933895,-0.12600854167217512,1,-0.07444256291954213,0.7832901901802979,-0.12814348381082474,0.9371878469583396,0.08689042346376427
1946-08-24,-1,1,1,-0.0070184248328732934,1,1,-1,1,-0.07426651397031558,-1,-0.9228794533914867,-1,1,0.9265316235457757,-0.9598547201733975,1,1,1,1,1,-0.9832964156649995,1,-0.0572973266223606,-0.10676588220114201,0.9973543423748855,-0.06963299166506358,0.8685774567532709,-0.17519303986847767,0.9803759084630728,0.08600905964258718
1946-09-01,-0.01196406062823574,0.047355223696603055,1,0.9414589850729123,0.06608426385713673,1,-0.07329045435108594,0.04015968755006827,-1,-1,0.06738787289770021,-1,1,1,0.036145712059020174,1,0.01913650408211054,1,1,0.02979909591715124,-0.9129603559044459,1,0.02767856618035648,-0.020068562243817298,1,-0.02645271963035671,0.8053665730887709,-0.2413978005703744,0.982650791148114,0.02622020935455424
1946-09-02,-0.9141704408716435,1,1,-0.045282576961766074,-0.8446818038939607,1,-1,-0.9438454610859305,-0.05749679812776265,-0.10024815487073291,1,-1,0.012753851248500814,0.03294386050379039,0.9961952011631796,1,-0.9282918933451791,0.03167381017686488,0.048106997453149614,1,-0.9595595468539062,1,0.057134834412139915,0.048434159829352175,0.993603240925371,-0.04521346181332736,0.7758446707434857,-0.11618652471820587,0.9676479486863078,-0.007613631561875056
1946-09-03,-1,1,0.04032648601670952,-1,-1,1,-1,-9.90528852519379e-4,0.930638287239326,0.7893308869335222,1,-0.00472970365101455,0.9914735243009155,0.9863401340246646,1,0.026289600002846747,-1,0.9992136770577852,-0.860118579467577,0.034924862856445915,-0.9008631918524066,0.986442860230605,0.04066039195357046,0.08541795674049676,1,0.006257779341633199,0.8932367014540838,-0.09244789589460276,0.9533685268048626,-0.020036060357374125
1946-09-22,-0.05063525380106304,1,-0.9558190755216098,-0.008835246338791736,-1,0.03039260634264962,-1,0.9544134140593239,1,-0.1538514493112838,0.03598589111040529,0.9828248634175394,0.05965865090252376,0.023105195944804757,1,-0.88729428520452,-1,1,0.10790591267778804,-0.9642638900834334,-0.8763943504012341,1,-0.006975513054049205,0.08712102529252073,0.9947712515644722,-0.004514255246805075,1,-0.1533105880763684,0.9095296478748367,-0.0663649796090974
1946-09-28,-1,1,-1,0.912946528799433,-1,0.9454685594857362,-1,-4.896514213236225e-4,0.031566595298690325,-1,1,1,-0.9030374075762124,0.9864960947381992,0.04008715724648226,-1,-0.0014332499634366336,0.08656581340836134,-0.8380205102105787,0.014466279219651157,-0.9055334821489058,0.9789934064649032,-0.016928764721832086,0.05203003502543487,1,-0.019905495779034225,0.9171247867863583,-0.14009081183601674,0.8209385476504599,-0.0694025780024371
1946-09-30,-0.030627624541633258,0.01679869179438409,-1,1,-1,-0.01804017669096225,-1,-0.9911122160351064,-0.9309208623101566,-0.10817891337532215,1,0.0016870329448207544,0.012100436332858622,1,1,-1,-0.9903469631732267,0.9665067001009093,0.151520952627634,-0.8733869055648747,-0.9083523005366879,1,0.06067685501753848,0.11192954064733653,0.881979187632341,0.08350403762814172,0.8769005856237242,-0.19857299954281735,0.8078223189116851,-0.08232276691447199
1946-10-01,0.9284865066828157,0.9455748603838144,-0.06492428703648423,0.05960422691669409,-0.02002790853565717,0.9178869199402255,-1,-0.014800779069156556,-1,0.8697296112516514,1,0.9800240330852015,-0.8726462061992056,1,0.0031720753323523088,-0.05621547890807865,-1,1,1,0.07231056625876575,-0.939568488008658,0.9228275965322063,0.044894752825684975,0.1650513181320839,0.8687687274794496,0.010540351372604964,0.9497109591029264,-0.17667018955775823,0.8173788832608035,-0.07278044074307818
1946-10-14,1,1,-1,0.9973414721702211,-0.9876192209327719,1,-1,0.9780102803178293,-1,-0.12482943775183197,0.021791758348475132,1,-1,1,0.9856077902935072,0.9333069708578186,-1,1,1,-0.8821800499348182,-0.9135491274686013,0.8777338966902415,-0.004511423512127265,0.1940011942575785,0.9445308600526935,-0.08372783125410364,0.8929578825685709,-0.15709541841985858,0.8246484090689908,-0.09471054307588236
1946-10-19,1,1,-0.042321899234760485,1,-0.009395285497321493,1,-0.025701998033518803,1,-1,-1,0.9960679971885686,0.01559665450049219,-0.006432338288731465,1,0.07247511734412515,1,-0.018748318179683143,0.012597829955990791,0.03205028947475419,0.058828264311512446,-1,0.8298134082651226,0.022551851619196615,0.1635468843510367,0.8314806487415508,-0.14437692511972883,0.9030811185132938,-0.18542564495106065,0.8880071425984734,-0.08551540686919312
1946-10-21,0.05782595126403833,1,0.8783128162297691,0.023931601880710862,0.9750648684045712,0.08780296743245064,0.9168140815052706,1,-1,-1,1,-0.9068733820881183,0.9268606044266543,0.0026200798158676486,-0.8972394561846366,0.0640829300421405,0.9490477626097283,0.9734949304618963,1,1,-0.8902766846790022,0.8134280175992195,0.06560462806997464,0.12450463750614013,0.8278964893067409,-0.15788996865317756,0.8973633155274112,-0.2375142212364513,0.8719924630097196,-0.08444459303437811
1946-10-22,1,0.04121478551131852,1,0.9477751014285655,-6.913614046247796e-4,1,1,1,-0.0036112291536775087,-1,0.05011006288686326,-1,1,0.9909727941630109,-1,-0.8313281231968835,-0.015701025526625778,1,1,1,-0.9319560833945633,0.8355245296584038,0.08039038818074677,0.17410393934427804,0.8029181789235962,-0.20762432293347508,0.9573296888933653,-0.11926866070441722,0.855996798225472,-0.06286920015685812
1946-10-28,1,-0.8579076675994547,1,1,0.9576148527694189,0.06511476654672665,1,0.058224329738145175,-0.89835580022847,-1,-0.9190421752010116,-1,1,0.07393982995489234,-1,-1,-1,1,0.014426127099416708,0.012984695529676071,-1,0.7469587477463768,0.06464648275476732,0.19857188642396384,0.7885039747640875,-0.18976228754579128,0.9723057515715348,-0.10303499019199251,0.8907677760013483,-0.12431389823685716
1946-11-01,0.0174454945242144,-1,0.02404664320373695,0.04689799442284803,-0.030557072561624987,1,0.0860359666187176,1,-1,-1,-1,-1,0.007991328547999554,-0.9032962016868261,-0.044841097794825924,-0.010167131123694384,-1,1,0.9900060028793195,0.9601435471502912,-0.9713316938787412,0.7270644467956574,-0.011124668787574024,0.1527067785478356,0.8249873188805164,-0.2631887217649397,0.9933340417856277,-0.12465298889405557,0.8914524723434871,-0.16702549824068208
1946-11-03,0.9605480997670155,-0.0097323114374539,-0.9391102888316948,-0.8913903869113117,-1,0.01743842450983657,-0.8989633981681168,0.0181468015642543,-0.0482067269862092,-0.05253027895746565,-0.030206325842876858,-0.03902944128947716,0.9964495443575282,-1,-1,-0.9902608402969888,-0.017221599453203118,0.022267998215859675,1,-0.02134580043550871,-1,0.7258741304768916,-0.04201309858970262,0.15244457070370981,0.7781829234942398,-0.23583130763399446,1,-0.11971757129424887,0.9162214017326729,-0.12167040263574323
1946-11-06,-0.02634965630204722,0.9490581272073207,0.02926176160967542,0.002176440831236248,-1,-0.9564456510732241,0.054599653115584124,-0.9341209244487593,0.9412766004378472,-1,-0.9843336710583724,0.8352557953384421,0.027858603598814535,-0.004391129250917669,-0.056267555288742166,-1,0.9528623719875352,-0.9579823297739227,1,-1,-0.9634231342180879,0.741900921458707,-0.11763903485917811,0.1605502802348517,0.6833413710955921,-0.22771018001141033,1,-0.15299343927219963,0.8960539590603448,-0.09923819820492985
1946-11-13,-1,1,-0.9186492967860319,-0.9486858351456448,-0.07711818237317114,-0.004874531572419016,-0.8756663362771949,-1,1,-1,-1,1,0.995185851434121,0.9575381936421714,-0.9465968753061913,-0.05498133509763847,-0.037165577396980454,0.009536409760729003,0.020694276580588977,-0.015520794803015159,-0.9359580941114747,0.7304724726126387,-0.14758531779354617,0.17794770457818115,0.678076014357525,-0.22056565212841878,1,-0.16548968544190493,0.9224868793187795,-0.0803543477525577
1946-11-23,-1,0.04555038412554724,0.05151952489759104,-1,-1,0.971203559470306,-1,-0.03499563383384219,0.07206539564439829,-0.02709738728135125,-1,0.03797391337182354,-0.004580687344956869,-0.020910886493932912,0.018390537434758936,0.9056772025760018,0.9393527018190889,-0.9008282790188238,0.9644853730579924,0.955084249528092,-0.9395758368551447,0.7897179496859225,-0.04026873109510282,0.15393310238719132,0.6586683382595309,-0.23716709563784283,0.999453836531753,-0.14979453361678896,0.9485505655070079,-0.04982588514103369
1946-11-27,-1,-0.9071762889736467,-0.9246000368916871,-0.03506909870252006,-0.15822859002067324,-0.02803178262184869,-1,0.934018269310239,-0.8781115766598967,-0.952698183810635,-0.03682443963513771,0.9807829774274246,0.9493455204205359,-0.9916067421131232,-0.9256755472506761,1,1,-1,-0.015076632037128057,0.02713779357070545,-0.9467118176082413,0.8636589700699797,-0.0019140191096933615,0.14048274826342236,0.649045325225908,-0.13963568316822464,1,-0.17164367362610233,0.9772047622848021,-0.10744257926543244
1946-11-29,-1,0.057199048647578854,0.07496614141366809,-0.9260592894517009,-1,0.9015361884982881,-0.04210302161818824,-0.04655630166538982,-1,-1,-1,0.037289044990844955,-0.04429481640874311,-0.04586887374727178,-0.021342987128806556,0.04753860262962184,1,-0.07523523061373494,0.9739550977094132,0.9321353838058802,-0.8390434969183433,0.8638743069618814,0.021621545925933933,0.0673179433970738,0.6912305829282634,-0.16514083867987367,1,-0.17668781778668838,0.8997242626938858,-0.10168070611216151
1946-12-07,-0.024048185282330103,-0.9038616339168767,1,-1,-0.03366103502857165,-0.08823589635666929,-1,0.8913112263255196,-1,-0.05462137678375267,-0.08119969759630008,0.9645194093392837,0.9502302334570892,0.9170292466794427,0.9261669925605345,-0.8509320619418386,1,0.8714905968974721,-0.023503011978977195,-0.027798128035354197,-0.7326541670449283,0.8416191152161694,0.05697085329933812,0.04578837248221458,0.661933330734358,-0.1132414632647217,0.9496640646479944,-0.14786492980963584,0.935659609955847,-0.09283831050955785
1946-12-20,0.9423035843360852,0.06725204696641318,1,-1,0.8938023184586696,0.8727076302746635,-1,-0.10073913388726707,-0.04340452694650776,-1,-1,0.05745825077960365,1,1,1,-1,0.06662108120348798,1,-0.9581933878379896,-0.9781427251128754,-0.7144007086742258,0.8330370639189142,0.12715216389226064,-0.04142048697717296,0.6364743018739715,-0.15766085444385455,1,-0.2610302228875647,0.9339164451073417,-0.10990569547266324
1946-12-21,1,1,1,-0.06638102476105445,1,1,-1,0.8720404102823138,-0.9490258432766111,-0.061316962603322533,-1,1,0.014362127093319077,0.020755836809195127,1,-0.01289172516352044,1,1,-1,-1,-0.7450320933815854,0.889644595121607,0.0858013944220497,-0.03678367739696854,0.6843584502587451,-0.10125575509319165,0.999279615145345,-0.2545404923955148,1,-0.12120190116323469
1946-12-26,1,1,0.04017604637943328,0.9278850460642593,1,1,-1,1,0.0011147537324174284,-1,-1,1,0.9996079842980284,1,9.855749696323635e-4,-1,1,1,-0.054589570827145995,-0.0030501541695570067,-0.7778371792022549,0.9185765724407746,0.0240835462183909,-0.041263129729141035,0.6845532346007973,-0.17082443289367175,0.9265636524984643,-0.1630381686204481,1,-0.19303067894452985
1946-12-27,0.06487397939622175,0.022467389833324858,1,1,1,0.023715308761346865,-1,1,-0.997516678997635,-0.006586668462413958,-0.011943089933080242,1,0.04703047375481029,1,0.9229800643609998,-1,0.006160276983559032,0.04203402991813188,-1,-0.9784958898497211,-0.7175111961702318,0.9511083945848711,0.005003030562234639,-0.06288841762997954,0.7319690852351373,-0.17400796925121012,0.8931149401895562,-0.12027282957916052,1,-0.2178920095478243
1946-12-29,-0.8392926108608709,-0.937458047965421,0.05706797017174847,0.08775346409520113,0.008227749397973994,-0.9551953890157009,-1,0.02020077316769886,-1,0.8885808879532283,-0.9831132506473245,1,0.9899159220452993,0.0376170095726267,-0.06270672829951585,-0.0012078848126311215,-0.9222829517560317,-0.8766113258728747,-1,-0.03470099603986043,-0.6335136259082299,0.894820986429341,0.03169594309277608,-0.12494241715520872,0.7449926405546049,-0.21740626809815428,0.9753191935263796,-0.167228517716883,1,-0.07695787415136912
1946-12-30,0.07378607732763598,-1,-0.8997415270110158,1,-0.9827048385378533,-0.04460738901851147,-1,-0.9439307138065821,-1,-0.1088350159022059,-0.004735846368422281,1,0.06912031656378248,1,0.9033479475835529,-0.9809209477110635,-0.005784839081685034,-1,-1,-1,-0.5855461327376458,0.8956347960713698,0.060063465934020566,-0.028754978906003162,0.7830655019588753,-0.25948511076038605,0.9867590097444952,-0.13653499287820423,0.9099737924412986,-0.09086066988586829
1947-01-01,1,-0.02029844956451643,0.04552810531934126,0.05123126606239947,-1,0.9157039128978399,-1,0.00900024205172556,-0.01651603876816532,-1,0.9835902752462509,1,-0.9194899821733192,0.02731404715183272,-0.019863368606250487,-0.020683214862148414,0.93292089300026,-0.012276169112088842,-1,-0.0926923157450602,-0.5439528877317922,0.8743168706627986,0.08627008061197654,-0.04877539258017871,0.7770366605141458,-0.2466588187728299,1,-0.24467299482259144,0.8716967420385915,-0.061551790668707376
1947-01-03,1,0.9023874049939071,0.9516758106546697,-0.8692669464805289,-1,1,-0.029974505181793454,-0.9604955685920121,0.9831901207691629,-1,1,1,-1,-0.940333615855906,-0.9925731218602412,-1,1,-0.9497651203498181,-0.05345996161873179,-1,-0.4514580746678743,0.8353713476457156,0.08849627657051436,-0.04077708609625875,0.7632074659262427,-0.21263561382535973,0.9426159417144088,-0.23134439272342722,0.8854340119639262,-0.15945612144395999
1947-01-06,1,1,1,0.07897816963624449,-0.061140281627415805,1,0.9174454284895237,1.0022597193592997e-4,1,-0.10141145214859737,1,1,-0.11686407691564982,0.02131498916187402,-1,-1,0.024448081688059675,0.04699066492654569,0.929647589313163,-0.010931901084458628,-0.5871911148738893,0.661343968891168,0.15146432516412406,-0.1081237664026955,0.7558793403841445,-0.13150602609345113,0.927259812462262,-0.18980510728869704,0.8255461566608833,-0.06112958834645804
1947-01-08,1,1,0.02181344795129414,1,-1,0.07491397898883367,-0.07908025167064647,-0.9761205456106775,0.006437590394265946,0.8300292757256253,1,0.009479919118659974,-1,1,-0.001164641546777534,-0.023984722459469254,-0.9680195934952537,-0.8718313387806713,-0.058478196579173414,-0.9417871561232236,-0.6450959403606099,0.6434694644921168,0.14697499706539346,-0.07972175204773405,0.8031162627120475,-0.10495217168425343,0.9744267175723433,-0.1775511025829362,0.9322268726195099,-0.06273944238765182
1947-01-09,0.013775796652153782,0.03680267965758888,0.963442687522702,0.02185094173359836,-0.03398164889503685,-0.8882229708075542,-1,-1,1,-0.13810319048292607,0.0012994051876575874,-0.9620404771337834,-0.026388634614144646,1,-0.9991216006136008,-0.9847245567112308,-1,-1,0.903616543626907,-1,-0.660169698986192,0.6640085116792509,0.21576109310956512,0.02309167836489641,0.7468769135501367,-0.09864352561731946,0.9266747076368108,-0.2123491918016888,0.9838050407203736,0.03622608544095582
1947-01-10,-0.9095509777140276,-0.9624450711171851,-0.011248854009250797,0.9995297881685385,-1,0.10358364503344775,-0.008087009103306508,-1,1,-1,-0.9270708872035897,-0.021905542408380385,0.9704573572184142,1,-1,-1,-1,-1,0.03840643476015304,-1,-0.6752376723379637,0.7740765334329515,0.25342938481051847,-0.02913864681338494,0.7727560492129184,-0.1387512195104357,0.847943953694932,-0.24085910209745853,1,0.03157045681298301
1947-01-14,0.08217418216481276,-0.0901118871275347,0.9870528480514918,0.12538073939014616,-1,1,0.967606466455843,-0.0074697952753916,1,-0.006354950237210999,-1,0.9217926875718732,1,0.04676226471047151,-1,-1,-1,-1,-0.9481259213900595,-0.060792387414097315,-0.666904097015416,0.7390381309592435,0.32292541162276317,-0.17177242025005984,0.8577141976013609,-0.08385670657511857,0.8408998905682545,-0.3042944623597497,0.9908088708467049,-0.006722260476103699
1947-01-15,1,0.8987191640965452,0.004109524344152349,-0.8736039946044777,-1,1,0.023081585173032493,0.9383392803479765,1,-0.9564753594132022,-0.058297287097689,1,1,0.9583774522970026,-0.014961438638310343,-0.015487806773176405,-1,-1,0.025560392849010793,-1,-0.7510954878581644,0.7812807140549655,0.23437455032401816,-0.17054640488181522,0.8733855515437621,-0.12274099057951905,0.7895056379750146,-0.32653845937603027,1,0.07378156016279303
1947-01-16,1,-0.0734478506854096,-0.946959904528583,0.07510891840262501,-1,1,-0.9734305217379731,-0.02570922980104151,0.022332607901526913,-0.05347095816080727,0.9277982795302778,1,0.03836069727749758,-2.869995530854208e-4,0.9353621188590113,-1,-0.011110359990440744,-0.04401397710718358,-0.9673450071168553,-0.023383402965775235,-0.6825103705641669,0.8119726863673169,0.21048093419353162,-0.21779707006301346,0.838256178586094,-0.1668128629873547,0.7561538912684469,-0.2356285530704577,0.9906210330780887,0.006019683466893869
1947-01-17,0.013196641730614744,-0.9779601202260056,-1,1,-0.007091174646253973,1,-1,0.9447604605140774,1,-1,0.05202820706539102,0.03584364269418294,1,-0.9759093492023913,1,-0.12714738654407387,-0.9073569308124125,0.8673648883206324,-1,-0.9826535068445033,-0.5961378607681416,0.7664931474821886,0.22456188085523476,-0.2644462159685349,0.8499201719474836,-0.10864762785176224,0.6664176186948403,-0.23448394536782002,0.8899218213815038,-6.741435645703413e-4
1947-01-19,-0.9484313671324347,-1,-0.004898032647493222,0.0234467385224143,-1,1,-1,0.01698291986230671,1,-0.06258264358391397,-0.9132950772457563,1,0.053068126147485795,-1,0.015145549003947378,0.8338635685032602,-1,1,-1,-0.03149276574946969,-0.6241935586460781,0.807174202886507,0.16702370334574182,-0.2783238074721204,0.9436726541685295,-0.07735811255947667,0.6175765253236333,-0.24847798909234356,0.8541241707795519,-0.025012034213475923
1947-01-20,-1,-1,0.932351251296818,-0.9603134908722762,-1,0.048284436860007496,-1,0.9882327154035758,1,0.9327428735934675,0.05319905585238327,0.05096040809514735,1,-1,-0.9702690315144019,-0.13753307854080066,-0.10075950557984492,0.13391822854185875,-0.028557373274166853,-0.9960861211056058,-0.5702725609181916,0.7915797325342426,0.19987673105997691,-0.3064747782066492,0.9413711908251537,-0.10344728738859621,0.5827450594466013,-0.2805931819068816,0.8579951202680657,0.010814837541125607
1947-02-01,-1,-0.01144446590217918,1,-0.030672463148267215,-1,-0.9382505238407554,-1,0.08760940670649031,0.0557803247175529,1,1,1,0.023034494043107867,-0.049487100988634736,0.005657741367246949,0.8202977416947693,-1,-0.8204029003422837,0.9695540971259725,-0.04685393512671776,-0.5815346781698716,0.9095067899301591,0.18031117262956092,-0.31387698419504745,0.9135929009852779,-0.06505959414780141,0.5130156219242864,-0.3775047364538461,0.8982422989670651,-0.002248397529862039
1947-02-03,-0.02452254299148815,0.9063073698552617,0.013368493593635455,0.9398161991164452,-1,-1,-0.01669699307596495,-0.9044383930083972,0.9822083288091644,0.002277044913328252,0.011024672162497806,0.026426262396040068,-0.9124360247066343,-1,-0.993849292299205,-0.11706616144720283,-0.024912754768972034,0.07787244570531726,0.04416630418055567,-1,-1,0.020877980166473464,1,-1,1,-1,1,-1,1,0.9612336775113803
1947-02-05,0.9289867632346506,-0.05503593002405793,-0.9468159798696328,1,-1,-1,-0.9384677526391648,0.02809668998652115,1,-0.9268443683889803,-0.9211647616323475,1,-1,-0.0479738743304291,-0.00888002580594327,-1,0.9339165475338684,-0.8581132989521806,-0.8976269534590882,-1,-0.04844761386233176,-0.9303737891151291,0.06526481420640107,-0.09364263974319531,1,-0.06477691694690901,0.03438610339593651,-0.017783810959855373,1,-0.02124017915803178
1947-02-18,1,0.943076262281558,-1,1,-1,-0.015163705998331722,0.02352337868771126,-0.90036083773522,1,0.04870028979465313,-1,1,-0.009685094512672965,0.949787908700937,-0.9795232216878852,-0.03985956111757938,-0.03534136020190304,0.1323495418115317,0.032981353447295025,-0.030262044760708595,-1,0.03612774464499546,-0.9237695010331033,0.8148288778594096,0.02009574351537491,-1,1,-0.9614174782601878,0.0333414332372699,0.9288421694372117
1947-02-19,0.03961630380220427,1,-1,0.057664035225741705,-0.08307064412986609,0.8927591492613786,1,-1,0.028407322360513687,-0.8870157153488816,-0.05753086868921642,1,0.9367326674321103,0.01811096424702896,-1,-1,-0.9939542697350203,1,-0.9142046173720847,0.9380170830950902,-0.084182753925808207,-0.9564290738668693,-1,1,-0.9451435003981586,-1,1,-1,-0.9253861455505861,-0.05137430257885289
1947-02-20,-0.9129221546861224,1,-0.012509369391755176,-0.8975231451279236,-1,-0.02107794479368974,1,-1,1,-1,0.9352251221677526,0.0014036380739813614,1,-0.949466577718228,-1,-0.038648926271294126,-0.020040962671002194,0.02893704255912921,-1,0.002455746694709826,-1,-1,-0.04516159552863852,0.0807256463419499,-0.005138563905600746,-1,0.06687073107089758,-0.04571433885142451,-1,0.9351469758105654
1947-02-21,-1,1,-1,-1,-1,0.9738639216951764,1,-0.020385014945114577,1,-1,-0.03389392060759133,0.9661016348893252,1,-1,-0.01573938974477629,0.8936892700786263,0.9739186391236586,-0.9438691272578599,-1,0.99144669737598,-1,-1,0.9291453546846297,-0.8956714345475477,-0.9284074501253659,-0.01844574533463683,1,-0.980864863123301,-0.04062250861367822,1
1947-02-27,-1,1,-0.017515526438888873,-0.055496331266894794,-1,-0.003322560001137287,0.01589491363247897,0.9684741336872374,1,-0.03254757898533078,0.8690230179219228,1,1,-0.03147921890314975,0.9019849261311844,-0.05519251793880475,-0.0197961287921794,-1,-1,-0.0037619186667801063,-1,-1,-0.039058039418627843,0.05471886319025021,0.029299546611463834,-0.9852061205712245,0.014105912529324804,-1,-0.9701628059411297,0.03173896795244824
1947-03-08,-1,1,0.9680190313096338,-1,-0.01202103755178674,-0.9601703563335869,0.9769023099691726,0.013906133032136725,1,0.9621477908906365,1,0.01741314485547396,0.018103552343043727,0.9176037466945016,-0.08654734959696098,0.8804139619752008,-1,-0.06569864569048478,-1,0.8899718387276248,-0.014143905716733962,-1,-1,-0.9369330034599336,-0.8841920441826758,0.006758128549937403,-0.9592412227659427,-0.014361413001104273,-1,1
1947-03-20,-1,0.016619106812425066,1,-1,0.9849267996740363,-0.023547767710270673,1,0.9563348376618519,1,-0.034973440736126515,0.04514406558286144,-0.9513054591964825,-0.9322843211063562,-0.030790878093252982,-1,-0.06309993743415687,-1,-1,-0.044739210579748834,-0.04817918935014154,-0.9921056664520211,-0.04848275900644439,-1,0.06007175616577409,0.08000000467595902,0.9823911193805918,-1,0.9741764387153239,-1,1
1947-03-21,-1,-0.9008148837540535,0.043606648375375756,-1,-0.014409778492816105,0.9428512391684961,1,-0.030912392895738328,1,-0.9723514556805718,0.9786686489035064,-0.00446283202910136,0.029981983055764494,-0.9617338485611729,-1,-1,-0.029818778095463405,-0.01424548032143258,-1,0.8990180705222185,-1,-0.9727680941241227,-1,0.9844401463314062,1,1,-1,1,-1,0.03845110297987875
1947-03-22,-0.030771358464474097,-1,0.9836226417141306,-0.022196199615356904,0.9298205367226349,1,0.0024571609595213095,-0.9909755223572669,0.05125620663005526,-1,-0.0024508780012845177,-0.9467737849902746,1,-1,-1,-1,-0.9999947002863628,-0.9695071920062971,-0.03727952242675914,1,-0.05197734044003488,-1,-1,1,1,0.010798195628796692,-1,1,-0.006538256146452315,0.9938989807677721
1947-03-24,-1,-1,0.06366205187906404,0.9488251886846711,1,0.035117011217474015,-0.8975834057987314,-1,1,-0.058924075926935826,-0.9836303930019202,0.0366952589349111,1,-1,-1,-1,-1,-1,-1,1,-0.0661231124913309,-1,-1,1,0.9175988937072885,0.05251667012893008,-1,0.9991092066688202,0.07012278573138346,0.9683455505022845
1947-04-01,-0.01866585917352437,-1,1,-0.020328830162116507,0.024028848900651822,-0.9102142361295101,0.04114627904280688,-0.05681111898075597,0.06844020129007677,-1,-0.0013991752571533844,-0.9174190756306462,1,-1,-1,-1,-0.021045129891507197,-0.04253158877388441,-1,1,-0.06192450883493941,-1,-1,1,0.9028427055729004,0.0014471908547089643,-0.9799025738148126,0.9624587605949455,0.1266197271905593,1
1947-04-02,-1,-0.019889781859077083,1,-0.9965602524402701,0.9948061709610174,-1,1,-1,-0.9279465332477667,-1,-0.998520271682312,0.05619700092625968,1,-0.007432144835052501,-0.06928637054340459,-0.027828341112474342,-1,-1,-0.015293396682039218,0.09669512126092727,-0.08891394204522515,-1,-1,0.9628598707987894,0.9100393435175876,-0.0270529731343484,-0.9174665756685221,0.9690009682291875,0.16538912254778138,1
1947-04-03,-1,-0.9762145351816139,1,-1,1,-0.0772389606491527,0.04448245006654927,-1,0.03838712738795591,-0.0391400595475867,-0.0254725745734099,0.9800066650534157,1,-0.9983790087185301,-1,0.9539152360988801,-1,-1,-0.9676444668736802,-0.891567505247021,-0.042260248790741334,-0.9893985047062455,-0.9276246125628929,0.9259543888777132,0.9759542446331853,3.2855307998679376e-4,-0.8836944819044464,0.9384894411946835,0.16992089982095682,0.916411853623122
1947-04-04,-0.00443700298400429,0.009312410059347132,1,-1,1,-1,1,-1,1,0.9323894370457405,-0.9853631908127126,-0.011916594153994264,1,0.0010997669996812842,-1,1,-1,-0.10271790609126452,-1,-1,-0.0651514741671904,-1,-0.9361588866809237,0.9603934730262401,1,0.010323976329016955,-0.8985001084651386,0.9896286368736236,0.22805657344082653,1
1947-04-06,-0.9973353772088686,0.9973820847781115,0.03926489972640146,-1,1,-0.06467270362408395,1,-0.06774918632789029,0.09142071952497544,1,0.002160045825887469,0.9546256817907189,1,-0.9487123227442156,-0.052531775589772844,0.03918612704409741,-0.07541846446279499,0.8727534030363268,-1,-0.0055477848898600746,0.043085636903673674,-0.9112714413268045,-0.817879946671271,0.8977235990491799,1,0.029581635831486614,-0.858656915801412,0.8984097817003016,0.31346411693435056,0.9663450425210535
1947-04-10,-1,0.03999867181172867,1,-1,1,0.8433748485325406,1,0.872163738006716,-0.8873380417936163,1,-0.908454592352804,0.04201341632480948,1,-1,0.9240150142048554,-0.9287607428930186,0.8215221177255784,1,-0.004200408385560572,-0.9472496047688667,0.09662210347041966,-0.8613310761437508,-0.8302940174760065,0.8927697339686541,1,-0.029872765467637518,-0.8440565507397937,0.9239579231009339,0.24075199310816625,0.9253656537795597
1947-04-12,-1,1,1,-0.026724002899089605,0.054296360569301316,1,1,1,0.0716081717918472,0.011515650128012922,0.05639377003917323,-0.9219188892891657,1,-1,-0.0013324273480953552,-1,-0.17825069913078806,1,0.9472771515939932,-1,0.01850212810839641,-0.8330247262309896,-0.6741875090912322,0.9191386913303141,0.970081905991768,-0.006346126610151902,-0.8720546710872648,0.9641183743843691,0.21973038724031052,0.9182957260927536
1947-04-13,-0.022906669445552086,0.019082234893829764,1,-1,1,1,1,1,-0.9038134090326146,-0.9881262778721545,-0.9007149757019997,-1,0.032056688927609156,-0.035160626326094735,-0.97338677001864915,-0.011884844156543672,-1,1,-0.03280896794754684,-1,-0.008314853572594955,-0.7495852145696937,-0.6021440462892276,0.9220595466831234,0.9823330264870846,-0.004291783243423063,-0.8960932796871003,1,0.1813449050603299,0.8383819081738413
1947-04-16,-1,-0.930486870801123,1,-0.04378747782753045,0.09652857726786723,1,1,0.041131414797165866,0.046367880131671924,-0.03697309292349549,-1,-0.09568216446238931,-0.9447936615568527,-1,-1,-0.9911786267826701,-0.06229441460897922,1,-0.9566710654578016,-1,-0.03279180900370261,-0.7665789127231389,-0.649749390890669,1,0.9657116343106963,-0.012524247837650191,-0.900923750170759,0.9594876108914957,0.0759775629560609,0.8064646242048578
1947-04-17,-1,-1,1,-0.944834051590826,-0.8851026954291913,1,1,-0.9234919686785148,-0.9457786897831322,0.9183618257127828,-0.012746836799524486,-1,0.034212080043296345,-1,-0.05468507512313159,-1,-0.98532459165116415,0.013728823556876546,-1,-1,0.07177436056464069,-0.7161575730575759,-0.7087081335650935,0.9863920335982662,0.9478505395969218,-0.05814175608773789,-0.9243697672230536,1,0.11663353648037884,0.7827867895663686
1947-04-26,-1,-0.038457564649458265,1,0.03431773736172472,0.08304453376042042,0.028882022631108062,0.08657606160375952,-1,0.021546825952426407,-0.06727800883813817,-0.9803169189575766,-0.04542812938357266,-0.9032000236874467,-0.04236807598462955,-1,-1,-0.013283225786904773,-0.9220068273524041,-1,-1,-0.0010412457918114737,-0.6818520877055616,-0.7267373130034972,1,0.9155712380426281,-0.024754447645484547,-0.9758657673338802,1,0.1607717479716787,0.7375293384998814
1947-04-28,-1,0.9307708762827704,0.054833504381374354,-0.9391706928902698,1,-0.9141550057642409,1,-1,1,-1,-1,0.8961214638736091,-1,-1,-1,-1,0.9710874031907016,0.06622374479363113,-0.06777313145541086,-1,-0.025608457997024218,-0.672845588836117,-0.7170014302221678,0.9114021356711107,0.8458633202044573,0.059711693389583355,-0.9181860643392943,0.9368183090885013,0.22587323996673814,0.7216965573177468
1947-05-01,-1,1,-0.8843116667542731,0.03904525790012281,0.023647591582601546,0.011258364505327356,1,-0.045239701901316653,0.11085481323986834,-1,-1,-0.07729306262575286,-0.028586691216142657,-1,-0.08551321356722752,-0.02395506571314976,1,1,0.9040504435326064,-0.02112586366879976,-0.005572348535012046,-0.6161968394167006,-0.7750168459031263,0.8906297616373384,0.7930461562276131,0.01454232640635185,-0.9068763345998463,0.8702583498529859,0.19514815668037527,0.7759929639963234
1947-05-02,-1,0.01887846395757309,0.05771255695342614,1,-0.9367705683778881,0.9297710532011035,0.055596556923062646,-0.9947002447430653,-0.8265515264652874,-0.015382907355745767,-1,-1,-1,-1,0.8990308421073053,-0.9836907286077341,0.0124646291505206,0.016167630863806126,1,0.9484431048500414,0.011155885029431163,-0.5926081556297808,-0.8226852999743539,0.8904199029179694,0.7619041353412179,0.026188378840028972,-0.9356206405591545,0.8537643092621598,0.1416256344110256,0.7479476448370609
1947-05-03,-0.05448477256648232,0.971157382593287,1,1,0.019531891944280177,1,-0.8601235274172141,-0.08467025013336138,0.14502912903291243,-1,-0.017047945910575346,-1,-0.009053141269861342,-1,-0.04947503158694899,0.010462812302196811,0.9875321450852272,-0.9190257475264618,1,1,0.06817551973955174,-0.6170657872105239,-0.874552849306904,0.933686634790307,0.7375335119657923,0.0068325806537499305,-0.9391065641041366,0.8586116799517195,0.08445277590256456,0.7542246051940242
1947-05-26,0.930131304902807,1,0.018962265590184213,1,-0.9432559697176319,0.11150982632783968,0.09774200602380057,-1,-0.7697200959710738,-1,0.9457834922483256,-1,0.9837894418107596,-1,0.9277721914869577,-0.900106060460254,0.02212604720102207,0.06902772029408899,1,0.051555547902272125,0.08835603072383681,-0.6007733841036639,-0.8041097043330421,0.9788723143796298,0.7475069102999604,0.05978243146263672,-0.9378582249348105,0.8917390271243506,0.07175637254458012,0.7297157387091165
1947-05-31,1,0.03998472707261547,-0.8858740222187831,0.0061440237746287485,0.04608361821623941,1,-0.8725873165195074,-0.05201899326765391,0.21594811944795345,-1,0.038409679575526434,-1,1,-0.009781740965818075,-0.03593946527101588,0.05211871809479374,0.9918785486790754,-0.9135182205317569,0.1428614832591577,-0.8976568574039133,0.14588139896878508,-0.6050375456286337,-0.8279376711404304,0.9800437949952553,0.8027368510912866,0.024025291947797928,-0.9714081897082147,0.8996440497895141,0.045417195988693225,0.7735147674827246
1947-06-15,1,0.9979803630022079,0.07273712493035567,0.9700089689169985,1,0.08269079101174714,-1,0.9362476491738952,-0.7737031971978272,-0.013150370728881589,-0.9423442451950711,-0.005119209421886928,0.08232518152286317,-1,-0.9824069297725078,1,0.046797348727143806,0.011915480780457788,1,0.06815509493211969,0.14721151688826828,-0.5804608126090679,-0.7620771569416055,0.9313674702476096,0.7750294811729342,-0.014070643752484943,-0.8803272093490634,0.8484541912331206,0.013531746284997231,0.695721173307692
1947-06-18,1,0.034875416957385164,1,0.026069236794434514,0.06294504795010025,1,-0.016385661696561526,-0.011181950133651641,0.19607499622124325,-0.957270898680401,-1,-0.9203806979098171,1,-0.010117063068439403,-0.011743444271818837,1,-0.8806282358134399,-0.9281988530018809,0.0492124925020444,1,0.08472468790990137,-0.5975840507995932,-0.8523904509519407,0.8951898957370643,0.7961407410476895,-0.023789096677920327,-0.8995195977179239,0.9200425312419498,0.0943330339511382,0.6904372484262737
1947-06-23,0.034594519881065766,1,0.02373534359440721,1,1,0.012846257775884218,-1,0.9451965764315211,-0.7860201034569874,-1,-0.0012619952130079604,-1,1,0.9814785084465534,0.9649068839080908,0.06621016511662903,-1,-1,1,0.07600627221570921,0.0745339786397107,-0.5050799644580319,-0.8404230066839188,0.8619003334628534,0.777224165917278,-0.04539577328106847,-0.942956828502522,1,0.08288156503737118,0.6676660039893981
1947-09-01,1,0.013953348020689482,-0.9607404747762813,1,1,0.9687797899923469,-0.025035837461293564,1,0.14957500278083014,-1,-0.9768445658694469,-1,0.03133391832016208,-0.01639332763548973,1,-0.9004951643340388,-0.009134906412272326,-0.0307303306060025,1,1,0.07768490457020631,-0.5320420653471354,-0.8158635630527449,0.8732247886198179,0.798549575575754,-6.423069553920316e-4,-0.994090557037145,1,0.09410732671120522,0.7631290398528209
1947-12-14,0.030307202604548666,1,0.0031509349140574905,0.037045082947346764,1,1,0.8594197582647517,1,1,-0.02946371267678871,-1,-1,-0.9498097425789018,0.9234783551609538,1,-1,0.918266485749674,-1,1,0.012231413595166107,0.05067129146864974,-0.5336090973564266,-0.8340046440979542,0.9417707693017162,0.7848942869359037,-0.02904424829184476,-0.9671780344682834,1,0.022907179130566807,0.7637051473932452
1947-12-21,0.9742149476415696,1,0.9261976950825578,-0.9592093927972092,1,0.014754280209213988,1,1,0.027145888186384304,-1,-0.020711628390845616,-0.029617719343052906,-1,-0.07082390871046051,0.10816948904755819,-1,0.027492926581735966,-1,1,0.9698403690410665,0.09444811992655622,-0.5161374908766945,-0.8460402260100923,0.9077029480931698,0.7654327074196369,-0.057587478965259224,-0.9729547535188903,0.9321412467133455,-0.020872958841465346,0.8438102488109888
1948-10-01,1,1,1,-0.0426586012486444,0.12050289200359876,-0.8831297993978955,0.05539220957934432,0.007671785096505235,0.9398291485284486,-0.01636616268493085,0.9600767363316123,-1,-0.03831122024298372,0.9248718282020326,-0.8730943036069801,-1,-0.9406154114162699,-1,1,1,0.059893375527385655,-0.5135038436864551,-0.7172258000391034,0.9371296327299105,0.7370220105425366,-0.13456224759086105,-0.9648734682153243,0.941423736286039,-0.09900192772968189,0.7578798070654638
1948-10-07,0.03788532205420703,0.027576892674906928,1,0.8933577136167002,1,0.04427793670541358,-0.9184849973382122,0.985439796863126,1,-0.9383922660887187,-0.006197202447120187,-0.004159706992654666,-1,-0.04246342547712911,0.11556430495830605,-1,-1,-0.06236778305946,1,0.034971593924141287,0.07972061966348827,-0.5288183073735111,-0.7061037876844706,0.9169680099323783,0.7325184344595127,-0.16092442108221944,-1,0.8963821714515019,-0.15855792828112872,0.6710068978108217
1948-10-23,-0.8612227890283929,-0.9367118813751687,0.014514154650208666,-0.06983484185497935,1,0.9851663216518906,0.018979816578036823,1,1,0.03543304221421284,-0.956939710244934,-0.9533117611015614,-1,0.8928873774359719,1,-1,-1,0.9200404181004073,1,0.9477588448590348,0.089331853280744,-0.5262182534888292,-0.6642569578346224,0.9747439283839683,0.7624496121407955,-0.18558410898349176,-1,0.9412301932870362,-0.19161576363841404,0.6211192209684133
1948-10-25,-1,0.02820892971397737,0.9630307101473408,-1,1,1,-0.93638805640169,0.028109394410472,0.012446039906029438,-0.8956969176070165,-0.016082565153041073,0.007182115484292706,-0.018691198047106283,1,1,-1,-0.07620123419177982,-0.04764959381489131,1,1,0.09434451843765775,-0.5801652504117704,-0.7000769467321523,0.9597800304498267,0.7845533542836418,-0.12113832198645878,-1,1,-0.16605197542332464,0.5373173955276007
1948-10-28,-0.009144968647954332,-0.9101197310114918,-0.008791688494317107,-1,0.07854644526680732,1,-1,0.9077442641143794,0.9344302965513894,0.08945898494204474,-0.9217397741243016,0.9959633830587381,-0.993819475953588,1,1,-0.0750388173668135,0.9114026955283757,-0.9771308767824107,0.001502478626054904,1,0.09286191695061899,-0.6050902228023243,-0.6673824309639603,0.9094187277614093,0.7078972370576565,-0.16368194722950788,-1,0.9502818920858582,-0.11508071626518418,0.5091502077215532
1948-10-30,-0.9809221700574187,-1,0.9481537368260007,-1,1,1,-0.053859156872910874,-0.05752328311809385,-0.007303809366124292,-0.8594277054090783,-1,1,-1,0.08846646538307501,1,0.8719488231459354,1,-1,0.9641215214128832,1,0.13458306241845777,-0.5847581082323499,-0.6925020369663842,0.9245295071532335,0.7499220649799492,-0.1916411154568311,-0.976258932746863,0.9713521391895603,-0.0979258641792777,0.5290972091405812
1948-11-01,-1,-0.04652918640676473,0.006034634844078179,-1,1,1,-1,-1,-0.969343210350412,-1,-0.013678603690133295,0.0011751030539755014,-1,1,0.10549346233531609,1,0.008266380545483565,-1,-0.01251948219725818,1,0.21667169842740094,-0.7603970483348872,-0.7911969820531516,0.9825514148710011,0.64715724450969625,-0.1622827318596598,-1,0.9439818640808175,-0.03389338366723764,0.5426986624263516
1948-11-08,-0.049079119770177315,-1,-0.9713701040774599,-0.00835970411759257,1,0.0730880502736575,-1,-0.014511049780419616,-0.06951112742007859,-1,-1,0.9841056165482875,-1,1,-0.830684578948174,0.04200400595752107,-0.9398896047272643,-1,-0.9987695910827573,0.08144576780460666,0.18470350779326689,-0.7729217847337266,-0.8328746841272356,0.8740826255205127,0.6669741340235892,-0.24743459973801132,-0.9122564287629844,0.9809441054471508,-0.031961877335364514,0.47381324271398617
1948-11-09,-1,-0.03143699155393875,-1,-0.9566228456474544,1,-0.9098279654471749,-0.011120129020827263,-1,0.9279936005676179,-1,-0.02762768003195526,1,-1,0.06383456298240586,-1,-0.9394911719250212,-1,-1,-0.075233949284229,-0.9149776404136285,0.17714657113347826,-0.7871028420401278,-0.8751270179364632,0.8363239705236167,0.6897637894931045,-0.24965770453888844,-0.9261291242118141,1,-0.07488467420331774,0.407891245853769
1948-12-05,-0.06525481036581005,0.9661143218044674,-1,0.008412053777183126,0.02196811070484106,0.059604637488848144,0.9446522250072478,-0.05348255355753839,1,-0.022857384339164732,0.9346763305077254,0.04563167049701078,-0.04118469128734992,-0.9297332587106985,-1,-1,-0.02422998629144324,-1,-1,0.054678436155800036,0.07133086710282721,-0.7801580702114741,-0.9365537964895015,0.8486811835084065,0.6282186321079142,-0.16232330217576982,-0.8959997258219109,1,-0.0544756716969695,0.3797483872155282
1948-12-15,0.9345501292081055,0.014948630633425886,-1,-0.9298266178799726,0.9505696745013525,-0.8647757591594412,1,0.9263616762793158,1,-0.9309160378676501,-0.05412558573736492,1,-1,-1,-1,-1,0.948388418997678,-1,-1,-0.9357008083065835,0.0937689270710933,-0.7829876843046776,-0.951997348101537,0.859286718824559,0.6587447518697515,-0.20426007638621366,-0.8787457214858332,1,-0.07423243160298344,0.4282259275873622
1948-12-24,1,-0.9628232709416057,-0.015220384499748829,0.03150350491645204,1,-1,0.011231730489807523,1,1,-1,0.9122011151061442,1,-0.01824020822705885,-0.05003361664172146,-0.05289736705371173,-0.08082015262540698,1,-0.0564560626000592,-0.012556831810209501,-1,0.06187443953954515,-0.7733679755690428,-1,0.8964292054593681,0.6357606860488081,-0.20985426561835907,-0.8266876939554885,1,-0.09449309229312212,0.4987033998988113
1948-12-25,1,-0.06844381574452829,0.9630054290581095,-0.875120782826148,0.006261605810712223,-1,-0.9658387778457648,2.1475056919073587e-5,0.005220862378465307,-0.026281712721919703,-0.07675426357836013,0.03269600249446303,0.9542356175568953,-0.9949001730306025,-0.9499977126537265,0.8633756168967646,1,0.9300359215242452,-0.9996946724804329,-1,-0.0014130429688666013,-0.7537851554126865,-1,0.9660434376608698,0.6704038324225667,-0.31669331218442587,-0.8910842697567456,1,-0.1535676594162338,0.5080903696854893
1948-12-26,0.0046424823751626265,0.9204446976031173,0.030598569442395362,-1,0.9012466254566891,-1,-1,-0.8326719487069104,0.9797653616667061,-1,-1,-0.9278694739379666,1,-1,-1,1,1,1,-1,-1,0.008659910130205652,-0.7644251712281305,-0.9374158871089234,0.9859154068403584,0.6940163155044135,-0.35375891547658506,-0.9337276372295301,1,-0.11608677993619812,0.4980011358394872
1948-12-29,-0.9847302580907207,-0.05864310271683004,1,-1,-0.04692738642934202,-0.10667489486064385,-1,0.06762604983489495,-0.011748851531347304,-0.016853875640126192,-0.006641691535669403,0.04294154019153429,0.0358040862507808,-1,-1,1,1,0.07889055626434205,-1,-0.05335604843740993,-0.017156160760634816,-0.7414119956342923,-0.9464390853567002,1,0.649156959754059,-0.2984428233901987,-0.945365875915373,1,-0.22238697783798395,0.4430595737863457
1948-12-31,0.005693291977898585,-1,1,-1,0.935253798270587,-1,-1,-0.8622035323441837,0.9850488820349892,-1,-0.960075509754738,1,-0.9063154264778044,-1,-1,0.024172982187400827,0.07423236139712286,1,-1,-0.964171208873298,-0.022517049165065618,-0.764215371959689,-0.9321750753870911,0.9123037392287969,0.5768776777735335,-0.3280850556669078,-0.9110431705325664,1,-0.2333423361112894,0.4453952721554344
1949-02-19,-0.9928054225512293,-1,1,-1,1,-0.04331443381101119,-1,-1,1,-1,0.02786150026820311,0.06938058746591869,-1,-0.039870074787094145,-0.0725890723668331,1,-0.8591082516539345,0.061376018005908195,-0.08541177350172469,-0.05455671910597959,-0.0037072369961680743,-0.7903543430527106,-0.8419683170019289,0.9803623295560326,0.5123523053546639,-0.31126752195210755,-0.8975541134418112,1,-0.21471557967362076,0.49521893180530707
1949-02-20,-1,-1,0.05178123541837787,-1,1,0.9314405176281025,-1,-1,0.04207649166231875,-0.058285933143893076,-0.9285920364465543,-0.8917838734519137,-0.03832711618289886,-1,-1,0.03241226458467317,-1,1,0.9071662000769501,-1,0.026374409528701587,-0.8397148725170822,-0.8529785134314313,0.911356714233193,0.5290166604122847,-0.2800779476818113,-0.9285044431891766,0.9725169269363177,-0.23243276899322562,0.5306393782232037
1949-02-28,-0.05553718613823233,-0.001462111394754495,-0.9097448848379889,-1,1,-0.015730218424927278,-1,-0.004488071204941546,-0.8976432895911663,-1,0.04572463227436985,0.056184789027750925,0.9444115997350085,-0.021122082174321655,-1,-0.9606231358464438,-0.06123083525804063,0.03813937483951213,1,-1,0.051165071285383154,-0.8667550683529434,-0.8233132229090433,0.8331977402134565,0.5159763932439342,-0.23335106334837422,-1,1,-0.27509138412984113,0.5041837048218247
1949-03-01,-0.9990215155235173,-0.8840138431604831,0.07734096711820948,-0.06271236470452324,0.06234465764030006,-0.9909848945702444,-0.04590204106916629,-0.9659528532641852,0.06442970956858218,-0.06846350681299185,0.9533520796414887,-0.9387433863899322,-0.051368791494410204,-1,-1,-0.09844034342823016,0.9386313830881605,1,0.06384837395115983,-1,0.12906888583749032,-0.8230392559919496,-0.7423929351840695,0.8210356940820058,0.5555380215178345,-0.216371203738206,-0.9573159334928221,1,-0.2809821966605334,0.5081035552154124
1949-03-06,-1,-1,-0.9079659656321156,0.8536353142636677,0.9877888403461843,-1,-1,-0.02586095596343785,1,0.9019886793792985,0.018591956521543107,-1,0.9486191067725313,-1,-0.05563012019775704,-1,-0.05371672650809545,1,-0.8881294379681017,-0.05769662327489833,0.10419560250034812,-0.7709554341395445,-0.7350471716833031,0.8531064326028335,0.5555175331450313,-0.17453330903428646,-1,0.9984106873652056,-0.262952335241374,0.5158984188031213
1949-03-07,-0.11869940761809539,-1,-1,1,1,-1,-1,-1,0.030541556067664177,1,0.9674742944748256,-1,1,-0.028251743288209452,-1,-1,0.9181840818322091,1,0.053763395564158656,-1,0.1268239116393769,-0.7499556020793336,-0.6803326977899377,0.8429152791188299,0.4432329665437251,-0.09756103846825184,-1,1,-0.32629593459436057,0.5464931813022034
1949-03-09,-1,-1,-0.04930481445808943,1,0.024440157884470293,-0.03867598766968805,-0.02773486283469251,-0.07809386299002741,1,0.012940907240550636,-0.02319143643673638,-0.05094008954478901,1,0.9623002623687312,-0.006406482449795581,-0.009266510035049969,-0.0429920442176146,1,-0.8759617520018007,-1,-0.824264773950832,-1,0.29933866512939944,1,-0.49880311720250325,0.8445546527762258,-1,1,0.6240236111196763,-0.37593184520527123
1949-03-13,-1,-1,-1,0.029301456916061563,-0.9296444439793637,-0.9906682454600444,0.9397209420653159,0.8389009414582083,0.06430299644864079,0.9823476183199484,0.9221931531606199,0.9123918669242532,0.004483244460406821,0.012454049473720308,-0.9749856356465578,-1,-0.962625782455299,0.08142081665967926,0.10430477803172877,-0.06157557384758017,-1,-1,1,1,0.4078329433965132,-0.1265007690175265,-0.017203289604943994,1,-0.37590958521630935,0.6108445111731933
1949-03-14,-0.0956888534042406,-1,-0.005856328147427425,-0.896626018912488,0.013093840639832655,-1,0.011780378062771657,-0.04085066342331367,0.9231330630139913,0.002555020862232471,1,-0.02175847867138736,0.9970515678230442,-0.9557925353300003,-0.019023528951525037,-1,0.027063728394833952,1,1,0.924722770128493,-0.0040467406975503994,-1,0.03661759672834741,1,-0.5003979605641824,0.8464644916928686,-0.956317068289965,1,0.5444180191177896,-0.32521538146047735
1949-03-15,0.8951358837898955,-1,-0.995757250933647,0.06238369278833611,1,-0.10597154562267441,-0.9731432336629828,-1,1,-0.956448425806528,1,0.974442125741625,1,-1,-0.9678837925052003,-1,1,1,0.04146314891980285,1,0.9841578157216925,-0.018715071037582298,1,1,0.4308521839931878,1,0.00721801154934254,1,-0.39224869037990984,-1
1949-03-16,1,-1,-0.025013763555099544,1,0.004640769089963359,0.889457678456918,-0.014754867082504397,-1,0.019305740037646957,0.03731041387097811,0.023811529205211124,1,0.04113402085182938,-0.06266640258593592,-1,-0.03349186384603409,0.06130680609894812,1,-0.8973881011143606,0.034630508675064675,0.013918358240410433,-0.9940736971961258,1,1,-0.5560166135256049,0.0029713971265441508,-0.9531537896626132,0.011393620833976437,-1,-1
1949-03-18,0.026931531440620105,-2.6286187452673193e-4,-0.9201879648125907,0.08622755276617,0.9801538899853736,1,-0.9039530568884101,-0.0477710577800573,-0.9784572567169425,0.9972073514661621,0.9040824558144712,1,1,-1,-0.10018170511223723,-0.9763507831127118,1,0.021591305646902148,-1,1,-0.8988534401751848,-1,0.01823546379604357,0.02279738839776413,-1,1,-1,-0.9790374714817818,-0.06575015084588509,-0.03153930266952609
1949-03-19,1,0.9728967823152066,0.06508144747251854,-0.906021342234471,-0.012166788884234836,0.07316126453149496,0.0806008068126215,0.9076496104555148,0.008468748776336077,1,-0.0698492241977825,1,1,-0.04116149774695699,0.8192892148939878,-1,0.02532060310096873,0.9597325181985655,-0.03436392974722735,1,0.06162452792600337,-0.008716403524418714,-0.9608195284883357,0.995928925506927,-0.0642208138120891,0.04034533682951502,-0.09293558083187592,-0.007197388043082675,-1,-1
1949-03-20,1,-0.006088915214824242,-0.8985867264834688,-1,0.9296954688067824,-0.9242541522168237,-0.8040466245112504,1,0.9621520671886968,0.05399910698868815,0.9244620288552653,0.017240632328214822,0.016996296636098362,-0.9773783138798735,-0.13567188948739972,-1,-0.9122463450517707,3.444337534808106e-4,-1,1,-0.925746202206414,-0.9670206486429908,-1,0.08027022326179567,-1,-0.9284088893925011,-1,-0.9522479565556986,-1,-1
1949-03-21,0.021793813040937526,0.9835242380984465,0.09913881410449477,-1,-0.034411074988039525,0.06552283196352737,0.18610688822256727,0.030692394288604263,1,-0.9171682283354894,-0.059967560346883886,0.9486127849740952,-0.8997311313987986,-1,-1,-1,-1,0.9425077016607069,-0.0121366940084644,0.0348003418695072,-1,-1,-1,1,-1,0.04017958951161915,-0.04057952667286624,-0.05145510277036991,-1,-0.006408743255070459
1949-03-23,1,0.023520177307667978,1,-0.041103547264410456,0.9297907312112472,1,-0.7807760859149894,-0.9404074550371586,0.03205495870510533,-0.03699926084514671,0.9021811759242029,-0.0455816492451534,0.08915238765690092,-0.062357880199912286,-0.06679850193798575,-0.060826185743592665,-1,-0.04365914348896993,0.9300379110556422,1,-1,-0.0038387577443573795,-2.0402596700341835e-4,1,-1,-0.9249200910942971,-0.9950447006383351,-0.9908016631169886,-0.006816986529980418,0.9540372781248693
1949-03-24,0.03269522252889845,1,0.019244194154011685,-1,1,0.0029113835150135214,-1,-1,1,-0.9706979605721965,1,0.8728497134449462,-0.9095673071664003,0.898227595798187,0.8658914557186876,-1,-1,0.9346715498713396,1,1,-0.04336088707421892,-1,-0.9658868071774126,0.0642717882476298,-1,0.06252885840401523,-1,-1,-0.9654850904751466,1
1949-03-26,-0.9554312239830386,0.049866121732565105,1,-1,0.07160691729884083,0.9577630147951992,-0.011189748116037346,-0.0881460177231177,9.446904365640885e-4,0.01768391532525826,0.0074245587288704895,1,-1,1,1,-0.03456166510551595,-0.031584649806766896,1,1,1,-0.04793217069153406,-1,-0.9432759913738291,0.1070337669146196,-1,0.12467100199472034,-1,-0.8872454375329636,-0.9228323623976613,0.9136386005637497
1949-03-27,-1,-0.9498848335515825,0.05859963443628613,-0.0047787622106154615,-0.8664551998457509,-0.02011655493754838,0.9494429357482278,0.8741753448877377,-0.9320516110101681,1,-0.8592277431320231,1,-0.04335582035300789,0.0450613138010697,1,0.9523090305060169,-1,1,0.011694415826074334,1,-0.03017481313658249,-0.9287230010470315,-0.9439278692555657,0.10673266008141244,-1,0.1985856507771297,-1,-0.9631046015661064,-0.957153268413042,0.9537196010643371
1949-03-28,-1,0.01938409332020674,-0.9245424006777534,-0.9654259100624384,0.06757890080398188,0.9633147912318618,1,-0.0748596609166029,-1,1,0.1295741160241488,1,0.854981502620025,-0.932864684225312,0.09180910063531644,1,-0.028907383847856405,0.01357678320876976,0.9561162092741808,1,0.018088217446217497,-0.8952722341033857,-0.9131107054819448,0.11055135363781107,-0.9316992993885852,0.14199726342979793,-0.9821341474824272,-0.9641478379830215,-0.967231006508246,0.8714820286812934
1949-03-29,-1,-0.9789444935341318,0.06694069315211715,-1,-0.9032434959455317,1,0.07848857614744353,-1,-1,1,1,0.08314194033026778,-0.13871595035484086,0.02027914491814975,1,0.0426859244712805,0.9198900280760763,-0.982416648345603,1,0.03821633634127697,-0.05395206255406143,-0.8165929532557421,-0.9563020754310763,0.1329799254617012,-0.9213944448094398,0.14117460328076847,-1,-0.9212122078378799,-0.887329543184312,0.8934208260789764
1949-06-09,-1,-0.06589202020650076,0.9954228896109462,-1,0.037280573758830204,1,-0.9077265795045097,-0.04868722561635608,-1,0.03482141058083699,0.0350051935122625,-0.8530395436001159,-1,0.9714473316657444,1,-0.8710029448616974,1,0.002393268203793486,1,1,-0.08554772607822664,-0.7810360890469685,-0.9015491026897428,0.17191090250191104,-0.8817743120639414,0.10164485463123372,-0.9991318758299393,-0.9325052950850554,-0.9474975959904828,0.8572104763205723
1949-06-15,-0.04053681983383384,0.9283552104116358,1,-0.010187103552803278,-0.8866601182937519,0.06970818583911165,0.08782138264633976,0.938123852469411,-0.028798237310766917,1,1,-1,-1,0.02886911548566895,1,0.09558907912513548,1,0.9975666892970351,1,0.06731242841240659,0.015895384555245903,-0.7847379354353796,-0.9323106799947941,0.21721725243080392,-0.9006966067866635,0.20401586819325046,-1,-0.9412207285703477,-0.962595309000072,0.8106275625208491
1950-01-01,-0.94340625197144945,0.010970882127445458,0.03314160448494563,-0.9550579928133925,-1,1,-0.9110893220751523,-0.044481828019062086,0.919810398191948,1,1,-0.011485026590808745,-0.011261646761742572,0.9842016836875048,1,-0.8760070143074984,1,0.038478460661862,0.03208721663347314,1,0.008362413166693557,-0.7779012229073028,-0.9195132502872242,0.2197114312006096,-0.8991592264789559,0.27860287723396376,-0.9680116984558547,-0.9960554855085109,-0.9437155893406416,0.8430718995550761
1950-01-12,-0.056457323224353706,0.9361429343873723,0.9756595662382038,-1,-1,0.012545947809260993,-1,0.905851853995492,1,1,1,0.9105847947802458,-0.977126399887416,1,1,-1,0.09675266012585682,-0.9398031077865955,-0.9514862732966977,0.036626558736545634,0.052154720765231144,-0.7174338441812079,-0.9363088778211008,0.26921470843256085,-0.9213544391110805,0.15791130401580422,-0.975677671505476,-0.971667623325889,-0.9153994365081906,0.9117375782028667
1950-01-15,-1,-0.009010047877123561,1,-0.12122637177512419,-0.021890699145444503,0.9966133772869605,-0.009592910599562576,1,0.05068789894949732,0.035924840078116804,1,-0.07513456297881427,-0.06657439816897104,0.023168899370348384,1,-0.0074655661743351365,1,-1,-1,1,0.021305174078427195,-0.743851216124613,-0.9371228072181219,0.27312055812888436,-0.9424939146172611,0.13143082563747926,-1,-1,-0.9316066643872386,0.8309538499845698
1950-01-20,-0.034403956094815724,-0.9876718429438912,1,-1,-0.9374951808026156,1,0.9524707443548043,1,-0.9469922118410905,1,0.04957890176616431,-1,-0.9975737077477331,0.96973852511024,0.061180934159449585,-0.9930920120678068,1,-0.022453868637028362,-0.01780424226022448,1,0.011948848313707633,-0.7695082179064561,-0.8322918031416482,0.29590618155430504,-0.946302101962235,0.1747670323073585,-1,-0.9260676132494753,-0.9508971602229438,0.8431233748244066
1950-01-24,-1,-1,1,-1,0.04578717160288481,1,1,1,-1,0.007380112413551521,-0.9369052139794198,-1,-0.014627138531568384,1,1,-0.008128411450523787,1,-1,0.9795196657683695,1,-0.001062310474864537,-0.821774459011482,-0.7122592537056974,0.3569756599179906,-1,0.2545426527182829,-0.9822846193787016,-0.9885952785764288,-0.9315318526830052,0.9016129668510894
1950-02-01,-0.04284824945858712,-0.08351090967892039,0.04166532251497468,-0.10059774275933298,1,1,1,9.405289185178134e-4,-1,0.9181980333398255,0.057939041338658126,-0.05114653012220949,0.9631546957400461,0.01401115577012535,1,0.9824612808553539,1,-1,-0.008634451238880292,0.06865675592616238,0.017398357125797962,-0.8407884263609093,-0.7445671564255958,0.4633020744169761,-1,0.2605998439104669,-1,-0.992303827482111,-0.9627816874090869,0.9465320655746028
1950-02-22,0.9003999669499176,0.86372288080708,-0.9308305842718246,-1,1,0.03030155163031545,0.012783026425577715,0.8686665159590506,-0.024537187310191944,-0.0379554223388634,-0.8933246851419555,0.9224168093445472,1,-0.967660026967133,1,-0.010651704119359007,1,-1,0.9698331670256656,-0.8812809998878466,-0.02410171874748972,-0.8013539061882353,-0.7772992343724574,0.5948510494659208,-0.9959729035260869,0.235479836096835,-1,-1,-0.9825699109869456,1
1950-03-19,-0.08372128129000156,1,0.05558535269019893,-1,1,0.9959401604761396,-0.9803381396594074,-0.0700917647381949,-0.9547153701676921,-1,0.09434845622957821,1,1,-1,0.018610098777893658,0.8815466876971195,0.017451433871922717,-1,1,0.08190277795627066,-0.029990565240983286,-0.8122647337515239,-0.7255296491867733,0.6174686925738806,-1,0.23714047511817918,-0.9848147228394161,-1,-0.9874502834782753,0.9566886161804963
1950-04-23,0.9021625607125381,1,-0.8896664948245264,-0.0026680016680956653,1,1,-0.07542247298936233,0.9125906472048165,-1,-0.017336578848115458,-0.8793586572209131,0.056420882451809096,0.10279704073351714,-1,0.9795667601805698,-0.0646475068893757,0.9862949115203132,-1,9.611179194511932e-4,-0.8441191846374476,0.06969363687019317,-0.7918737063622282,-0.7503479685099697,0.5317154312293482,-0.9792612539432857,0.2919963327361905,-1,-1,-0.9317582583947007,0.9881593725427471
1950-06-15,1,0.0556055837089674,-1,0.956331863044002,0.0023544942282499592,1,-1,1,-0.0075234516934180595,0.9651668597622661,-1,-0.9317215246513801,-0.820681188049183,-1,0.0914706235867132,-1,1,-1,-0.9268574022592745,-1,0.06053513223586672,-0.7635288551663476,-0.7016568362783806,0.5321811293689924,-0.9599455411048948,0.2782682152095334,-1,-0.969996780462964,-0.8893639679971628,0.9103883427827401
1950-06-21,1,1,-1,1,-0.9061536102515109,1,-0.0354623972990471,1,0.9881119339915896,0.0162610170562556,-0.019185964621046936,-1,0.16710814374868765,-1,1,-1,0.07164683255066939,-1,0.04849091537098216,-0.02539082759395095,0.10464931725597021,-0.7507822257075376,-0.7235882966511805,0.48305658269282525,-0.9291287738538173,0.2820530696710596,-0.9906760510479485,-0.8984062116766762,-0.8298440444904811,0.8925883103884773
1950-11-12,0.0037390575646594204,1,-1,1,-1,1,-0.9555555329101079,0.03472308460471052,0.03660996957750151,0.984578302902991,0.9754825012522681,-1,-0.8009394383334764,-0.11685870173410684,1,-1,-0.8827828869767708,-1,-0.9059294865900042,0.9593054459004408,0.1557435892572459,-0.7852406497127343,-0.7237836296684819,0.45928200947944076,-0.9117446492137598,0.2748142109693924,-1,-0.8475381977703522,-0.7973731934007532,0.8720781099913062
1950-12-22,-0.9871788864293812,1,-1,0.021782929884945013,-1,0.049875065584497835,-1,-0.9409130707133677,1,0.010687285071111607,0.03689762318859546,-0.032311957218583376,-1,-1,1,-1,0.07475224428913885,-1,0.03531631300908944,1,0.11774764863819448,-0.7116640253452816,-0.789592082252383,0.4269432213442887,-0.8813427795065703,0.2656569408959449,-0.9796280679246809,-0.8582249746386731,-0.8719028946828893,0.8628973911201369
1950-12-25,-0.002245648294353697,1,-0.049639652443967175,1,-0.014148241754236679,-0.9402714852875469,-1,0.03667247407930285,0.026226154792472922,-0.977684111516581,1,-1,-0.06483587844844696,-0.0716474480438618,1,-0.013116539920686954,-0.9045368319878522,-1,1,0.06928167646481964,0.12850038457805812,-0.6715426258570696,-0.8379591519185128,0.4866866270736506,-0.8261279646400828,0.24325547402781172,-1,-0.8931653121440467,-0.8419667938934553,0.9067728372261439
1951-01-01,-0.9883839937266978,1,-1,0.08662728119827645,0.9838264874499988,-0.016981264105210836,-1,-0.9582703362284288,-0.9507774703469041,-1,0.07163345890174244,-0.10179134377979526,-1,0.8395546406855539,1,0.9799791614350504,-1,-0.03910115859086083,0.10102855984881531,-0.88274630650112,0.18034585758248448,-0.704793798349128,-0.770572563729569,0.5199677621258523,-0.8622985007791015,0.16032710628162064,-1,-0.9050986821039516,-0.900732024616291,1
1951-01-07,-1,1,-0.02830983408876253,-0.8668492116662669,0.033112653818639703,0.9558555841502087,-1,-1,-0.03663474505200215,-0.07594449681661475,-0.9265253976145467,0.8778081835829836,-1,-0.06676574524325607,0.11674794422093981,0.016764419082348714,-0.047975937070333985,0.9601524447541848,-0.8803573465854811,0.06629685104016891,0.16166692480934364,-0.7326665229696194,-0.7691935717441136,0.5241750039303807,-0.9529248061491034,0.22375736296705417,-0.8259959449073135,-0.8435392496493356,-0.8972195263736537,0.9992522449110125
1951-01-08,-0.12850829463296232,0.06116479240188111,-1,0.12363184148538331,1,0.07828065257534988,-0.05765394325199347,-1,-0.9808795484865386,-1,0.0580073167577968,1,-0.017729890988536945,-1,1,0.9584056779009698,0.9488428496231638,1,-1,-0.86482065669981,0.08693427317782,-0.7094357052307652,-0.8100483940032722,0.524535010900263,-0.8486869703078942,0.2854636855809956,-0.8588843757587165,-0.9151571580055191,-0.8592945154755816,1
1951-01-09,0.7932178975883653,1,-0.03278566914072267,-0.8651253783568321,1,1,0.8796242168144126,-0.027342663274312673,-1,-0.04668115160464448,-0.8944778511693015,0.06241600575982842,-1,-0.00824637469033096,0.02265226174433732,1,1,1,-0.02284527192244823,0.08463748719490782,0.03659349376694537,-0.7465110635654372,-0.7787499927494267,0.4894580796150265,-0.7880351131509077,0.2616519362811927,-0.8460708093524534,-0.8308098142487418,-0.8083643439134139,0.9756188798863744
1951-01-11,1,0.031195559818494645,-1,0.11496703436604294,1,1,1,-1,-0.041115332286494666,-1,-1,-0.9047517099307694,-0.05364923481882977,0.9533182960870181,1,1,0.09446502169767834,0.030263910615378475,0.9700448217153851,-0.8793239400201185,-0.02406366072744477,-0.8004385055262846,-0.7775020431223745,0.4783268048173246,-0.8225939475833154,0.3443891925942205,-0.7449590148978456,-0.8207017414758219,-0.8498687316500533,0.947024365709687
1951-01-12,1,0.9641686329021388,-0.054381596537205534,1,1,1,0.05373670736935199,-1,-0.993485244153775,-1,-1,-1,-1,1,0.07519614598396551,1,1,1,-0.026835948322329384,-1,0.011979105430662586,-0.8209205256302505,-0.7483367301769276,0.5167613048739468,-0.827757837501325,0.392996904648374,-0.6996947261159614,-0.8847970921027566,-0.9238984906579802,0.9486162453797233
1951-01-17,0.015405661228351741,0.01575819099333886,0.8596661891901584,1,1,1,-0.9192830960283804,-0.060746894342931235,-0.020770110419379484,-1,-1,-0.030825626715429544,-1,0.008357547903300566,1,1,1,0.011972093092183722,0.9147719750712866,-1,-0.029424470710136263,-0.819880891942924,-0.7377197116166994,0.4547662378283922,-0.8518183142617379,0.34611045823305153,-0.7390592769166051,-0.8183931705425075,-1,1
1951-01-18,-0.9493428469367666,0.9709650062337728,1,0.03194491544255906,1,1,-1,0.9188220330128472,0.9411650468170971,-0.07172216002330378,-0.018509446844741317,-1,-0.012402427762233326,0.981121351413264,0.08126778662531442,0.023443250321954046,1,-0.9221808554568168,-0.03643726030594974,-1,0.010917895901032232,-0.8340544347115606,-0.8297512639396716,0.4959794900670612,-0.7697413636610044,0.40033002608893276,-0.7015447266731016,-0.7879681280986663,-0.9600353313211079,1
1951-01-25,-1,0.010021545536092136,1,0.9614375595576495,0.05215130321579031,0.06685916980044915,-0.03851278020308002,-0.037187384198034246,1,0.9127564122395135,-1,-0.008182548253786281,-0.9745979162001115,1,1,-0.9549290298781866,0.09740583094907829,0.06096523629816508,-0.9921123342550741,-1,0.07971173210409331,-0.795421118184133,-0.811398575017645,0.4378438287456779,-0.7166740390898743,0.34650231659882813,-0.7152531949636114,-0.7394859037347559,-1,1
1951-01-30,-1,-0.9821888459377203,1,1,-0.9043080049903246,-0.8871161421889276,0.91006504884841255,-1,0.016837527825299126,1,-1,0.9870518969234182,-0.08937866047026632,0.03766317512979089,0.06221483592009458,-1,-0.9005681942986361,1,-1,-1,0.2020755871515489,-0.7454894805731064,-0.897248059108449,0.4818432287475252,-0.7235078939884025,0.3222410491321384,-0.6314263527053282,-0.6914159214002302,-0.9588338275400086,0.9541813922004727
1951-02-02,-0.04281209882398618,-0.05952306338053914,0.0022688644332691243,0.02484402374696537,0.09325488106047075,0.09752037604578512,1,-0.14058233886240068,0.9233068418847216,0.10873346359605285,-0.029576588097222856,1,-1,-0.9458111940391679,-0.8325522375984709,-0.039496309083538295,0.043771919700412054,1,-1,-1,0.18159074035657932,-0.7055498263162671,-0.9374671522762557,0.4524818156706593,-0.6831241646559307,0.30349405644288,-0.6532939702893394,-0.6900701234794023,-0.9934413933722266,0.8718420347569494
1951-02-04,0.9396969346019112,-1,0.9787225621913277,-0.9335568517876173,-0.8960507061754646,1,1,-1,-0.060909393817670465,-0.8770542582356473,0.9387758667108582,0.06776429785701688,-1,-0.027297389204508415,0.15515563681443667,-0.9380559666834809,-0.9546274262832517,0.04701254152467593,-1,-1,0.24659749407753218,-0.7095270004003067,-0.9015789028852388,0.46555884449369156,-0.7332695200749971,0.3005923728643173,-0.6211541259756292,-0.7275113069046072,-1,0.8650230047445463
1951-02-16,1,-0.0027186386557189746,1,0.0581397700787708,-1,1,1,-0.035020507105108956,0.9182986024571032,-1,1,-0.8804039321602692,-1,0.9094467629796006,-0.7546217312156888,-0.004346952161802697,0.006884458007663796,1,-0.01037242330568855,-1,0.17174882198304203,-0.6932692583077874,-0.9415811176853539,0.5271860177276245,-0.7159116761849266,0.27502239361913633,-0.6173972565600628,-0.7221877381053513,-1,0.8397351957970128
1951-02-23,1,0.9827618709372927,0.03452361306368423,1,-1,0.08287641208585028,1,-0.9958061939843498,-0.07475562802754676,-0.06498007597264144,0.06701310699980878,-1,-0.04369482103619449,1,0.20834749386772278,0.9788646711447153,1,0.02876738155076608,0.9493570646211946,-1,0.3165658851599503,-0.7117411751706868,-1,0.5669437631874698,-0.768905781692583,0.2655496670836425,-0.6031654312021283,-0.8286560231140693,-1,0.8990043393284814
1951-02-24,1,0.05638287149509191,-0.9227433460539883,0.026591159609347104,-0.03211468267005435,-0.8927028663535368,0.06348997217281194,-0.09513668749732707,-1,0.8843588687837781,-0.8818499580376067,-0.01469287393775498,-1,1,-0.7380699701518371,1,0.06183865520060439,-0.9217366161877403,-0.0463302004691154,-0.026006290231641138,0.21904466101152137,-0.6834277189569237,-0.8833821524040426,0.5996518546810545,-0.7841242081992409,0.2869350633817923,-0.617538159028266,-0.7496211680669648,-0.9665785642409058,0.8428195182454987
1951-03-01,1,-0.8570588466905753,-1,-0.9636295825891088,0.9408871088715608,0.10077908045141115,-0.8164052110355673,0.8215807374740006,-0.01463257782845584,-0.06121860521803324,-1,0.9460380092409,-1,0.030324444475025802,-1,1,-0.8656179791512332,-1,-1,0.9539364912153834,0.19869241301194657,-0.6393931040265531,-0.8665778189408966,0.5646000038262533,-0.7621715976480534,0.3196066226892068,-0.5962401440252616,-0.8187007818482501,-0.9991531151252332,0.8506897019538129
1951-03-13,0.004021472017308736,-1,-1,-1,1,1,-1,-0.13043090701741633,0.9629519251543898,-1,-0.01882691311867979,1,-0.08426499635313667,-0.9504127608683298,-1,0.01550751271988482,0.10219973378380032,-0.001880542119109041,-1,1,0.15518664013080563,-0.6116931271927853,-0.926241691160682,0.6229496284771487,-0.7375833280732174,0.3254852690223519,-0.6196441320987411,-0.8442948891571891,-1,0.7946877792024892
1951-03-17,0.9896929408851268,-1,-0.025449792074141997,-1,1,1,-1,-1,0.05205825689263055,-1,-0.9523469300091545,1,-1,-1,-1,-0.8560831277614409,1,0.8991856007987521,-1,0.04889290499722421,0.21283593603064282,-0.5707142729615996,-0.9158632260810807,0.6215370614806383,-0.7063970128467562,0.3824538797010506,-0.5517823721306165,-0.875629225184237,-0.9836448813760222,0.8393727348225575
1951-03-21,0.0016586043244382065,-0.018487836587390172,0.8446528514894243,-1.3150607721956753e-4,0.038797589150578404,1,-1,-0.08445899951498381,1,-1,-1,1,-1,-1,-0.022684627048428108,0.04706635395840597,1,1,-1,1,0.17230579312293676,-0.5883874106220802,-0.8677247048324841,0.593832372136598,-0.7113176767105588,0.3226406208052091,-0.5602881194279634,-0.8076925954806596,-0.9780865412464809,0.7548154238226134
1951-06-14,0.9460504657726783,0.9594136604309202,-0.1176723307776788,0.9871138053031613,0.9544208658741049,0.048026387457587805,-1,0.8768126198877847,1,-0.04378142668145013,-1,1,-1,-1,-1,0.9942729159226461,0.11666200154735962,1,-1,0.032942499145151016,0.19570443544773977,-0.6456569847416657,-0.969066166051854,0.6516527491120533,-0.7703239936766204,0.3579995232634316,-0.46676366406476566,-0.8097133115944367,-1,0.6641460584899164
1951-06-15,-0.05107053481446444,-0.03327611596347335,0.8192618946452945,0.10298731146177309,-0.004219094397178824,0.9408960405454208,-0.11178471290057024,-0.07519727540844612,0.021548659056742636,-1,-0.02464739152267237,0.032431826634214955,-0.09356777639947722,-1,-1,0.09382013301143088,1,0.0534516178042731,-1,1,0.20004877431758922,-0.6667916350518542,-1,0.6000779599259983,-0.801063161807578,0.31264518558174814,-0.5208890745590986,-0.8360225686392915,-1,0.634043835112141
1951-09-22,-1,0.9512282640066073,1,-0.78373140720839,0.9270143483088512,-0.023676066773920756,0.8850699981430689,-1,0.9499367560669761,-0.053119471997089884,-0.9896299522992483,1,-1,-0.017108178032557486,-1,1,1,0.9954193319140907,-1,0.034639237010777424,0.1266668697427572,-0.6768212982041124,-1,0.5013346862500854,-0.7322369496290996,0.31120346403516647,-0.5028999014091139,-0.8210113503567986,-0.9579462771619809,0.6587261650022763
1951-09-26,-1,0.05143442486516925,1,-1,1,0.9740753953624326,1,-0.023593551260967405,-0.04550194120257067,0.9086227027142849,0.007145327228536669,1,-1,0.8169731939815338,-1,1,0.08665404521794451,0.024996004223067136,-0.01723036022476232,0.9918147509984618,0.15709534710604717,-0.7303400681931358,-1,0.48386128776132786,-0.6888627831869376,0.28847045685933426,-0.5240524907143129,-0.8252778305978979,-0.8487645817587975,0.713063722644021
1951-11-07,-1,0.9338469102210031,1,-1,0.020644315299468752,1,0.04532532969455716,0.9394656819033738,0.8742293840871245,-0.008227419285235849,-0.9801130307544437,0.07658579936494125,-1,1,-1,1,-0.8884517729513232,-0.8717216683493698,0.9442237337304451,1,0.11391402243697321,-0.7399449780259554,-0.9811039787288309,0.492341870923487,-0.6589505498629538,0.2785805098559948,-0.6284781192062576,-0.8370529401378188,-0.7957084503705596,0.7072604220516079
1952-03-20,-0.06800708198530825,1,0.013979021006352621,-0.04066362085731978,0.9712755643420333,0.016731579228659088,-0.9490150278204382,0.014368123148780887,1,0.9889016870501396,-0.017689283605294093,-0.9192586826381379,-0.03109720276873873,0.10511859024930914,-0.11029728854696164,1,0.07942425982352896,-1,-0.009157168689915118,1,0.07879766955141145,-0.6929433108368573,-1,0.3991481794552903,-0.5781018469776192,0.29568221857667004,-0.5355868157130389,-0.818698899568494,-0.8299594438341515,0.702365547546827
1952-03-25,0.8643294170380695,1,0.9421617968552735,-1,0.05389903288164122,0.9570758639385532,-1,-0.9473882810058403,1,1,0.9516281168611412,-1,-1,1,-1,1,0.9634008958836748,-0.03978349262325731,0.9584630481804689,0.10178506122848607,-7.305885140895807e-4,-0.700237942518178,-0.9939003583367971,0.3374567343607356,-0.5968131653231735,0.3505946895280507,-0.47456877176583895,-0.8556203699263865,-0.8188660944459629,0.7236486608243164
1952-03-29,-0.08363465583720753,0.014427803048450372,-0.007863519194647117,-0.08066229388612034,-0.9160206567142604,0.08271527940290968,-0.12564538669280845,0.02338733020197914,0.0406578221321513,0.019569080336134248,-0.04760117732716507,-0.04686932834166513,-1,1,-1,1,-0.0023067381402223086,-1,1,1,-0.9283223603985953,0.23364304227649946,-1,-0.5705546474640282,-1,-0.5974501012251738,-1,0.12993097552096156,-1,1
1952-03-30,0.8939920889704123,0.9462913382492395,0.9514829372768814,-1,-1,1,0.8593923524395549,1,0.9410880586368631,0.9776197921195557,0.9289601613878505,0.908757282120562,-0.04915498413085706,0.088485664991626245,-0.034428081588314896,1,0.9778954782379456,-0.005248248976889691,0.06140289419399836,0.014143351740897647,0.052947919398114274,-0.7123270920343631,-0.028914408608850528,0.4278755522579756,-0.136789576635715,-1,-0.005864698728804685,1,-0.08215936621804953,1
1952-04-15,-0.06300731727598596,1,1,-1,-0.028487428866986964,1,-0.11807369233853526,0.006903475279183224,-0.019819540170112004,0.022930735323856033,1,0.02243182694890744,-0.9699468051686067,-0.9008665875856187,0.830828259759959,0.06389221060550898,0.06524151038737402,-0.9427853332399176,1,-0.9497557334250943,-0.9208579137228972,0.2336467145603115,-1,-0.5536072069816578,0.8091538030265822,-1,0.9813074014923506,0.051602002057100194,0.915689683637224,0.060662911762109806
1952-04-16,0.8833230877543171,1,1,-0.02164655807038507,-0.940740099865057,0.015208518931857262,0.8069014292270339,0.9786137393915754,-1,-0.9461539361260229,0.028984164959170333,-0.9109802536041812,-0.020110010529641897,0.06704209684778484,1,-0.9112506449940119,-0.8918297400594013,-1,1,-1,0.0421190484432542,1,-0.07686550640105383,0.3849391244380147,1,-1,0.0601662835612341,1,1,1
1952-05-11,1,0.044049542940241326,0.001095582775400561,-0.9770455878292228,-0.041945258504391014,-0.9749799386850613,-0.11405659999351903,-0.011475671225249728,-0.013139976121306018,-0.0012655626506546946,0.9501564550924413,-0.01208902927406097,-1,-0.8511220726956824,1,-1,-1,-0.0018935474812757924,0.0775773835921294,-0.009115476443848691,-0.9448310326728145,1,0.8934398341066421,1,1,-0.10241446883028993,1,1,0.0402550036148962,1
1952-05-13,1,-0.9558442046945318,-0.9901454361728063,-1,-1,0.014454295924799299,0.8003021585601926,0.9882758648943539,0.8838678260235698,-0.9944609925408883,1,0.9523959472984005,-1,0.14135126549091193,1,-1,-0.07184530734318584,0.9287831996128877,-0.8450722163359278,0.9457537515558696,-1,1,1,0.07444887323692839,1,0.8639047188690697,1,0.020700441633628053,0.9614423260737562,0.069556329402375
1952-05-16,0.07013614223577747,-1,-1,-1,-0.050894098344240635,0.9583024685759143,1,-0.0017634017042793548,1,-1,0.00307776997762943,1,-0.010074425866109404,1,0.03927605561166769,-0.05588371608789788,-1,1,0.14717470072737604,1,-1,0.025239882645692102,0.024308286890310393,-0.9001109249746005,0.1023116348514157,1,0.019456404368980884,-0.9407992164762984,0.02798754069523357,1
1952-05-22,-0.9169621663897849,-1,-0.03314248124151664,-1,0.9249628756078492,-0.036674517327253686,1,0.9563729730173121,0.055373247853237384,-1,-0.9202248606705299,0.055969788872011206,-0.9884160760901587,0.0671041771357207,0.9449892049389835,-0.9436452419948552,-1,0.018848380559387645,-0.8141525700486321,0.027921406830083928,-0.06250111310403073,0.9187605135995442,1,-1,1,0.016656909014935772,0.9701868665279547,-1,-0.8983608759967012,0.04212631158901736
1952-05-23,0.08222619197639558,-1,0.966753584820561,-8.243617931467107e-4,-0.07260764170705658,-1,0.05780301680509803,0.0356694821898369,1,-1,0.050852084171405965,-0.8724593694090413,-0.03743183674329287,-0.9188350274714656,-0.016473992989298747,0.039495537295445415,-1,0.9086524261859164,-1,-0.9001712361323146,-1,-0.07077405234294432,1,-0.04406265365034989,0.12676919891505045,1,1,-0.010236722870677784,0.06435660815217548,1
1952-05-24,1,-0.0035904037659091337,1,0.9837586987973871,-1,-1,-0.93878403410072,0.9457736659726648,6.670294712253222e-4,-0.025040921864867616,-0.9012010642401689,0.09419521235956607,-0.9567205549457245,-0.030309294236750328,0.9781693479038052,1,-0.0986856398939937,1,-1,0.0642778156114675,-0.023494630623083435,0.8930949462651102,0.017484643947044187,-1,1,0.04814794597510019,0.013168528356691467,-0.9688735849850731,-0.9027290301695539,0.07809964487843657
1952-05-26,0.03725190160584957,-0.9639126677323238,1,1,-1,-0.02079792687742288,-1,1,0.922866701709954,0.9169386667220168,-1,-0.9034173291927483,0.03987353819309991,0.9341383210223658,-0.02143819794151769,0.06451381644260656,0.8544626461150525,1,-0.11009686663189788,1,-0.9964038757673241,-0.013239267601232396,0.9881347633156304,-0.01873403548766106,0.04244965032116954,-0.9266483564178272,-0.9315733591795248,-1,-1,-0.8757966044428658
1952-05-27,0.952883385591618,-1,1,1,-1,0.970988352258536,-1,0.06764984869100898,-0.005863777144993199,1,-1,-1,1,1,0.9183942773801661,-0.8515754481477115,-0.1075493823039605,1,-1,1,-1,-0.08808069984154837,1,-0.11132322073205471,0.039823868306853034,-0.9389719865403302,-0.9377863913210549,-1,-0.9303379286142207,-0.9859267306275974
1952-06-21,-0.035676830337179055,-1,0.040706280941605555,1,-1,0.02325400070536099,-1,1,-0.9288853900880112,1,-1,-1,1,1,1,0.1291267095887637,0.8736397885383766,0.029187333583488462,-1,1,-0.9534264153050828,-0.2787994266827107,1,-0.0565632434574867,0.03101514728957422,-0.9254491739972355,-0.9789514851469615,-1,-0.9433138571348703,-0.9771284827911505
1952-09-06,0.9520018219371195,-0.010264253185463534,-0.8979382787443179,0.019057409401719516,-1,0.9924745061521891,-0.04622627522188405,1,0.05820891239592041,0.04463274969386366,-1,-1,0.08602768008348116,0.01732996592423175,0.04003393961278712,1,-0.11312178082002089,-0.9003677167315849,-0.07065055641027329,0.022031647040229974,-1,-0.1577775760648517,1,0.03166855051865193,-0.020966776070861184,-0.883500389453595,-0.9478941823564037,-0.9300611550600721,-0.9269709681834221,-0.9826044609783893
1952-09-07,0.00982391578365005,-0.9570958004366567,0.09020710545021826,-0.905653410315731,-0.06401412735379264,1,-1,1,1,-0.9424385688011732,-1,-0.013037896318220832,1,-0.961455844315862,-0.8937145511919167,0.0038415452293925068,-1,0.0498173730172472,0.9134717221138879,-0.9684985937420417,-0.9663462695801786,-0.10112902850877167,0.9713510717924968,0.05400759934537869,0.02966113436088217,-0.9598529973845508,-1,-0.9588240884930685,-0.9612479182371491,-1
1952-09-10,-0.9152551192358583,0.026485089604602385,1,0.08354259339336989,-1,1,-0.07270758804741484,0.03911044788397833,1,0.027544107766404813,-0.05002579808810026,-0.9937059220036532,0.011965865758675753,-0.044069183595960904,-1,0.9917174389969465,-0.009140176532910327,-0.9418511634297608,-0.05758051503180239,-1,-0.9597576816522446,-0.07752946696275419,0.9872171973187039,-0.010044492855093776,0.12355769375470269,-0.8207066899447497,-0.9658396453239272,-0.9096113376942557,-0.9118898071798622,-1
1952-09-14,0.06595790538058555,-0.9042990395262286,0.043018575713219875,-0.9056554753876178,-1,0.05381165314120584,0.9045695828986978,-0.928099042805328,1,-0.9491520896282625,-1,-0.012495626563577611,-0.9798439119524723,-0.9816865759907183,-0.03453477134335137,1.3619767378558745e-4,-0.9685466369223084,-0.12835265928399142,-1,-1,-0.9484878695079882,-0.017925703227195063,1,0.059142756573187016,0.23919761322991778,-0.7434936308105465,-0.9411917914666117,-0.8305465155385872,-0.772505472922678,-1
1952-09-30,1,0.08912728501061917,-0.8643823655742403,0.06151504981110212,-0.0022080378688200675,0.990378350278871,-0.05975170698243448,-1,0.02987699387054854,-1,-0.03478394288339859,-1,-1,-1,-1,0.9930179834092846,-1,-1,-0.045713586902677794,-1,-0.895334611060207,0.053484611495618097,0.9589707591925447,0.065371418575246,0.33166232376393423,-0.6851390936464945,-0.7722818223946037,-0.8179576783359691,-0.7826941297064401,-1
1952-10-01,0.030804604616419984,-0.901403349925034,0.08840252175047858,0.98156274786759945,0.9906821665225923,0.001691013489159121,-0.9998088993546819,-1,-0.9551656024103026,-1,-1,-0.10398289746330414,-1,-1,-1,1,-0.046600527570244576,-1,0.9334383426173576,-1,-0.8485649648619265,-0.028162963868621167,1,0.09679526218396661,0.29577543249514937,-0.7064880113300486,-0.8372515211206356,-0.706947427020074,-0.8492971110558349,-0.9712094551575623
1952-10-07,0.9970262646456256,-1,1,1,1,0.9546016667786509,-0.05498663635095802,-1,-1,-0.0083418719113445,-1,0.8179931990101599,-1,-1,-1,1,-1,-1,1,-0.010767607087098896,-0.8517916485042699,-0.04451747801044409,1,0.09729268060721248,0.3179183942427853,-0.6931503447287074,-0.8204275406167502,-0.8152004704166027,-0.769034226539232,-1
1952-12-13,0.011989362048839602,-1,0.009895808841113185,0.051644514914692574,1,0.01466784352988415,0.899780756388834,-1,-1,0.954909123982516,-0.05220134473152305,-0.1651037002910274,-1,-0.052514153940580455,-0.008459943471476383,0.061318489550433175,-0.04910336387913261,-0.03923330053415841,1,-0.9766197968212834,-0.8739519432066305,0.017783811033875885,0.9351349768695888,0.06322501338896802,0.2959375539792916,-0.6411900258380355,-0.8182490853692126,-0.9087232396851536,-0.7016291582434429,-1
1952-12-21,-0.9441060518286922,-1,-0.953701372168863,0.9886344433279991,0.012230422031489163,0.973796597664079,1,-0.036525372399263456,-0.011094760073311338,1,-1,0.8225509279933649,-1,0.8758742934366762,-0.8773964838232584,1,0.9252487687731336,0.9447491636204194,0.031427408315290783,-1,-0.9264240430919809,-0.00741139053062875,1,-0.019805361930882476,0.2374449636025244,-0.6292391322086407,-0.8107602562223205,-0.9856465779553677,-0.6836309631237139,-1
1952-12-24,-1,-1,-1,1,-0.9736100927746346,0.04548131821458801,1,-0.9910834624447123,0.971931404472319,0.04972861599585254,-1,-0.14898974641465434,-1,1,0.012554874250028214,1,-0.03198613580950671,1,1,-1,-0.8984130785499166,-0.00698566638230114,1,0.0470514599803349,0.2250598904692075,-0.6750745096110806,-0.8309334433292774,-0.9449072425697287,-0.6442106059591504,-1
1952-12-28,-0.029334601484981238,-0.07288026275626547,-0.08220554929390378,1,-0.031589043359683044,0.9989042613325549,0.01391909922160639,-1,1,-0.8640231993721377,-0.05826268197848661,0.8494379618435961,-0.06825584678086416,1,0.9943495405556434,1,-0.9724516349060934,1,1,-0.015531743887276073,-0.8406407947691835,0.0175315249178595,1,0.09359780273879405,0.18548817852162902,-0.7137189233068494,-0.846293784713805,-0.9736306542559323,-0.5894159253670938,-0.9756112387983824
1953-01-01,0.9321855426731857,-1,-1,1,0.943547904088525,1,-0.9349007085928054,-1,1,0.13193043418957118,-1,-0.03999263136180664,0.9312952850274626,0.025526598849788473,1,0.0369272709059949,-0.016988615732703716,0.02287722704895223,1,-1,-0.8075894581139975,-0.03705844520961385,0.939570080749508,0.10406755713811079,0.25200280717774065,-0.6823375875440278,-0.8424369765241092,-0.9568438633465716,-0.6012889889507468,-0.895804103939197
1953-01-09,-0.015775113775649552,-1,-0.05315544340790623,0.03608317834538011,-0.011559008877085608,1,0.014879405363278697,-0.06093103400496058,1,1,-1,0.912509962469637,-0.04903920332125378,-0.9430877560776574,1,0.9903173518176849,-0.9102670831130322,-0.9727250139648911,0.02173906563240957,-1,-0.7143689428749325,-0.026321706053321972,0.8645012071035644,0.06688018201733661,0.18951163850167613,-0.6598846526528527,-0.9048115713274332,-0.9650576127627403,-0.5946014943018072,-0.8822035404527705
1953-01-29,-0.9648304408026213,-1,-0.986301475428514,-0.901916407041035,0.9325876982354392,0.006034206308466961,0.9126211020871505,0.9205321367045287,1,1,-1,1,0.8911959332041135,-1,1,1,-1,-1,-0.975383691203102,-0.06517524742316738,-0.7647782594088147,-0.014978302320403673,0.8332210183615628,-0.004837878943453722,0.16103439555168914,-0.6255418918648344,-0.9354523783949059,-0.9847872850875612,-0.5853293878072533,-0.7870790725243006
1953-02-01,-0.03641806782518808,-0.06927575912088435,-1,0.02247316038914815,0.040586864055858096,1,-0.0014209458533120944,-0.007370896148923833,1,1,-0.08011026976396074,1,-0.07268619229674023,-0.0033830393886805643,1,1,-0.010044698276541197,-1,-1,0.9235878152392888,-0.793182018060216,-0.04069975548633071,0.8484274090737364,0.01399257759534368,0.14192802774034316,-0.6976923072424628,-1,-0.9481168469313616,-0.6192228453013616,-0.8338288274028915
1953-02-03,0.9251303790236567,0.8756540215812528,-0.09000000325236723,0.9684278966426791,1,1,-0.9461967633992245,0.898876745063659,1,0.022735647013000793,-1,0.032685142632058906,0.8731079372611887,0.9545211429422228,1,0.02763312242663718,-0.9538102828455138,-0.040540894920754966,-1,1,-0.8552959198851089,-0.0434399459652045,0.8836127408378772,0.1047381126896207,0.17199328183089332,-0.7187840080451432,-1,-1,-0.5514049065993393,-0.813248811896122
1953-02-04,-0.04449563284418856,1,0.8110213642181694,0.02747594092267236,1,1,0.02098048572034006,-0.04175264420068492,1,-0.8749509639583765,-1,1,1,-0.03982485632623778,1,1,-1,-0.9558620133860504,-1,0.01373969687858434,-0.8804254231147364,-0.03789476796924958,0.9147947055038185,0.0699642297585735,0.17636909889820096,-0.7365748898774069,-0.969884361006407,-1,-0.418181871530212,-0.7747360951919824
1953-02-06,-1,0.06424577316657798,1,0.9446571006983236,1,1,1,-1,1,0.08489369552565706,-0.10582679440200371,0.04043204459186456,1,-0.9407700442960651,0.023313465402123756,1,-1,-1,-0.014367257079140994,-0.952842863751317,-0.8745945766030632,-0.017424061664216697,0.9398033387513767,0.023926186856801562,0.2055655758245505,-0.7981905730448483,-0.9976260435140262,-1,-0.43861252055987116,-0.7001470826789612
1953-02-10,-0.05415364052043958,-0.9121760141255193,0.029486333897675632,1,1,0.034522216871225364,1,-0.06670412255291724,0.045028766437422485,1,-1,-0.9570480190713829,1,-1,-0.9501848580676392,0.08112735113965086,-0.035056447233050014,-0.045880501511678884,0.979491148830572,-0.050694720508364544,-0.9527295894302467,0.017965478507027743,0.9270016884633546,0.008913009205007058,0.15227613600924075,-0.8392613385309555,-1,-0.8989460357220787,-0.3778210942517559,-0.5945995988602764
1953-02-28,-1,-1,-0.9481685543920679,1,0.017442025471590017,-0.9396458627217202,1,-0.9601993816784626,0.9631077462980837,0.015350447668964096,-0.009384359303231116,-1,1,-0.11758827719408449,0.047724036069418,-0.8690048603192871,-0.9961808271276381,-0.9749181783612809,0.042437169017975784,0.9390327166384945,-0.9776290642828354,0.043246062348862496,0.9961915453882141,-0.023124696822268198,0.18792400477715535,-0.7564792192783802,-1,-0.8652028760789257,-0.40122534365064466,-0.5899103771698908
1953-03-05,-0.08865994778555564,-0.020654603976449915,0.0053187086596196975,0.0206857439274043,-0.9016158586886075,0.035477639871462685,1,-1,-1.9229682668542303e-4,0.9530337810895051,0.9694890328391177,-1,1,0.849372630605619,1,-1,-1,-1,1,1,-0.9719053393422346,0.074297234128922085,0.9791162718420323,-0.03042300588974372,0.10180086499225191,-0.6971371927220102,-1,-0.8801680684886813,-0.3356002826880261,-0.5995482926044987
1953-03-06,0.8701999246405879,-1,0.9920397580704633,1,0.08768225459751144,1,0.028779466906805218,-0.009721980673458752,-0.8723443852776813,1,0.007419395717959798,-1,1,-0.1401699154536724,1,-0.03106968162793,-1,-1,1,1,-0.8749493443743801,0.09724577295188153,1,0.03648335644724259,0.15828303938201285,-0.6526885970028166,-0.967131074482543,-0.9237393291660697,-0.3538694588372117,-0.6304564056364145
1953-03-08,1,-1,0.06358151249112232,1,-0.8985131684450355,1,-0.9241840379750721,0.977654886550567,-1,0.10868254870344685,0.9717034675446762,-0.06509556616493528,1,0.8560919691348557,0.055913507185235245,-0.9969812460290084,-1,-1,1,0.025889548081564406,-0.8955209573524544,0.09196970691062589,0.9764943311085875,-0.026473694532670893,0.146495654048431,-0.5499990209398307,-0.9538608104573745,-0.9376093629813297,-0.3384335508678763,-0.6566398733493075
1953-03-15,0.044780865261949465,-0.018972943018754518,-0.9093584541928453,1,0.05353277705139958,1,-1,1,-1,-0.8381350845834601,1,0.9041555510995237,1,1,0.9897051349223661,-1,-0.04659235427288033,-1,0.03714882185093815,-0.9228567227323053,-0.9242840185553257,0.011848352891899394,1,-0.06819030426255812,0.188946697303498,-0.578751238843358,-0.9541758686652427,-0.8878514040550199,-0.30007807849422696,-0.6440144933208718
1953-03-19,-0.9154890565721477,0.9279546092506119,-1,1,-0.8781379705005391,6.694235265126691e-4,-1,0.02221004443217367,-0.010479283131802797,-1,0.012854352300637029,1,0.007585057886215885,1,1,-1,0.9485628833636973,-1,0.9776751411319893,-1,-0.9792716790827586,0.03097976476348105,0.8751118387912009,-0.08340617475862516,0.13772765584262514,-0.47978075150077937,-1,-0.8552031475421795,-0.3489570069408917,-0.6680214981722516
1953-03-20,0.0655245757748133,-0.05291642432152377,-0.005211961731594328,0.04446734829879839,-1,0.9721963101772014,-0.0015618007068065598,-0.8990782192021188,-0.9533799634448219,-0.041138846953929664,0.9702280055640146,0.04996554973351919,0.9761506471320149,1,1,-1,-0.0465472345598511,-0.005388728475143045,1,-1,-0.9132434722666884,0.03905970556234748,0.8904909341609986,-0.07398617020612275,0.045531038595680084,-0.46202063691872436,-0.9571915253152171,-0.7911872399069095,-0.31609603316320006,-0.6444761242510123
1953-03-22,-0.9267025792739314,-1,-0.9901468366665793,-0.9294611244967158,-1,1,-0.9537805488068855,-1,0.03380826923936109,0.84807747023183,1,-0.8744366826715668,1,1,1,-1,-0.9956694699134659,-0.9133809205438513,1,-1,-0.9677071340336738,0.0487276252187787,0.8913458187952439,-0.09747838492712288,0.04256996469877593,-0.40229434092749755,-0.9793611343441931,-0.8399536958745968,-0.34632459596760734,-0.6454134170052905
1953-03-24,0.04665363511454179,-0.0014081151350004983,-0.02844627714529535,0.033185918487699806,-0.0067921491770609466,0.01780120236066063,-1,-0.009528075345471287,0.9148010362780783,-0.14516987033863327,1,0.002149899475207495,0.08550951346149305,1,1,-1,-1,0.07984185554042045,0.040284571191630425,-0.05608715225972705,-1,0.010455928526668032,0.907202839875849,-0.18828712947534254,0.08816581194116181,-0.5138566641543354,-1,-0.8425225551212822,-0.42031527187412854,-0.6476462023135059
1953-03-25,1,0.985590642323798,-0.9664995504933749,-0.9290894769093945,0.973942462300361,1,-1,-0.8976175308703145,-0.04241407798862673,0.8427910469350987,0.043280240662209035,-0.8909625329205179,1,1,1,-0.03481502264356062,-1,1,-0.9507151918193372,-0.9992791320632041,-1,0.060495666695760855,0.9542560280224094,-0.21678696901074793,0.11808652534422183,-0.47569946802251245,-0.9641990835125772,-0.8271970408448127,-0.41669336989367967,-0.6362858165734216
1953-03-27,1,0.03448491229341022,-0.04012966295547249,0.01443892676690317,1,0.02777854742294239,-1,-1,0.9521714565474779,1,1,0.08193454292970426,0.01903674154016244,1,0.07176057698888061,0.8942154136264231,-0.055601175761203936,0.06706832402082952,0.0016715659574959574,-0.012545480984302415,-0.9376108064826392,-0.012802171620767258,0.9533383772152296,-0.277835497196522,0.046458073998497856,-0.5116998424411625,-0.9360537543489427,-0.879831758084614,-0.35211660168406805,-0.6479367342931642
1953-03-30,1,-0.9339568697470839,-0.9922920030767938,-0.9839161938321658,0.013410553396650315,1,-0.0689102263599849,-1,1,0.039657986153668,0.09136499128706155,-0.8541996937108094,-0.9632286960132489,0.02288989408851505,-0.8562453325593022,1,0.7888715269760058,-0.9183409048481201,-0.9517128659220484,-1,-0.9451426057076929,-0.043359206379816106,0.9402171214171575,-0.31560709951365407,0.12346275610853272,-0.5109482570059035,-0.9488885114798045,-0.7302874049884692,-0.3153691413134941,-0.598862265919793
1953-03-31,1,-1,-0.04732213983681599,-1,-0.9571852137374928,0.058186222252405106,0.9150445375696102,-0.005084786783509543,1,-0.8788903014264041,1,-1,-1,0.9995129339319967,-1,1,1,-1,-0.03364921972574764,-0.03515095913050992,-0.9774375060974736,-0.04252931882919909,0.9497861981605542,-0.29164754948620214,0.06277181103285456,-0.5880849396192831,-0.9432309739646825,-0.7146279097208885,-0.26261420733481927,-0.5793997682701774
1953-05-04,1,-1,0.9003276643042776,-1,-0.0030234096363290774,1,1,0.9649439594297162,0.05734298543261984,-1,0.013899549702586889,-1,-0.09562665774015877,0.014261513547874305,-1,1,1,-1,-1,0.9574112861781392,-1,0.010011692432246776,0.9838016823445694,-0.35015484033661437,0.12296369963496603,-0.6405744505806973,-1,-0.7234940276911103,-0.2638707224625078,-0.6158132014414994
1953-06-05,0.021770107509234582,-0.009104598681650033,-0.061615423150022,-1,-0.9560426745451859,1,0.017720890880447815,0.015735398358058705,-0.8401196831485056,-1,-0.9836744001059251,-0.0036052366854513185,0.8913551483723505,0.9194019597925414,-0.05068005378999929,1,0.009535880489931259,-0.04411045237888356,-0.002614734419785325,-0.03241431075762857,-0.9831269967902784,0.025188232436093395,0.9739398486995641,-0.3940735463726462,0.09039854665728744,-0.6822230042421099,-0.9644886433464651,-0.7346164493251952,-0.25900202041364134,-0.6686393912643975
1953-06-06,1,0.9629265221593928,-1,-0.05426637894502706,-1,0.026873897354476428,0.964518470332271,1,0.13797821610053262,-1,-0.015616530224366265,0.9819406326249113,1,-0.07694820841499517,-0.9802828346439132,1,0.906489319893264,-0.9525897209825316,0.9963611978641284,0.939359529065726,-0.9390268575685812,-0.01222004353723935,0.9490135331853183,-0.4197167110775159,0.08320209912119073,-0.6372708524294897,-1,-0.6867263021535358,-0.25142092165074725,-0.5756027225507169
1953-06-07,1,1,-1,0.936817587583586,-1,-0.9392199925857021,0.062070006343344364,1,1,-1,0.9696755278980538,0.074763852389097,1.837844365684127e-4,0.9166595294668458,-1,0.012147296515552908,-0.03762207404003215,0.022794470078215112,0.02873503974933489,1,-0.9454279499990886,-0.03182177837243509,0.9466887003477017,-0.38353940037338674,0.10059298375725298,-0.5746527579180063,-0.9895501961238586,-0.8204323440960974,-0.23569324163492344,-0.5802979126761709
1953-06-09,0.03243403422500746,0.019231306382097912,-1,1,-0.019605345342987857,-1,-0.9337112259021942,1,0.07161872560989613,-0.0445580706443548,1,1,-0.9755885530942692,-0.06580475333613145,-0.04936937145225695,-0.9864620626887524,0.9122184148720867,-0.9581782282051823,-0.9586614146020657,1,-0.8979299690410394,0.008813166879034995,0.954658422503448,-0.31517010039340027,0.14199301581926943,-0.6052745091702405,-1,-0.8833950085000322,-0.2691861130637519,-0.6474744628572578
1953-06-10,0.989643076076709,-0.9461215864636644,-1,1,-0.9362706794976852,-1,0.009487615732244548,0.008009728346035527,1,-0.998573452037297,1,0.004594434971669559,-1,0.8575523878424407,0.8461074903022003,-0.06166790551213652,1,0.023028325626784807,0.03240106500923856,0.031327075874217125,-0.9410377536339063,0.06551675613007008,0.9798650188154835,-0.2858071738901132,0.15810784904051328,-0.5713246784303183,-1,-0.8477604541510139,-0.19732107355887724,-0.6318468748726216
1953-06-12,0.023673752481474075,-1,-0.03089003618535391,1,0.0566334114670608,-1,0.9588213250712194,-0.9515378700613061,1,-1,0.03792785946410371,-0.9581161320415993,-0.07124284162524142,-0.09347774305900003,-0.15074939861110848,-1,0.043553621975988,0.9406269437978482,1,-0.9617691422651845,-0.91507469156068455,0.06062849329483902,0.9972714348110422,-0.3427867911746801,0.19409761697085495,-0.49352438334458365,-0.9779860652201886,-0.8724982210195371,-0.15611082430861598,-0.6579660866019545
1953-06-13,-0.8859223381029161,-1,-1,1,1,-1,-0.032887292122420586,-1,1,-0.019719981550212373,-0.9523762652097665,-1,-0.9539564637718052,0.8422264994843013,0.8350760078672921,-1,0.9888352343097496,1,0.047421627482229445,-1,-0.9854684317245153,0.04354996561822798,0.8875489366586825,-0.4167113520262181,0.14319669967235993,-0.4749291164149642,-0.9366901411800345,-0.8678359001263973,-0.21580020229609678,-0.7237796213674871
1953-06-14,0.06300373382823743,-0.10663329787092413,-1,0.015407416565587972,0.025154893767882602,-1,0.9611738072579403,-1,1,0.9774482683091837,0.03268427329025747,-1,-1,-0.13733221374938465,1,-1,0.03479159035673762,1,-0.9444267883715385,-1,-0.9354486142021706,-0.027178270790043216,0.8768723343080603,-0.4516064382948584,0.12894677324510767,-0.4834079033164448,-0.9099760490952448,-0.8571082186787261,-0.2229973730434972,-0.729895106250478
1953-06-15,1,0.8726720988109733,-0.0025691979505528817,-0.9240805986006246,-0.9736504407549594,-0.049309305386224245,1,-0.04082096625165299,1,-0.008488892297033979,0.8969381558155871,-1,-1,-1,0.06470395168993759,-1,-0.8665140970087429,0.06199743628475485,0.028993987925325482,-1,-0.8966810715022921,-0.0034395881634673997,0.9436194116457455,-0.4481603520003474,0.05605244841019391,-0.3932149697620976,-0.9414863424470291,-0.8512999994809421,-0.1784749595731117,-0.7541844776047121
1953-06-16,0.008932406824643246,-0.06020154065826666,-0.9270986209907146,-1,-1,-1,0.04275044504376502,-1,1,0.9101075161310639,-0.04821972705262889,-0.011934858408948812,-0.04988040837627039,-0.06155945561298892,0.9481196674331439,-1,0.032361776277548104,-0.9292429575326168,0.9982438622013409,-0.06379510038550473,-0.9435891434297541,0.06146664671367162,0.971270378844803,-0.522923518150127,-0.02829940549571655,-0.4544485408335724,-0.9078259460087503,-0.8712462043733882,-0.10678219650785875,-0.7267535311861869
1953-06-24,1,-1,-1,-0.012326757989100434,-1,-0.11482228758959379,0.9849283612399464,-1,1,-0.048221826416224856,-0.9437533674987868,0.9608840757111181,0.880621393936844,-0.9931415334167226,-0.02635138771699508,-0.031323329620515095,-0.9003704199053689,-1,1,0.8614267886920545,-0.879504185550236,-0.018846485524188675,1,-0.5389885305354352,-0.034306374580925475,-0.5347601419043891,-0.9308057989882056,-0.8747379805378152,-0.10549761199381903,-0.765293433252245
1953-06-25,1,-1,-1,-1,-0.02038116092611475,-1,1,-1,0.03517704564961488,-1,-1,-0.03762385615009034,-0.0996695645202248,-0.002956056814101604,-0.9966100689058539,0.8658429232926143,0.0905178062356431,-1,1,1,0.09342442245888061,-0.9531576444836196,0.03755703044832226,-1,0.9467497622083304,-1,0.020494311873846982,0.12081366846920194,0.8468782945237159,-1
1953-06-26,1,-1,-1,-0.027696391038905532,0.9212963313694976,-0.008585329092212324,0.030980057624836355,-1,0.991911672412213,-1,-0.06225376425107654,-1,0.7742253652568553,0.9506481931455822,-1,-0.10628779858815063,0.9349351315475729,-0.026330052342267263,0.01789228130340137,0.012306965764301903,1,-1,-0.9106024404489115,-1,-0.03909187508896228,-0.06260316012535305,0.9432742591757384,-0.8458332295831094,1,-0.020988934672775073
1953-07-01,0.0045455275083006175,-0.01679033104378258,-1,0.8948421005138503,-0.06174005328994592,-1,1,-0.0016890386791492684,1,-1,0.8682366741285512,-1,1,-0.01450573543773892,-1,0.8704675995737651,0.06282888789055807,-0.9877805427723438,-0.9031091932337545,0.9856188307226497,1,-1,-1,-1,0.9523054587806612,-1,-0.04064779145503805,-1,0.07562058933585014,-0.9555503628904652
1953-07-02,-0.9745012798587105,-0.9499500882565626,-0.10944873429922619,1,0.9079382610300362,-0.011121558435649992,1,-0.9718687948723298,0.08269607184710237,-0.031654093745503875,1,-0.05014102128029785,1,0.9809509752661068,-1,1,-0.8964891504660426,-1,0.043592670077141626,1,1,-1,-1,-0.0197497763041643,1,-0.014461567524479912,0.9491961454521819,-1,1,-1
1953-07-07,0.002000114120157992,-1,0.8545351641190655,1,1,0.880875093494525,1,-1,1,0.896999201869299,0.010575712573700935,0.9388338660243046,1,0.005881258256215327,-1,0.009353014809992843,0.0987508986063328,-1,0.8861208369450644,1,0.025507034911176674,-0.0846485321292294,-1,0.8813249477286076,0.042193893697048734,0.9290053356627009,1,-1,1,-0.006161342667307501
1953-07-09,-0.9732033375447943,-4.1753395928245673e-4,-0.12090116349282698,1,1,1,0.023671193104494836,-1,0.005894047770767297,-0.0946362864376753,-0.9723117695406631,0.004447334987186413,1,0.9755942828528854,-1,0.9858576243404141,-0.8967918575055641,-0.043435418208366605,-0.013419258783962551,1,-0.8935819691629425,-1,-1,1,0.9768416664586635,-0.009007269910623728,1,-0.016599121809853568,0.07048884497070307,0.951970925177341
1953-07-12,-0.028443148325221768,-0.9384564088893397,0.849017468339805,1,1,1,-0.9547157222772543,-0.06968115521168872,-0.9639729760828494,0.8807579920658266,-1,-0.9060342992703981,0.048202443960649544,0.02793243615519192,-1,0.09114241128762635,-1,0.955725962498825,-0.9347484839686158,0.016057846680461174,-1,-1,-1,0.12963705936063108,1,0.9315961310862549,0.00507549693267495,-0.9671298339156339,1,0.0019839598409159276
1953-07-17,-1,-1,1,1,1,1,-0.02036315519719356,-1,-0.040386876085871104,-0.09242800257246486,-1,0.05765572952956044,0.9980741664936987,-0.9149018021658293,-0.07186223672741343,-0.8890495536813374,-0.007442183345732545,1,0.024167900600955194,0.9555101900023232,-1,-0.07324556141336591,-0.06453402141091213,-0.845398800084612,0.06963560062340879,-0.014046892215023643,0.9993210241233214,-1,1,-0.9819914639423376
1953-08-02,-1,-1,1,1,0.02677561929357597,0.003104094552792591,-0.9998613636021932,-0.0012590636554619117,0.9595811447883079,-1,-0.07851718641760774,-0.9402609742796445,1,0.0653830898285015,-1,-1,0.9154706290041597,0.05280209209279585,-0.9179233059645526,1,-1,0.9159330380335864,-1,0.1417142143030723,1,0.9688812499361424,1,-0.021920554690326388,0.014654060907296151,-1
1953-09-22,-1,-0.05150181047681457,1,0.054861531265538055,1,-0.8921269609695108,-1,0.8918322804849305,1,-1,0.8968564779670888,0.00169993753439035,0.02379274867717429,1,-0.0038256914283553156,-1,-0.08225341796563201,-0.9234894205800084,0.029318504798311218,0.022591811189873967,-1,1,-1,-0.8552520395164078,0.007081892902183973,0.02802592787357594,0.017419070727264785,-1,1,-0.021851739236618317
1953-12-11,-0.0118024153238101,-1,0.031270967015378015,-0.9257913285758225,1,0.011061697110075874,-0.04472853855190473,-0.09543655505775794,1,-0.06288423606206683,-0.07931519744803495,-0.9621252663059294,-0.9655463227308119,1,-0.992542490559315,-1,-1,0.03913884637189824,-0.9143545480590382,0.971997587669658,-0.04207739936064869,1,-0.014709718410463868,-1,-0.8838322903084581,-0.9542343512867446,-0.936295132127623,-1,0.0029803581367192633,-0.9830826135528953
1953-12-12,0.9384170311866799,-1,-0.9484900300856662,0.07310651806555135,1,-0.8608124514493759,-0.9780506050355394,-1,1,-1,0.7996614882049056,-0.0034199039875870696,-0.02502914269871026,0.05004824980998501,-0.006676145719902604,-0.041700034689091225,-0.04203254382215671,0.9996830267102726,-1,1,-0.10879756627795079,0.945193876289172,-0.04167144805078957,-0.9251879334009281,-0.8802910626703773,-0.9768867080032253,-1,-0.9158924317044811,1.6811614446394282e-4,-0.9879156414627445
1953-12-13,-0.04670187604243292,-0.15177754691256384,-0.05675059823381223,1,1,0.041157208227493025,-0.004388292567441998,-1,1,-1,-0.13755228191745505,0.9654647958803567,-1,-0.9410093441896299,-0.9784778554282416,0.8963020458074139,-1,1,-1,0.0055915892959221836,-0.07810216818955587,0.9406280977682276,0.05296394070280257,-0.9254010823750779,-0.9000264712474878,-0.9073409571948642,-0.9999397990283689,-0.9386372151810567,-0.00531920369778612,-1
1953-12-14,-1,0.7502215300730493,0.9076612479945749,0.05371228537960504,0.0714781922405674,-0.8866911544378616,0.9113901974138533,-1,0.08329229593471299,-1,-1,1,-0.014674958172307462,-1,-0.01621219668691276,-0.07584120081495116,-0.0060439833141607835,1,-1,0.9217823242782786,-0.0926030229248821,0.9391960447728562,0.03482675143588081,-0.8986080099654207,-0.8527011993641505,-0.9459452895148334,-1,-0.8500123956076253,-3.0543486313075636e-4,-1
1953-12-15,-0.09887330795400329,-0.21005070035376472,0.0019777214031070356,-0.92255995642405,1,0.02724752824634924,1,-1,0.9759233826329169,-1,-0.02790205723097805,1,0.9636837474226173,-1,-0.9718742264711926,0.9060633948679828,0.9600008575661775,1,-1,-0.018908911546868024,-0.14044674383081712,0.9607922893153659,0.01928871089691315,-0.800126384857654,-0.8555800034040382,-0.9491538974481871,-1,-0.9053905236916526,-0.01597742564788846,-1
1953-12-17,0.8761590045178536,-1,-0.9912101451261791,-1,0.05516402366043471,-0.9653867344681614,0.07821944827374205,-0.013526217475533842,1,-1,-0.9802316778899651,0.040479114645844194,1,-1,0.02495086538074931,1,0.02455429570283707,1,-0.014204796956294286,0.9559747182973882,-0.18161769126055907,1,0.07643235341446347,-0.8789709065493091,-0.8486897287927339,-1,-0.9169753865643686,-0.8984045542199578,0.0593610795479352,-1
1953-12-20,-0.10462583896216793,-0.04621620148934946,-1,-1,1,0.01734814383855665,1,-0.9339383093138497,0.03830789853551808,-1,-0.05844586860513146,-0.9503097977693311,1,-0.05502491873448667,-0.9312808353034213,1,-0.9420059634569217,0.05096436240513735,-0.9860448891327532,1,-0.15169173708746295,0.9604125795375453,0.08099052767234595,-0.9740570304179853,-0.8288711349555331,-0.9871720562643249,-0.8198389900992337,-0.9829769133361805,0.023432105574656463,-0.9729449037848079
1953-12-27,-1,0.9260263252069169,-1,-0.009546025146192516,0.033269919074063736,-0.9722740641190311,1,0.006008220519171825,1,-0.05382753023739939,-1,-1,1,-1,-1,1,-1,0.997025856673425,-0.013164326874931298,1,-0.17541853071101066,0.9946356308803989,0.038575137664510886,-1,-0.8795236497478941,-0.9652702317255151,-0.8405662471550114,-1,-0.06459531788631503,-0.9752515884982312
1953-12-29,-0.10146554832324384,-0.07109068254621576,-1,-1,-0.9024497926619243,-1,1,-0.9637531796352586,1,0.9443925902576273,-0.05126434958417836,-0.03924580406428513,1,-1,-0.09209643088271202,1,-1,1,0.9812884690364515,1,-0.20245451565752254,0.9975776622955225,0.13851079031986852,-1,-0.8355800054642011,-0.9410922398162174,-0.8619481631482685,-0.8967123532958002,-0.07103923725243194,-1
1953-12-30,-1,-1,-1,-0.008791412041509128,-1,-1,1,-1,1,1,0.9229583171949776,-1,1,-0.05329801855004912,0.8662650519478953,0.050015908952633525,-1,1,1,0.034235737164543645,-0.18669954970667985,0.9369946071525375,0.19958826530499454,-0.9210762357572227,-0.8161424040108849,-0.8391316939548675,-0.8221177849358496,-0.9461860303052324,0.04986490591571481,-1
1954-01-29,-0.025759009811655798,-1,-0.03180608822643993,0.9723949478059551,-0.05375103968702877,-1,1,-1,1,1,1,-1,0.023564559382308947,-1,-0.11648826086209418,0.9660761399151798,-1,1,1,-0.9291647072382265,-0.25758388511566144,0.973261270371825,0.11231860756240208,-0.8373818689694731,-0.8847288294173393,-0.9739678226360567,-0.7445488857601786,-0.9818250588313651,0.06380461473901046,-1
1954-02-24,-0.9742099734390585,-1,-0.9927548385866194,1,-1,-1,1,-1,0.06608221187463237,1,0.00950035095695101,-1,0.9833728208031026,-1,0.8059136934807153,0.004341346267755952,-1,1,0.03055001728048079,5.132867274751929e-4,-0.257296934977642,0.9756806361198482,0.1521258681962086,-0.9191633280393909,-0.8862733673593952,-0.9993528274473726,-0.6703764383302432,-0.9844874060260074,0.14559739596294796,-1
1954-03-01,-1,-0.011874492781919432,-0.023032081871399934,1,-1,-0.006557385019877349,1,-0.058995133947159384,-0.878492318960305,0.005463504954861809,-0.9066655369651807,-0.012332366664036587,1,-1,1,0.9537747213699981,-1,1,0.943267823528206,0.9028013061687061,-0.2917803945725751,0.8984395606809324,0.11731432371575765,-0.8643815467051982,-0.8286009263187261,-1,-0.7266775242274162,-0.9860323556850357,0.12207008988342029,-0.9336762645305823
1954-03-02,-0.07586443649414165,-0.9811734316585227,0.8844765330819141,0.020345892293185397,-1,0.936639798909581,1,0.8935188034128906,0.025323965717911512,-0.9655652378888817,0.048012813682269284,0.9865646934230416,1,-0.04997929435212545,1,1,-0.05914913089147855,0.013611461331552333,1,-0.0899611603788949,-0.35754016325948146,0.9239932507566573,0.09044245254280321,-0.9567087763133141,-0.8158911198080904,-1,-0.715887054494058,-1,0.03862081276604354,-0.8763457353815033
1954-03-07,0.8622841037132395,-1,1,-0.9197998598530248,-1,1,1,-0.1049342041233966,-0.9745216970903913,-1,-0.9260333142240403,0.03955923439746256,1,0.923497569976914,0.03752983505360408,0.02454221484886221,0.9075764243895088,0.9634143013426496,0.025937778663895794,0.9056881845925446,-0.43951440099659983,0.8775858182220019,0.12094427524583878,-0.9017977813726471,-0.8146593414324075,-0.8982301298230583,-0.6834627683055321,-0.9825903429469278,0.09671438376226238,-0.9308081959938916
1954-03-18,-0.10166226722154925,-1,0.0013221028112099242,0.01064316387121067,-0.038085343365573565,1,1,-1,-1,-4.0817751884802966e-4,0.05724834941038337,-0.895287881192507,0.07481396739634771,1,-0.8910366511786157,-0.9736191969404248,-0.018638930826141986,1,-0.9587848529153796,-0.04307830836282711,-0.43482737609950484,0.8836779087443625,0.05536812672510956,-1,-0.8770533125310745,-0.9304378464005095,-0.6852355158027472,-0.9826489151864287,0.07302108448613889,-0.8925283268804496
1954-04-01,0.8845214845704896,-1,0.9688874019109035,-0.9668669949626526,0.9169819298121865,1,0.03313042500783958,-0.027050195064418192,-1,-0.9631890986539433,-0.8849857117641963,-0.020224941954949283,1,0.0668462283144633,-1,0.025035183168668484,-0.9993382014652002,0.02592872468159524,-1,-1,-0.42890094303144416,0.81550214563885,0.1103790680446079,-0.9589555418953103,-0.8410093499598481,-0.921639023149068,-0.7331390450926933,-0.9049296445063042,0.07602559317002071,-0.9190592464835265
1954-04-11,1,-0.07605931404755062,0.01745324764457379,-1,-0.0813035271728999,0.04321609424424855,-0.9570022768603504,0.929546369510813,-1,-1,0.09838939640420197,-0.9728380465735353,1,-0.8880688870943702,-1,-0.8882821782031308,-0.034602844188142856,0.9105222393639416,-0.04077287715502298,-1,-0.48535981069327694,0.7045629343765132,0.14892359464130792,-0.947050994367062,-0.8058360672862632,-0.8873648696865173,-0.6594340039096108,-0.8795876951556928,0.14820748038547207,-0.9528848270105534
1954-04-12,0.04803387482249344,-1,1,-0.041124338395976845,0.9146040700844673,0.996803045838225,-1,1,-1,-1,1,-1,0.03077043180774297,-1,-0.01736624838076395,0.054540591094119684,0.9243697030252204,-0.057207969099538736,-1,-0.035696007963167964,-0.5748396098080183,0.6887907136758957,0.0910655736065932,-0.9974897799582377,-0.7818160589159607,-0.8454126467347671,-0.6079057824228365,-0.8269836144190286,0.21269741606086442,-1
1954-04-15,1,-1,0.020035544135515226,0.8826095370966311,-0.07111517197550676,1,-0.07391628223811364,1,-0.013374913155726365,-1,0.045613374857749744,-0.01248473698072805,-0.9583314038746529,-1,-0.9889179140301416,1,0.01786104121663512,0.880653477828322,-1,0.9452405203609917,-0.5385408189505388,0.7029360240650162,0.09104056082065981,-1,-0.7570544791274316,-0.8132870809052147,-0.598211072130441,-0.8281090456954573,0.21054636598459517,-0.919214631228535
1954-04-16,1,-0.07815845210029915,1,1,0.9266277771782249,0.059746468024531096,-1,0.03067357153066652,0.9165569375499372,-1,-0.9276339862748015,-0.9821619797309191,0.03227246707462572,-0.09791269573646344,-0.019018052190740042,0.0512712659880632,-0.9771817310833035,1,-0.06566111921147899,1,-0.47391586229963845,0.6633173907515304,0.05278905410445829,-1,-0.6968923193589792,-0.877440247912759,-0.6398101685001755,-0.8023558850769074,0.20343313749117706,-0.9119718746799355
1954-04-17,1,-0.961369005581841,0.026549616146495314,1,-0.04628055461979663,1,-1,1,-0.028662484948374867,-1,-1,-0.0030452390251600736,-0.9524789974769498,-1,-0.9564143262556473,1,-1,0.04782119805046092,-1,0.013621654633967584,-0.4096411543253936,0.7249495890951864,0.06356794147969844,-1,-0.8608909168708176,-0.8972473909287786,-0.4646332253420838,-0.7759643874979729,0.23623502424962295,-0.8015088008356569
1954-04-18,4.859954225742147e-4,0.028460867898165598,1,0.0065941708038304014,0.9137660329758511,0.009315617001213417,-0.05217446055272057,1,-0.9865153659596316,-1,-1,0.9933114824004557,-1,-1,-1,1,-1,-0.9286239016330224,-1,0.9611767572688594,-0.42694964549119996,0.8731049407076831,0.062080336557510725,-0.9887599804430091,-0.8573220732652234,-0.9316594227482543,-0.40559507621819213,-0.8300882573762589,0.24886843630199423,-0.7862243352336932
1954-04-19,0.980669618860539,1,1,0.9988223521442606,1,1,0.9124838281578123,0.020169606404902618,-1,-0.007200503394820479,-0.036933220357370566,0.030448909148788617,-1,-0.04130888685765144,-1,1,-1,-0.005906208457024831,-0.07709953857965068,-0.03767926874850225,-0.43569653815599524,0.8179150291192951,0.05073136803010407,-0.9484584661655098,-0.8447708364891864,-0.9219077507340118,-0.3898566806950774,-0.893464394221939,0.25856387668290787,-0.8291847873850043
1954-04-27,1,0.010857471621986692,0.0064573088364460185,0.07331404959774712,0.02485973124372165,0.05496497820386892,-0.011459219261547582,-0.9664917056321366,-0.006304177364264252,0.978228361134338,0.8822262279699581,0.9858787946684789,-0.02638339421772906,0.9509875363454053,-1,0.037071461582958265,-1,0.947098632006972,-1,0.8675329949935442,-0.4489359861332372,0.9497597906085006,0.022503594277005004,-0.9506951683217068,-0.7640352025952638,-1,-0.42939737970529007,-0.9591071224375639,0.34643639090772704,-0.8641554823653407
1954-04-29,0.10771258716667165,-0.935624345689188,0.9363355558054683,-0.877047246887119,0.9830885937159475,1,0.9802341034950759,-0.08763032655039316,-0.9799197293727149,1,-0.06909330157789073,0.03481515862811646,-0.9907574494466234,-0.0234487695507829,-0.060686864241330185,-0.8927899564674946,-1,-0.05119514643854084,-1,1,-0.40261857053270045,0.8894397127420012,-0.03060949138522314,-0.9813255908631443,-0.7032240922649028,-1,-0.4060488689508924,-0.9070831146222961,0.31238847584648854,-0.7984666761219544
1954-04-30,1,-0.028602538631884777,1,-1,0.02891768212097967,0.06768751575978094,1,0.8155521296236647,-0.04707051874347912,1,0.8148433446527801,1,-1,0.9589795069869433,-1,-1,-1,-1,-1,0.047040593943609044,-0.3625604964661511,0.8542137004384579,-0.00757971849030625,-0.9932417479547201,-0.6225969690552363,-1,-0.40288795415600676,-0.9736483719903036,0.30075452159203725,-0.7815062855614091
1954-05-01,1,-0.9634736258433366,0.03942956974938494,-1,1,-0.8507161677713999,0.013984663052768687,1,-0.9419154487232813,0.03719472445090766,-0.16628085915569246,0.08937944083538285,-1,1,-0.0711473804813405,-1,-0.026918044945170472,-0.01872277329352834,-0.06162744212815807,-0.923143646289995,-0.3625211179081877,0.8261261955261711,0.045002691559577354,-1,-0.684114419782236,-0.9576973415278135,-0.3097750797764838,-0.9735372415117444,0.331885275911707,-0.713826970343979
1954-05-02,0.04518724198844537,-1,1,-0.0049287773620805275,0.0029573207375060973,0.1434304433387239,-0.9495195251464242,1,0.04379849183298701,1,0.779787459577852,1,-1,1,-1,-1,-1,0.9446496435809433,-1,-0.033605042402557794,-0.3873652426891289,0.7881894424020918,0.07115795833792211,-1,-0.6386122233640973,-1,-0.28315736498317373,-1,0.2744313098467284,-0.6962144503429977
1954-05-03,0.9928980521166612,-1,1,0.9006550457441145,-0.9331953255160504,1,-1,0.052152748810849525,1,1,1,0.08780832673472427,-1,1,-1,-1,-1,1,-1,0.9420176062023585,-0.45830602665723963,0.7806236657616006,0.05490094406742607,-0.9088247735046985,-0.5424468574205821,-0.9443072587890211,-0.21383812293714724,-1,0.28056092152545764,-0.6504482829212225
1954-05-04,1,-1,1,1,0.01662445099292953,1,-0.01767628919940023,-0.8984024722059543,1,1,0.05866679802388264,-0.9051756321859035,-1,1,-1,-1,-1,0.06616613336968813,-0.011835361813982925,1,-0.4580380942027888,0.7203617705025106,0.017394798300621094,-0.8667020318284565,-0.555580528778419,-0.9915475448331643,-0.15711861006889985,-0.9163580946694074,0.2567770495413413,-0.6210403682419358
1954-05-05,1,-1,1,0.006731334485375329,-0.8941581578263181,1,-1,-1,0.136047990455463,0.044762316961799775,1,-0.004268214350768185,-0.0371911931634189,0.033270667016436106,-0.03726564901776164,-0.03664269671592757,-0.017306140252725144,1,-0.9197277471935472,1,-0.3727340199445516,0.7657149198655413,0.10364124945626821,-0.7834446344010509,-0.6578448588013113,-1,-0.09644444670493958,-0.9271771236709551,0.32749617634172157,-0.6985254967218043
1954-05-12,1,-1,0.02787350623821616,0.9530498371604902,0.036994010772342545,1,-1,-0.013988099062640758,1,-0.8501673030675635,1,0.9463699150196472,-1,0.9252982692220855,0.8887859946407682,-0.9780811918058159,-0.873488120850226,0.06030269472206051,-1,0.026399139597874544,-0.4234860577582138,0.8413852205596594,0.13875494225931317,-0.7772055003733623,-0.5870456120352673,-1,-0.11088310585139971,-0.8928516669745908,0.3563698216274563,-0.7165846317357298
1954-05-14,0.0733020787054951,-0.03689712828105052,-0.9271343221156649,1,1,0.0315498400104951,-0.0026554905905474824,-0.9537154651689314,1,-1,0.04653092986424068,-0.0215040343187628,-1,1,1,-1,-1,1,-1,-0.9619198936041127,-0.4255344866714171,0.9233270588569965,0.08972622218799503,-0.7491480234223155,-0.6248714244106743,-1,-0.051869550684644744,-0.8067335029877922,0.3404057419785088,-0.7239268422976788
1954-05-15,1,0.9331242790272339,-1,0.03587169862617923,0.08290073974835965,-0.9562638037066201,-0.9830642255847419,-1,1,-1,0.9759971465297136,-0.8732400452003702,-0.005600489092305927,0.01194135371966143,0.013657101050065124,-0.03693151935686323,-0.018822084013753293,1,-1,0.019808586535959405,-0.3762816982799396,0.942329503828005,0.07840542265996718,-0.7182210977737041,-0.5681292311154612,-1,-0.02504653050078735,-0.7885908025711778,0.28767917340584076,-0.7478565403673291
1954-05-17,1,1,-1,-0.9386287304284396,1,0.030715086717238438,0.0017068972374406632,-1,1,-1,0.0032832169603591588,-1,0.987577911801032,0.9770560323751709,0.9649762732352654,0.8396688690603954,0.9537271090113906,1,-0.02073321762429614,0.9772603008084955,-0.339031380236306,0.8723455759114797,0.040630957884966255,-0.767934544657201,-0.6481161559030564,-1,0.01730150960311472,-0.892261512335367,0.3012840053020719,-0.7211508498157505
1954-05-18,0.00478806779883445,0.0017348273585299223,-1,-1,0.016201281248071853,-0.9569473270328419,0.9441043127241842,-0.009764543099827216,1,-1,0.9448862297459037,-0.06302801149386683,0.03172729580846201,0.014269525390101734,-0.004240916969820652,1,1,1,0.8969567343772058,1,-0.26868582600019986,0.8654962127091967,0.08996832092688661,-0.7680656702557181,-0.6823498117597053,-1,0.13669220994610815,-0.8968343778161839,0.21815890335874216,-0.7041833417002787
1954-05-19,-0.9370140950445256,-0.9798699774253136,-1,-0.05601691980803547,-0.9545006507423925,-1,1,-0.9447716099973144,0.041447764593466,-0.03292732495778672,1,-1,-0.8640344470995547,-0.9732165176780291,-0.9880017747126754,0.03510824119695333,0.021624655087158384,0.030599751291067512,-0.014243214563451012,0.08145026096287411,-0.3125217824595655,0.901144081433658,0.05344102303862468,-0.7111957683829168,-0.6544227916705192,-0.9738865567117249,0.16964167006586714,-0.828260193753802,0.2525679544300263,-0.6913737451755553
1954-05-20,-1,-1,-1,0.9286424856466773,-1,-0.048679360424843,1,-1,0.9741522680592061,0.9339777281570787,1,-1,-1,0.023289696731265463,-0.007877470954561261,-0.9271360509427172,-0.9326557092769848,-0.9685176079760497,0.8930515980990275,-0.9130247176383741,-0.32314045099723593,0.867545238659861,0.06733664558622057,-0.6573195174908109,-0.7493566137171677,-1,0.15691246600192177,-0.8442617741560227,0.16830597696931954,-0.7841712160334964
1954-05-23,-0.09170538861630229,-1,-0.05153095020668652,1,-0.08159550945292149,-1,1,-0.007156243676913143,1,1,1,-1,-1,0.9979462779695683,0.9771791800967424,-1,-1,-1,1,-1,-0.29516825697843063,0.8657801883448358,0.041772699131329555,-0.6592489411838739,-0.7273377059267702,-0.9432515924971526,0.22701121644560246,-0.8641494265735771,0.20094542678614866,-0.7595707430258394
1954-05-24,-1,-0.014641197483561741,0.9250392094587793,0.013662293892127364,0.9107708713414931,-0.002800716071524989,1,-0.9457564259737666,0.049736851814586536,1,0.03736879820843275,-1,-0.01985908608858411,0.030694026668656393,1,-0.05944764231868427,-1,-1,1,-0.03857441483548596,-0.34719925360695125,0.8339545774452588,0.03292658559578621,-0.5725222089321343,-0.6432333743081076,-0.8903910900302464,0.2888230873899282,-0.8806957340955551,0.14974255109213636,-0.7724328434401351
1954-05-30,-1,-0.958912280043068,0.043147535007375004,0.9098874230193655,-0.08331888819209698,0.952226626723355,1,0.05116082379357345,0.9600263389733454,1,1,-1,0.9027189942260865,-0.8554739870459516,0.052452930920626306,0.9218495337086134,-1,-1,0.13694919893106172,0.9162537137014877,-0.37047669484617163,0.7393212070092194,0.04242430483697744,-0.5985190752868356,-0.6699734964264257,-0.9493538372978931,0.19636082940666869,-0.8413969069817975,0.1457699891007563,-0.882872186846048
1954-06-01,-1,-0.012276181557462018,-0.9179714533027552,1,-1,1,1,-0.9358021079807216,1,1,1,-0.03964842466075269,-0.04819464856429545,-1,-0.9297588214577871,0.047334411633373485,-0.034754372766072406,-0.0461647894819297,1,1,-0.3522097883704428,0.7056226967159354,0.06584469167745237,-0.6587850171058823,-0.6404036518731249,-0.9082459427595415,0.24986697512939265,-0.8537516283607568,0.12101107149263539,-0.9487434039991716
1954-06-03,-1,0.9002652373073072,0.08045547798744157,0.06099475668287169,-0.055806597885066145,0.04622198716672321,0.01853008868665995,-1,0.02439379898954075,0.020596933270618623,0.028929447017530863,-1,-0.9522438113492798,-1,0.05622371627371925,-0.8908425307523252,-1,-1,0.02727100844709418,0.019417596465783893,-0.3895599331135325,0.6853597978457776,0.034149785764624796,-0.5877736049168316,-0.680487566468794,-1,0.20910663263005483,-0.8199370856529664,0.08899478734292367,-0.9499395064035427
1954-06-15,-1,1,-0.8856633885341058,0.9812041510376395,-1,1,1,-0.003687074086332065,-0.959687865099609,1,1,-1,-1,-1,1,0.06583284267433454,-1,-1,0.9698415472756813,-0.9548013867251149,-0.42835893399733266,0.6088601012237095,-0.038485658070400094,-0.6473975286999094,-0.7110356989061187,-1,0.15080712082433942,-0.9618774760634128,0.06029753265798725,-0.8666553926780305
1954-10-01,-0.027093049177498996,1,-1,0.04554447328242228,-1,0.016382291757300327,1,-0.9833857294267216,0.037562488301315033,1,0.04767500462550878,-0.005937315204811,-1,-0.04604545290545026,1,-0.9261701988742919,-1,-1,1,-1,-0.45106079200169463,0.6057566604614261,0.018549671354728056,-0.5876082990512285,-0.6569886846931285,-0.9882662106762452,0.220658076157856,-1,-0.011332144913321185,-0.9019586390639807
1954-10-05,-1,0.07449734951803832,-0.03784897695904177,0.9731751074011334,-0.002241295570835855,1,0.051386150203092784,0.006155426979366996,1,1,-0.8757431875244206,0.9771333858898218,-0.12691888999735923,0.9147366212070982,0.020035125478053528,0.031293082964077956,-0.01444780780524979,-1,0.021844867645152144,-0.0675449400995336,-0.5185440409487068,0.7007126651549257,0.026075388939245443,-0.532319728976105,-0.7022431117284295,-1,0.21152529408681564,-0.9438088673777729,-0.029058624167538738,-0.8715108475796557
1954-10-08,-0.044720399593842,1,-0.9619110621261602,1,-0.9514138821879737,1,-0.9391681704281024,0.9572855808383282,1,1,0.048266034105749256,1,0.8000257105666637,-0.06557822810614544,0.9821232321742195,1,-1,-8.315726832959225e-4,1,-1,-1,-0.2966591124876429,0.9989103481736101,0.3862415453321436,-1,-1,1,-0.007933422467158113,-0.9471080190410208,-1
1954-10-11,-1,0.03266622857790602,0.001825668643091527,0.042972639922974065,0.014333216164904794,1,0.03994743081883334,1,1,0.09936079758855043,-0.937706067386853,0.025019975277107753,1,0.9244218323835586,1,1,-1,0.9857726869686235,1,-0.05210514780115494,-1,-1,1,1,-1,-0.07006885926011941,1,-0.9222711175599312,-1,-1
1954-10-14,-0.04512901222255228,0.9816799057384173,-0.9669940365049167,-0.9381914228662926,-0.954380274663592,1,1,1,0.08299269841851964,1,-1,0.9429329516307381,0.016556953850213052,1,0.023182349051461548,0.03594849416084078,-1,1,1,-1,-3.5925240855017027e-4,-1,1,0.09309649424265476,-0.11930925475501541,0.898109020630825,0.17662016301465733,0.05664990230924638,-0.004641202891641938,-1
1954-10-16,0.920412671525178,1,0.0037336734229973523,-1,-1,0.014414633894125783,0.012328573694044276,1,-0.9117167908212173,0.1227738023549858,-1,0.01865435613836819,-0.9833732671675102,0.12863122297670693,0.9918503184537566,-0.8869420189738513,-1,1,1,-0.050981889938366054,-0.9376032674945717,-1,0.042833822941757416,-0.888391803334102,0.8725793335065134,-0.08672184096020019,-0.7701013191850472,1,-0.9223071509553836,-0.011741408192287639
1954-10-25,-0.01674671055068111,0.02443829194503755,-0.9521928856070838,-1,-0.06801350721948984,-0.9611166360669454,-0.9834440414741041,0.0805150476144676,-1,1,-1,1,-0.0484218595843563,1,1,0.10864585828077733,-0.012212206480716747,0.04869585919281727,1,-0.9670225214526537,-1,-0.016344377568620838,-0.9059169335990519,-0.020293928718980503,1,0.8332311686540895,0.1852239616320993,0.06540894539279252,0.06058871007580602,-0.993772404250932
1954-10-27,-0.9074205706102003,-0.9601225095226462,0.013576299227612387,-1,0.9117039273590478,-0.028914375881062604,-0.07023832951792486,-0.9109734427761472,-0.019383164402894892,1,-1,0.0290830625582168,0.9214391708096655,0.06696762318186622,0.06136521070054435,-0.8493260662981893,-0.9771817197695839,1,0.03699696111281958,-1,-0.05425877790922318,0.9738386702214156,-1,-0.9355373787388767,0.14292705000400607,-0.16548555426352107,1,-0.9303915273068151,1,-1
1954-10-29,-1,-0.01813095106646001,-0.97262354464264,-1,-0.06287046783789652,0.9375362840155442,0.893826097606338,-0.006920472433957547,0.9149758735344949,1,-1,-0.9272512928894806,-0.024866468938291586,-0.9300795569948098,0.9977271814112594,0.08906033912026501,0.0019723196970515833,0.008841556142714646,1,-0.013591770392503588,0.9034340089924754,-0.013489288752888573,-0.02506359914491485,-1,1,-1,1,-0.05689421230611935,1,-1
1954-11-02,-1,0.9506967768452842,-0.05352643693631165,-0.05340831266086021,0.9303368527134226,-0.04202236839107698,-0.10568457270833975,-0.9887628727046908,-0.06445626775787772,1,-0.016465664744551578,-1,-1,-1,1,1,0.9611833885537496,-0.9365951305618865,1,-1,1,0.9222088993083886,-0.9984821945539344,-0.05860518544371163,1,-1,1,0.8805732810692513,0.011011774970105304,-0.08553270992147632
1954-11-09,-0.043200736168385045,1,0.9456191902368719,0.9054842666494266,1,0.922175783717705,0.8731916036217692,-1,-1,1,0.9666023208926426,-1,-1,-1,1,0.04395650313373278,0.07465832607237499,4.233536109470304e-4,1,-0.023782897325745234,0.027557737464457666,-0.028731833689133346,-0.03243482767048034,-0.9954638878364183,0.053967345434398295,-1,0.010619144371025846,1,0.9634684464158273,-1
1954-11-18,-0.9934065211599402,0.0014514235216936955,1,1,1,1,-0.0640874516253701,-1,-1,0.009824338311435588,1,-0.015646054818973743,-0.014860359603335094,-1,0.047534277771059674,0.9858817838803879,1,0.9682272775315683,1,-1,0.9874637521527413,-0.983405479160625,0.9501062606391697,0.0021886164390776397,0.948364246268269,-1,1,0.07635522359229929,0.04530333587967739,-0.07174720385506073
1954-11-26,-0.0624683636919563,-0.9742933391917356,1,1,0.032429845466711904,1,-1,-1,-0.042410194482209174,-0.9658366866560897,1,0.940796115103837,0.934144788933763,-1,0.9426873436572866,1,1,-0.027114265924630843,0.012975317606098602,-1,0.07881177062042866,-0.039942807031241645,-0.005884710165169116,0.9840737520924202,1,-0.0035853973151029894,0.033229987173157505,0.9520804869464924,-0.9272475285671734,-1
1954-12-13,0.9233769653148266,-1,0.006589378683928171,0.07899599782824285,-0.9410524455475201,1,-0.013988269050491109,-0.04386663147269254,0.8664762214331679,-1,0.011389270841438037,-0.054710672481331546,-0.015654170024747338,-1,0.009965585479668526,1,1,0.9344104853316407,1,-0.009633761199511426,0.06993370371901238,-0.04400806660520687,-0.022457536728929417,0.9629540263637552,1,-0.06260885796100682,0.08214944153996354,0.955077511146518,-0.9299920826148581,-1
1954-12-28,1,-0.021644083864852615,-0.9584176873111079,-0.8754194031483611,-1,1,0.985915004951023,-1,1,-1,0.9780769238043259,0.9064583058975596,0.9374512361409115,-1,-0.9534626356580789,0.09885251983549381,0.04361933033842269,-0.04697909841153558,1,-0.9806607526672708,0.13555966714073237,-0.11228775129399901,0.0020617009066687987,0.9384221080599815,1,-0.02828053410087869,0.12314714383929937,0.9452569096693363,-0.9568264335079394,-0.9829529145173077
1955-01-01,0.009578360307444633,0.9712359795774473,-1,-1,-0.0019220704349476314,0.05026699707639448,0.0707630585012653,-0.008019484978749492,0.11035491503336559,-1,0.02055969232956545,-0.00971814783716507,0.03853013396603,-1,-1,-0.8717207773352745,-0.9291758192376417,-0.9395767794254078,0.06559890691459191,0.00729257325859789,0.22699952847359456,-0.22275679185039673,0.036038824526804084,0.9586689389947387,0.9739868744921069,-0.09930313617510846,0.20119293659525977,0.9219174931552261,-1,-1
1955-01-12,0.9952311972814964,1,-1,-1,-0.9831797048060137,0.9231281643603655,-0.8095349741956656,0.9610318026799991,-0.8695019169519517,-0.019512982575836113,0.9696195753799055,0.9476781810052736,-0.8933109524233958,-0.0020389321489600043,-1,-1,-1,0.05119167739364339,1,0.9707434860195165,0.19242310342026164,-0.16235640070627355,-0.022353349206995013,0.973092848998757,0.9026496067610591,-0.04857748092627164,0.1887979709575704,0.9988102920840136,-0.9384803598837158,-0.9956880684116068
1955-01-16,1,0.05267213890746758,-0.012204264177314683,-1,-1,0.0113061193769729,-1,1,-1,-0.9707425878724506,1,1,-1,0.9927269919017455,-0.017600038931206652,-1,-0.03727210364196565,1,0.03647265069543715,1,0.1847229482342102,-0.17071392359525153,-0.07267855482528127,0.8782994717400271,0.9289457564939219,-4.07421328213628e-4,0.11253881105496046,1,-1,-0.9662877634829354
1955-01-17,1,-0.9470816520793236,0.984327887882508,-0.06241428986704889,-0.021466937521054663,-0.9534493241025448,-0.09300026384534343,1,-1,0.0197241742656461,1,0.047162982350017923,-1,0.038024620466518555,-0.9252763375944294,-1,-1,1,-0.9057600521585496,1,0.10586779793675494,-0.0861137143265117,-0.06577257899853368,0.8015055226288438,0.8930152377914449,0.02709082243401906,0.1661951700671656,0.9071415066757842,-0.9665665322998865,-0.9444430717677244
1955-01-18,1,0.03451750169154311,1,-1,-0.9750552120112131,-1,-1,0.02438454039872917,-0.06278192854948128,0.9643102354600946,1,-0.9062452070752467,-0.020579009929349468,1,0.07205053591898536,-0.029108413188288162,-1,1,0.08548152238546913,1,0.15084128955592235,-0.04487824789208965,-0.11236502922384319,0.8572631121572356,0.7857158546517414,0.027523786438282797,0.20630162994726212,0.9525240202531877,-1,-0.9293297873089698
1955-01-24,0.03869314362000387,1,1,-0.05120747364925138,-1,-1,-1,-0.8892146695415424,-1,0.020530960031859835,0.03016249721978359,-0.0066438984207580765,0.9064794540462036,0.00976853724021609,-0.8794651381047638,0.957576391441526,-1,0.044957078008799445,1,1,0.09052435094572289,-0.08203405856408424,-0.10513316795088852,0.8578562894227804,0.7014596362858806,0.1202291667450658,0.149577794826441,0.995775421016635,-1,-0.9034051869231936
1955-01-26,0.9779781935768816,1,1,0.9153085547695828,-1,-1,-0.028148833259420414,0.0778461061335265,-1,0.997026380328685,-0.9639353655567793,-0.9873962054736845,-0.0891116017132687,-0.9650634209174717,-1,0.04356999974365505,-0.012785733710981018,1,1,0.0010385983993327352,0.07844869244625512,-0.04756924937921283,-0.09818005241686416,0.8212582000035721,0.6809000251756037,0.09884224921919366,0.12349553970673123,0.9315302075289166,-1,-0.89504215754513206
1955-02-06,0.026701184046152293,0.03610522566377883,4.026779354008303e-4,-0.03696793469022597,-1,-1,-1,1,-0.03207742995462126,0.06114335614802324,-0.04047107502186198,-0.02881257394040493,-1,-0.06258186539389865,-0.07504975292415805,0.9550177843952788,0.9160918030396389,1,1,0.9855100633858116,0.04642199655904928,-0.08394355810567294,-0.1382173309524884,0.8101916326319457,0.6957869664049066,0.10437186380934524,0.029012809798424286,0.9267451465069626,-0.9431776799307551,-0.946576432144528
1955-02-09,-0.9599287074694126,0.9996429478216146,-0.8855721414128913,0.9460161593122457,-1,-1,-1,1,0.875759761967261,0.9759172884534004,0.917225236508173,0.8799649594439565,-0.014162921371020931,-1,-1,1,1,1,0.12037395224414493,1,0.03490348316670888,-0.011156522850859454,-0.09121701472265817,0.8202496227090531,0.6621304204419617,0.08032901462597777,0.04219599256616199,1,-0.9753379612409533,-1
1955-02-11,-1,1,-1,-0.03857675321250109,-0.042124929230226815,-0.035659125509753475,-1,1,-0.11891286039934135,-0.00901121846642694,1,1,0.9354984725752189,-1,-1,1,1,1,-0.848686762744166,1,0.08481958132214554,-0.03563834995705359,-0.09048522388483057,0.7925696672034405,0.6565763396055685,0.161216075910003,0.08988679764663478,0.9522139773548722,-0.9766897238773393,-0.9439652902044108
1955-02-13,-0.04600769360356782,1,-0.0249395024806649,-0.9275832562601921,-1,0.9556333887076551,-0.024838187894465125,1,0.8677718957025067,-0.9067103587572836,1,0.00896870145738693,-0.03611361598296481,-0.05049452283060585,-1,0.05338104340851568,1,1,-1,0.016045639359758446,0.11213992241264124,-0.003624102798139406,-0.13266122270901284,0.7885001569875448,0.6674234447942682,0.10915061814806638,0.17485551307018055,0.9630379708867026,-1,-1
1955-02-14,-0.9911428785740598,1,0.9685741538858211,-1,-0.04317949478069116,-8.545717509141904e-4,0.9399419010415239,1,1,0.07088310322606628,0.03885370612685557,0.9619103583869184,0.935313221371976,-1,-0.003253682805625435,-0.9137099607833934,1,0.015273452416755262,-1,1,0.03696662075033336,0.007930590216535456,-0.11382360634522957,0.7654169729528885,0.6721724447257837,0.17261035379015038,0.10355773060599029,0.9924821900152502,-0.9880406786181161,-0.9531462347545185
1955-06-10,-1,1,1,-0.03422369594468877,-1,0.9761527101386048,0.015411395921451576,1,0.03653269839343265,1,0.9951848030947562,1,1,-0.058125443533636356,-0.9659671640908077,-1,1,-0.8977617980167992,-0.036011171236445816,0.04331117347455715,0.032790331008438506,0.009334796598422925,0.00172898073586511,0.7431610060241661,0.7247717817103577,0.15604888460232016,0.09002466171211124,0.964575140641445,-0.9740682951055966,-0.8820589065282765
1955-06-21,-0.05694480454556905,1,1,-0.9643976656994497,-0.01765566043822342,0.058863766264638406,-0.9844148487421962,1,-0.9427366733111082,1,-0.0018696996663647436,1,1,0.9034062469632584,-1,-0.04814084084663617,1,0.08175617421555448,0.9030413500906191,-0.9554258152816808,0.03808499636799885,-0.0823796878775238,0.044780553058571974,0.7153859469605405,0.7311465972842297,0.10893659790715984,0.07637654989082268,0.9088473340833105,-1,-0.875596330917884
1955-07-09,-0.9922830116355943,1,1,-1,-1,-0.940965339733789,-1,0.02757707568681078,-0.041622363645984484,1,0.9273077398844723,0.03925879026585599,0.06578230923715112,-0.07224595701313141,-0.036629283944656366,0.9323838085710663,0.07989894368064365,-0.7849899938106355,1,-0.0022131205329284365,0.03877235600747309,-0.13295247009702993,-0.02425728970314616,0.676731910773084,0.7368570549425655,0.016810408565045565,0.0852327495837306,0.8753996723261616,-0.9976314608453167,-0.8849585773169039
1955-07-10,-1,1,1,-0.051172299134900845,-2.685244290412392e-5,-1,-1,1,0.9354609320316734,0.04487336609626558,1,-0.9362805987777482,1,0.8923392761786549,0.9325800644983243,-0.05036927679344927,-0.8905817663978537,-1,0.04213577807035196,-0.9559613820015027,0.06998872372526908,-0.1556310412750332,-0.04609069708789145,0.6657700145609757,0.8057536344962755,0.02608643463411609,0.14215131265669692,0.9161547172199005,-0.9667829029125681,-0.7952323340893639
1955-08-24,-0.031301995445506825,1,0.05058609098842182,0.921552826925761,-0.969661433652404,-0.0027771670053267083,-0.004767828097565374,0.004670049142841082,1,-0.9129650998589619,1,-1,1,1,1,0.8945444469653901,0.10475616591812464,-1,-0.880670875805222,-1,0.03214811793722624,-0.21696731935671984,0.008558044856048087,0.6784845157841047,0.8563075923212666,0.01534524091228422,0.1262532256526168,0.964754282769557,-1,-0.8259220466912105
1955-10-12,-0.9792860023634011,1,-0.9426998097151902,-0.005563491149640054,-1,-0.9357577525147545,0.9069022283303301,0.9593200958848566,0.029344975678682106,0.06213697342893254,1,-0.02855048312225761,1,1,0.004174428227970317,-0.031699991396517024,1,-0.06409816707559324,0.09175874508239612,-0.02347344394357287,-0.03708446792595412,-0.21363846145801024,0.010706283512884645,0.7182658020189916,0.8472233033951931,-0.05666012425145156,0.1178572459990555,1,-1,-0.8593486921354224
1955-10-13,-0.009310337637517652,0.05319690702901381,-1,-1,-1,-1,1,1,0.9064521873097026,-0.9049938661718608,1,-0.9948074659728494,1,0.017274052699653653,-0.9956899357109353,-1,0.12552181660157424,0.9152029139584275,1,0.8936439266825168,-0.013170986810991079,-0.24609399425458217,0.038896708019379125,0.6806503374679139,0.84819666745211,-0.06257096322276486,0.062153307797489586,0.9513028867273189,-1,-0.9063171449364328
1955-10-15,0.9767099522747936,-0.9038167998090599,-0.07630144444672582,-1,-1,-1,1,1,-0.07662287332090456,0.04637937673506776,0.015308861803555507,-0.007726365109183564,0.04002209679833879,-0.9813154267720422,-1,-0.006377872684793617,1,1,1,-0.04468266813951083,-0.0044765894586223445,-0.2621541979787051,0.033942952528601654,0.7249291496975888,0.8877570641098319,-0.12728221077960417,0.09730257086961892,0.884213432426133,-1,-0.8496947036738473
1955-10-23,1,-1,0.9051141651794194,-0.017645318306831248,-1,-0.008388520947332667,1,1,0.854111455657409,1,-0.9177250715813579,0.9571730941416284,1,-1,-1,0.9806183641077505,0.052679685223888884,1,1,-0.9987660113170836,-0.060117294962109276,-0.282051661960477,-0.017041282056602304,0.6451394140400205,0.7764242176245726,-0.1983875851100146,0.035540947749007165,0.865798988288523,-1,-0.817547229092879
1955-10-24,1,-1,-0.07374063542203813,0.9542873262431525,-0.012851396837195717,-0.9729336022041383,1,0.008413910042182171,1,1,0.027666502740916976,1,0.02618230212729611,-1,-1,0.006359132370760356,1,0.044551157326041424,1,-0.03595501545321589,-0.042254902419547255,-0.2360544413401981,-0.02055271335414214,0.6540001935951236,0.7516264382623866,-0.12571561581688762,0.03864343565857337,0.866918912952973,-0.9971775167733372,-0.7900461926153141
1955-10-28,0.001493550269511923,-0.020497790777974312,-1,1,0.8521742199671232,-1,1,0.9917987727927182,0.01922994532673883,0.011622279214101194,1,0.06355764050372203,-0.9712295430329119,-0.006974452705495571,-0.004818179589997196,0.9942747566242213,0.05891812369545324,-0.884237489006968,1,-1,-0.03793874014679827,-0.26121334032931465,-0.031623954339317265,0.7093068642174161,0.7489021420709933,-0.08855006458578962,0.06594958351074004,0.9042713869892138,-1,-0.7939803517207443
1955-10-29,-0.9590704349897948,0.9657264044482764,-0.08696178500710827,0.04928689893044891,1,-0.00890513447726815,0.015307759856365233,1,-0.9287478661089205,-0.9026920015411093,1,-0.8725673234876538,-0.03756557028077645,-0.9983455867741132,0.9321153383820207,1,1,-1,1,-1,-0.047997621175868505,-0.28623157061802473,0.04948829869938788,0.7238353883735016,0.7965575734167902,-0.12457201044056368,0.01018341197187625,0.9428859261145848,-1,-0.7832259103537431
1955-10-30,-1,0.03564016650304813,-1,0.9651763789428967,1,0.8917975846373939,0.9381896432067824,0.04114015397965931,-1,-1,1,-1,0.9598725302746066,-0.023968711930382414,1,1,1,-0.08092818870152108,0.0527365461333954,-1,-0.024890014754366294,-0.2758522343223635,0.013903067216334143,0.6636413246483587,0.8837230312815577,-0.06669687859468512,0.016849513063550068,0.9778189518447451,-1,-0.7414486184103983
1955-11-12,-0.06393568137155259,1,-1,1,0.003558200380437637,-0.07272569101986326,0.024651469286289918,-0.9340355978737361,-0.0033220670730860213,-1,0.029051104355044766,-1,-0.017477376813320067,0.9555150681193865,0.02684345946730693,1,0.015773918179829094,0.8745434970660354,1,-0.15914225730092735,-0.06913069867306645,-0.34854635756051516,0.09410252248191103,0.7136275572329822,0.8211527819871846,-0.09485942245987719,0.0807031648170376,0.9242530429289951,-0.987294001768412,-0.7014829417693238
1955-11-19,0.9034879839702681,1,-1,1,-0.9646710129596843,0.8615536098329222,-0.9480991448907249,-1,0.9251012545246162,-1,-0.9313456290779003,-0.025089693430863647,-0.9379916877413003,-0.021221113660950253,-0.9369053458789698,1,-0.9410327283983247,1,0.0210567520273075,0.8329211358813793,0.015851885578926028,-0.3951658231534038,0.04949598057278212,0.6355202952700718,0.8150067059910125,-0.1014363852613083,5.2259313315719536e-5,0.9477971843115234,-1,-0.6959293554599706
1955-11-20,-0.04209565470850041,0.00855039347506259,-0.022527802742989156,1,-0.040246110175504723,-0.11446627111787677,-1,-3.050193208261609e-4,1,-1,-0.0669494270192218,-0.9887089929375089,-1,0.9499912994340606,0.03127719527916861,0.02179946383029341,-1,0.059297864957308044,0.9459692526011231,1,0.04485941191037565,-0.2766191746533159,0.06074953687291305,0.6278120755931612,0.789831375370303,-0.11897810252812678,0.02099298088023155,0.9334179057046326,-1,-0.6475060199597328
1955-11-22,0.8694969255900643,-0.9855090482248755,0.9305310285398367,0.0490125049952872,-0.9867276415449715,-1,-0.08448617852857487,0.9192956203790409,0.019690099384753523,-1,0.9124958378534973,-1,-1,0.05158162870123861,1,0.9372203172443734,-0.032514210542085364,1,1,0.09451382797222618,0.043411124813562525,-0.23193910444734817,0.03215215136333444,0.6331479962834431,0.8098995885973541,-0.13212382823543514,0.20159229161337772,1,-1,-0.6390104877483439
1955-11-24,-0.052534197404198735,-1,1,0.9951082309691314,-1,-1,0.8996843043941315,1,0.9606760268574224,-1,1,-1,-1,-0.927173229467074,0.0030672407569146687,0.014936921973467965,0.9669526089568456,1,0.09484437772480947,1,0.07785390701596778,-0.15882159884466585,0.06019381964708437,0.6128259695534578,0.8368826790079327,-0.11004911453195808,0.19533057178293525,0.9794582914039943,-0.9438554090248484,-0.552289243840616
1955-11-26,-0.9705948187174414,-0.02705509564032449,1,0.06104576473335821,-0.05883461277927804,-0.05776217492498692,1,1,1,-1,0.07032825117992147,-0.09526735585964619,-1,0.04241864360795111,0.9837100069420514,0.9863529650648298,-0.019575843299788676,1,1,0.006509805580549255,0.08565701569904209,-0.20613708881683693,0.09687113707201656,0.6135919675703664,0.9266436544626627,-0.07583972872798422,0.2284793872658012,0.9150329286175727,-0.9072194525620435,-0.5729705816558827
1955-11-29,-1,-0.9914374169619214,0.04480099538673832,-0.9121749753369999,0.9096432574323913,0.9379480588552064,1,1,1,-1,1,-1,-1,-0.9322256264655338,1,1,0.9013391599631008,1,0.027705001292642306,0.9582819981092849,0.15356616335360201,-0.23804129882505212,0.13996598408875013,0.6505857338640406,0.7448645025742401,-0.08412644315396847,0.1927159544059151,0.9500349703539417,-0.9662569582263384,-0.5910613980384725
1955-12-01,-0.07711731519096532,-1,1,0.01573007376507518,-0.06469618064633265,1,0.022224064166632918,1,1,-0.057738750118383586,0.010963285999995409,-0.03218646087979915,-0.002441224954320753,-1,1,0.06945018986928697,-0.08310699460714921,1,1,-0.034719847574985585,0.17880869874410457,-0.25800677090021434,0.11000483750370414,0.7016011165209862,0.7378343909138361,0.05011035480429896,0.1407809703970899,0.855917869270549,-0.8974490458208138,-0.5926834936012169
1956-01-01,0.8706496009820206,-0.1340109151408554,0.0630534366072304,-0.9191829242355967,0.9124669176531839,0.05119790032704974,-0.9470909483919203,1,0.07137064754749811,0.9184638834318687,0.9519661975600008,0.9596082841477163,0.9704344192185724,-1,1,-0.9177942635583599,0.8756358027562933,0.01756591912173122,1,-1,0.16951287529215767,-0.23621342468060202,0.05143356903108741,0.6612437679399341,0.7156818099998227,0.06741604076652019,0.12578739838011105,0.838413835985095,-0.94628203138210365,-0.5592357148966526
1956-01-02,1,0.8467995754419686,-0.9319677663020735,0.05122968274980644,-0.06494057466792569,1,0.041978007725130606,1,-0.8648580748307073,1,1,0.019595367994146407,1,-0.0728517856193106,1,-1,-0.12125172938340001,-0.8762379839183155,1,-1,0.21240560903475786,-0.26742434473329657,0.07027180660755787,0.6841225858932127,0.7762764384822094,0.08495729369773039,0.0767229840257718,0.833415243657086,-0.9378918101014179,-0.5409178577086329
1956-01-03,1,-0.06484959512867783,-1,-0.8572903383664634,-0.992532553302529,1,-0.9384921559082628,0.00533240480328212,0.07393995654962926,0.12534195156174766,1,-0.9524390461845254,0.048095530660487995,-1,1,-0.021356481056240773,0.8607434245069835,-1,1,-0.02728280689517093,0.15024049482191867,-0.27740877191635976,0.0807433503286284,0.6975704656846335,0.7616584484565454,0.04889914010849237,0.07096242839043601,0.8537757642153299,-0.9868305085753214,-0.4117889708718715
1956-01-04,1,-1,-1,0.026325346835123997,-1,1,-1,0.8995900738433182,1,-0.868438625708528,1,-1,0.9828192133477183,-1,1,-0.9609330608609772,1,-1,1,-1,0.10700984615469536,-0.3576891394066609,0.04562295618089038,0.7359974319039712,0.76953032665315,0.09358705757401237,0.011464881542949362,0.842249722243275,-0.9642002512810011,-0.4387185314072225
1956-01-27,1,-0.09626897610796936,-0.11536737020307919,0.9980089186938375,-0.012489700832268191,1,-0.02598558541819307,-0.05720013423625103,0.06577453364533536,0.057575155821222856,1,-1,0.03373103095618313,-1,0.050995283286619286,0.02775021656729393,0.05214126701444466,-1,1,-0.007985308489325993,0.033072692985497185,-0.35468773310105606,0.07218318056333274,0.6539655371348466,0.6729071100594763,0.013041297438263405,-0.0018032324323881826,0.8119009923882211,-0.983828127166743,-0.5142794141526834
1956-02-16,1,0.8995762620547553,-1,1,-0.9834823569872387,1,0.9721068914894653,0.8933287719630869,-0.8298664267519912,-0.8818942027779794,1,-0.06304508523990704,1,-1,-0.933706191646039,0.94640459957691,-0.944296761938102,-0.04125822867461948,1,-0.9817901555297612,0.0184592719312085,-0.3537927057665627,0.09118240395136984,0.7038813842124486,0.7336446919293281,-0.028852970100799166,0.013545274872124355,0.8200261470563163,-0.9882422616596818,-0.3879357225796677
1956-03-20,0.026335247394034256,-0.02401492689178819,-0.05416457922951479,1,0.01144000230334985,0.002196027371922815,1,1,-1,0.09726552782570541,0.05531058515321852,-0.977726678144038,1,-0.011151975665671165,-1,1,-1,-1,1,-1,0.058830801301470295,-0.2865100770461802,0.1022303913618964,0.7401422682254356,0.8229658871324121,0.031446890468370965,0.004061728157105739,0.9205229773473629,-1,-0.3520291432802064
1956-03-25,-0.8536616165138484,-1,-1,0.0361376072510009,1,-0.9942460247631917,1,1,-1,1,1,-1,1,-0.9827379699534161,-0.06164105927949515,0.01193070120511286,-1,-0.053374408955554786,1,-1,0.11932662097339566,-0.2641839731116142,0.1352186051891515,0.6907388588861397,0.869336292468876,0.1023255999448639,0.019169084307365948,0.907174403957998,-1,-0.4634619344380975
1956-03-26,0.1120275577355373,-1,-1,-0.9279316529972896,0.048451612261915966,0.0011024029850476014,0.00961089973824858,0.028706657057203433,-0.042072914706910436,0.00953497309021445,1,-0.010596314891969993,0.034066493416339605,-0.0774835693765078,-0.9847940273439713,0.9793233665590105,-1,0.8981976231485607,1,-1,0.19385110912457726,-0.23828581737364077,0.1385815981720319,0.6734753244402404,0.9012600093864407,0.11267208408129233,0.13757123587639772,0.8304686503968085,-1,-0.4127041268513483
1956-03-27,-0.8356722509869134,-0.08033000763622722,-0.042747651522038854,-0.03180129703474066,0.991186654650964,-0.9090710048222389,0.9969649293561276,1,0.9329015828182389,-0.9855830155087782,0.059294466842935156,0.9246358243540016,0.9327401638114333,-1,-1,1,-0.037955689870417864,-0.026335025811969892,0.021738120996250054,-0.04565594920163152,0.1776464940861071,-0.22293583501875247,0.1841146070530837,0.675173334549469,0.965629627499417,0.08332393625070995,0.16025359799846745,0.8463090586042287,-0.9796746340101259,-0.44968221313901596
1956-03-28,-1,-1,-1,0.9675879387179449,0.027573472029729373,0.08951489064779838,1,0.05309262992736741,1,-0.027011035953351636,1,1,1,-1,-1,1,-1,-0.9766211681898809,0.9864281698796366,-0.9992471789127918,0.1919769838587857,-0.3395044449158154,0.16413711392384728,0.716923451632729,0.9695803247109933,0.09021642412170366,0.17570313550573063,0.768536816699373,-1,-0.4469793960460553
1956-03-30,-1,-1,-0.09658300496414451,-0.02986716098283182,1,1,0.006392151225241394,1,0.12928768327029072,0.9499980102228827,0.053888424613324104,0.008776865622590835,0.0034629174753147973,-1,-1,1,-1,-1,1,-1,-0.7802581330829497,0.6547045151562099,-0.7894049988378053,-0.2760167619257866,1,1,-0.7922856071223507,1,-1,0.5202310416452937
1956-04-01,-1,-1,0.9008331968913263,0.9692671973252197,0.08351833950150522,1,0.9300457707916732,1,1,0.08905453399456364,-0.9241479082224698,0.9612544223178346,1,-1,-0.016998150515867505,1,-0.039606799150000094,-1,0.06524397201009924,-1,0.20423817456896798,-0.28484999876992445,-1,-1,1,0.16764040119121848,-1,0.015571742941352995,-1,-0.42683370501806017
1956-04-02,-1,-1,1,1,1,1,-0.022847532827164785,0.020511168426755044,0.03404611636764365,-0.8680240535513896,0.05528563249340035,1,1,-1,0.9505832649744967,1,-1,-0.040025058123145496,1,-1,1,-1,-0.12694926032323206,-1,1,1,-0.06560557314794557,-0.8804920170307496,-1,0.5537044686555798
1956-04-03,-1,-1,0.06883436778054586,0.03789278687095565,1,1,-0.9805267400745282,-0.945938878189812,0.9524805664945137,-1,-0.8782999860552932,0.029329678246123758,0.08903965616491927,-1,1,1,-0.03961712293421327,0.8812776291456182,1,-1,0.02476528350766405,-1,-1,-1,0.03601688448138751,1,0.9110438182233206,-1,-0.04002346919600963,-0.43003059787551323
1956-04-04,-1,-0.027890081909649367,0.935534834778406,1,0.02177424039374376,1,-1,-1,-0.010934475483898809,-0.04745871831260706,-1,-0.9548546051589086,1,-1,0.007070385965294523,1,-1,-0.09447447897975658,0.027901576721299448,-0.12306747956471753,-0.9608747278667664,-0.09664298626209045,-1,-1,0.9840863697633362,1,-0.07013680666889799,-1,-1,-1
1956-04-05,-1,-0.957259251780675,1,1,0.9585888457532076,0.014706464388327345,-1,-0.026663451449333353,-0.9919458726078315,-1,-1,0.030048760661094298,0.01937006376416428,-0.005825748065936276,0.9652394624899477,0.08269097316296559,-6.845110955366884e-5,0.893251729285253,0.9986245578772922,0.8568165911567869,-1,0.8615505934841052,-0.027973903658112143,-1,0.005502002101412051,1,-1,-0.012384993079063156,-1,-0.01194453888385405
1956-04-06,-0.03972515535997034,-1,0.021461473296198186,0.030149009396748805,-0.011263779806199636,0.8743276651215302,-1,0.854849450969128,-0.04536213003553069,-0.04776112097956853,-1,-0.9256480313340657,0.9734090948272864,0.983209624243754,-0.03050574851446719,1,0.9938384310298826,1,1,1,-1,1,0.9386221449735935,-0.033353080929482304,-0.9856235344940772,1,-0.11624803099194225,-0.9911578169019701,-1,-0.9345077411964209
1956-04-18,-1,-1,-0.9459850549786901,-0.9312212869169353,-0.9869311400918886,1,-1,1,-1,-1,-0.02734139066043073,0.045936754450489836,1,1,-0.9660250826570891,0.026767578678241866,1,0.02172923040944641,1,1,-0.01730734918957133,1,1,0.9543607696909668,-1,1,-1,-0.018399936280571794,-1,-1
1956-04-19,-0.05027466813224368,-1,0.015097477897602407,0.04209193998928873,-1,1,-1,0.062003211689535376,-0.041605697532831054,-1,-0.9600172151727729,1,1,0.03427789242540069,-1,1,1,-0.9483601293672561,1,0.03762247704698152,0.9556205506071279,0.043199803743273923,0.040506965260468375,1,-0.02209061634360754,1,-0.0199486254058735,0.9641753157431336,-1,-0.08108341154543197
1956-04-20,0.9372041841387454,-0.01064724729411659,1,-0.8992003503550443,-0.0686306827494868,0.01319014631657811,-0.03325884706518145,1,-0.9886685360569224,-1,-1,1,1,0.9524874483852969,-0.02393018004683012,1,1,-1,1,0.8946417944236235,1,1,0.9926441788401893,0.04355043716925422,0.9591391512385721,0.02955616109946846,0.8990677435771041,1,-1,-1
1956-04-23,1,-1,1,0.07711161096105035,0.8387714686807135,1,0.92376129305721,0.019381604553032727,-1,-0.04322107188693913,-0.01712753604478734,1,0.10259335646592205,-0.02062026014134588,0.9641891554595065,1,1,-1,0.006983085137519329,1,0.02601937207410332,1.6550227035772025e-4,1,-0.903354459064653,-0.009930423248854847,0.9738934041880513,-0.015721032360956455,1,-1,-0.04557362529759812
1956-04-26,1,-0.011680703335612996,1,1,1,1,1,0.9862226673257691,-0.009169971196832716,-1,0.9580842598182288,0.11096693671566771,1,0.9200547192757348,-0.019112917801727303,0.010082799582552315,1,-0.11446095876435225,0.9742665361572043,1,-0.052816476292921785,0.017882694780905466,0.9987446810182875,-0.9717661453464427,0.03827826150495459,0.9412998406441961,-0.06573275374037685,1,-0.9684781774621969,-0.006279575329010967
1956-04-27,1,0.9301528265770403,1,0.03292532390999803,0.044325107684526466,1,1,1,-0.9927624943194997,-1,-0.030048793071272506,-0.8430696216329716,1,-0.06403925937700483,-0.9450840200947218,0.9618298079790635,1,0.863389884492518,1,1,-0.009405719050358502,-0.05900877249431459,1,-0.9460766481214242,0.049052226489909374,0.9076089044341396,-0.1063350795531508,1,-1,-0.0220824596592914
1956-04-29,0.00542463970842455,1,0.007251415611032708,0.9753750969602455,1,1,1,1,-0.027279697262740932,-1,0.9265468186298786,-1,0.040335424729762814,0.9034751202437544,0.049743975677265295,1,0.08674496031199852,1,1,0.07390168701818878,0.03987399273731949,-0.04499712259009938,1,-0.8858859342419211,0.041100205960016116,0.9155643125484033,-0.09089611395588372,0.9116622681190631,-0.9629773528602685,0.04081781086699056
1956-04-30,-0.9427302791450889,0.02401247671521778,-0.9491622602292543,1,1,1,0.023263968902796917,0.058277633736662726,0.9274210820462432,-0.04364222622535763,-0.02020642072095824,-1,-0.9216357059287374,1,1,1,1,0.07305078806314846,1,-0.8905099095721964,0.05810693400988216,-0.054816514767720634,0.9714206799318076,-0.9260316019942972,-0.021673154884177197,1,-0.05826978891557367,0.9891723907641156,-0.9281147635616741,0.14967458958201815
1956-05-01,0.042122195668440554,1,0.039789215143459566,0.06969695162487921,1,0.07801736226676592,1,-0.9064571083924242,1,0.8759544173494849,-0.9470029682279753,-1,-1,0.06587266736783381,1,0.01766305497656051,1,-0.9069850612701942,1,-1,0.11963420443059508,-0.11024599313581632,0.92207822581288,-0.9120832889969501,-0.05261244730581326,0.974776082209644,-0.038322897003630105,1,-0.9251560443662945,0.14895967653124478
1956-05-10,-0.8623401371331921,0.09815803404265111,-0.9417367614424444,-0.879232017776769,0.0951771144614828,-0.8727763290485184,1,-1,1,1,-1,-0.006847135788035086,-1,1,0.005626463322775721,0.9276251767980912,1,-1,0.034674990077566026,-1,0.08047285091679998,-0.13238830541258684,0.9254900461237431,-0.9405904876029383,-0.10660709893723457,0.9645300234456412,-0.06887012093728716,0.99260424065626085,-0.9189517661091166,0.06502917367125433
1956-05-11,0.11964155573680879,-0.8963004010929762,0.04878901733585683,-1,1,-1,0.027200761836186582,-0.0068707518512887145,1,1,-0.025360484746236978,-0.912515162749507,-0.01393809852329353,0.077677574907108915,-0.9723159632644803,1,1,-0.03385586597747625,-0.9163548187966615,-1,0.086990469185221,-0.09277214977693715,0.9024097966164706,-0.912007150468293,-0.05509051326494971,1,0.022805508333117966,0.911691277322952,-0.8898131203853905,0.01121653969305949
1956-05-18,1,-1,1,-0.030653786158068685,0.03581065873326106,-0.036192710378176285,-0.9314734158134877,0.9400204545225335,0.009072570239810007,0.042525846018411584,0.8796680871642268,-1,0.9138455926275084,1,0.006966323302576183,0.010421701838326136,1,-0.9827473075122529,0.08080905911739045,-0.03385621271667072,0.06684743472701228,-0.17264468356036383,0.8900950841957567,-0.884578211082635,0.004581604118330029,1,0.048651438022028246,0.8795078078188516,-0.9713076595986787,-0.050821709946512264
1956-05-19,0.02270085977841585,-0.022562675991099956,0.004436391945947249,0.9152388318236546,-0.9319660958675956,-1,0.024263890636876506,1,1,1,1,-1,0.0016985306430148395,1,0.9271438155756638,1,1,0.00906813321488209,-0.9162223476848979,0.8903313369466278,0.1239632864753239,-0.19210155623435163,0.8748446258172737,-0.8821466391920434,0.04019704235719596,1,0.11080357815632784,0.8678063323695968,-1,-0.06573309709191513
1956-06-05,-0.9674046914530212,0.9503746383674512,0.9999915413772187,1,0.05542274785292223,-0.03701618755558311,1,0.012915606350745845,1,1,0.027778024203409246,-1,0.9780727455086733,1,1,0.07529117201703106,1,-0.9394245827224488,-1,-0.10798158015249437,0.15370280323603475,-0.1740319545940787,0.9380386806529818,-0.8272249208404541,0.03813873462997591,0.9671631408470652,0.03216724145047549,0.8138831564572522,-1,-0.10408511088969806
1956-06-11,-1,-0.012806896819374858,1,1,-0.8924268739510287,-1,1,-0.9402978053667407,1,0.016952662829412546,-0.8770752690216076,-0.013390743668884486,0.020673951660072132,0.039358872518738375,1,-0.8889243351930636,1,-1,-0.006786427687496932,-1,0.13723533581659156,-0.14730707985806757,0.9627286994220834,-0.8922288151785646,0.026073859099229678,1,0.003274618567863336,0.7678673499890744,-0.9034246952510813,-0.09972596323922124
1956-06-15,-1,-0.9910670702026341,1,0.0018620659567634146,0.08243883345913994,-1,0.0046612159256975705,-0.02081569140239281,0.010324751004570087,-0.9262541002526836,-1,-0.9882157030605673,0.9845976913153601,1,0.012938075513862834,0.04055994155860021,0.0670409474912591,-1,0.9437450123281804,-0.10869555274006415,0.12263695164328459,-0.0776529653129135,0.9881300319065509,-0.8831698398377013,0.05203371497307851,0.9422013297459109,0.053516117075274,0.7372399817393744,-0.9467695635503355,-0.052402487118459865
1956-08-20,-1,0.006591334949645922,0.018563539354406355,0.9811279470421864,1,-0.036884563978526685,-0.9861583280713806,0.9606112840716732,-0.9284205515116822,0.07313710871865531,-1,-1,0.018696832223646376,0.018696401296066312,0.9182934805398482,-0.9554250848165909,-0.9316295365430459,-0.001725767163191838,1,-1,0.13850028909565645,-0.04458765792448057,1,-0.8503561485780127,0.07830369895786074,0.8513477185428223,0.09412027285373394,0.7114442971518149,-0.9259139085439502,-0.11787147338736215
1956-08-28,-0.020597663835482782,-0.9411209331110428,-0.9568445539871262,-0.015750377256750214,0.005805059059429962,-1,-1,0.004817715864705141,0.04689724043557886,-0.907083913169442,-0.03714919107707626,-0.025411328146863754,-0.946304599813078,1,1,-1,0.021197537280799095,-0.9667567609378837,1,-0.02257417034689002,0.15713899482534158,-0.06899081834564152,1,-0.8478359610739498,0.09455484181922323,0.8350585932871123,0.05340305767462073,0.6858715097291971,-0.9586340325630034,-0.13827174989527896
1956-08-29,0.9662889663947835,0.006769113292961371,-1,0.9711057391317691,0.9793067242837866,-0.02707985878266639,-0.02274451761870544,0.8716065752619416,1,-1,-0.9998142530842884,0.8696755640170749,-1,0.05919815041841714,0.010549553302226067,-0.016602579367322456,-0.9697507886514684,-0.003741837210974097,0.004568491040921052,0.9370070812238788,0.22688390561734462,-0.1190284425776501,1,-0.740493535744686,0.03722357501331742,0.8511124382506275,0.06317071166469743,0.6342310038254544,-0.8856584084348629,-0.11193022133858313
1956-09-18,-0.015294117867944435,0.9931740765762868,-1,1,0.0701175638569348,0.9647680933122603,-0.9607555529006907,1,1,-0.00849450934606022,-1,1,-0.1225705291397241,1,-0.9706636765172125,0.9132860091943094,0.023161431484295947,0.9218606494821586,0.9343554224593615,1,0.17587568756237343,-0.1696619861428448,1,-0.7804208840162163,-0.01635426107865566,0.8819898272405413,-0.008363216193491438,0.6246519453810345,-0.8886228591797243,-0.11971005608431354
1956-09-20,0.9771132938358423,0.010666603414863252,-0.05296943109356711,1,1,1,-0.014755479490345835,1,1,0.912644139819694,-0.05190144992371959,0.0036399607438699633,-1,1,0.008300680973861052,-0.05465686735571573,0.9468984946155358,-0.03072496210421305,0.013514727085221834,1,0.1322228006198198,-0.06855870479380766,1,-0.7588939483008903,-0.025959273433678647,0.8936057422764508,-0.031168209200877164,0.6733026787553295,-0.9864400248051044,-0.07734209621828163
1956-09-21,-0.019087251119169424,-0.9623134159685278,-1,1,0.08338645460275573,1,-0.9890600577897409,0.07729648912300979,0.009965804099652531,1,0.9195069401303322,0.9371551356445311,-0.02005466384404353,0.01685011276716908,0.998149234087132,-1,0.03739761609060965,-1,-0.9097817502339726,1,0.11649791545158417,-0.07338877911198946,0.937360999261194,-0.7900715937356009,-0.018695670309869142,0.9462578123565325,-0.015585339839845069,0.6824241947397882,-0.9621517366109671,-0.10878742276955974
1956-09-25,0.9619003761690643,-1,-0.04943075922622098,1,-0.8908664394673417,1,-1,1,0.9990401182927229,0.0787468975313923,-0.05416793214562132,0.012810999665702094,0.9742517487799233,-0.9628876895738363,0.0025055023739719573,-0.014518240461883547,-0.8904739676048274,-0.019745747293645755,-1,1,0.06866308723449735,-0.0493439288275428,1,-0.8379482509067611,-0.016021485516360037,0.9146020310526537,0.0392891892890585,0.6431944484656088,-1,-0.1333137343209139
1956-10-06,0.0346775832727787,-1,-1,0.023472065896751104,0.07893942369709872,1,-1,0.0024342005929555155,0.006172925721039002,0.9786042488212533,0.890928792147969,0.9351392523698948,1,-1,-0.9575330095830973,0.9702984965798559,0.1026106258776801,-0.974162669186631,-0.007828379826543386,1,-0.012105661349560079,-0.018300729441913133,1,-0.7807481064734412,-8.597349951332892e-4,0.8511311112453357,-0.012587030155677859,0.6092957433613535,-0.9490743140090936,-0.10724839250763807
1957-04-25,0.9654748043374802,-0.0617219710805208,-1,0.9999320641366117,1,1,-1,0.9147078457944112,-0.9590391319266991,1,1,1,1,-1,0.017755931723361096,0.07715950836093322,-0.8945641076828714,0.02075790010712042,-0.9619527441947179,0.018856155437364852,0.001473536457512135,-0.07032852992342623,0.9591079395837424,-0.7661086353644827,-0.0650603596888388,0.8188929201087028,-0.030718592556675552,0.6366934243731223,-0.9851131021092464,-0.10802766613533264
1957-05-27,1,0.9211766331491519,-0.11144514512765546,0.014717900586757815,1,1,-0.07162015193307225,1,0.007225699215611114,0.0219057275613892,1,0.050696850457619624,0.12054698743023928,-0.049935503555782024,-0.9421938188538145,-0.8130562973811164,0.043478971665769306,-0.9298192318515177,-0.008071724544880587,-0.9615582630095415,0.045335478956372646,-0.12265648378296176,0.9317797826848276,-0.753403923915334,-0.1576238528605687,0.9092222851200868,-0.062314662310459526,0.5295569507203387,-0.9384547374736935,-0.17415160786767042
1957-06-15,1,0.021415150318874643,0.8465353909359972,-0.9303586600922003,1,1,-1,0.015408618725988754,0.9863020378721492,-0.9027889354477234,0.039740939705266376,-0.9319849068099547,1,0.94166813524355375,0.05110465808406872,0.1764587214451756,-0.9398755906874947,-1,-0.9966946934482757,-1,0.07157511476256144,-0.06399379839197619,0.9453959782135413,-0.7447438985443661,-0.21592193266581428,0.8420148849803157,-0.05392570723831989,0.49856966501094574,-1,-0.17280385247789906
1957-06-18,1,0.9937893371328972,-0.08611663200627095,-1,0.0028653086878148715,0.027143528284975682,-0.021450563198257555,-0.965905694240309,0.009987873212639276,0.07792333813459507,0.9689570145157421,-1,0.05984275698470798,1.0933961463344133e-4,-0.9480123729978288,1,0.01969690419798631,-7.345869877430911e-4,-0.0537291923657649,-1,0.07796925745234047,-0.1335416808098971,0.9582097558894163,-0.7558979493915323,-0.22818610061206962,0.7855176634482001,-0.04636208868339806,0.5335649176083374,-0.8854848634338743,-0.22262209335484703
1957-06-19,1,0.07902290705169923,0.8423034191179125,-0.04763774761846307,0.9567114771375925,1,-1,-1,-0.9708600335046369,-0.8361185955513272,1,-1,-0.9232112500948942,-0.9147167621423562,-1,1,0.8619353962156077,0.9883094499785082,-1,-1,0.006241476836216078,-0.20963277905432598,1,-0.7839168153311014,-0.1841689185280126,0.7567080540684966,-0.0016417355693143232,0.5210700251717865,-0.9718981913842882,-0.25243996471378194
1957-06-21,1,-0.8955255696883777,1,-1,0.015017315636313922,1,-1,-1,-0.04540703987946937,0.14507474842341683,0.00217325354994502,-1,-0.00918209909945955,-1,-1,1,-0.06933965643650175,0.01127805359728895,-0.010705432652926117,-1,0.05081599749081588,-0.2157689723164937,0.9293831199574902,-0.7521222949421613,-0.1722489345881953,0.7680442400767786,0.028326863290151466,0.6436299315902714,-0.9630121098604878,-0.2181250663423659
1957-06-27,0.02464142541189851,0.06440908654444966,1,-0.012156080019392723,0.9828061230052436,0.0750604194954474,-0.10735474711109172,-0.10489110450841155,-0.9699610371544399,-0.8047365209305999,0.993252150190046,-1,0.8852984813382799,-1,-0.04465996462640831,1,-1,-0.9795583554650081,0.9677434467955911,-1,-0.05468682722448676,-0.18955507411319705,0.8800298258097318,-0.7270572021841107,-0.23697842354586998,0.71712358103121,-0.041607918377117,0.5778166678136869,-0.9451869599259735,-0.1769951020475118
1957-06-29,0.9401312336220411,1,0.0639510816792831,-0.9726640738805893,0.006117314904884874,1,-1,0.8849915094042854,-1,0.17785898679617607,0.01295551191777955,-0.02067790765980937,-0.06651782087614189,-1,-1,1,-1,-0.0018634593749023987,0.012938413231984969,-1,-0.07105022833961476,-0.30473240225802284,0.93786883893912,-0.6929840596492229,-0.2205741607732925,0.7631805509050839,-0.09006777012283407,0.5433426398397737,-0.9205668600160768,-0.23362917060508426
1957-07-01,1,0.0498034052635794,-0.8783777724816922,-0.010082976161454038,-0.9859416883607535,0.005940233262839989,-0.08610511997088699,-0.048890214978605684,-1,1,-0.9735519387002539,0.9140889569396151,-0.99479435850159,-0.07524768941523186,-0.032179299169049824,0.03928220750259559,-1,0.9929945510932768,-0.9497416261690736,-1,-0.09402565958566358,-0.3071331226811672,0.8485809759990051,-0.7215744728961969,-0.27704772936478106,0.718488264525303,-0.1543169617648278,0.5679354538333024,-0.861495555436652,-0.17095584371492295
1957-07-10,1,1,0.05940941831120472,0.9448277252677483,-0.022730793152267892,0.9733689818115802,-1,0.9254281167603273,-0.034100037161298724,0.0325105348699134,0.011151672443658334,1,-0.010645249940000934,-1,-0.9913237833245329,-0.8971492973074215,-0.04185528725186016,0.03621925259439507,0.03451814964633604,-0.021889681543297623,-0.16718480386403511,-0.28211567200397547,0.9426191978905872,-0.6444501943421352,-0.3162647938279946,0.6635944673979779,-0.09121577842260804,0.589625974530958,-0.9251588352091362,-0.1858558766286968
1957-07-22,0.04418043780174785,0.019622499653645376,-0.9207895000396871,-0.03811916974695162,-1,1,-1,1,-1,1,0.9421975676343317,1,-1,-0.025177116063812788,-0.002152661648601395,0.09496088252384915,0.9071085045986812,1,-0.9309733471183671,-1,-0.1762264383392999,-0.2860958888266915,0.9542677379863435,-0.6619294871485386,-0.30818478463477056,0.6794170501323714,-0.079467543684639,0.6078532383661388,-0.9140821718956336,-0.2345108286396405
1957-08-06,-0.9338835514759366,-0.9594528028800523,0.053383405861487265,0.9285920312209911,-0.0010967813504992874,1,-1,0.004917102447385746,-1,0.11317248683126946,1,1,-0.029440406245186623,-1,-1,1,1,1,-1,-0.021698707656313432,-0.12479062495739417,-0.27468960664370656,0.9741005115263559,-0.707730757937593,-0.25666304461410716,0.66746595807636,-0.15938258234539826,0.6004587360413197,-0.9109247600579068,-0.28137625281323725
1957-08-17,0.04996334776290434,-0.07340974549142376,0.9649847503173002,0.002107272237128144,0.9657763396862385,1,-1,-0.9226757709421438,-0.04011549526273073,1,1,0.03412770017806399,-1,-1,-1,1,0.1315151262101284,0.11009628861618548,-1,0.9582240637762667,-0.14153092004370857,-0.2440646980060175,1,-0.7080375726546053,-0.2352670797891383,0.7499855101702777,-0.15557836188609953,0.5655470266175083,-0.8689866391319878,-0.28747465176682324
1957-08-20,1,0.9010612874842439,0.027692590796637107,0.9878109826896587,-0.021623533865344213,1,-1,-1,0.9263426257278135,0.034389418475636147,0.00248159520102309,-0.9472806794669979,-1,-1,-1,0.012549050093723979,-0.8464783867835632,1,-1,1,-0.05402778129013852,-0.15117273716704374,1,-0.7631972323511539,-0.22003659089109084,0.7619416611554419,-0.1463626381497049,0.615355671698866,-0.9012905374701438,-0.2217671522412844
1957-08-21,0.07770789288931201,-0.041042759751439783,-0.9495796605319442,0.004242844531757051,0.9654262350757908,0.018564244255633855,-1,-1,1,-0.9141653358160917,-0.9619557923266644,-0.008674594750354592,-1,-0.01605380210681351,-0.03385333158101045,1,-1,0.005517352637252726,-0.040355916298203565,1,0.05291672884482468,-0.13034470768813952,0.9964371179978779,-0.7211680938551589,-0.2354909190288059,0.7658264581528904,-0.18341632617810516,0.5755121393199523,-0.9685671135133654,-0.1806429020803125
1957-08-22,-0.871086678642649,0.9168216457339935,0.004814519358679603,0.9189440435136015,0.023827883062955357,0.9602556633163443,-0.03541216580872375,-0.02088176670223807,0.0945560259344107,-1,0.009696324638850395,-0.9023110351209349,-1,-0.9900148636570724,0.9281654438254682,0.012353124441783603,-1,-0.922045540084742,-1,0.03070323162361388,0.05981787898058722,-0.18031562538389587,0.9923127190697405,-0.7593280215591671,-0.18291333262018197,0.6721711979856719,-0.16146522009829783,0.5323125670422554,-0.9976748301157152,-0.2423566087650289
1957-08-26,0.12222292041302718,-0.07717105025693782,-0.9745031389903837,1,1,0.01546045614024727,0.9316345387716513,0.8717759438292536,-0.8462636077985852,-1,-0.9797234825198082,0.06967498020255969,-1,-0.028660125625100563,1,-0.9533353833243995,-1,-1,-0.08210437477285526,1,0.0411436280169197,-0.20287551435734863,0.9868143462920174,-0.7395071680844479,-0.2201450705576763,0.7178296510745915,-0.1536773623321596,0.48586041451064177,-0.9906938403629908,-0.3221353650669131
1957-08-27,1,-1,-1,1,0.024350005248399254,-0.9751747365687758,1,-0.07797670488476083,-1,-1,-1,-0.8805004607884042,-1,-1,1,0.028810352690173846,-0.0340318399820454,-0.061121908940715564,0.841604084610261,1,-0.030076077727357667,-0.1703990165988455,0.9405683353012423,-0.7522554950663352,-0.20007107700149535,0.7559796652879853,-0.1369898401773472,0.6019420679381012,-1,-0.41426806356973306
1957-08-28,0.017493695313745117,-0.010755698017849813,-1,0.02756623289698379,-0.9667679153487867,0.01223185533453941,0.010882922721418109,-0.9761650986817647,-1,-0.039710107904706526,-0.019262098279456685,0.10029796045616457,-1,-0.04750453719137604,1,-0.9046478828835289,-1,-1,-0.11745468394912006,1,0.07655295817686082,-0.1980498296358213,1,-0.7841111695187021,-0.23696627801667491,0.7840119763172538,-0.024767315458510103,0.5855476690106354,-0.9519778327550947,-0.425013534812474
1957-09-04,0.960425957065477,-0.9699165836717685,-1,-0.8839050939077625,-1,-0.9830041237316719,0.9630048434143094,0.008941388169117714,-0.0075408378456846,-1,0.8947206588958936,-0.8844151323450941,-0.03464208554010495,-1,1,-1,-1,-0.08360425722775089,-1,0.010231178595356272,0.0966215505242353,-0.2467333070190543,1,-0.734979354597253,-0.21966407530350027,0.6825211630782091,-0.08237741369659635,0.5883270342690513,-0.922706381842631,-0.4737363103922271
1957-09-05,1,0.02846508360626898,-1,-1,-1,-1,8.542869606663617e-4,-0.8751694107217607,-0.9527934176964548,-0.09197615663157721,-0.09696364076883168,-1,0.8724887717086798,-1,0.013938569997940187,-0.03958463588866379,-0.04941572366005342,0.880543115073746,-0.03209713642987522,-0.981536340317608,0.13485631485359312,-0.16731773295140173,1,-0.72257779146119006,-0.20685020943483828,0.645936720281075,-0.15527737483526632,0.5839353466204944,-0.9221405645057413,-0.49055034937438324
1957-09-06,0.015483345485217792,0.9117210717996589,-1,-0.05135263886567054,-0.011305087293024929,-1,-0.9267866440353206,-1,-0.005391783441843101,-1,-1,-1,1,-0.06900910458434384,-0.9706582964258536,-1,0.9320935575561424,-0.08674730327181401,0.9547045479330433,-1,0.09667133464706258,-0.08456724351666398,0.9386074188381273,-0.6306609759202224,-0.23297443292749423,0.6809180284931471,-0.14571701614308846,0.5361941123910063,-0.8917216306006107,-0.41501013137743087
1957-09-07,1,1,-1,0.9378735632039891,0.9390744934735273,-1,-0.016897966465627356,-1,0.9765590333223416,-1,-0.07175521424159692,-0.0224335312660795,1,0.8912415592426878,-1,-0.035203220828745274,-0.013470137235025548,-1,1,-0.023021559209934317,0.012615127884621838,-0.055114862642383515,0.9734398091623864,-0.6220596415316602,-0.28596489795340874,0.6228085564789808,-0.2117149703865694,0.569644393670951,-0.9295016486626757,-0.4934207238606873
1957-09-11,1,1,-0.034109536660675066,1,1,-8.197531341176401e-4,0.8799153333353392,-1,0.05703416427660202,-0.010877313915105713,-1,-0.9135857820450621,1,0.012554762096486094,-1,0.9450874569600691,0.9119074433631026,-1,1,-0.985319136269954,0.04024583766561162,-0.05626380528186482,0.9721644686808804,-0.5176398878955633,-0.37121055827788607,0.6835933295845372,-0.25967233050745747,0.45648356335842327,-0.9673268956201025,-0.5596611775582142
1957-09-12,1,1,0.9465173236930676,1,0.08118796465803091,-0.9966384245981169,1,-0.0378858235154802,-0.925358757606071,0.9457519943043661,-0.10398681417712541,0.0360364189974417,0.05071587069152428,-0.9301446195289174,-1,0.003662717696445772,-0.021935360459322872,-0.06097869669515166,1,-1,0.04723304987894094,-0.07039528590908782,1,-0.48645741010871596,-0.4506812185451933,0.6335179177514256,-0.25648446843599676,0.4318257611390904,-0.9601434766216245,-0.5324286790418336
1957-09-14,1,0.00560912495907262,-0.023226383182722854,1,-0.8353079994771717,-0.032091670758426005,1,0.9411630637452464,0.005807465750134466,-0.04807413152864848,0.8466669297466454,-0.9396180376204204,-0.9232343320601933,0.03478334544789985,-1,-0.9945453352080396,0.9742456280654767,-1,1,-0.04841836817677492,-0.013199459266674006,-0.1178517201763202,1,-0.47803436765058654,-0.395408621756214,0.6745764991284431,-0.29307420438155457,0.39353110468640945,-1,-0.5285021382974197
1957-09-15,1,0.9918728984808962,0.938618832560266,0.01970660431704907,0.1336487547206976,0.9461406180401943,1,-0.052947558957237795,-0.9535459575222789,-1,1,-1,0.076493893297368,-0.9064076065310875,-0.004968919699270602,-1,-0.01958258950820324,-1,0.1044807439358868,-1,0.9463302085232751,0.8817842699217032,0.016947160648301263,-1,0.5749181311272606,1,-1,1,-1,-1
1957-09-17,0.026960892815848236,1,1,-0.9592896425290522,-0.8321046332162406,-0.04914575463972892,0.07175884473538308,0.9320215617875042,-1,-1,1,-0.051162645247053495,-0.8727743172507696,-1,-0.993268805379769,-0.034612047845112404,-0.9911544036320785,-0.03618775832473242,1,-0.05448013190994405,1,-0.11777069862398204,0.9727154860090512,-0.05485279074922522,1,0.032102804637437976,-1,1,-1,-0.061779083157732395
1957-09-18,0.9225108502698137,1,0.03210031343198949,-1,0.15093707368651132,-1,-0.9257658214827884,-0.05784418524100654,-0.0844925596545465,-0.002548577203515201,0.02261359382848982,0.9413810964477226,0.12625078165846704,-1,-0.027526918992359595,-1,-1,-0.9763712927155386,1,0.9180142388150214,1,-0.9863192250012017,1,-1,1,-0.9015273343919232,-0.07045828584304126,0.04927435892604648,-1,-1
1957-09-19,1,1,0.9769354207329112,-1,-0.7184750095264261,-1,0.01575078364616289,-0.9861369447364707,0.8517320297711797,-0.9955739548840711,-0.9035259237581625,-0.05683614765176681,0.9961555095095403,-1,0.914264321335956,-0.08568172363817972,-0.02145723167394442,-1,0.04342735736782899,-0.008587580233081149,1,-0.00647508549748621,1,-1,1,-1,0.8838976357389619,-0.9246779386151098,-1,-1
1957-10-02,1,1,-0.006181523852887838,-1,-1,-0.017340871792011936,0.9638257954007851,-1,1,-1,-1,0.8895355534476258,1,-1,-0.06854974413302362,0.8512722611588993,-1,-0.10943541195902284,-0.9309270525161506,0.9711854721987693,0.0607316127679044,0.9855834532185493,1,-0.04409874113401291,1,-1,1,-1,-0.03880542468677106,-1
1957-10-03,1,0.02526519836838026,0.9692710150598715,-1,-1,-0.9933129325262725,0.0031346986295172075,-0.024207133617865417,0.017833897866107562,-1,-0.058051031626771055,-0.06715291290327752,0.001305314930538537,-1,0.861892771590948,-0.10117049670708078,-0.005193014797195472,-1,0.05869598327226422,1,1,1,0.03404479629421786,0.9343332795471895,0.016146086709798002,-1,1,-0.011504958507672747,0.9220463056125635,-0.011189741765795125
1957-10-09,0.013888373892557482,0.996213888045367,1,-1,-0.08517809216515848,-1,0.9409722795451732,0.9471528072650521,1,-0.048616601953275995,0.8927261565431728,0.8868638292185191,0.984371897313905,-1,-0.13524091002365934,-0.9933084639314707,0.952491945360727,-1,-0.9382408276164056,0.029792404817151397,0.049803820490337714,0.04154495486112875,-0.9606918282378181,1,1,-0.03695002707124606,1,-0.9588878955349508,1,-0.9898441573596383
1957-10-10,-0.9397384877287888,0.05979393939818034,1,-0.038016888298944784,-1,-0.05853702066623612,1,-0.05053433902462945,1,0.9189119212299733,1,1,-0.009459702652015012,-1,-1,-0.0371833364239581,1,-0.029019928815746332,-0.0338638273189118,1,0.9635989962518287,-0.9103129694990433,-1,1,1,-0.9631751922454259,1,-1,1,0.0042850325766301545
1957-10-17,0.05277573330867258,1,1,0.9018218050857307,-1,0.8755337794797478,0.018789733258473662,-0.9240000067832772,1,-0.06086063192213764,0.051792460454135325,1,-0.9090388338749988,-0.06894632059342054,-0.020028898030841624,0.9398665335360256,0.03585545242456045,-0.9944705654927488,0.9536523350765905,0.014439629651050057,-0.02384537193498082,0.08179388259214271,-1,1,1,0.01796784101057336,1,-1,0.007368609461453346,0.8956979441397763
1957-10-24,1,0.016628980270392946,1,1,-1,-0.07438073334068629,-0.9595330004373478,-1,0.09007104050799619,-0.9977893677458591,-0.9321511772594964,1,0.08752860024443787,0.9163295018517346,0.9681407365916911,-0.002979394057206597,-0.9116998305563612,-0.02154758931365386,1,1,0.9705642205903949,-0.8955993988866319,-1,1,1,1,1,-0.06653161176388078,0.9915712146923852,1
1957-11-08,0.03676039538513354,0.9677019012877984,0.04550248492072573,0.04313793944161437,-0.010649854077419252,0.8705505391373267,0.01517077719913651,-1,1,-0.050897731614543806,-1,1,0.9844399494055244,1,-0.01541587408791023,-0.9983018968088921,-1,0.9276650638475954,1,0.01446513093151014,1,-1,-0.036635549990831184,1,1,0.016791742984209268,1,-1,1,1
1957-11-15,-0.9411877600740008,-0.02950584339771667,0.9584965855665077,-0.9514609745677362,-0.9760022337868458,-0.07086251511057096,1,-0.06834093770784322,0.05192967589310937,-0.9705010309605162,-1,0.14646410184123837,0.02198475815623613,0.007175068934356266,0.9510893103885147,-1,-0.15974350042297436,-0.019289177066450947,1,-0.9708609956974934,0.9281300526409162,-1,0.03454627110737134,0.9485498763155583,0.9537232784742793,0.025308282209628677,1,-1,0.9794072494332576,0.8916736927382434
1957-11-17,-1,0.9617765800790783,1,-1,0.017187293901906542,0.9281924315422592,1,0.8757171881294222,0.8975740954122808,-0.012017829724942808,-1,-0.8504540982776169,1,0.8914115631119678,0.0013330656697768672,-1,0.7886791062343756,-0.9488646647309719,1,-0.003965714509837848,0.9334744957324816,-0.9695450785862563,0.07604998948116698,1,0.859227633935064,0.09893368623782699,1,-1,0.9753247591641491,0.8952097002788767
1957-12-02,-0.131740886487961,1,0.015135490864206291,-1,-0.9069577379114616,-0.06793628532381446,0.057719324627495294,1,1,-0.9500850487674236,-0.047212894605004996,0.1474087687021406,1,-0.038045514790745805,0.9158009920379504,-0.044536768476217015,-0.19381955207702517,-0.03202320657877433,0.060111858794660966,0.9598641056694093,0.8884270247965542,-0.9950007870291881,0.07079576147315117,1,0.8061035099698393,0.1543835041141106,0.94072484477921825,-0.9277524382205674,1,0.7926697861120411
1957-12-03,-1,0.06935917916332435,-0.910423728946121,-0.05169805554374718,-1,0.9107732220956021,-0.9176853393487497,0.01065876498422591,0.07508977030280739,0.034222366217468214,-0.9783400977313264,1,1,0.9485815429491676,-0.07346630348407324,-1,0.8039754163284398,-0.9329630592877586,1,1,0.8713429454053403,-1,0.08884942816487121,0.9994626954935371,0.8193137555222247,0.18775516462693986,1,-0.884994045432427,1,0.8622097118407475
1957-12-23,-1,-0.8475935914279538,-1,-0.9816988760092639,-0.012503073415802368,1,-1,0.8983046908878567,-0.8507321702617533,-0.9430843639830154,-1,1,1,-0.01582353316491736,0.9234137373377984,-1,-0.17535467501884539,0.06592149630100219,1,1,0.88586168783961206,-1,0.05530276962375597,1,0.8345504102553322,0.2568489285457932,1,-0.8988242770689481,0.9852339595236757,0.8878138973193948
1957-12-30,-0.053538632847993095,-1,-0.01618771503523242,-1,0.9342730523694057,0.07902010769146084,-1,1,0.1289255956147065,0.01581809402525647,-0.07679349522988077,0.02170309971211537,1,-0.9756960522461504,1,-0.03974324167881571,-1,-0.9090044369724615,1,1,0.882553719983087,-0.975006030682714,0.07746542332298487,0.9342235994003015,0.8792043088309526,0.2798417559491189,1,-0.9562045613818516,0.9887264257050532,0.9443126389364515
1958-01-13,0.9454718680277958,-1,0.8805414566651503,-0.1450994393005398,-0.037800648727439046,1,-1,1,1,0.9519299336469335,0.8588756318143663,0.9772246166333423,1,-0.022682787113339153,0.013654605141938725,0.9286155337796393,-1,-1,1,1,0.8397010908215037,-1,0.1105183826786526,0.8661444638697265,0.8679095395960885,0.38037498537276976,1,-0.9672898825522028,1,0.9898182711446508
1958-04-01,-0.019404248548849923,-1,1,0.7889975895113934,0.9216752868128067,0.07344302664233704,-0.031072562409998006,0.03367369168930845,1,1,-0.14028486391349704,1,1,0.9651271961187384,0.9700211609345587,1,-0.00977666501603136,-0.017349162446608113,1,1,0.7832979648090578,-0.9136154620979311,0.06069659003430954,0.8372112710245443,0.9361671806765256,0.3826840397394189,0.9996729702115612,-0.9195034267826834,1,1
1958-04-02,0.9666554789917244,-0.04337863038360423,9.73116245065464e-5,-0.0915245174959376,1,1,0.954239261193179,1,1,0.0026763205098255805,0.803083939596679,0.06456717346719398,1,1,-0.011550194541462777,0.06151958815521841,-0.9832644424603106,0.9687713429641144,0.031209391213882887,1,0.7064930098306546,-0.8431512140458026,0.10032268526997676,0.8802587567990163,0.9142149717608242,0.3354816607546218,0.9834589629219826,-0.9071692375408823,1,1
1958-04-14,1,-0.975995799567653,-0.9535193753873478,-1,1,0.01888392434876429,1,1,0.07253866574012646,0.9649854415543415,1,1,1,0.02728384649272375,-1,1,0.016326705875353342,-0.02315921092286155,-0.8921587117952547,1,0.6082934298388657,-0.8919691040606093,0.10683923129187628,0.868619793296252,0.9804947463349377,0.3107474156645582,0.9262955564463907,-0.9549805490904087,0.9777698236720777,0.966189937833647
1958-04-15,1,-1,0.02971692199914988,-0.044940533119137704,1,0.977869687549332,1,0.03824839670025293,-0.8428029032099377,1,1,1,0.076918396435117,-0.9284670043807398,-0.007036133354533791,0.08183450363750322,-0.9401997005517293,0.9725004321082454,0.07319592613940007,0.056984431914996136,0.691880624519969,-0.9442552654075989,0.048467145281765656,0.8452204643450777,1,0.37319416739484296,0.8605945670737838,-0.9989645255222324,0.9591340246276274,1
1958-04-17,0.008437283229230541,-1,1,0.8800914642013591,0.010246434336889099,-0.01825566850937388,0.03833259582569837,1,0.11966796619178555,0.040622752614349666,1,9.591966059179224e-4,1,0.022707117875924165,-0.9880249733383109,-0.9078596095703256,-1,0.04272835058128066,-0.8384365701779015,-0.8658474539151598,0.6943221808766329,-0.9246489323838231,0.08626749361898735,0.8827114061844752,1,0.4545855684448613,0.958038638467489,-0.9593198515314133,0.9510421430390215,0.9533562215209167
1958-04-18,-0.9763979785065657,-1,1,1,-0.965094332460276,0.9419242988904569,-0.9013858796582946,1,1,1,1,0.980983740698912,1,0.9988558093146871,-1,-1,-1,0.9473605687398391,0.09121745957612193,-1,0.6599279629689487,-0.9064624645941882,0.07883919086740718,0.9053119959378655,1,0.4204422573027939,0.9484997344749019,-1,0.9462286094837962,0.9862919085887525
1958-04-19,-1,-1,0.060273168846930125,1,-1,1,-1,1,1,1,1,0.018686916606541648,0.022719261703364024,1,-0.046729291358102776,-0.03769063697833297,-1,0.026786983608011683,-0.8940331556863094,-0.009947352801860099,0.6819139378027532,-0.8693787113854538,0.14484558914005874,0.8412961135477834,1,0.4335649527350271,0.9404354978465558,-0.9854284840875217,0.8935472564610452,0.9810362334973061
1958-04-26,-0.04868304268460022,-0.04521060626703133,1,0.007199892547207765,-0.04708201806706003,0.009244783270855983,-1,1,0.017811578974437636,1,0.028937382563133496,-0.9458406689041446,-0.9647298155406238,0.025498252065774385,0.8529617253769979,-0.9387298636053446,-0.03036343653830187,1,0.08488499048379883,-0.9926510927248212,0.7353347868850868,-0.7854718231560217,0.0584351980378337,0.8864747932660896,1,0.4194282236977557,0.8970414294301843,-0.9333177620017872,0.9794043500229328,1
1958-04-28,-0.9269738941841952,0.8749677653424763,1,-0.9409389310621845,-0.9741903372674799,1,-0.04051445279245325,0.023115693016439565,0.9746374770759185,1,-0.9098502494479818,-1,-1,1,-0.12770682668001054,0.001729409009942895,-1,1,1,-1,0.738056419093023,-0.7892167056859005,5.387224281639125e-4,0.8605489000747388,1,0.4579650715568692,0.8214756841671138,-0.8246527826177512,0.9400034261462915,0.9886240108730127
1958-04-29,0.026114282159283686,1,1,-0.06174099036396763,0.019097469239387155,1,0.9435419931296241,-0.8819472207936428,1,1,0.07439631924176804,-1,-1,0.007401072720933266,-1,-0.9803919384740719,-1,0.05870647688219088,1,-0.0017685162060612214,0.7046036651855007,-0.7517338099050417,0.015734193070075626,0.871235488503608,0.9339377636551605,0.5042757711725073,0.7908602777413579,-0.8339582036205934,0.872225934238461,0.9863679962898314
1958-04-30,0.9762996685773953,1,1,0.8243335729299547,1,0.01454507850020137,1,0.08099359104313164,0.041903174797942144,1,1,-1,-0.019520896211508876,-0.9093499910749024,-1,-0.06531300958094,-1,0.9678160244975297,0.012972960592137261,-0.9648001374634527,0.6216453864997448,-0.7524746623184145,0.03353347190356368,0.8706768089843245,0.9806360319312625,0.503483628614279,0.7974533087759013,-0.9137878120629893,0.9436667680321977,0.9759463477064761
1958-05-25,1,1,0.054432813829538906,-0.0944182782807026,0.046330105373958874,-0.9566760016170189,1,1,-0.9558321100563917,1,0.07415699509958196,-1,-0.9931977958772346,-1,-1,0.8842137052434512,-1,1,-0.8611028452963575,-1,0.549854780896869,-0.7440413437885911,-0.008848341859670171,0.8931872526821533,0.9784367093265528,0.5898970795782341,0.701040435803587,-0.8917919757043284,0.9775009757080855,0.9870784277655232
1958-06-15,1,1,1,-1,0.9855816813667462,-0.0116668870846931,0.013282050647562715,1,-0.011896518430918102,0.00336869102242332,0.9995011762023464,-1,-0.013128930612339773,-0.07442309294384364,-0.05887939622349925,-0.1038108059228442,-1,0.051200821311579436,0.09938625517085942,-1,0.4942410852904491,-0.7299002584811655,-0.01746316442380983,0.9248362757070115,1,0.6114483068220224,0.7018652742842759,-0.8838840145911223,0.9434257582478606,0.9990324566451562
1958-06-16,0.07029274994063517,0.048778024933094244,1,-0.06890260745958998,0.09789258508783849,-1,-0.9589082250481893,0.026649370170508613,0.9495915806166519,-0.9605991375324349,1,-1,-0.9698891474953857,-1,0.9402419480884309,0.8915914554027816,-0.08917646602371254,-0.9151564847470915,-0.8552237751032641,-1,0.4654229452783364,-0.7256378123773316,-0.02287318022600566,0.9247927443385437,0.963358254423876,0.6746933741177921,0.8032350757873429,-0.8719555521450735,0.9952240624004431,0.9841504009905402
1958-06-17,1,-0.879072645639742,0.005704495707126833,0.9289275290962782,1,-0.07660936066231905,0.03387957684577303,-0.953678252589424,-0.013988969215310787,0.03313984882592502,0.06323497106885445,-0.03444949423166266,-1,-0.025163644969906085,1,-0.0893161614855893,-1,-1,0.11086039767255218,-0.03898969590223156,0.5020445278150432,-0.6628756720352189,-0.09166521418694787,0.9297856512045657,0.9736164320755883,0.6467613333820588,0.8137652639137656,-0.9190882862609834,0.9604336514138073,0.9653083859563615
1958-06-23,0.05422878612791315,-1,-0.9847189652177142,0.003279407046706595,0.047768707961465706,0.8923486790777869,-0.9292510439328269,-1,0.9788356291155461,1,1,-0.9936730145865794,-0.03071694231308819,-1,1,-1,-0.026349722471840642,-0.026426472580580618,1,0.9095159206514677,0.4968021831708595,-0.7142453187404036,-0.12519901200607253,0.8946970787276693,0.9422112577939894,0.6751103158490828,0.7780282452285175,-0.8934127525495192,0.8998975591834083,0.9830661182800242
1958-06-24,0.9878753226956021,-1,-1,-0.98338917446948515,0.989005854149198,1,-1,-1,1,1,1,-1,0.8946109615650517,-1,0.07224597315225689,-0.08790305811199806,0.9318973514463249,0.8873242036584694,1,-0.06048411459978986,0.5084759881845101,-0.7160776128993418,-0.19217602159678815,0.9621888051759584,0.9150933481964444,0.6990207387593415,0.7971020295570125,-0.8783055397437984,0.8609918113069951,0.9189568693101472
1958-07-08,-0.011113688562815027,-1,-0.01636240711198711,-0.03422497009529579,0.02906197575060676,1,-1,-0.07796898244700512,0.027632325644478373,0.09519448445622325,0.009965865759045567,-0.07716944660354941,1,-0.002334368673448828,1,0.9101943161822037,-0.023118748238049824,-0.0233281473839434,1,-1,0.4362530205441931,-0.7809838081234136,-0.20855173493350185,0.976200928132945,0.8929220031640724,0.7592710786717627,0.8637832378458126,-0.8501552175580491,0.9138495177239683,0.9423238746952562
1958-07-09,-0.9349848934866728,-1,0.9765437743533899,0.9357103444302923,0.9631572098046717,1,-0.041215606558549056,-1,1,-0.8592930596985833,1,0.8323946636530324,0.0024620086899614924,0.9847666263457979,0.004419334007192299,-0.009965754994116338,0.9125689478090601,-0.9636517886620463,0.06026796695239234,-0.009047584103714756,0.45061263376079913,-0.822426934188429,-0.2523179461022775,0.9997445494377271,0.9096514590482085,0.8100476689694193,0.85754106052461,-0.7379998594787782,0.9668896512060715,0.9557498410908883
1958-07-13,-1,-0.030724662484171494,0.02580933660561291,1,1,0.055767674879368845,0.8991379918201642,-1,0.02101189746270915,0.12821904498738512,1,-0.09332083557159232,-0.9850645436094411,0.009743352157264185,0.9637650346716096,0.9585556411352719,1,-0.09492164504964606,1,-0.9254418819784092,0.4885717109786975,-0.7523415416796428,-0.23897214348545404,0.9602851176491999,0.932074384161367,0.7654413947493266,0.7695996451622177,-0.8489219814683197,0.8923109197303791,0.9310773171086975
1958-07-14,-0.050016265457179965,0.9606556353370683,1,0.07544192417997375,1,0.9328531457679212,-0.09058409034249593,-0.10654289402329309,-0.9415314056670288,1,0.03998800475372388,-0.9935115016168775,-1,-0.9656876739671023,1,1,1,0.8988562675150353,1,-1,0.458381071452587,-0.7169897620160688,-0.2475457752711195,0.9109922736355931,0.9318359054053692,0.7826690303986259,0.7395914596289904,-0.9396953658346043,0.8764683259971748,0.9269056365022008
1958-09-01,-1,1,0.025001299703981905,1,0.09083415929793925,-0.04035088658342534,-1,-1,-1,1,0.9321566982045549,-0.04615795038159043,-1,-2.1854272954746623e-4,1,1,0.09522800369676976,1,1,-1,0.5608481742386373,-0.646397004460138,-0.32264034945857534,0.8851004004552846,1,0.7541275409572687,0.7422630026146828,-0.8681329317886575,0.7977673085794151,0.9426381411369749
1959-01-20,-0.0367600836632509,0.05259753400436584,-0.8798428724461054,1,-0.8989717241225084,0.9489165992385463,-1,-1,-0.012779115594454216,0.0044918213370801485,1,0.9331974892276688,-0.042415280595373805,0.9135173548433361,1,1,-0.8877551848027224,0.013268648012283668,0.10537170249796912,-0.0674251575938909,0.5106399257551373,-0.6334190923130927,-0.3135343194109466,0.9226389322701597,0.9803975109895431,0.7034143799410527,0.7890197239660038,-0.8336395109674244,0.8263385823086518,0.9173029135995113
1959-02-08,0.9529962046827531,-0.8990922386421785,0.1173352473072623,0.015900350039871336,-1,1,-1,-1,0.9535440381452582,1,0.06037230682455985,-0.03218349024559641,0.8922368582836225,1,1,0.04792530849836041,0.06205142728383939,-0.9751941559431309,-0.8877049076457777,0.9323918232668913,0.49354655293405403,-0.5793711661153373,-0.40867606295639297,0.9215841650058477,0.9410743028591226,0.7417212836171009,0.8001480968969485,-0.8817021097726836,0.7579046403394398,0.9091919636292446
1959-02-10,-0.02491510320315904,0.09573796737936124,-0.8040698700556561,-0.9161138271344509,-1,0.013067150513957793,-0.03947386697683508,-1,1,0.07184297427584918,-0.929157349425153,-1,1,1,0.05451035080187716,1,-0.9202222340476507,0.010382280244251363,0.09296258340400099,-0.06571390409771871,0.5459506257139071,-0.5674125095569044,-0.3285232215788003,0.9681134351144147,0.9371229331745594,0.8089026147367658,0.8002832736916656,-0.8601657865561088,0.7265847134186904,0.841945231857415
1959-02-13,-1,-0.8758079292353088,0.19310236369272593,-1,-0.08031291405680085,-0.9523656908654017,-1,-0.04706130227721017,1,1,-1,-1,0.024203282235139456,1,0.9833073509907214,1,0.054168645891853995,-0.9779135127716203,1,-1,0.48902625293062474,-0.5857262389825868,-0.2954722881252319,0.8468510383316721,0.9074749269042849,0.7958308092010475,0.8263550836869101,-0.9355068580899251,0.6921126673293169,0.7945930566375419
1959-02-14,-0.0073528640924318545,0.07082765030832283,-0.7522321872554474,-1,-0.9546665213313105,4.0145078178488447e-4,-1,-1,1,0.015788168725459517,-1,-1,-0.973945556513421,0.0035476861245121727,1,0.006146169975773996,-0.8677882901872562,-0.052394206851162806,0.015079381669895198,-0.029552816827728146,0.4700678074719325,-0.5972238813856107,-0.33797574427552174,0.880267816332237,0.8607988134111795,0.7868694708071591,0.7974395451656405,-0.9399108168758278,0.7267212086851057,0.8806523737384706
1959-02-15,-0.959113662872117,-0.8908410124393648,-1,-0.1228071847456843,0.03696297711428742,0.9912672437719553,-0.008719004580338585,-0.0032516864457659,0.07464591399699982,1,-0.002129787782860104,-0.028851177234212044,-1,-0.9676467760600697,0.006438246420108817,0.9488519724850525,-1,-1,-0.9492116779052996,0.9182453647110166,0.46288975532925836,-0.4803558015042182,-0.30717063938779654,0.9083086954765259,0.8963077561490137,0.8576181392960945,0.8040561719831811,-0.9287114950454397,0.7267111630280436,0.9349988502148798
1959-02-16,0.0067412637002749465,-1,-1,-1,-0.955795724962187,1,0.9472731747040931,-0.9709082948577665,-0.9037736481713641,0.04573263037458419,-0.9716509350449916,-1,-0.08626457884443695,-1,-0.9690649756867962,-0.04983332986550382,-1,-1,-0.0020606629871123827,-0.07009980083482881,0.39814757169832077,-0.3807922398937804,-0.3524853971689892,0.8289158402238951,0.8887763567850244,0.7821789181293064,0.82659792181967,-0.9858869414166118,0.6971830509499324,1
1959-02-18,0.9708140679233321,-0.008056292587657166,-0.11542755132923666,-0.014553886922858195,0.042262057431083355,1,-0.051794005487663886,-1,0.09225607516662948,1,-0.003009720608178057,-1,-1,-1,-0.0033206805489371938,0.9475609587090577,-1,-1,0.9969786455864657,0.9210768934913466,0.4061785753774983,-0.3485376345942992,-0.32836329948570947,0.8204558716118245,0.9014949611577122,0.7456053688884833,0.8847450331349604,-0.953790308054476,0.7658370914497685,0.9745268583100581
1959-02-19,-0.007701858503276537,-0.9670375374305616,0.805805209879226,0.9331873572973244,1,1,0.9316538504492311,-1,1,0.024902314008812376,0.9814302898741936,-1,-1,-0.013942720210620818,-0.9860719083791082,1,-0.05473073419854779,-1,0.0843659192068722,1,0.35933920066899816,-0.3715756707877204,-0.3881991588718753,0.8314044917576048,0.9234318886081639,0.6922192930659841,0.8855665985828723,-0.9911347745732353,0.7566442785263643,0.9340847141203291
1959-02-20,0.9110584060432677,-1,1,-0.030359820421856698,0.036755155618368285,0.011352052879043617,1,-1,1,0.985875806982126,1,-0.10660840375649694,-0.06812173492017615,-0.9823983891465448,-1,0.05822956661898915,-1,-1,1,0.0017846373171716001,0.36991314501049344,-0.3089859938385194,-0.4008612213599337,0.8298193490418454,1,0.8156309259579757,0.9396125007199049,-0.9351183868274672,0.7907146409842288,0.9171371442865492
1959-03-17,1,-1,0.06121937854105575,-0.960982370688465,1,-0.8725856302783659,1,-0.06291735738981519,1,1,1,-1,0.9044197480047027,-0.03808091167062533,-1,-0.8179610047080897,-1,-1,1,0.9773313791177672,0.4116225145900381,-0.28144359476451264,-0.3711299626883091,0.8335645159876056,1,0.7772443987207497,0.9051533654676668,-0.9690690717952603,0.9005728731632723,0.8640038106828869
1959-03-18,1,-0.0646462866596681,0.9794428462419601,-1,0.09781421667913115,0.12384268078160099,1,-1,1,0.007213058169935116,0.005765505830828244,-1,1,0.9337854067864648,-0.03145979656307185,0.12072891737814906,-0.11820119078399083,-1,1,1,0.44985020221829386,-0.30576153482100044,-0.3547774650636218,0.9218879541342804,0.9746238849086343,0.826109008652487,0.8958552764257546,-0.9539880708622905,0.8518076662048506,0.899617919683961
1959-03-19,1,0.8824886433809663,1,-0.05259722125330146,-0.8852213489544849,-0.8402101825850049,0.013045428616694332,-0.04795089461155089,0.033371755718928364,-0.9551154873253641,-0.9626622017518819,-1,1,-0.0516711820614586,-0.9799972474218575,1,-1,-0.024816078643021156,0.02550066244447291,0.034887826397513866,0.3783403651547823,-0.3390364648801729,-0.3558647753756115,0.8810931033242785,0.9458555965198768,0.908725569989326,0.9013799989119514,-0.9503207071106996,0.7702570295477239,0.9363813479278503
1959-03-23,0.02527901736126681,1,0.06678239758319005,0.9085556356332126,-1,-1,1,0.8821040339526489,0.9728286489491416,0.00239896068311507,0.03458901015897542,-1,1,0.944126003243667,-0.02317854948634057,1,-1,-0.9904096868002702,0.979264674251669,0.9687893441962416,0.3338090378928208,-0.3167502254320079,-0.35202752873486337,0.8551458827794606,0.9006477817794789,0.9126194099462653,0.8642327421798592,-0.9226553629135292,0.7790578093661241,1
1959-04-10,-0.9686285583479546,1,-0.8791440431760976,0.005736574989068655,-0.025235678559023533,-0.007895760258682882,0.034721961896438946,1,-0.005579859228325823,-0.9968740403880043,0.993393400098383,-0.07960167468388968,0.02672063945441905,1,0.9259072095421401,0.016908706962815878,-0.10427920957052561,-0.033736613063416576,1,0.004742822655500412,0.31857688779337184,-0.29341514868299357,-0.3876681523446859,0.8714052111742542,0.9776705444524268,0.9058459143449197,0.8775666241616029,-0.9364581126560207,0.7986345266593535,0.9215766080892305
1959-04-11,-1,0.04179189614715928,-1,-0.9421155249911036,0.9462984848856932,0.9851196816340054,0.9954000264249199,0.041230833329306216,-1,-0.02095282719364877,-0.002377241987363221,-1,-0.9422023080138938,0.06234367756374959,1,-0.9365384579043927,0.8379159731558465,0.9544884431533933,1,0.9395240958325111,0.2893729841334545,-0.2911220829841693,-0.3075507414389456,0.8735797847230946,1,1,0.8529096018015696,-0.9199103838774896,0.8519729314215929,0.9539215845750119
1959-04-13,-1,-0.9311730795058136,-0.05095927499471253,-1,1,2.639380243674161e-4,0.07494135230502574,-0.9123367652428008,-0.04619267217333067,0.9728129076659608,0.9626851267636066,-0.02106723623248452,-1,0.9515807638324199,1,-0.032515401982026404,-0.14308366706057163,1,1,1,1,0.6485734928101402,-1,1,1,1,1,0.07275217068273432,1,-0.035262722671640434
1959-04-14,-1,-1,-1,-1,1,0.9578690354752981,1,-1,-0.9919775981638571,1,1,0.9119697417449072,-1,-0.04559433298834792,0.0037908687028245236,0.9535943395581026,0.8540754097883482,1,1,0.004288588469159249,0.011159414527073253,1,-1,1,1,0.03985241142434348,0.028540488917590534,1,0.0341048210214534,0.8586985282992093
1959-04-16,-0.09790161281977583,-1,-0.11870330821672537,-0.023563302801036468,0.028072694444553514,-0.03659042385412625,0.11854980700785489,-1,-1,1,0.020347541630576282,1,-1,-1,0.9472309544201295,1,-0.08357280137897871,0.06610885664473332,1,-0.9185424738089609,-0.9353444289855245,1,-0.010161944562873892,0.015343681801095466,0.01769094956640327,-0.9288412159154736,0.9876811153628914,0.041207107286145406,-0.9115757241249078,1
1959-04-17,-1,-1,0.8529412212576367,0.9699704580265588,-0.8811543642187656,-1,-0.8652344801178077,-1,-0.0343186610826417,0.040112074980926615,-0.8269875087124617,0.031756985786479675,-1,-1,1,0.027923076455430795,-1,-0.854758611499666,0.029432757981903368,0.059791010643793774,8.955574239244424e-5,1,0.9027751030785295,-0.9432005943994407,-0.9307887602038291,-1,1,1,-1,1
1959-04-20,-0.011208772968080871,-0.07293348024990287,-0.1246880750314252,0.030683923551923287,0.05782806240586491,-0.041767286600091214,0.08685569595962939,-0.023736768859449198,0.9494172679412628,-0.9242095214802928,-1,0.9768403843218115,-0.009861224345915742,-0.07110978133793522,0.05241471759549854,1,-0.06487084127408838,0.08952899853099894,0.9871629191548726,-0.8924081855933587,0.9927613269667499,0.010722638732870049,-0.05849241088579704,-1,0.058893029776438954,-0.07399938722558941,1,0.03324264343724692,-0.018904880210993902,1
1959-04-25,0.9860987756812911,0.892796747227795,-1,-0.9608455678751145,1,-1,1,0.9673149373066354,1,-1,-0.010607271719913491,1,0.9878234206725524,-1,1,1,-1,-0.9013935697808617,1,0.06176341607026892,0.038368712011591866,0.9871438943944857,-0.9794223813865263,-0.08398459209776832,1,-1,0.048857395782568314,0.986576408796742,-1,0.022387922026274376
1959-04-28,0.009037859795699155,1,-1,-1,0.009383782353380887,-0.008105945759608879,1,1,1,-1,0.9451770062687633,0.0986146639012746,1,-1,0.041260366961579975,1,-1,0.07500522289815859,1,-0.876000763377342,-0.9159095092023503,1,-1,-1,1,-0.029382898256642087,-0.9465964861020603,1,-1,1
1959-04-29,1,1,-0.072378675556239,-0.03334846783155487,-0.8943677428946935,-0.9842927971727724,0.008276475643770098,1,1,-0.0341194378016636,-0.047203829856016455,-0.864835958761627,1,-0.01891591107802404,-0.925301932663288,1,-1,-0.9117619068893517,0.01570179436559993,-1,0.0334340479288151,1,-1,-1,1,0.9159934341671231,0.031171382584591845,1,-0.04123952402286846,1
1959-05-05,1,1,-1,-0.9735315626942681,0.06723584366191981,-0.043231223800230145,0.984185791900187,0.009941927542810758,1,-1,-0.9485729994354577,-1,1,0.9678083801788018,0.021744275430651272,0.00874535825572964,-1,-1,0.9787399312118319,-1,1,1,-1,-1,1,1,1,0.014185919859247442,-1,1
1959-05-13,0.061570477909157706,1,-0.04619700072403743,0.009157491435825338,-0.9135497900692169,-0.9687451989338319,0.015590952016821591,1,0.014441021822053535,-1,-1,-0.020703213457557434,1.9943251530751827e-4,-0.013726008086024422,-0.944282165908215,0.9765123757521075,-1,-0.05364084897687793,-0.01673572184619354,-1,1,0.052254901477182925,-1,-0.0354031061998169,0.07379468676347445,0.02411201691703324,0.0769210479602267,0.9636567969731327,-1,0.050151104541777514
1959-05-17,1,0.06747087635002968,-1,-0.9296321862208253,0.025898975231999577,-0.03852727205740403,-0.926756575539104,1,1,-0.06389956667980479,-2.3028670936842133e-5,-1,0.9300796833983779,0.9486571721009446,-1,-0.0012359782983623058,-0.02385771637926737,0.9048570594637836,-0.9060848760548406,-1,1.7147360767133524e-4,1,-1,-0.9816426884915609,1,-0.9448276074243263,1,-0.010827498225573384,-0.021567295964613487,-0.9175575518305116
1959-06-14,0.06601017122484787,1,-0.028658194221161892,-0.006370948439493929,-0.9602727384807256,-0.9283738632028133,-1,0.041565698184726885,1,-1,-0.9872856769610805,-1,-0.014111339881916707,0.03408595530573355,-0.05729904814665465,0.9729146067963542,-1,1,-1,-0.06392265856887946,-0.9465083015651174,0.04878624766065176,-1,-1,1,-0.03318835902209094,1,-0.9884366166648058,-0.9971109952172087,-1
1959-06-15,1,0.016891627039445245,0.9648881570404911,-0.9848701790554482,0.03592720014101669,0.03825025538092319,-0.03607755928561207,-0.9499993947609698,0.06762888122328925,-1,-1.6989564421066028e-4,-1,0.9790816594997896,-0.9040918787007282,-1,1,-1,0.03989419241188785,-0.08533551790592919,0.9356517354837086,-0.9457839948885219,0.11601505600581202,-1,-1,0.9498728773963847,-0.03213644821064245,0.9919859777398576,-1,-0.9997546491926157,-1
1959-06-21,0.009486628509042139,1,0.0012756716597372986,-1,0.9309730237429275,-0.9422513489015937,-1,-1,-0.9094580736018909,-1,0.9396156697026332,-0.09868034632915523,1,-1,-0.13488532578275914,0.016664869128072968,-1,-0.9239804644854839,-1,-0.009869167125532652,-0.9111266740112058,0.11974132369776852,-1,-0.9403380618940548,1,-0.1178320760821091,0.9528279026835154,-1,-1,-0.9941928620796059
1959-08-11,-0.9305307404351044,1,0.972044158056698,-0.13701907337615227,1,-1,-0.05922224044593205,-1,-1,-1,-0.0027756425462479584,-1,0.020478450721366892,-1,0.8397383323093117,1,-0.014696627375207272,-1,-0.010337445610979712,0.9891441500123495,-0.8558520097201405,0.15162030414441904,-1,-0.9111690723383097,1,-0.09539705546912855,1,-1,-1,-1
1960-01-30,0.047326385134490834,0.0057133360835175395,0.022182200378377037,-1,1,-1,-0.9471067757096681,-0.05249176390681731,-0.0559207079867764,-1,-0.976637309721618,-1,0.9272059968990006,-0.022317806099339865,1,0.014818238314073695,-0.9354211300153263,-1,-0.9832114751330925,-6.975612039850088e-4,-0.901063314637049,0.14371228705992523,-0.993066820056756,-0.8289021825090042,0.9212249484510933,-0.17983674143569262,0.9663396180066217,-0.8851435612170027,-0.98634816805428,-0.9447052941468591
1960-02-02,-0.8968694025164102,0.9332369841433908,-0.9430005214728301,-0.04897154707604112,0.0207607656824198,-0.021827863324912045,-1,0.9188327172219801,0.9252684292618177,-0.030370588536850818,-0.03372268984403526,-1,1,0.9064573404807726,1,-0.9551958416105596,-1,-1,-0.03354708063400624,0.9605116398633261,-0.8737778182656774,0.0977038690301553,-1,-0.797387286572564,0.9460568104649371,-0.2247305296625457,0.9926209614144597,-0.899581563935074,-0.9007943201658716,-0.9926750760731079
1960-02-03,-1,1,0.013966868037903701,0.8812627556871471,0.9916643387420192,-1,-0.02079562115760869,-0.04467230610706063,1,-1,-1,-0.07811406986337766,0.0047275691906830675,-0.02827110338265848,1,0.03876186614282828,-1,-1,0.9232286622214918,0.054257533242139,-0.8152995749449617,0.1219572729387247,-1,-0.8103969160719012,0.9514179640783111,-0.18017214511852983,0.9948552545814485,-0.9465121032012188,-0.8646918195915305,-0.9902377103290947
1960-02-06,-1,1,0.9416171061744539,1,1,-0.011974601573484622,0.9576562166883259,0.928903520048687,1,-1,-1,-1,0.983501381633758,0.9063577336897789,1,-0.9402855703751296,-0.06252992523517642,-0.03060728375547639,1,-0.837768463379836,-0.7845237379724979,0.14559784412906604,-1,-0.7524366516765826,0.8370316959779505,-0.2651045534423745,1,-0.9222445562286432,-0.8620847472700286,-1
1960-02-10,-0.008527591942022905,0.05487622562487904,1,0.05664629023980072,0.01860028807624281,0.9834344676536152,0.003543315705373029,1,1,-1,-0.005199844978631352,-1,1,1,1,-1,-1,0.9507208209775447,1,-1,-0.8155525468631928,0.16292813255913602,-0.9832414474801672,-0.7018627931911767,0.8092311269928015,-0.2288684717302351,0.9945671127425688,-0.9419905042498944,-0.8242373984992487,-0.979649913593899
1960-02-11,-1,1,0.10678970159407453,-0.8836960688386366,-0.9372726759242508,0.03452625027930578,-0.9869390150822146,1,0.0824514790659473,-0.06790972244575888,0.9320249585495771,-0.032548456459818076,1,1,0.020695841411054627,-1,-1,-0.004291379964565967,1,-1,-0.738586155824309,0.17447663056697874,-1,-0.6908833535393157,0.7902995017647232,-0.2640357826315677,1,-1,-0.7244376218143334,-1
1960-02-12,-1,1,-0.7856276133893716,-1,0.06200378733335066,1,0.0018916622711617759,0.08948080603678132,1,0.8685367197824171,-0.04262706472696309,-0.9708105772796499,0.05865920699344862,0.0589017918663739,-0.9645975444346574,-0.023319769608339813,-0.03198974507573826,-0.9747204389807592,1,-0.07193800080722346,-0.7024180141169548,0.12209932444482322,-1,-0.6267103670453085,0.745908928251939,-0.3345198462074317,0.925397466724399,-0.981711779532192,-0.5627658422904475,-1
1960-02-13,-1,0.04286089625858258,0.19822702830704786,-1,-0.9016588245405776,1,-0.9657558366504032,-0.8260207017678388,0.022517906003221455,-0.11212910411327648,-0.986230730298419,0.01754391489654994,-0.904580165328127,-0.9117193900047044,-1,-1,0.943917555592451,-0.049997383173088994,1,0.9235446183106945,-0.6940130062036853,0.07927307964230358,-0.9995643499147088,-0.5970973200993537,0.747976178309095,-0.39891518312184593,0.8886783308914963,-0.9565403252798129,-0.5877539894071715,-0.9708536744242201
1960-02-14,-1,-0.8937640188248193,1,-1,-1,0.052703117286106105,-1,0.12739521845788981,1,-1,-1,-0.974812805757243,0.06014158920274337,0.0794372048716514,-0.00284338454282973,-1,-0.018359290095536163,-0.996841744421623,1,1,-0.6988454193153295,0.08935836304039195,-1,-0.5716480865106278,0.6929473419513151,-0.28845439054106636,0.9160782029938864,-1,-0.6086832171001296,-1
1960-02-18,-0.012664159557984389,0.10440582204035798,0.013880088787716294,-1,-1,1,-1,1,1,-1,-0.04640054232261881,-1,-0.9005020119155238,1,-0.9022452231835713,-0.04452946997882168,0.9399785100488423,-1,0.11192957976349116,1,-0.7782759770223895,0.13451261917227608,-1,-0.4758333073677774,0.6903463597062883,-0.26531868232316985,0.9093061177186624,-0.9021489684131454,-0.6424552370850745,-1
1960-02-19,-1,1,-0.9693235062160829,-0.053347922989881114,-0.028538037004995465,0.07659047968189736,-1,1,1,-0.11291551039667302,-0.9703774903706645,-0.004030300712184132,0.018070206323457905,0.03097970184875598,-1,0.880290364071116,1,-0.03259840955803106,1,0.01570465350896555,-0.7575198988041358,0.20469963638491123,-0.9050764515080936,-0.45254777321902795,0.7031833690540314,-0.2850873010704915,0.8580922311123877,-0.914934207245625,-0.6974624740181125,-1
1960-02-21,-0.07467972650810584,0.03724698872485743,0.010848869018081797,0.9252508277329676,-1,1,-0.019985981021365062,0.03935689500940054,1,-1,-0.0010912395564345312,-0.9976335479052642,-0.9137086561764995,-0.9224740876310522,-1,-0.11806302588100759,0.1253474310711138,0.9673581136197991,0.01069349433907052,-0.9502388186959608,-0.8444363780267873,0.2778519472208275,-0.94454557658,-0.5406078759856177,0.7206299084963967,-0.24634243276775217,0.8310484288289002,-0.9168395051730189,-0.7033850556141975,-1
1960-02-22,0.8970942162096672,1,-0.9356324820322586,-0.05935926049854534,-0.026570914834584403,0.07542799961826119,-1,0.9878245750268836,1,-1,0.9823629616968561,-0.02280910034024808,-1,-1,-1,-1,1,1,0.9974913769863982,-1,-0.8986481391926348,0.3095211508173019,-0.9373125495252687,-0.6395611155704057,0.7664147970738172,-0.2099171395582448,0.7833004229580257,-0.9030474844649511,-0.6540878320305752,-1
1960-02-25,1,1,-1,0.9355017774893637,0.9428895264757863,-0.8137020684683864,-1,1,1,-1,1,0.9544539970373432,-1,-0.07486687699544625,-1,-0.03652969731024425,1,1,1,-1,-0.8585605955686569,0.3272341292879454,-0.9150331041787222,-0.7004543181192209,0.7578899300659026,-0.22703209080307618,0.8734473136718637,-0.897685211047946,-0.5679778079702806,-1
1960-02-27,0.06376372228944993,0.0385878416927351,-1,-0.02762432560814876,1,-1,-1,0.07885506934750786,0.01104430281490687,-0.05274388839915445,1,-0.03817825874358738,-0.020758087271525283,0.8790110501687882,-1,0.8962827259616303,0.016442105468338353,0.021075121957999432,0.04076662533164288,-1,-0.8111343044699282,0.32688785616247096,-0.8954242192470857,-0.6976122197689081,0.7229966743128234,-0.2506046525217496,0.8317289369719049,-0.9034906980819641,-0.5858535717181823,-0.9547021641863513
1960-02-28,-0.9044803681494871,1,-0.029111443701207773,0.917326795528232,1,-0.05707831545412645,-0.0366641307427199,1,1,0.9245734338439314,1,-0.9931888594624991,-1,-0.0500966623484832,-1,1,0.9634211593485822,-0.9771266849746093,1,-1,-0.8124774038391473,0.27943485654446804,-0.8861843179493154,-0.7267222487417322,0.7038633256229205,-0.30667082433265336,0.8985897483377148,-0.8414254821586717,-0.5624450920907984,-0.8997981811549094
1960-02-29,0.018866156078232277,1,-0.9322825767172406,1,1,-0.969168895854698,-0.9690881978451129,0.022043263105958943,1,-0.06052672553611482,1,-0.001481056894203192,-1,0.9304476897280919,-0.015161388717803037,1,1,-1,1,-0.039803938125788974,-0.845045064565965,0.31731208774626996,-0.9165624680225427,-0.7452095366924356,0.6519748213181253,-0.3385016604636267,0.9200525202779379,-0.7731861964292563,-0.5523757291210716,-0.9242057317480528
1960-03-03,1,0.055461598103976995,-1,1,1,-0.06770571675246295,-0.032803862360364366,0.9053861227774876,1,0.8464176018721989,1,0.9034735182798841,-1,-0.010463199952162827,-0.9989661986453026,1,1,-0.03977487985727002,1,-0.9611051267334526,-0.8361483144276252,0.32564180358589856,-0.8878665442548608,-0.7042586955319585,0.6763804965676454,-0.24395225590248018,0.9312901267073763,-0.6885985089493729,-0.5950721644879607,-0.9767764131710165
1960-03-04,1,0.9741602480197504,-1,1,0.017886083167463873,0.866969445442006,-0.9327489266266289,-0.08477247828647028,1,-0.10260851036533869,1,1,-1,0.9036308323638815,-1,0.0034080230216457785,1,-0.9946547401097277,0.07113218908553443,0.01227757154796405,-0.8820442685654729,0.33927729523468025,-0.8170439157062462,-0.7617476186346042,0.6780855285767415,-0.3079518038420215,0.9101930450341221,-0.6855671896128286,-0.6466356598740133,-0.9834090546920093
1960-03-06,0.007979785724949284,1,-0.08003077816157256,0.07802082749046568,0.9812072010029949,-0.0760250227584357,0.06275020366309991,0.8771622734018368,1,0.8039913880843153,1,0.027798723501742728,-0.12057684549128223,-0.08360809437460937,-0.1056658193725577,0.8999432798977844,0.014259444484496453,-1,1,0.9730212104258447,-0.8717756345331465,0.339292039078584,-0.7526318866808579,-0.7185456111035533,0.70915256344586175,-0.23537139028182816,0.906354342698779,-0.7246893551102865,-0.6381632987883266,-0.9444534133272497
1960-03-07,0.9848508696811799,1,0.8937302037824392,-0.9000140311705008,0.03684661082839791,-1,1,1,0.06268907817270641,-0.19388117531433058,1,-0.9404430815389765,-1,-1,-1,1,-0.9381179897272416,-1,1,0.05677680565489873,-0.7256384641227948,0.29351012848864966,-0.7937736866750189,-0.615107710600128,0.7011581909181894,-0.2370151505707576,0.933816981167558,-0.7602946789084803,-0.6095892017478337,-1
1960-03-08,1,0.039199555799272257,1,0.05868521230467749,0.9774152116388788,-0.034431285344667106,1,1,-0.9310857321898182,-1,0.022464337552965508,-1,-0.0012577887679096067,-0.038860986746700465,-0.03798954844937641,1,-0.007596416882817758,-1,1,-0.9360553195802922,-0.6775905784341559,0.24320278038246498,-0.7688190516897835,-0.5935827686175394,0.6749106820984087,-0.23740511085936414,0.9842021002498209,-0.7209282568641141,-0.6749007474063482,-1
1960-03-09,1,-0.9282624016371238,0.020667392760555625,1,1,-1,0.05209552417156271,1,0.0451688364772479,-0.028724723637758354,-0.8449485804071505,-0.05117599001996109,0.9071247529548775,0.8523413610216425,0.9602356979036962,1,0.9396002376014707,-1,0.009396068321536166,-1,-0.7010113208229641,0.20122060524197427,-0.7502582288949472,-0.5960806734848655,0.7037611574483541,-0.252015609996762,1,-0.6915932584810034,-0.6234070385955333,-1
1960-03-10,1,0.031209733068141676,-0.9333997951935737,0.038654761019433104,1,-1,-0.9307695956948628,1,-0.9404827077477387,-0.9706450575253607,0.10196584655075802,0.9083428862352806,-0.04253653129045942,-0.06970558804185678,1,0.04138788923435799,-0.048461504838163694,-1,-0.8890921577000196,-0.029295230265000027,-0.7938675182137874,0.176618794436814,-0.7698162156059065,-0.6041727754078338,0.6765294992134253,-0.2290364398313703,1,-0.6929034974602736,-0.6955509522176853,-0.9934828647837708
1960-03-12,0.04352248645761758,-0.9563676138235075,0.017034486834381024,0.9904928657384857,0.05230070467035519,-0.02145291297216778,-1,0.016825707072838147,-0.08096854362526384,-1,-0.8525584297684042,1,-1,-1,0.04136849155120936,0.9579718265943814,-1,-0.035157082052521216,0.0778919174693854,-1,-0.8168605704036779,0.18628379914031953,-0.791894431424812,-0.5424575683726022,0.8073918221815588,-0.11897672427033473,0.931054244719659,-0.7107417824194131,-0.79306484768912,-0.9136384317609884
1960-03-16,-0.8460755516930594,-1,-0.98250704481164,1,-0.886038854955428,-0.9460692510462,-0.08134519348982872,0.9176594166105171,-1,-1,-1,0.037907004357503826,-1,-1,-0.9138354324294935,1,-6.282755289941377e-4,0.9328091707896197,1,-1,-0.7080477986116891,0.21909710393167714,-0.9081505672117257,-0.5398309420325715,0.7977224117343675,-0.13088754670501243,0.8588271813351027,-0.6645706651981412,-0.8574635295743855,-0.9006521151811351
1960-03-18,0.15283579061166952,-1,-0.032313276032859606,1,-1,-1,-1,-0.029019598886984133,-0.03532732149780837,-1,-1,-0.9237617257110442,-1,-1,-1,1,-0.9766847090594266,0.004255333671009609,0.07853388683435636,-1,-0.6486544829151166,0.15736289216185823,-0.989373302752444,-0.5102311989346416,0.7166886441294993,-0.15409286273285938,0.8540929147210863,-0.6403536181353953,-0.8873238662324081,-0.9129287631861647
1960-03-19,-0.7911605585861491,-0.017700132911406485,0.9356911248905557,1,-0.022529765907720156,-1,-0.04051915480658652,-1,0.9478712533091707,-1,-0.04706646758716149,0.036873362483990646,-0.007254331335584285,-1,-0.057064818472736256,1,-1,-0.8997516656406275,1,-1,-0.7597878517829753,0.13429704772657636,-0.9290387556392335,-0.5154462097157365,0.6864461770460948,-0.20229608220850695,0.7959676965719957,-0.666544368294311,-0.934152659262137,-0.9230441267483044
1960-03-20,-1,-0.991765536181116,1,1,-0.9764537608765913,-0.01432554730207991,0.8922185033293382,-0.03379061170363007,-0.05106212541655819,-1,-1,-0.9497389813033824,0.9844710412863157,-0.014854352982588526,-0.9773271928077527,1,-0.036488155644877396,-0.06032437652914435,0.008791783993176594,-1,-0.6872968268194506,0.22195577179960496,-0.9813220696925748,-0.5142038443192047,0.6549617980583339,-0.15374035398419178,0.7881227294731256,-0.6720228588802175,-0.8694597662414648,-0.9110619548268742
1960-03-28,-0.021826736975339545,-0.006867949727104583,1,1,-1,0.9406857141087707,1,0.9547252758789478,-1,-1,-0.011590378986187644,-0.018981572890244935,1,0.8620181150899761,-0.1475937081727725,1,-0.9566060658103618,0.9253140834045104,-0.9266942422964897,-0.009500129486204378,-0.6693668549618043,0.310364923567075,-1,-0.4397002619550153,0.6832049132924074,-0.14237303601282078,0.830796515241857,-0.6439622059616312,-0.8602623901195887,-0.9037768855678522
1960-03-30,-0.9734640095547296,0.9802843373724608,0.057744546324163926,0.01205786997409597,-1,1,0.00759342774147298,-0.044156498273214884,-0.015909614323675658,-1,-0.8861035310729052,-0.9830044989292275,0.04094207682144679,-0.08796047199600365,0.8111297076050685,0.050969422649285945,-0.016847451246820633,1,0.041966143583070714,0.9853673769219161,-0.6877327389427932,0.3153632938242403,-0.9097871748299667,-0.45789513569602514,0.6418417924697641,-0.2414223391255616,0.9312264450199834,-0.6595824367588868,-0.8383146120501382,-0.8949653721540126
1960-04-01,-1,1,1,0.9932802172177738,-0.026527693029649413,1,0.9913337170877913,-0.9546261119890713,-1,-0.004549365419836637,-1,-1,1,0.9056331272661611,-0.1852314973601058,0.9348364160505843,-0.8887353632966628,1,-0.9437335493715571,1,-0.680338230580156,0.28906980469198695,-0.9584479539560079,-0.5291494633030666,0.6053265494989994,-0.1547222698018164,0.9511248838620564,-0.6922056961385823,-0.8862018377941512,-0.8966988695059156
1960-04-02,-0.008816113568567485,1,0.035800894281780904,0.007888247610161159,-0.9955972426506949,0.01996861234222247,1,-1,-1,0.9524071350000688,-0.010548589301281441,-0.08102501828200981,1,-0.04178471909918513,0.8146707558546044,-0.008959178649173949,0.07840873811038207,1,-1,0.08849665415231489,-0.6680595419330924,0.32062805957743085,-0.8084076000961765,-0.537458064058747,0.5871378018757568,-0.12450689542335808,0.9738518056193872,-0.7077441782855239,-0.8473517465870894,-0.8765689662408086
1960-04-03,-0.9218540557020191,0.046649201712646415,-0.9559539464428686,0.9764807674404871,-0.0663983092442958,-0.9622336106096365,1,-1,-0.08437195413889342,-0.013589581991372057,-0.9552197425225278,-1,1,-1,-0.07762775849186465,0.9802084434781885,-0.8718540059623365,1,-0.018432914144894674,-0.908889907828833,-0.6306167687028174,0.2815350127745004,-0.8385815507355602,-0.5425218907347491,0.4611271192222416,-0.10947915584679406,0.9296114554048182,-0.6072402646439086,-0.8224198701459103,-0.9170196575837626
1960-04-05,-1,1,-0.002209741373343621,0.011637986222929775,-1,-1,1,-9.058767367539078e-4,-1,-0.9796507697643658,-0.0049913406176527175,-1,1,-1,0.8831030228756941,1,-1,1,-0.9932807370642851,0.04806939078462813,-0.5979349546394379,0.2725890534376951,-0.7686469816642141,-0.6143042953278868,0.42754283426609724,-0.11806708856289574,0.9406177230949779,-0.5564774328316763,-0.8452618173718833,-0.9737254024733232
1960-04-06,-1,0.09088782108272853,0.9263003614086144,0.9091649383131095,-0.09308090486407705,-1,1,-0.8551005529419126,-1,-1,-1,-1,1,-0.02470684841444082,-0.056381428206491835,1,-0.02485371484841703,1,-0.021851356421261903,-0.9317866098581938,-0.5846596759985523,0.33081454040921876,-0.7914270311859998,-0.6459425799508315,0.34441177828627323,-0.1147556719733686,0.9192524079422216,-0.46140192150656795,-0.7598549143033732,-0.9074367546972332
1960-04-07,-1,1,-0.07036329897009552,1,-1,-0.038206988282677656,0.0721890413402061,-1,-1,-0.00529346099893091,-0.07334521642117409,-0.07126506629626062,1,0.9720442073481752,0.9295574204473052,0.018777282977634813,0.9750587041888177,0.05959924061092403,-0.9590685717653203,0.014560612851614696,-0.6102707513847246,0.3040442682310683,-0.9250687385606138,-0.6128456989657981,0.3816361933586435,-0.16450440391531396,0.8931814673710157,-0.4066607851442069,-0.7285595733337518,-0.9423470397611755
1960-04-08,-0.017777588174075487,1,-1,0.04055526328948911,-0.02258802926114123,0.9594665112566485,-0.9268579745754769,-0.034654828746820354,-0.07480710731094953,-0.9636208801459958,-1,-1,0.043462687555515966,1,1,-0.9672863908389175,1,-0.9176611828543444,0.03096601564736079,-0.9677973206732546,-0.6754654652505243,0.37400774150547245,-0.9241662415954006,-0.6562053486748644,0.45596311926621175,-0.21773614638696362,0.8856792852208206,-0.37456751646167147,-0.6898601199024854,-0.9637618655927265
1960-04-12,0.9395568082566743,0.04073130427663596,-0.001131934237710075,-0.9459074871547346,0.91824067506081,1,-1,0.9255784562372883,-1,-1,-0.015987497433960884,-1,-0.8783484982880622,0.033808007006480234,1,-0.0060163360841087865,0.04701696947311251,0.0543630632179084,-0.8930493097606995,-1,-0.6749797912872267,0.35770347126130936,-0.8490227901332582,-0.551540390822035,0.43817969859999756,-0.22731760696325565,0.8794389954703707,-0.3438624790375819,-0.6929352639244395,-0.9304654771919407
1960-04-13,-0.014385039493556517,-0.9229198454783368,0.9921715470739352,0.025994324482361386,1,0.020777623561306635,-0.02119048565579018,1,-0.07113775997619964,-0.01472439326454289,0.9833854291319611,-1,0.10742623721061972,-0.958883509018586,1,0.8818975824590247,1,1,0.10481000227155746,-1,-0.6656158181571313,0.3210735113117128,-0.8943444520087783,-0.5573065322393446,0.4239890694540991,-0.2982092698790105,0.8483287286733737,-0.2847191191923051,-0.6972529164720711,-0.9413823597677229
1960-04-15,-0.9846498322710817,-1,1,1,0.04943295428150085,-0.9591072808001622,-1,1,-1,0.8944045282545724,0.054495466764007516,-0.04092152397963944,-0.8288570460981011,0.023160259127255278,0.014772686048328376,-0.07652151960277975,1,0.04128048536186624,0.9970179982154922,-1,-0.6584880894653076,0.28207122019906433,-0.8912557637825822,-0.489754643527217,0.4161764763087585,-0.4012337111220893,0.7365502349685228,-0.3047669467763674,-0.6351846883547134,-1
1960-04-18,-0.020444837435000585,-1,1,0.03201426997253687,-0.9035076689774435,-1,-0.027471226974969065,1,-1,1,1,0.8745586434393926,0.1696728112300443,1,0.997320285089727,0.8562500301864245,0.006289852013154018,-0.956237183253452,1,-1,-0.6461955526884261,0.2752297109875578,-0.9419593088452309,-0.49722650454314304,0.42235763722099595,-0.41406943868000046,0.699022861242978,-0.20011479127653392,-0.6191286416728139,-1
1960-04-19,0.8878159423764371,-0.0704682883120944,0.005518357619201053,-0.9452314460770771,-1,-1,0.8603402312769418,1,-1,1,0.016319709142222583,-0.08772105942768993,1,1,1,-0.11158698705965786,-0.9757517429740317,-1,1,-0.06526490086594894,-1,1,-1,-1,-0.5297507757052147,0.5414819306927717,1,-1,-1,-0.005135548833860359
1960-04-20,-0.0670047402934636,0.9015328273421511,0.9807643446605111,0.016986458853980202,-0.03879734279626268,-0.08606773142323876,-0.060277150969180626,1,-0.02007811798108594,0.04464083482893766,0.982019393256707,-1,0.07557422823595361,0.027566670616748556,0.11848235334803159,-1,0.0083268843075891,-1,0.014604368084580432,0.9212765751658885,-0.032590143771117686,1,-1,-1,0.44655151144187333,1,1,-0.04202360499667401,-1,0.9669578715833871
1960-04-21,-0.9920468349793321,-0.03795765634096693,0.014981372713251395,-0.9735155711778954,-0.9803717130204173,-1,-1,0.01690619511555269,0.9339252558479408,1,0.027146801905072016,-1,1,-0.9646928483303118,1,-0.02315617103749512,0.9902849019785636,-1,0.9474597005133376,1,0.9483194108187134,1,-0.05271828122049549,-1,-0.49949054496457757,0.030180410031596994,1,-1,-0.03267293411539929,0.025025166575385893
1960-04-23,-0.010602478617042776,-1,0.9807784499058674,-1,-1,-1,-0.017812839964935656,-0.9059213109233464,1,0.002877805496867003,-0.9360386191099649,-0.10452576652169376,1,-0.03506920974578265,1,-1,0.03246620286841939,-0.03545788767866276,-0.013354831647955812,0.013632061458188072,1,0.14836514201210704,0.9359021415683696,-0.04267851694053604,0.411382911984181,0.9873338319009938,1,-1,-0.9999970277912172,1
1960-05-02,0.9755709581744586,-1,1,-1,-1,-1,-0.9861042044329803,0.08037114487466046,0.0736864939456855,-0.9542287897233851,-1,-1,1,0.9422996869095978,1,-1,1,-1,0.9419585511156525,0.9724107545956427,1,-0.8394242157645293,-0.013671336411882895,-1,-0.535059311299676,1,1,-1,-1,1
1960-05-11,0.02388914805121556,-0.10004261255794089,1,-0.048905875235196516,-1,-0.03400432189965352,-1,1,1,-1,-1,-1,0.023196872277572833,1,1,-0.03440044275336562,1,-1,-0.03685901659880131,1,1,0.1308462427365079,-1,-1,0.4519139396638736,0.07116192528941356,0.1453924325919611,-0.048469239445883994,-0.026427049453620954,1
1960-06-15,0.9832658534195903,0.8280134273047123,1,-1,-0.11797765497698776,-1,-0.005063885660802625,0.023898472078718536,1,-1,-1,-0.03454288854045928,1,1,0.05927700966198057,-0.991749013183723,0.055375298243811266,-1,-0.9849521587023179,1,0.02925856809899663,-0.8287468763223865,-1,-1,1,-0.8500149455460864,-0.8196164087333064,-1,0.9277677623811362,1
1960-07-30,1,1,1,-0.06891292894588197,0.8647043562638098,-1,0.985696149966804,0.9841042883274365,1,-0.01528622187854567,-1,0.9077765825718054,0.0489544450761219,0.04470659300139601,-0.9255498674510175,-1,1,-1,-1,1,-0.9648984267689933,0.16750905034755914,-0.0766815865809255,-0.06560817266409746,1,0.07462184638370128,-1,-1,1,1
1960-08-20,0.06259277467642088,1,0.03362771408602383,0.8724285391169962,-0.07065506118202725,-1,1,1,0.045544162528726395,-1,-0.004292542590021098,1,-0.9440666275590764,-0.951789972345626,-1,-1,1,-0.04582192595515533,-1,1,-1,-0.8042208111749723,0.8642294168129744,0.9046011255347031,0.05874648857153686,-0.8908382392202161,-0.06068356729764168,-0.005609660796949689,0.031070115491524608,1
1960-11-05,1,0.010504967139705612,-0.910999257172074,1,-1,-1,0.02289740291479392,1,1,-0.028054477957341284,-0.9943724482601016,1,-1,0.036519851918810464,-0.014940605873793755,-1,0.1440821688243602,-1,-1,1,-0.056810590994642696,-1,1,-0.060575075921544985,-0.9175341426309345,0.049035318770289105,-1,-0.9855525361788374,0.9831990939977814,1
1960-11-11,0.054311219541596234,0.9839824935167184,-0.051917122155030526,0.05213525105149519,-0.03619229900637999,-0.13167292907071504,-0.9188324404618942,0.08983889079542684,0.02824009886021761,-1,-0.05950049608299868,1,-0.0807341208215634,-0.9370736640847589,-0.9701888066280455,-1,1,-1,-0.03801217414028224,0.007439402523358285,-1,-0.07816208661626811,0.012646982563306874,0.8813352758559325,-1,-0.9109487597685889,-1,-0.0011672615698125055,1,1
1960-11-18,0.9798068949034725,1,0.9452052642545269,-0.9418462873300889,-1,-1,-1,1,1,-1,0.8861159894444928,1,-1,-1,-1,-1,1,-1,-0.9591318312316195,0.9785657998871391,-0.05463442572344157,-1,1,-0.1104679332996562,-1,0.06954105544187228,-1,0.91850845376261,1,0.021084179001902847
1960-11-27,0.007330033071343056,1,1,0.03950896034639484,-1,-0.05670170811735742,-0.02385136694494816,0.01982222177329962,0.02691287217721683,-0.008954291411552129,-0.08693694448831835,1,-1,-0.059743716780146006,-0.12059797195244526,-0.013413623735578084,0.003127244378580585,-1,-1,0.009036992134848654,-0.06235286323392713,-0.9872005463106822,1,-0.17130350702981526,-0.9640602605734002,0.04671599684314916,-1,0.9661841875139984,1,-0.019413720934509583
1960-11-28,0.9707928115284534,0.035080049629153565,1,0.9953094063857714,-1,0.8626914265933437,-1,0.9982545234494634,0.9844742083513083,0.9674488034080316,-0.9923432095432896,1,-1,-0.9783073584204045,-1,0.9208020066418504,0.9185853438169364,-1,-1,-0.9693284045704442,-0.06186949101718567,-1,0.9993117344831178,-0.05502664812715301,-0.9833520742485775,0.05961126378194701,-0.9775550215563301,0.9611858690314545,0.983612368392456,-0.027669256197692383
1960-12-03,1,-0.8787748547276486,0.02304075006524753,0.07923154099076146,-0.005138657076808495,1,-0.11771018123361032,1,1,0.09102476391595116,-1,0.03783214075920427,-0.024070121984168802,0.010651491093009224,-1,1,1,-0.04262612357661022,-0.011889496622596751,2.2806022518251368e-4,-0.09542338808627288,-0.907202406350571,0.9297627899204411,0.04782409354031342,-0.8889629708521867,0.16006414940107241,-0.9888170703668147,1,0.9604411254468465,0.03952286158473492
1960-12-05,1,-1,0.98428294322059,-0.8660546794165048,0.9867853375113025,0.003821646369658205,0.8572023487684679,1,0.03843124776159601,-0.8593921033119057,-1,1,0.9451598487447519,-0.933633525903821,-1,0.0424221558543707,1,-0.9565504093849192,0.9282562526010326,0.9594898117484829,0.015366156278030285,-0.9180898345004195,0.8663843675233216,0.028354242473877644,-0.9307036211624632,0.17092855335852988,-0.9809383739636988,1,0.9701928499422482,0.07461281496907982
1960-12-08,0.03755183517328431,-1,0.08815065615793083,0.07069150116510314,1,0.9803595066131391,-0.08712038965818558,1,0.9701362122314361,-1,-0.03997343661942787,0.07183429224247406,-0.02416772267278866,0.06063501883467093,-0.06055437539052866,-0.9474681633155022,0.01475132387541267,0.0333292288157474,1,1,0.08223702645115284,-0.896958132552419,0.8775156856357259,0.11540170235573553,-0.9183152013345637,0.149553911424735,-0.9891164721436566,1,0.9249431597739802,0.05004125052295691
1960-12-12,0.9882930551130714,-0.016129063547364653,-0.8559235479714377,-0.8711132393426578,0.020692688750091004,0.01707867278168218,-1,1,1,-1,0.9245341601285629,-0.916171580618395,0.9667505681182882,-0.9128265276703413,0.9242340382869542,-1,0.9876200584773493,1,0.024664400644318074,1,0.16527676023585564,-0.9109495667331766,0.9664026055918417,0.05522598878133331,-0.9274509245839984,0.19205156986053531,-1,0.9462756332697481,0.9395204386995052,-0.02403286558683948
1960-12-17,0.03654020245758016,0.9795991355661161,0.03600886083831023,0.11522744168151156,-0.9600788419411169,0.9998890893091106,-1,0.008045434502392146,1,-0.06344812040965897,-0.0539382268886891,0.05866373095789257,-0.019041212231672655,-1,1,-1,0.026572356993279533,1,-0.9745999054003182,0.028128535375708474,0.2033127326284423,-0.9474243279582595,0.9574589033628039,0.012813482120940752,-0.9325811249708004,0.13792925798768488,-0.982922569944736,0.9075961077233654,0.9012962166139299,0.0014352453034533162
1960-12-19,1,1,-0.9019914779878546,1,-1,0.014046397474789973,-0.008341759579431618,-0.9812178066467352,0.09914754187677899,-1,-1,1,0.9467786754443656,-1,0.019191572029628068,-1,0.9300997467194043,1,-1,-0.9507336112120153,0.17948652663808173,-0.9872609518722352,0.9431194104853686,0.022596128070398278,-0.9628361010978294,0.23344036421912961,-0.963417580354476,0.984230563330894,0.8979820983938138,-0.006136004109154326
1960-12-21,1,0.08840196966809832,-1,0.035083374840041204,-0.009133969814209553,-0.9729137628177145,0.9676979995234856,-0.03735332399618296,-0.8697808481160142,-1,-0.049162704657608636,1,-0.014086735196258138,-0.03301183937498542,0.9679574046125325,-1,1,0.022036231013186747,-1,0.04771227175399251,0.27675336357599245,-1,0.8894189417636105,0.03690761265810401,-1,0.2694277970201792,-0.9574562191655336,0.9978494504937286,0.9255365126162926,0.04511543667303905
1961-01-01,0.07737763839330047,-0.8635384945774299,-0.009354098300166536,-0.9552042704847116,0.9205904339309052,0.011700084589554849,1,-1,-1,-0.027076254295561375,0.8866673024433488,0.005765799974314256,0.9856174168857041,-0.9201492161758356,1,-0.06701260567604439,1,1,-1,-0.8956156976220274,0.2367751279536389,-0.9838599122196275,0.8661239194681951,-0.006788879907862762,-1,0.20671351773417618,-0.8599466856026317,0.9756802734706045,0.902919493074169,-0.021768116615261707
1961-01-27,1,-1,-0.9912791714238524,-1,-0.032973056755467356,0.9933083968142778,1,-0.004698003160376163,-0.017477236303158783,0.9591649389471171,-0.10860058520453608,-0.9906275262748121,0.01573587788064812,-1,1,0.8668612267911581,1,1,-1,0.059290958746947786,0.21803014400305404,-1,0.8301949825996413,0.06409271871270222,-1,0.10603294292022575,-0.8323055590237414,0.9246231165255951,0.8977712178348773,-2.848145249202544e-4
1961-01-28,0.020521256145423772,-0.049872837834124883,-1,-0.013908258573591903,-0.9888608450543102,1,1,-0.9494558943802449,0.9648943866614382,1,0.8768748308518932,-0.04515816967382069,0.9399568564030015,-1,1,1,0.03393814352455948,1,-0.04349767391276582,1,0.2348657296268948,-0.9924746213480812,0.8999409695129329,0.09287469739478035,-0.9436255081438003,0.03512833013625481,-0.9158059161707963,0.8255718890668307,0.9711200396827742,-0.05229272819789997
1961-02-11,0.958384915647354,-1,-1,0.9581555824611931,-1,0.02235825014170445,0.014498720851384816,-1,1,1,-0.06516923547309428,0.9005418025701646,0.015311520198737494,-0.00856801844323507,0.04037712560695661,1,-0.9292299591049076,0.04059207228030126,0.8936835201699157,0.03264740786750875,0.22663830783813174,-1,0.8694916029234048,0.032517670937268865,-0.9631456625695661,0.032714671535984494,-0.9670305472287998,0.8092710795486505,0.8982314029786137,-0.029513856034623212
1961-02-12,1,-0.11031328734546286,-1,1,-0.07364133349108681,-0.9390268253741454,0.9245093505200438,-0.012599644626721251,0.017622397075194196,1,0.9016247524576451,-0.02367146549006649,1,-0.8928513030841098,0.9735976464707887,1,-1,0.9644910419116545,1,0.9858267923396719,0.23280503344028705,-1,0.8403384781012692,0.06825737911903751,-0.9824004169457684,0.045088131074728366,-1,0.8198127313959511,0.8668146867839958,-0.07496586504129955
1961-03-21,1,0.8788350720100652,-1,1,0.9089304529418623,0.052381611793219984,1,0.9313950990440787,-0.9165230694397392,0.07657350383555994,-0.04644590665625614,0.9730436899575953,1,0.07088195361158989,1,0.019499289522492358,-0.010896857953001993,0.00800071341896691,0.07020840076238066,0.06716052228641811,0.16014216992885957,-1,0.8857692972585414,0.14181688052293898,-1,-0.041608067511991156,-1,0.8296373047752107,0.8398073274616421,-0.02900972981282717
1961-04-19,1,-0.08076931145516542,-1,1,-0.061062751876057586,0.9915874242830084,1,1,0.028876885548723474,-0.9190266486074807,-0.9570620063161774,0.015689064200462788,1,-0.8770683530186648,0.09661833034311973,-0.9579671737490569,-0.9354323651717971,0.9364588258499724,-0.8321713688344405,1,0.2044194205214709,-1,0.8853050918748122,0.21758227665431698,-1,-0.1009211042347979,-0.978465756465088,0.8856405918824676,0.7735415010545226,-0.08050652116391124
1961-04-20,1,-1,-0.035625144297630085,0.05177046170278965,-1,0.00837050586204946,0.02507729022689653,1,-0.9355570891233821,-1,-1,-0.8912716021725702,0.002519230669179473,-1,-0.8242622121477149,-1,-0.046192220799688544,-0.06306355438837041,0.10311027680594864,1,0.24727377529924863,-1,0.8966198454731217,0.27310919861629745,-0.9404409930250759,-0.14329305974742543,-0.9600835736824418,0.9575990270077418,0.8030536143106294,-0.09583829274860282
1961-04-23,0.0028427512555918577,-1,0.9580413987171604,1,-0.13443815510181156,0.9531608360335159,-0.8959944105407458,1,0.03422419513801256,-0.006141505757532029,-1,0.0905829545791571,0.8700309351927638,-1,0.17495151182110436,-1,-0.9986639759602908,-1,-0.8577682027967891,0.047550857005689395,0.16459303549355928,-0.9584803275458396,0.9009437875468846,0.3187715905067425,-0.948394881925121,-0.17436745810074195,-0.8555611002076916,1,0.7697748024449342,-0.10117669228198199
1961-05-30,-0.9931469161239236,-1,1,0.03897733535382364,0.8101440177476897,1,-0.03037220352372172,0.08532819052738572,-0.9154540533458458,-0.9549847294704489,-0.04154225135594547,1,1,-1,1,-0.002558082945778861,-1,-0.034294490356640006,-1,1,0.26773791938143493,-0.9842868900761012,0.8327234199750992,0.3527076211390725,-1,-0.08207213312438946,-0.9726200575112324,1,0.8305105829413415,-0.0531827184031816
1961-06-05,-1,-1,0.07481721061598468,0.9766985355810529,-0.1281605357261204,0.03603980033435217,0.9172536291688652,1,-1,0.020326283829497305,-0.9612197747418141,0.07263518485210918,1,-1,0.029885297596401017,0.9927799864601078,-0.01733377921107493,-0.9864414750325895,-1,1,0.2747486236154171,-0.9785776621267148,0.8365414520945786,0.34772379571638,-0.9822790610786618,-0.07692357658914302,-0.8867675358231661,1,0.8335809065787066,-0.05478995236646008
1961-06-15,-1,-0.0036442551837858606,1,1,-1,-0.8971157155221922,-0.06961074352432428,0.07941175969982328,-0.015827023200035928,0.9738140234912699,-0.00444591330459454,-0.9099092965976174,1,-1,-0.9697836855412242,1,0.9525571854912038,-1,-0.1084424013634957,1,0.3031737912828464,-0.9696384263011006,0.7823946043986197,0.39998689800916976,-1,-0.03323603609243457,-0.9035845133711345,1,0.836762465513858,-0.03918628163716355
1961-06-17,-0.00998805894005761,-0.9233839632298458,1,1,-1,0.021351278062264445,-1,-0.8785943954091802,0.8796138179769588,0.009258969349243973,0.9345648503533313,-1,1,-1,-0.0034381559823206675,0.0661455118556431,-0.0023243246234005976,-1,0.8914219681470599,0.05686976751309081,0.3667425517530134,-0.8954038491194439,0.8159873183740178,0.3951162081493999,-1,0.04367255805479338,-0.9091345566870653,0.8890354683485577,0.7515347155802987,0.007010888753348349
1961-06-18,0.9466232390084695,-1,0.049744026751606274,1,-0.01280747268589888,-0.9528660114585759,-0.00996611238483891,-1,-0.06193210301948948,1,1,-1,0.03414405563122114,-1,0.9283779857613557,0.9970111407073592,-0.9738611200134315,-0.01442133613173191,1,-0.9145997078068717,0.4406574519690844,-0.8529351718793906,0.7896896992327679,0.36813214800002075,-1,-0.01175238373334836,-0.9432749508806537,0.8916223974906011,0.738359040483071,0.01886614370634147
1961-07-10,1,-0.04244981261092318,1,1,0.9616774597357227,-1,0.9758839180125132,-1,0.8726954518804283,0.011940088602536036,1,-0.024430849023958756,-0.8809406430905713,-0.0141217162978029,1,1,0.01657393652244854,0.9612723112859691,1,-1,0.4806646287782106,-0.8852473800163796,0.775056382567211,0.3800100684994064,-0.98477085314911,-0.07024127807809169,-0.9890478005756504,0.8564107198090231,0.7309068651404654,-0.03218871428331728
1961-07-12,0.0095890988009657,0.8777799545632079,0.013138900169497258,0.0581983340997666,0.04505698736107944,-1,1,-0.049196005290171874,1,-0.9577311146533773,1,0.9192945716457949,0.044040164497772816,0.9238961191120256,0.003348288015858847,1,-0.9126368147103234,-0.020694563738628435,0.056349118212060456,-1,0.3595181259113328,-0.8681265158905281,0.793740979004375,0.3418118962185288,-0.9403991265200643,-0.1334978935383222,-1,0.8103890254423729,0.7006171658781363,-0.04246369072963868
1961-07-13,0.9536477779519842,1,-0.9793349679260139,-0.9011066831589167,-0.9034597344591978,-0.006291589658816821,1,-1,1,-1,0.06967206262766967,0.039010743869951514,-0.910825892202261,-0.04077729120130502,0.9321810914826486,1,0.08723515825741723,0.931885580861519,1,-0.00464006873782552,0.39679905070857935,-0.8542060757192592,0.7663665724413335,0.32955949610072444,-0.9187980795062395,-0.1547971435703413,-1,0.7194513299917212,0.6830406942458243,-0.010324780226173363
1961-07-16,-0.035344402248602025,0.039263906095618695,-0.029381958043634193,-1,-1,-0.978015124092521,1,-0.035778667017529964,1,-1,1,0.9882755699663004,0.0431835660109785,0.902582963601778,1,1,-0.9082504217385715,1,0.10551427939427316,-0.9912724180810141,0.36273361923899,-0.7503053610062359,0.7577810742605289,0.37870343427727693,-0.9674082567945913,-0.09655924135269073,-0.979370367209585,0.6503218581548935,0.6940299724423251,-0.07810495447858669
1961-07-27,-1,0.9683187118068184,0.9552637043274587,-1,-1,0.019017902068569015,1,0.9273285353469323,0.0818240480161474,-0.0075931503274596635,0.024619114457561708,-0.0095091981595673,0.962301038379201,-0.04692146559193422,1,1,-1,1,-0.846637490381438,-1,0.28580500913639295,-0.6905240133121082,0.7479485440949628,0.3446915062684798,-0.8399882155596823,-0.05498546262640317,-0.9584539542468197,0.6392332920305718,0.7568624346987303,-0.10753585317691788
1961-07-30,-1,0.019516661572641203,1,-1,-0.03863214121402103,0.9886781216787808,1,-0.03460132555350026,1,-0.9781582707735177,-0.8960219275993929,0.8502199256556241,-0.026722990989095363,-0.9889269193398927,1,1,-0.08996691513996558,0.033450473720251006,-1,-1,0.30636674218672366,-0.733554485466846,0.6971687216914422,0.3641882494480469,-0.9020434863865037,0.06976809448533144,-1,0.6287008295905175,0.7256480282913034,-0.06458253777430872
1961-07-31,-0.0805737176393152,0.94678036475394,1,-1,-1,0.0598327410802717,7.319918973482942e-4,-1,0.02593130601878746,-0.011014800093467558,0.06775715410836092,-0.10552783760411366,0.9420600663141337,-0.004377835708030409,0.04570184892970741,1,-1,1,-1,-1,0.3022572131818725,-0.7566934124568889,0.6009881779798801,0.30214303323020275,-0.9199253913913044,0.03865860652279504,-1,0.565570293090729,0.8128854267787033,-0.14113743271656376
1961-08-10,0.9188433640112392,1,2.3931188407821935e-5,-1,-1,0.9918895820720882,0.9231936581911602,-1,0.9712946381726292,-1,-0.9121934046021241,0.8450527881742498,1,0.9701159148742424,0.9768291672400647,1,-1,1,-1,-1,0.3050272543281347,-0.79271080391003,0.6750135160673422,0.27893783108080317,-0.7877931183499358,0.09201396946498905,-0.9542746069183238,0.5105896295295734,0.7937878575143931,-0.2125907277198075
1961-08-19,-0.04990873841500443,1,0.9449253584780809,-1,-1,0.019539260220929333,-0.05575720936710282,-1,1,-0.03967376361103325,-1,1,1,-0.028565316840217236,1,1,-1,1,-1,-1,0.342460947200768,-0.7547585701829455,0.6104346795040758,0.22467528277853888,-0.8289838460736746,0.021314361926630263,-0.846060276189893,0.5321315432263216,0.8991300603435615,-0.20257428829811927
1961-11-21,0.8407972422446066,0.004009118372317211,-0.05412026707448647,-0.04425035516778386,-0.010014470329125724,0.988877546273907,-0.994477484938637,-1,0.02169287612309656,-0.9961084783693112,-0.02149108629022134,1,0.1065619748304042,-1,0.038852056403158364,1,-0.008886399447956994,0.009615176366462697,-0.0439283546490401,-1,0.4026709706058754,-0.8571405289530598,0.571369892903861,0.2127993565851699,-0.8320056292303094,-0.04559411666497043,-0.9066877129742746,0.510688349608116,0.9352342522435281,-0.19767472858041577
1961-11-27,1,-0.9119203737421016,-1,0.8570373235611338,0.9713709347985386,1,-0.015907220214662288,-1,-0.9544205276352077,-1,0.9726875260843105,0.04171259087922807,-0.871656226352418,-0.04433984042290928,-0.9510640270258569,0.060721011902162725,0.9780509829527148,-0.8872660784179076,-1,-1,0.39823918653364476,-0.8998886811116803,0.6598767808758296,0.13305761670383023,-0.9355817376614355,-0.147467530705029,-0.9131143836389757,0.5743933801135827,0.9219081061113166,-0.2379762373788601
1961-12-11,1,-1,-1,-0.11385745193556684,1,1,0.97588963526062,-0.09633761632329174,-0.03543598291154659,-1,0.014830481288244601,-0.9370929442445876,0.045516785313165053,0.9025495319497235,-1,-0.906949154433616,0.023803613445566252,0.09453264948004991,-1,-1,0.35390587493910963,-0.8315005137675434,0.6748292944704417,0.10861482516032583,-1,-0.03178506013096552,-0.8817967248179812,0.5324212530310524,0.8961014090017203,-0.23964840248897423
1961-12-13,0.02282856075069417,-0.056517537125672423,-1,-1,1,1,2.2498530401471317e-4,-1,-1,-0.0038610626742244802,0.8654606970878123,-1,1,1,-1,-1,-0.9235085240249601,0.9958418588724524,-1,-0.11124891453444086,0.35736796996758613,-0.8941235755749147,0.6566644589092742,0.1878393203214308,-1,-0.0635073255278667,-0.8443637013216015,0.4711036564141954,0.880206328309303,-0.2597915715246824
1961-12-18,0.9769702605266649,0.910650254390959,-1,-1,1,0.07411632247914135,0.9865501006343511,-1,-1,-0.9308304165488104,1,-1,1,0.07066414074095828,-1,-1,0.05642343709498532,0.0014593799879986102,-5.154503791503506e-4,0.8607960388354442,0.30486971642971533,-0.792483766651401,0.6388662757107844,0.2450409965486517,-0.980304580198114,-0.1287689103522969,-0.7457496197295599,0.45086839273625634,0.912402306741783,-0.3005040245583232
1961-12-19,1,1,-0.11895855664542565,-1,0.06763857913039162,-0.9165363921171853,1,-1,-1,-1,0.05896473608437991,-1,1,-0.8691645689343535,-1,-0.01971098571094554,1,-0.9917561884282907,0.8927390757414752,-0.13654209003570994,0.307239305218454,-0.7900716902666906,0.6648066549700548,0.24630804673856158,-1,-0.15921488330039962,-0.759756162173568,0.4647576815651271,0.9071174671350436,-0.2971597891696867
1961-12-28,0.03984704727132782,1,-1,-1,-0.9248587088648366,-0.016535178316908095,1,-0.0647362566512596,-1,-0.06624368756746035,-0.9206161312086388,-1,1,-1,-1,0.8859825043439562,1,-1,-0.10386435919205605,-1,0.2989482585712268,-0.7387539346489284,0.6756277784445608,0.2967132931293461,-0.9576119532833275,-0.15312700475237132,-0.767344141661455,0.4383808137532627,0.9531820578185585,-0.23240861542256425
1962-01-03,-0.8796629493367708,1,-1,-1,-1,-0.9623005058898759,1,0.8948795651605483,-0.10982227722640747,-1,0.026347207461663302,-0.025982310041333556,1,-0.0010715846652209482,-1,-0.07781592286405359,1,-1,0.7741116079813724,-1,0.2697535267614101,-0.8796077267414777,0.6795318100950217,0.3953514956185238,-0.9558752889643134,-0.22021171442879142,-0.7972961496797304,0.4126362826483954,0.9957767435740057,-0.17214627088380602
1962-01-04,0.031191012653580596,1,-1,-0.0650993052652099,-0.08540919421371129,-1,0.07286261314600251,1,0.832125108037075,-1,-0.9650757378272004,-1,1,-0.9605330556557599,-0.025992301919155913,0.9178567538569562,1,-0.005346491002992559,1,-1,0.241904955116998,-0.8854380304242019,0.6760977686904529,0.47434480514280375,-1,-0.23022876487040841,-0.7999763517776151,0.428049241295224,0.9855708988189164,-0.25438302746067815
1962-01-06,-0.8798177917029006,0.042906223391797615,-1,-1,0.8795488678496325,-1,-0.8585481422946192,1,-0.15425520131454207,-1,-0.008144055646607251,-1,0.0752706455455383,-1,-1,-0.03164341398043469,0.019104361947458903,0.9354677502912379,1,-1,0.28431650149215126,-0.9228437282760202,0.7161863962293363,0.3870307977557448,-1,-0.3092660536167812,-0.7013249007657303,0.454007700670164,0.9983956398448564,-0.2333957263336861
1962-02-01,0.1182383115392448,0.9707445765205538,-0.06053269952933693,-1,1,-1,-1,1,-1,-0.09593306327449691,0.9680263150837248,-0.02951513033652553,-0.9141862279287938,-0.0335065979160889,-1,-1,-0.9059528470806885,1,1,-1,0.34459148962402486,-0.8242045484521551,0.6933701514512952,0.4315157719644116,-1,-0.3401242200516128,-0.7120703190063175,0.3836497813307511,0.9227859763777304,-0.14927278004800382
1962-04-12,-0.8751425085148616,-0.014888820268127767,-1,-1,1,-0.029795709206271725,-0.03496025806695735,0.011502323618227228,-1,0.8454735606969052,1,0.9539376442724089,-1,0.9004733771188999,-0.07713050763878404,-0.05520956190509174,-1,0.06157040810155889,0.023817725336183093,-0.03953070584221163,0.35061068371178866,-0.8735924040266246,0.7561269092606824,0.4416165317672694,-0.9561356665582896,-0.3820201920680224,-0.7785213524460202,0.3034150224584367,0.8902683405341394,-0.0825772773748777
1962-04-24,-1,0.936215976931747,-0.06686672854134557,-0.03975683022823773,0.03127488623557073,-0.9559256508352018,0.9649566375561426,-0.930853168987913,-1,-0.07231564886914954,0.1257322957690481,1,-0.09575932088676353,1,0.8475850602681896,-1,-0.035532744836493046,-0.9138319909800762,-0.9694599657836622,-1,0.3633864346099405,-0.8982382304113739,0.8354636683924119,0.5170917556888714,-0.9764106102705016,-0.44672353402184073,-0.7325915838221743,0.32229887378047223,0.8925134952362068,-0.07561420013750725
1962-04-28,-1,-0.015906076794728774,0.9205401663277892,0.8953712519689998,1,-0.010087063181570266,1,0.06871251087504127,-1,-1,1,0.052655021485947806,-1,0.0696756527668071,1,-1,-1,0.053318756297067615,0.00942156288479945,-1,1,0.04564460119389435,-0.08693851882648784,1,-1,0.5517090556992825,0.2195993631162485,-0.5651786807266461,1,-1
1962-05-13,-0.04198928417350645,-0.9463006697929032,-0.06623469245243996,1,0.045520029070082124,0.9603765893724999,1,-0.8715655157574174,-1,-1,1,-0.9237732306093935,-1,-0.9124890507217319,0.05899887374405921,-1,-0.0014266513074218112,1,0.9323099062719199,-0.07001381265201467,1,1,0.8663653353432097,0.026565476538857324,-1,1,-0.724294365568602,0.355930286463748,1,-0.03534246471791336
1962-05-20,-1,-1,-0.9947520979650932,0.07427440061592672,0.980020010849409,1,0.06715157480565559,0.013324468900354658,-0.041472406432199294,-1,1,-1,-1,0.036096384112635826,-0.8943311257678997,-1,0.9398653991258435,1,1,-0.9845050692054165,1,1,1,0.9908745177014837,-0.08955721815279816,0.05001615974905471,-1,1,8.976868578552955e-4,0.8803654788385857
1962-05-28,-0.009663826437180778,-1,-0.0033906705381960833,-0.9160650259517874,1,0.01965153586113666,1,-0.9053273494027109,0.8959057478310912,-0.016610463545594034,0.014578337805098318,-1,-1,-0.8651604356583263,-1,-0.01045871700012424,0.02507169622884331,0.04646293466713891,0.008317829479749905,-1,0.008142149134286347,0.03767438591524286,1,0.005282857535566898,0.8830887739902872,-0.898445216976516,-1,0.015085066508810918,0.9723999786913391,-0.08992283827096914
1962-05-31,0.971900243922709,-1,0.9645875434671343,-1,1,-0.9690162267553203,0.06243162637429567,-1,1,-0.8682717340927911,-0.9606278388206122,-1,-0.03625363605963994,0.09817272362049256,-0.08649637606254434,-0.9645401403997346,-0.9722063973730746,-0.9265468416403426,0.9742162544080765,-0.09083497281385078,-0.9550270872902614,1,1,-0.9877049493625901,-0.09587077988483295,0.09468627577569544,-0.06015976125594724,-0.9741827240486458,1,0.855327666844312
1962-06-04,1,-0.0251343315560294,1,-1,1,-1,1,-1,1,0.0989483262405052,-1,-1,0.9218339806427539,1,0.8990900584266098,0.010995929552112038,-0.03341784051743679,0.042776252582617635,0.020016850703368005,0.855841007718452,-1,1,1,-1,0.8314825144003076,-0.8748503554677359,-1,-1,0.03480758239363957,1
1962-06-15,1,0.8982791440321243,0.03731089910970353,-1,0.046027268329050464,-0.003644998054777804,0.03590100520627593,-1,0.008752970918331049,-0.8909353718220339,-0.12281438322802529,-1,-0.019558819676996797,0.04279063425194707,1,0.909680264909834,0.9618108249440405,-0.936473613981853,1,-0.11437096059620067,-1,1,1,-1,1,0.09914097792357646,-1,-1,-0.9614092116980244,0.06847158335552483
1962-10-22,0.006699470429109455,-0.10010948983705825,1,-0.06863750038271199,-0.9036870628342079,0.9782383790866477,-0.9553171444695553,-0.0026157015004620865,0.8999654378676791,0.07948899800627873,-1,-0.10302437075828652,-1,-0.9140353944875468,1,1,1,0.023702861901813588,0.021388097356120905,-1,-0.0068256704108893285,0.029828390164582164,0.0659115670771413,-1,1,1,-1,-0.07412526287304899,0.03049094378750772,1
1962-10-23,0.9778614482931856,-1,1,-0.995594733988535,0.027472516467391017,1,-0.005734375251471913,0.9799970372822584,1,-0.8982207192824698,-0.0017735674152015157,0.8669199982999922,-1,-1,1,1,1,-0.9562429812896615,1,-0.012206946631734272,0.8466482923599687,-0.9449208905046337,-0.890745579673768,-0.023135267653631608,1,1,-0.06484383235502478,-1,-0.9453683275320419,0.07001781334506918
1962-10-24,1,-1,1,-0.04818253303815412,-0.9292665611813958,1,-0.9653583515501065,1,1,-1,0.9652264105191755,1,-0.031732955147793396,-0.062468174305390534,1,0.0844237986918227,0.0042314665754226155,-0.001031386843539539,0.07361540726767346,0.9855975810180684,1,-1,0.04683345473430656,0.8944702750729665,1,0.07984242051253676,0.930823245492714,-1,-1,-0.8999252327555681
1962-10-25,0.009583751106535532,-1,1,0.8558950445958674,0.05411522730524099,0.018375890306653098,-1,1,1,-0.0025046173479693623,1,0.04320941647802412,0.9523691842536965,0.9215946410418006,1,1,0.9461962614858941,0.9966542444103655,-0.8636700777397709,1,0.014785243888994604,-0.03469369958827473,-0.9130985043864805,-0.052920865993157706,1,-0.8673067964155607,-0.06442516705488044,-1,-0.09007465985762741,0.058893015068862686
1962-10-27,0.9503863381276119,-0.05887876532986691,1,-0.07825726459212035,-0.8813710274039331,-0.944865780553593,-0.09229386086733982,0.05282408084208956,1,-0.9727550541639665,0.020925538252872133,-0.9152445894883312,1,0.029077590440121814,1,1,1,1,-1,0.009725355120047907,0.9768597653548259,0.9039628254321758,0.03287962803125988,0.8642806537284481,1,-1,-1,-0.04402074979892612,0.8637284508433103,-0.9157395762285142
1962-10-28,1,0.8691169169914722,1,0.8605018609461415,0.0942017460876805,-0.009648308796105676,0.853315929422589,1,1,-1,0.992760975118084,0.07780046401428897,0.09149205207763089,1,0.0914633210477126,1,1,0.028836317168037362,-1,-0.9792682261283513,0.9713001917774097,1,0.029512328006063973,0.9486718687828192,0.9811367512583473,-0.9498762010387933,-1,0.030659018648703795,0.7591363704528505,-0.979351741340591
1962-10-29,1,-0.12842064084589333,0.06849664007947853,-0.10299606629157454,-0.8461977528001358,0.9528208769859541,-0.12340703519046547,1,1,-0.01872296192316214,1,0.995015915426833,1,0.04243671251737835,1,0.08345195458662535,0.02610427465569487,-0.8977776160475245,-1,-1,0.9591888901461921,0.9372592097257516,0.1147963507094434,1,0.9096489712540469,-0.9650446272538344,-1,0.04659989527545286,0.7620773619825386,-1
1962-10-31,0.030240240469692203,0.828074430592701,-0.9309724163767262,0.8811220794835898,0.08813944136431051,1,0.8692146144844498,0.027231773346394483,1,-0.977903374869382,1,1,4.544236201786678e-4,1,1,1,1,0.08348297707865515,-1,-0.02830744156586884,0.9964035634211036,0.9203729498921963,0.08422253883753662,0.9750287909321715,0.9072575171328878,-0.913239039697239,-1,0.1364801651881215,0.7485189601477769,-0.9353019316694802
1962-11-02,-0.8520936862342634,-0.14753563568913408,-1,1,1,1,1,-0.9547211646944073,1,-1,1,0.14285612628212185,0.9672424157453537,1,0.08044267471376176,1,0.009648006731088343,-0.8626208048135954,-0.002076371503500707,-1,0.9454074776622181,0.9946541354943634,0.11888096622636529,1,0.9286937988934991,-0.9624408564654562,-0.9425471733364382,0.14090174700982372,0.7259140113740322,-1
1962-11-03,-1,-1,-1,1,0.008006013042239246,0.054335169567691355,1,0.04384815804246811,1,-0.029982272941575072,1.2971311401011043e-4,1,0.006662570237342402,0.03600261793917248,-0.8572617856513318,1,-0.9566409847310536,0.10710827752456276,-0.9550426146734154,-0.0780308906378605,0.9812855678084214,1,0.14732691160348768,0.9852008421385654,0.9651144422973315,-0.9882238829674789,-0.9668303165033013,0.15931346484765452,0.6569099919894834,-0.9970345799394833
1962-11-04,-1,-1,-1,1,0.9800661644767905,0.9411887635191917,0.017915166838612828,-0.938906196799543,1,-0.9971096095903856,-0.9892877845565237,0.018191836914770554,-0.9549662333369247,0.9757468569140306,0.11460006956304258,0.03374546206548512,-1,-0.7867058864114034,0.018491158323388657,-1,0.9807102866658162,0.9052145521779003,0.12423391531348169,0.9022182696914197,0.9278501547568969,-0.9653700389393713,-1,0.12157179297371408,0.6575665906319222,-1
1962-11-09,-1,-1,-1,1,0.016881147736917956,-0.045954734584363055,-0.907447206960891,-1,1,-1,-1,0.9947858624782165,-1,1,1,-0.9231414821903386,-0.016309164632389517,0.14091063862666742,-0.9633908699710054,-0.04299581547968134,0.9294452052182278,0.9734964802636711,0.13463599432386084,0.9413450236239591,0.9623068087204542,-1,-0.9405791732719295,0.15875064536055972,0.6189758318697165,-0.9114489497489383
1962-11-10,-1,-1,-1,1,-0.933029076731799,0.9441586716208269,-1,-0.06100808707687788,0.05364564880773637,-1,-0.1568926842762638,0.10277909129778007,-0.02245899856060063,0.0644072883855904,0.07145969914479444,-1,0.9811040674507542,-0.8078900132451657,-1,-1,0.9066310978378134,1,0.22612814179845092,0.9370424075077892,1,-1,-0.9550814065323205,0.27116227844240237,0.608256351008009,-0.9677710275260746
1962-11-11,-0.055115754353835644,-1,-1,1,0.03498646133213512,-0.042135858703571505,-0.09181167198220908,-1,1,-1,0.7969290232322335,-0.8874407106290391,0.9543595406875159,-0.9007174600078727,1,-1,0.023871638081352287,-1,-1,-0.03597126330521205,0.930880674713715,0.9678904544366016,0.19836424519603796,0.9064673542716395,0.9728933276266253,-1,-0.960083486654731,0.2609591804455816,0.661478106017387,-0.8676694511792932
1962-11-13,-1,-1,-0.01689086251074612,0.051010535561657466,-0.9627389166348007,-1,0.90203692918669,-0.0012141750729141032,0.038033383341655624,-1,-0.19496649767563412,0.08651207706797615,1,-1,1,-1,1,-1,-1,0.9199708490738795,0.9715643677591407,0.9604688813573339,0.17853597449556075,0.838916495505014,0.9862818048368278,-0.9490188359588461,-1,0.2407657619124302,0.665878805365539,-0.893932910425585
1962-11-14,-1,-0.0012567067975252089,-0.9903640827328739,0.9828159175354874,-1,-0.04042521012055944,-0.01611638586576991,0.9952534125840138,-0.8197603344839732,-0.014586230866276306,-1,-0.87519876334508,1,-1,0.0029379142282947024,-1,0.09917902962885783,-1,-0.050952567099251445,1,0.9216058927854912,0.9810628831118322,0.24539516566141364,0.7494115896166039,1,-0.9289698019358081,-1,0.2656838523734482,0.7154420307918241,-0.9196384833696304
1962-11-15,-0.04484962652200897,0.9885328563482517,-0.034587535877351305,1,-1,-1,-0.9186179694985762,0.05731678285102548,-1,-0.9490156667317134,-0.09204458639692092,-1,1,-1,-0.9828634703538596,-0.018234674479045032,1,-1,-0.9641292442469425,1,0.9561442865521369,1,0.31324479916909453,0.6840221692655318,0.9528261860406989,-0.8675463608715447,-1,0.2821638218687256,0.7027216281064546,-0.9340887191697322
1962-11-16,-0.9982429967838381,1,0.9470063265873488,0.06866312396682706,-1,-1,0.06560139068499149,1,-1,-0.09753202114796045,0.8688835284010046,-0.0047909588704243555,0.0634624656288757,-0.059433933295466757,-1,0.9078649110150042,0.01724887268809905,-0.012993435649514051,0.004930986290569095,1,0.9880504525164723,0.8655404057738905,0.3279762344177501,0.6715104606336415,1,-0.8717314218722874,-0.9746800439015786,0.2256756208393742,0.6946815452295572,-0.9471619311798257
1962-11-18,-1,1,-0.02627081975437129,-0.9244796975012797,-0.03963849515235773,-1,1,0.09174303425593822,-1,0.8617395022363645,1,0.9667974952771281,-0.918907736904591,0.9246119861819486,-1,-0.0358618991592039,0.9255518904227673,0.9380596123862196,-0.9295255899190602,0.04793761997339274,1,0.8021129626489252,0.3264768752787286,0.6648037516899223,0.966780572194098,-0.912388862820139,-0.940809425080877,0.2055203980366661,0.7634537482658493,-1
1962-11-19,-1,1,-0.9281219471624855,-1,-1,-0.04642348063761559,1,1,-1,-0.11621031456971409,1,1,0.052648102634016425,-0.06145532358871986,-0.0028879161219048655,-0.9946237394824707,-0.041612907880340666,0.004007599060139921,-1,1,1,0.8433319099409503,0.3876405015977207,0.6555236787116312,1,-0.9548691677106608,-0.9106452288894813,0.2682719757720405,0.7274463503536062,-0.9743340252400463
1962-11-20,-0.11523588083323721,0.0365711653995644,-1,-0.06100658216388177,-1,-1,1,1,-0.024998311878562385,-1,0.045932338249987104,0.11351356892625919,-0.8782566528189214,-1,0.9927257915288705,0.0030962346323510914,-1,0.9476672754089867,-0.03134249562389302,1,1,0.7962967081895184,0.4383650088617958,0.6509129793984079,0.9836763399396061,-0.9342345327772271,-0.9625448936864702,0.3097623969978698,0.6632432063421387,-0.9361023551390266
1962-11-21,0.8727826028146474,-0.8654099804375883,-0.03827494088495964,-1,-1,-1,1,1,0.9288332891727932,-1,0.9508997883359288,-0.8367556355624406,-1,-1,1,0.9312177339207884,-0.055292948394708774,-0.019226054625204658,-1,1,1,0.8233819262564681,0.3878725224688898,0.6691941647370533,1,-0.9592406178733583,-0.9761342390221579,0.28584592079111815,0.6854666405478415,-0.9585322614847578
1962-11-23,-0.11024928427752378,0.11581297723956707,0.9512444028094819,-0.040094219210876525,-0.053980146296268794,-1,0.03406030913082403,0.10730402346930168,-0.06763326449270135,-0.0019002157592881153,-0.007324986963126889,0.10845890248353418,-0.024368119586372305,-0.02274893843265935,1,-0.0642593249536284,0.8863179157314264,0.850351023638792,-0.03639907076000437,1,0.8583426525281354,0.8680338097481142,0.40145387179626607,0.7394892442121151,1,-0.9706694433774816,-0.9670981405067237,0.32564476402718623,0.7139787415617065,-1
1962-12-03,-1,1,-0.015936162435569057,-1,0.9196099047873846,-0.003710827232286884,-0.9615476942976592,-0.8703382470055876,-1,-0.9867743357630716,0.9643603689049586,-0.8902529767515039,0.939868737185045,-0.996902712032981,1,0.8943363762904085,1,1,-0.9569793194155515,0.023001372033374934,0.8079196935518,0.9402101895301885,0.40815504240523076,0.7619635556410577,0.9802019777343642,-1,-0.9565718338343547,0.34508109104934953,0.6886850032609688,-0.9727312258566536
1962-12-04,-8.936508328951653e-4,1,-0.9863280041622583,-1,1,-0.9748491844482207,-1,0.09246205010581166,-1,0.003146460322506761,1,-1,1,-1,1,-0.09832308378929522,1,0.06005520649491247,7.479274128168178e-4,1,0.8034774255148528,1,0.4181802464430039,0.7107601219938217,0.9956776843120665,-1,-0.9683760070680999,0.46428175763264007,0.6749260702546918,-0.8970445820250973
1962-12-13,0.9896939480727349,1,-0.0382486375537332,-1,1,-0.0270742595819653,-1,1,-0.03375965836619077,0.9707656561246178,1,-1,1,-1,0.028174942053727836,-1,1,1,-0.9976773791525005,0.0957228404531989,0.8569161222320325,0.9371160170181297,0.4881026780710867,0.6949377460357081,0.9886492683173267,-0.9663152825915311,-0.9410812261477411,0.49992699895074716,0.6798900157263873,-0.8902376929364373
1962-12-26,1,1,-0.9756558785905627,-0.04998416621921242,0.003618782623909911,0.9691262071967784,-1,0.030110084878846588,-1,-0.02781312617133158,0.0065215980220807435,-0.001269127215844823,0.10023359838029633,-0.021002056127186752,-0.9298748343490413,-0.0365392043271453,1,1,-0.023459579527004837,1,0.8377334309702252,1,0.5563317581199836,0.7650341497222565,1,-1,-0.8206578025073354,0.4471363310455134,0.6857802303696523,-0.9475290568437681
1962-12-31,1,1,-0.01124414521102124,0.9266534038679807,0.9544735101735318,1,-0.020272407903870637,0.9893368050379566,-1,-1,-0.9781710049857701,0.9665023237446633,-0.8196536774118907,0.9779069546947398,0.013431446143172598,-0.9654996707266115,6.120853877458199e-4,0.024775442425824745,-1,1,0.9593872141129192,1,0.6250860458990269,0.797645444908401,0.9149941565275594,-1,-0.836982525684668,0.5402276206647109,0.5900373595614855,-0.9261324369952925
1963-01-03,1,0.10582042783408274,-0.9516223061925262,1,0.0103988991659264,0.061260277099492666,0.9713385063627683,1,-0.004346384332250763,-0.004363768414657909,-0.02303998369512117,0.022674755210683073,0.15262133699172808,0.036332275655957647,-0.9799182154420306,-1,0.9945538029720327,1,-0.02911771452829115,1,0.963713840558415,1,0.5296269996525835,0.8258858783701045,0.995334562332752,-1,-0.8765331373550863,0.565270516263798,0.5979518431572283,-0.9867428281018051
1963-01-04,0.030232575270198847,1,0.022786809515447537,0.0017199054083361087,-0.9701015782112669,1,1,1,-0.9082582907650821,-0.9637425842329603,-0.9868152684865256,1,-0.7814813760001236,-0.9393622320771411,-1,-0.02336904955944341,1,0.04452540406641414,-0.9740570048236621,0.04398242366111049,1,0.9489686126481093,0.46945929689950283,0.892558829287002,0.9451701596127446,-1,-0.8537939758904797,0.5477029859502379,0.5108235536730998,-0.8987524586283412
1963-01-05,-0.9006983247195911,0.008308235958253585,-0.9436993021668377,0.952804873450952,0.0039808868854755985,1,0.05057778876052421,1,-1,-1,-1,1,-1,0.055568563870912246,-0.007650250036430162,0.9358480467511762,1,1,0.022460023698462117,-0.8774445797175967,0.9645748146488227,0.9378457464165308,0.47850935632289165,0.982589939890024,0.9703190216835614,-1,-0.7922913834331368,0.6069378893274905,0.40787756015097854,-0.8435865429522046
1963-01-07,-1,-0.9558796207172411,-1,-0.025681337150469608,-0.895237025477222,1,0.9998257158925368,0.009612864244887831,-0.1488247722781354,-0.093456253876807,-0.020777095845365245,0.05928429234034871,-1,1,-0.9649559853813714,-0.04944539415070548,0.002813810220791191,0.02852391613946692,0.9691929956328359,-1,0.9776084041242904,0.9728654733717972,0.4565384359852948,0.8547005323718162,0.8706164489429367,-0.8999717220660841,-0.8082206665443897,0.5693277472318011,0.3409135717320514,-0.834862865880909
1963-01-09,-1,0.030193243872103537,-1,0.9376932831261111,-1,0.007166184241857554,0.0023152764262281966,1,0.8449043410876692,-1,0.9403406220553885,1,-0.007393003190150682,1,0.030960073588712222,-1,-0.968945596203416,-0.9554781306597837,0.009127873058272451,-0.0778453460725188,0.9578420554092801,1,0.4309207042832073,0.8099179974920517,0.9555945674775972,-0.8324750791354629,-0.7952292143398662,0.5601425546537888,0.3069436533855121,-0.8063006885731281
1963-02-11,-0.05712275784887255,-0.9165322187177926,-0.0731549141355613,0.026446851259002258,-1,-0.988044564877599,-0.9540877460202807,0.03194705065400094,-0.14319574888463193,-0.023674945869887276,-0.05923149821513318,0.019690467844831083,0.9599338046097332,0.09278344644783187,0.9629827028523096,-0.04507940691570378,-0.042851241351032576,-0.02249200799628559,0.9389561424919611,-1,0.9891910634446417,1,0.375570623932933,0.8166174742368439,0.9981779253446673,-0.891672540342909,-0.7059299859111294,0.5906803976853431,0.25845839844532037,-0.6428446682769458
1963-02-22,0.9124103263221492,-0.042952688704478104,-1,-0.9272397753530338,-1,-0.03662441163931063,-1,1,-1,-0.9353818913454465,0.9390431860692051,-0.8858126113619311,-0.012070770445335333,-0.8950474762813653,1,0.9190269818611869,-1,-1,0.012956814978571707,-1,1,1,0.409242531501713,0.8200841298964232,0.9705733559505982,-0.9629295417893562,-0.606973517005704,0.6290926925917014,0.23627474404615967,-0.7061482751006054
1963-03-02,-0.06000122142222253,0.9532221860792262,-1,0.05045212522362652,-1,-1,-1,1,-1,0.02961845024253673,1,-1,0.9496400285365708,0.09711128274258751,1,0.009040570294969963,-1,-0.04986765421707684,-0.9523897905979049,-0.03944086246587131,1,1,0.4017394861350878,0.8197332227339322,0.9494981119835658,-0.9768818632589629,-0.6330620998840504,0.6388965564583067,0.2460911198135039,-0.6717132013301745
1963-03-03,-0.9645134177960738,1,-1,-0.9389622113350382,-1,-1,-0.05384841555656794,1,-1,-0.9576046553352359,0.007930419320695603,-0.05287979182183711,1,1,0.024265564646568816,-0.9669088250932711,-0.07872719441039899,0.8580056377101173,0.006922971249423648,-1,1,1,0.36227345581327197,0.8339419423871901,0.9454914068914395,-0.9786998675760565,-0.5346596919165646,0.6357401630254497,0.19860900062767425,-0.6651608853781689
1963-03-04,0.0016721235576380167,1,-0.03302356641009563,-1,-1,-1,0.8735225908079778,1,-1,0.03521476409523283,-0.9669698409261841,-1,1,0.08012202009223657,1,-1,0.8663932920744728,1,0.977562313166671,-1,0.9459044196476978,0.9948408126902157,0.3709486386247242,0.8233035572069745,0.9863021612753715,-0.9819705356142245,-0.511222954113601,0.6105454824179204,0.30021472192735105,-0.5886422005352437
1963-03-05,-0.9520428753403972,0.030340915725546536,-1,-0.019021703862014405,-9.701775657222633e-5,-0.04099523781186709,1,0.02680734218431169,-1,-0.876307340141448,0.007621279283471338,-1,1,-0.8592832754090672,0.012565656153094795,-1,-0.10168969698817865,1,0.03220317961587338,-1,0.9492737019875391,0.8906919196320688,0.3017848964859121,0.8338894826872577,0.9995131390595967,-1,-0.6047770846929802,0.6269677332976181,0.3163396289594997,-0.4832369995138661
1963-03-06,0.01969789727027904,1,-1,0.974711059683015,-0.993310599427467,0.932634890719586,1,-0.9350358512368444,-0.002959000906334275,0.02897137936562022,-0.9609512616986473,-0.008542554765459842,1,0.12825573453565842,1,-1,-1,0.012292128291634175,-0.919632086654135,-1,0.9489012392640402,0.8843145341353915,0.27196132350240193,0.8455554984371125,1,-0.9864982349233876,-0.6166866959190624,0.550201969299847,0.34941461970957916,-0.4719920188522818
1963-03-07,-0.899801860866455,1,-1,-0.003392681868902847,-0.07384130245117893,-0.04024134873329477,1,-1,0.9834819627365603,-0.9085316187993984,-0.014193845966554486,0.9882275273640942,1,1,0.037442566414348843,-0.010088997380608422,-1,-0.8969782117926046,0.055951720892238876,-0.05890816337316085,0.9781254272257738,0.8828415328084688,0.25133240120808187,0.8202999872774555,0.9774943184475442,-0.8538580878870908,-0.6013887874742017,0.6007282244597103,0.29287830972792955,-0.4872373686939151
1963-03-08,-1,1,-0.06697121278598273,-1,0.9085298042883524,0.9578053454145433,0.03758116566768899,-1,0.0694682275630989,-1,0.9512572677659521,0.03607444117331471,0.033287698057827164,0.12210688618173426,-0.942832677607885,-0.9976224908479789,-1,0.07830392320630108,0.9873644120563606,0.8749477044164304,0.93366490228869925,0.9503301106161203,0.13062548025221282,0.8226235255819261,0.9863485488519551,-0.8642786914054207,-0.5728518357383843,0.6008397927281292,0.28294172741428625,-0.43855213272567417
1963-03-09,-1,1,0.856148571157774,-1,1,0.0025326086841280793,-0.8711197442160951,-1,1,-0.04266733639096998,-0.040305331849515014,-0.8814083932246466,-0.9138891273343576,1,0.043073015632392964,-1,-1,-0.9064595565290932,1,1,0.8937083422218902,0.8784538233632023,0.14662316911987916,0.7729636808881135,1,-0.8042735902168856,-0.5816051092262762,0.5587277641836094,0.16392537240324973,-0.48133901785452565
1963-03-10,-1,1,1,-1,0.07774036466254841,-0.9814618072571393,-1,-1,1,-1,-1,-1,-1,1,-0.9445352816987447,-1,-0.028571859831072133,-1,1,0.013873329351199226,0.9471989448208895,0.7845363302177077,0.17819166037859208,0.8006508390385222,0.9929978371210079,-0.7339563803926165,-0.6006207003940384,0.5996743008956238,0.0998223943609372,-0.4705657336742591
1963-03-13,-0.01577513216541404,1,1,-1,-0.9097498406315121,-1,-1,-1,1,-1,-1,-1,-1,1,0.03280551672523113,-1,-1,-1,0.003236349028214791,0.9873448132271488,0.9743078776894206,0.7353391420697816,0.20426664807249362,0.8950591332125367,0.8796437212337849,-0.8278484668621531,-0.5134877911729592,0.6710297928368785,0.017026124989394376,-0.4348222810903328
1963-03-14,-0.9822335962445137,0.008503589159784886,0.001175932187753581,-1,0.009240316430172646,-0.02217762467219042,-1,-0.0262080806541356,0.025604506833854512,-0.01301867008002866,-0.027703384518411256,-0.07305441201138052,-1,0.02354558014065833,-0.959154481040174,-1,-1,-0.03095018904641056,-0.992933982071292,0.07818559127455371,0.8929537724248007,0.748699100392067,0.3199615997411226,0.8846530511225856,0.8657232107315599,-0.8101235987848392,-0.49533796950130676,0.6343838489974313,0.03824392203770099,-0.3781505893354027
1963-03-16,-1,-0.9379762773101978,0.969720830063318,-1,0.9794832337658976,-0.9861999692835365,-0.03414035392240744,-0.937401181393508,1,-0.9486368010700309,0.9534946526040365,-1,-1,-0.9752364966736914,-1,-1,-1,-0.964587678048186,-1,-0.8826186403590199,0.889418551608444,0.6997830097323376,0.3597501653783646,0.9459170097080907,0.8052775730183916,-0.8297483364894515,-0.4340776123112867,0.6018733791835098,-0.05797018722824996,-0.4027608706308012
1963-03-17,-0.0073882269549586654,0.017441955915780794,1,-1,1,-0.09575213156660833,-1,-1,1,0.05018961798760169,1,-0.0712698911949251,-0.03060793754910096,-1,-0.044686617422616925,-0.013602714164915652,-0.03589367383673614,-1,-0.02177012228142783,-1,0.9123463440937365,0.6459126062060015,0.38373296181231353,0.9210999816547728,0.7414230352587438,-0.875553305015574,-0.3637221259294654,0.6164281741964903,0.022182741219136652,-0.4132690428935748
1963-03-20,-0.9973527247976737,-0.9544063453375555,1,-1,1,0.86041740799445,-2.032955414232873e-6,-1,0.06803886551034,-0.9371867746737803,1,0.9098971688365984,0.9099269415964686,-0.018057887903797254,0.9232540651392023,-0.9868041654823971,0.9500573014901967,-1,0.8534033245584471,-1,0.9938311986023219,0.6077323259979126,0.37571608799590356,0.9627058529550312,0.8420839848880128,-0.9086145321032089,-0.30109912875837286,0.559053000020103,0.05650313490078624,-0.4185699636440176
1963-03-21,-1,-1,1,-0.08613972994352403,1,-0.08365957710520666,0.9342678725060775,-0.054589810652820425,-0.9121789407863368,-1,0.0417942515861256,-0.05016634068096182,1,-0.9637339050735165,1,-0.007112443521086642,-0.03490367048051768,-1,1,-0.026669877000635056,0.989341552067453,0.5874496792239765,0.39347375094347997,0.9237671352476108,0.8960883906566778,-0.9962184102930602,-0.3020204960118187,0.5662341327752916,0.10231320927716983,-0.3517057263713508
1963-03-25,-0.032167425631751234,-1,1,-1,1,-1,1,0.9290738048186032,-0.017682655309293804,-1,-0.9466167512909107,-0.967514917920487,0.011156785407543945,-1,1,-0.9504009047380727,-1,-0.038895235163430186,0.021283748478752473,0.9174052851663572,0.04619769998170242,-0.37879863226552646,1,-0.004902228741900161,1,-1,-1,-0.368190144028142,1,-1
1963-03-26,0.9232294223534822,-0.1138535350389277,1,-1,0.014746951511030892,-1,0.11602331657349385,1,-0.9878220441085923,-0.0395640039939229,0.03219640552701697,-1,1,-0.026875519017171112,1,-1,-0.04382420506004425,-0.9891124804716788,-0.9015670376900621,-0.05006492521022754,0.9547560921063993,0.6103319144313486,0.01497109292857679,0.9512220471442193,0.12450482653085748,-1,-1,-1,1,-1
1963-03-27,1,0.8756918144956823,1,-0.034338941424742475,0.9633199655127384,-1,1,1,-1,-0.9572007876785997,1,-4.07014463870925e-4,1,0.9698485220025662,1,-1,-1,-0.01951451442077412,0.019742205283290737,-1,1,1,0.9636817063160438,1,1,-1,-1,-1,1,-1
1963-03-28,0.03888488619892161,1,0.05713317800440454,-1,0.022404514131536657,-1,0.018196448540451993,0.02192328543304789,-0.02836838992430668,-0.016905991989476843,1,0.9439109979041714,1,1,1,-1,-0.047749360864041246,0.9477468014148938,-0.9625157316165256,-1,1,0.005092855906895122,-0.034305427287155466,0.04007456204212245,0.036780678941725875,-1,-0.0023403387710165813,-0.020681417209049258,1,-1
1963-03-29,-0.8870109416172144,1,-0.9343317923924968,-1,-0.9248495139241435,-0.023845515378685622,-0.9473311450487579,0.9773313416661401,0.9343842766076143,0.9385313029995975,1,-0.052290065718457845,0.07090641318292579,0.09909281164997175,0.014751069780601811,-0.09872641495964951,0.7973666516939232,-0.04899847858232165,-1,-1,0.06289563198935244,-0.8932624718888579,0.964482566537764,0.9991342339231879,1,-0.08495213931834866,0.8960122007169475,0.9714258588010545,0.09025202032653024,-1
1963-03-30,0.10639848872973956,0.011195592113079078,-1,-0.00939555482322052,0.04320020167013827,-1,-1,0.0023898831761419714,1,-0.02552298625367866,0.04206409303339553,-1,1,-0.8409703953299296,-0.9783859341225875,-1,1,-1,-0.037471575250267564,-0.025300423028230323,-0.8278128030466619,-1,1,1,1,-1,-0.1012832234696176,-2.5870391480720123e-5,-0.8706409688292278,-1
1963-04-02,-0.7793400015704648,0.9968490317928509,-1,0.9817557591327103,-0.9321541000948069,-1,-0.003727264753818238,-0.9176816170483133,0.017456291065664375,-0.9282012977626872,-0.8582412985728733,-0.052382369276365304,0.045373498682152125,-1,0.009189521402447554,-1,1,-0.01838533375190743,0.8923614814921568,0.8955638223204506,-1,-0.03814270795382235,1,0.010760088269554324,1,-1,0.8826795705454922,0.9399981829896498,-1,-0.017720920626181025
1963-04-03,-1,1,-1,1,-1,-1,-0.9471194367673279,-1,0.9214690012240455,-1,-1,0.8823678798756996,0.9641112062912428,-0.09345914571946368,0.92259583179547,-0.007766010000593959,0.06725559703221318,0.8799391370771513,1,-0.0836120632821592,-1,-0.9771720750630176,0.07288519551767447,0.9797526450453576,1,-1,-0.11520761478999475,-0.006228177590938744,-0.046367166888877875,0.9392056302208418
1963-04-08,-0.012154218174226239,0.006118165497603245,-1,0.01811789002034936,-0.05564589854297397,-1,0.049353344500618235,-0.027887500672687526,-0.049482937042436115,-1,-0.05381254773465649,-0.056898917099718616,0.022416510645139165,-1,0.047819161985358405,-0.9720545125135973,-0.9137814521594914,-0.04355369862291503,1,-1,-0.04153610486028936,0.0024040745936597663,-0.9116086680955147,0.02529100683992269,0.043961194935500325,-0.023359648181002224,-1,-0.9555110132949515,0.819791424130467,0.01835744243364279
1963-04-09,-0.9448639863865758,0.9254677442811191,-0.053398200887353586,-0.94263887071425,-1,-1,-0.9139520255019451,0.9574936426257117,-0.9761617029999339,-0.029460997022912383,-1,-0.9237763920501169,0.9528914036535069,-0.02086818070242813,-0.8866867349154266,-1,-1,-1,0.019115047735712376,-1,-0.9973113383733913,0.9173778587410112,0.06653534003155748,-0.9237445506231042,1,0.9679841857244207,-0.02296909876562081,0.037305516238872904,-0.10366197670955479,1
1963-04-10,-1,1,-0.9958972354905817,0.0037500949355883106,-1,-1,-1,0.02648345757707704,-1,0.9487286193222991,-0.10765778034638174,-0.07910637315405478,1,0.9638929731569003,0.062430903964583395,-1,-1,-0.02231007007856667,-0.9503012467402435,-0.02491608842619153,-0.015697278442927898,-0.04394528091664418,1,0.013954983756557349,0.03343296633324022,0.01690485593339086,-1,-0.9598711697947188,-1,0.008831071302233484
1963-04-12,-1,0.1008197582130278,-1,-0.9567348532564663,-0.0821222043182317,-0.03269958097194081,-1,-0.9469638442250305,-1,-0.04944226193094936,-1,0.9149368960625718,1,1,1,-0.08942301240782835,-1,0.9332083137118085,0.017238208174195524,-1,-0.07572814490828407,-0.02876406171127772,1,0.039003776436595916,0.020907995741977346,0.008321010183670076,-0.9599848327104922,-0.9213412011910395,-0.9944701253831181,0.04000452871433977
1963-04-16,-1,1,-0.09701175670916684,-0.00929720400085643,-1,-1,-1,0.03797086771748992,-0.07398476526096076,-1,-0.05500289745336595,-0.024822871170182115,1,1,1,-0.9956407781257162,-1,1,1,-1,-0.07849370773855929,0.04516418203323283,0.934130207655883,0.0647665231925485,0.048231411768600935,0.0507384439606048,-0.9835360154067908,-0.8866498654326178,-1,0.09629330340200218
1963-04-18,-0.05674327467396667,1,0.8996839665433006,0.9219933592407669,-0.029083802513277468,-2.0040405407784068e-4,-1,1,0.8758419782546444,-1,-0.9928792724103616,0.9573833522200401,1,1,1,-0.0345682665869127,-0.010594584581428812,0.07740187339184823,0.054900457660322255,-1,-0.14454084028845704,-0.014416233551621888,0.9179123950209476,0.0028656900518565925,0.13501333397408183,0.1174947534056956,-0.9681958554409452,-0.8702411365519359,-1,0.07349629839576162
1963-04-22,-1,1,1,-0.03312464310453278,0.9631339547677519,0.9589089918750013,-0.04733386614770718,1,-0.09497445456226883,-0.044388937882525514,-1,-0.003471640039804602,1,0.009774441892489327,0.04934912028819127,-0.9729291839476353,-0.9209426268716159,1,1,-0.004253001800381795,-0.19116149443111627,0.08836886937088648,0.9277412627936809,-0.015282102194849333,0.11777551701486964,0.014492849685783127,-0.988047176719859,-0.8379831484573974,-1,0.021603686621968834
1963-04-23,-1,1,0.027806097052248346,-1,-0.009031343443505535,0.007450071103455969,0.922610652273634,1,-1,-1,-0.005701322477994819,-0.9445691361887019,1,0.9716058671567461,1,-0.07528125190208557,-1,0.06834980408666214,0.021636710003342774,0.889085989473301,-0.1991652068429922,0.010376729742879162,0.9429295017731688,-0.03886113652129098,0.14555197305401804,0.04297190576627556,-1,-0.7697820644634039,-1,-0.00925729764490255
1963-04-24,-0.004734722303433414,1,-0.9455531361531161,-1,0.9743711170451657,0.9050843321077588,1,0.012971986567497318,-0.0064489491345925964,-0.07048888727575531,-0.9590464423753834,0.03814111430809841,0.06327352593701518,1,1,0.8354070644118207,-0.01756843648269435,1,0.9711329880846727,-0.017685879919370984,-0.15812974952794182,0.008614019254394,0.9057197804562216,-0.03268070668932849,0.08327581495154371,0.03583339749451792,-1,-0.71472615500246,-0.9150429019119619,-0.045172431796984006
1963-04-25,-0.9427723745176257,1,-1,-0.05651181372500458,0.0012671385654109413,-0.07667041073845648,1,-0.9262743274444094,-0.9798923836951814,-1,0.019624977017368872,-0.9434604077504222,-0.8108414432054949,0.022144890921691696,1,1,0.8807961979195149,0.006501650347993104,0.05460754209977148,-0.9998898775375612,-0.24123698283597317,0.10139604392550833,0.939417812413665,-0.10558206994057065,0.018663595824680065,0.06711204257662773,-0.9761329909492991,-0.6816925400182718,-0.9372900193680408,-0.0708631632807607
1963-04-27,-1,1,-0.029199165619069323,0.9423063616838125,0.9722704064010431,-1,0.0033410010821832703,0.06700256950031758,-1,-1,-0.9077509564206977,0.04728719259661296,0.16304132835168428,0.9453784858681242,1,0.017925662281518595,1,0.9567987379962919,-0.9369348031024809,-0.047565307357545494,-0.17670952186857725,0.10000637488461718,0.9947034141631087,-0.06648895119934749,-0.06068284870648338,0.01446648151708517,-1,-0.6664335260093845,-1,-0.08550943160099461
1963-04-28,-0.03970789737606284,1,0.942319035569166,1,-0.014259892093300919,-1,-0.9866643701556896,0.9437596845323765,-1,-1,-1,-0.9197200114666697,-0.8285923113867764,1,0.003122319545651564,0.9635635560620776,1,-0.025381324105800518,0.024877093173845233,-1,-0.09511430503681735,0.06714520336062171,0.9248081593077476,-0.06840860111377219,-0.05885625450192216,0.03834738892673936,-0.9538075683880805,-0.6336525718615212,-1,-0.06925430544243605
1963-05-01,-1,0.019863309450323108,1,1,0.9672892869227722,-0.04959902439605257,-1,1,-1,-0.12335465829835313,-0.0027895075381259016,0.030665939057855196,-1,0.013010759595869503,0.9692349320681412,1,0.00483676992564297,0.9271977553883737,0.9745804003697346,-0.011886812318595008,-0.08081228319639411,0.08915770649208882,0.9881337400037894,-0.12285540917498224,-0.033166942565701546,0.15674743358210136,-0.9097769611121104,-0.6359244667034321,-0.9420242959733651,-0.10835868925004435
1963-05-04,-0.06426979347089246,-0.9626490513820779,1,0.0802163714093409,1,-1,-0.09192018995373907,1,-0.07975333534603835,-1,0.9896091162501307,-0.935674165360824,-1,-0.9543931119155261,1,1,-0.9540589311017591,1,0.028688128055502693,-1,-0.12488362308344972,0.030370533503415703,0.9738295654205119,-0.15456649881169476,-0.07110404813161623,0.15113500019151163,-0.8856357289549551,-0.7513290438525811,-0.906411921328159,-0.0701388631519469
1963-05-05,-0.9845708377672449,-1,1,-0.8774148375181978,0.004268194315284024,-0.009156162688213287,-1,0.028946357508692788,0.8382869056948059,-1,1,0.03470022976303444,-0.003055467562120051,0.03869080070782782,1,1,-1,1,0.9613214013731661,-0.07126667713027801,-0.1377987221027033,0.031445556725168876,1,-0.12195234105880663,-0.05876939391114379,0.15121350363273214,-0.8116775745117105,-0.7381136504250877,-0.8565537533971939,-0.04416671024819757
1963-05-09,-1,-0.006969874146960486,0.04105412908640049,-1,0.9621577486220362,-1,-0.04734764324126606,-0.9581127837182903,1,-1,1,-0.9126160867318268,0.9650439217113078,0.9730363165697637,1,1,-1,0.045518203536422774,1,0.9193030302135596,-0.10017499025093005,0.07773113708733928,0.9943985833501565,-0.11295255127821621,0.01393840085959032,0.09351529004827197,-0.8154799477151894,-0.7548128096550121,-0.7784423311249541,0.023890130549650043
1963-05-10,-0.05408687837864101,-1,1,-1,1,-1,-0.9552578160339256,0.03055934054940279,0.028190102301082876,-1,1,-1,0.02337525269645313,1,0.0576883215871451,0.0426623005258554,-1,1,0.04641350136515787,1,-0.06995206005204917,0.0741075058013377,0.9718215097235179,-0.09510990932169724,-0.07687711927813984,0.06310783579484781,-0.7572615930435413,-0.7022194909243422,-0.7829388126770536,-5.166474795434486e-4
1963-05-11,-1,-0.11512744297339661,0.10364129984064285,-0.05017660153681347,0.0028824833079781342,-0.0306407146385419,0.039861881691663714,0.9908440349692683,0.9883228291849062,-0.030381235582462307,0.08357130872607854,-0.0742668513287047,0.9572642325492384,1,-0.9007062850298807,-0.9516645777176294,-1,0.08951965084778934,-0.9206032050578101,1,-0.03717657859900106,0.00480014381046609,0.9522018320143663,-0.008791911412128234,-0.11500550057029743,0.021048490761660398,-0.7448201982979904,-0.7857641220902284,-0.6466084700589931,-0.06680881926735793
1963-05-12,-0.03997463219740116,0.8386535364139417,1,-0.982807717380655,-0.9852098166728727,-0.9984267961564692,-0.9207474131371378,0.019107758039572986,-6.413798637550094e-4,-0.9710207613309565,1,0.8923017996705758,0.05199465945698689,0.03814907847974647,0.048697084656502465,-1,-1,0.9828792482798303,0.04719521559328843,0.0022328523039798487,0.02424642105750495,-0.012552851914332457,0.9571356528449232,0.00347352184526991,-0.12116773648627875,0.032804989404513145,-0.6717038261236571,-0.8121487015931554,-0.696221138433258,-0.12788660702064625
1963-05-15,0.9258759197882351,1,1,-0.05153369548013487,-1,-0.033990916666698845,-1,-0.9238801888640523,0.9424471506205271,-1,0.09042286538674638,-0.0904248891394065,-0.9285293904274037,1,-0.9378864842964273,-1,-0.009528620184927283,0.0016045416927649159,-0.9240102266426012,-0.9698741023242708,0.05767470426834548,-0.005426969634983975,0.904863204135684,0.013830893324833959,-0.15130769355214893,0.029766055774361217,-0.5955336064542351,-0.8518144974080053,-0.7364797649897716,-0.21769660023454646
1963-05-16,-0.007506770801134044,0.021830630338052437,1,-1,-0.029444345312261033,-1,-0.021512272285682865,0.022236608155017046,1,-0.021864618504776057,-0.8716721091372163,0.8561047569751049,0.06836910254682871,1,-1,-1,-0.9903749931327459,0.9753395187668646,0.022077125463408676,-0.03851358689870388,0.07378877032723849,-0.01298204513567668,0.9038660766448424,-0.021536638599175106,-0.10105108214661725,0.10304213568697647,-0.5806633770253902,-0.9231059211985362,-0.6998315640616216,-0.14238251843490585
1963-05-18,-0.8879961813549901,-0.9034787556232198,0.04098923796476628,-1,-0.9302269231724911,-1,0.8874526638181182,-0.9677729872042249,1,-1,0.009962603227964606,-0.07481565806724833,0.9947762923401341,0.010446416521061486,-1,-0.05618180081086854,-0.005564294732027686,0.02937673690779785,-0.9279181210223844,-1,0.05747459492537805,-0.05484510347985318,0.9251026335439099,-0.0917077791889665,-0.1112267941285235,0.11848455760401194,-0.5882402851088059,-0.8947835522019933,-0.6569249553538473,-0.16933474602197046
1963-05-22,0.09265227145642152,-1,1,-0.05169574304650271,0.018150480067331887,-0.055162502141337666,-0.1000259530360953,-1,0.09337195254822184,-0.01524566868756172,0.9993319577284228,-1,0.013628827891483786,0.9172389314611349,-1,-1,0.9822012817447734,0.9706598282718928,0.03407617613931635,-0.015613929518499159,0.034506362480611404,0.014714406551411652,0.9050705721069698,-0.07877676686659683,-0.14508965235803778,0.13281196608615953,-0.6226822296663908,-0.8957937617623246,-0.6922769851939187,-0.18734158180078997
1963-05-23,1,-1,1,0.9188287154716264,0.9996453784759874,-1,-1,-0.04680549561747116,-0.8253559583097416,-0.9627088983805633,-1.1253987907644536e-4,-1,-0.9857094831686725,-0.056033922865270314,-1,-5.503969383272578e-4,0.09592639337741837,1,-0.9384921674848505,-0.9788750972121977,0.06239128847632844,0.09532631966937667,0.9497440177783651,-0.0745675312070684,-0.17742653457666727,0.1691376343729243,-0.6478698874604658,-0.8764715254999598,-0.7499019925180345,-0.21708419283132754
1963-05-24,1,-1,0.06323022963461411,-0.05287912279517748,0.03196729108884799,-1,-1,0.9090960249302699,0.1267414033208223,0.0349048808723349,-0.9691521226269971,-1,-1,-0.9547649577380174,-1,-0.9436329682978437,1,0.0596976747868565,-0.05645189527977357,0.006581949255037078,0.018365682322312928,0.12103438285149429,0.9406378373910408,-0.20478076997889183,-0.22418526603166278,0.16809254087245995,-0.5940897397442548,-0.9071005488369366,-0.7602099504903117,-0.19102475036976047
1963-05-25,0.021023994437490034,-1,-0.8986014801726647,-1,1,-0.03941542540384013,-0.015335588746310025,-0.01234264136784946,-0.8381510269142469,-0.9130409269874579,-1,-1,-1,-0.004553131522021969,-0.014802621488439027,-0.05086748219193771,0.008833893038855511,-0.8870848062427668,0.9111951641137886,-0.9598355075701017,0.10856206593273462,0.0779159051701841,0.9771387825380573,-0.24445521280108054,-0.1547960381563186,0.19020528604244213,-0.6464298773707448,-0.816069115517675,-0.83008590812584,-0.2375873283352421
1963-05-26,-0.8946322558685391,-0.036782190154803884,-1,-0.018465559571452683,1,0.898254410493648,0.9634505253289973,0.9082151263256998,-1,-1,-1,-1,-0.04281836519130966,0.9799799548592631,0.9367338254960619,-1,0.9840033089215506,0.05435641590684692,-0.017624551429045066,-0.03595636595415452,0.08246591447951056,0.007464575723222719,0.9825739867459156,-0.27886746880189933,-0.1452149634842293,0.1712537719346072,-0.6339524890133008,-0.882712702326017,-0.8110638399773694,-0.20606367359333608
1963-06-01,0.04642447153826734,-1,-0.029743053000381825,0.9222018081951644,1,-0.10086649496927491,1,-0.07537099976637573,-1,-0.02810398647549206,-0.013876954610875902,-0.044740313152775046,0.9491941280085048,0.023799726922365982,1,-0.05078069999491641,1,1,-0.9536832713530153,-0.9829756773889496,0.01415813874273203,-0.0674333674327875,0.9907879614166558,-0.23704948805688458,-0.206518823278233,0.14762357043082397,-0.7055073441708416,-0.8134011119819722,-0.7668444100050021,-0.23706983601144926
1963-06-08,0.9461413433500647,-0.035795931447659024,0.8981734472962356,1,1,0.8790689843540961,0.031150164338157316,0.9239750301880232,-0.045586970391569115,-0.9868546451587062,0.9239879929085513,-1,0.010777105074176951,-0.9734071177782495,1,-1,4.4726152712470935e-4,1,0.03828367312854508,-1,0.018980000050815835,-0.05896928252398021,0.9357177236249956,-0.17093115065554207,-0.2690416619008237,0.13828591676872898,-0.7909324243244896,-0.7702660116078517,-0.681847335512865,-0.3195582049760188
1963-06-10,-0.014502670314903376,0.9551431379660623,-0.09172481520180231,0.04338587816860062,0.07951245979333932,-0.08218732234977422,-0.9031132315912536,-0.05567802876660399,-1,-0.00964516249977232,1,-0.051471215064550435,-0.9337356402485005,0.024215634410493903,1,-0.12436856381819139,0.9892996267519246,0.03684257723213469,-0.9491130211361767,-0.018712332567725642,-0.022215689543910976,-0.09478892925305421,1,-0.22775143965804318,-0.2836613932297857,0.18886810225426218,-0.8046593363476005,-0.8008537291322374,-0.6406608430721707,-0.36291917860941314
1963-06-16,-0.9969003050668542,-0.03389823509705803,0.9025091763447685,0.9965004988035747,-0.8829294339449726,-1,-1,-0.9648675804297622,-1,0.9499503034804129,1,0.9329520168200319,0.008982682817849863,0.9835103935843267,0.11457689980733443,-1,1,1,-0.07402689343197832,0.9659521636013487,0.03946354965606692,-0.05663837290770043,0.9587501853888507,-0.23024942540363683,-0.24833489854264348,0.1867945700370066,-0.7655609046329914,-0.8497723587460506,-0.6335871801572961,-0.2854459885000072
1963-06-17,-1,-1,1,0.03249265239761301,0.09731551451163534,-1,-1,-1,-1,1,1,0.018791349361546472,-0.85103457243885,0.035824224331797105,1,-1,0.05766996142694403,0.017683646985924284,0.9100203845485761,1,0.03191104399674787,-0.06976804604753317,0.9231039817079607,-0.18995354084645766,-0.2756976748595688,0.21658379878090703,-0.8540180550912543,-0.8447431109076204,-0.6041605558025364,-0.26585384290010694
1964-01-04,-0.019713780045940377,-1,1,0.9973605559299491,-0.8793980103115521,-0.01019924186579746,-0.11185733172117296,-1,-1,0.049784482730638624,0.054617998834430304,1,-1,-0.9633993647899094,0.023731669477453976,-1,0.9791167656630112,-0.9784270022250084,1,1,0.07788294967345014,-0.11764157555533569,0.9311622763223739,-0.17245586947356145,-0.2806343952183378,0.2049128325036431,-0.9228114040913227,-0.797812401078313,-0.6529737509023685,-0.29017629059761313
1964-01-08,0.912734452394328,-1,0.012263200402858887,1,-1,-0.9524819645778007,-1,-0.0709042038324178,-1,-0.914509360132587,1,0.058495103637945745,-1,-0.025371718604334736,1,-0.07878287832312414,1,-1,0.01062689088358415,1,0.09051592700970594,-0.08092669649489057,0.948187290291709,-0.2114830355561883,-0.32479771702671334,0.23305487612696718,-0.9526348285092784,-0.8037837287347315,-0.6678980940190568,-0.3121658387540168
1964-01-28,-0.05132533281777163,-0.012432141312045952,1,0.03621815478492052,-0.11794967390529876,-0.007916637384248415,-0.08372925954676258,-1,-0.01305885195565426,0.021589880124349148,0.07381627799498935,-0.9409550383564455,-0.017754242723973634,0.9674912949894571,1,-1,1,-1,-0.9749401784896591,0.12146180456035449,0.12771548003223304,-0.06321128989702551,0.9329923562498436,-0.2993672346559213,-0.30712567097916993,0.2889809953993949,-0.9960618964338304,-0.7451579427225263,-0.6618928659376107,-0.32654911233275075
1964-01-29,-1,0.9620895484901811,1,-0.9436570262169348,-1,-0.9127691589653621,0.8535213972334665,-1,-0.9971348370039256,-0.940790765537249,1,0.05714048699653207,-1,1,0.10766431857404446,-1,1,-0.08989945542113897,0.01716691771921164,-0.8391310925921215,0.1304985647475631,0.004200674906284424,0.9376652873070777,-0.38908957335630145,-0.2271394926813481,0.24243243747365328,-1,-0.7605313709121087,-0.6219028124602102,-0.24640375529374597
1964-02-17,-0.02036395386420098,0.00747596065746059,0.11860567940003341,0.027271112813253007,-0.006195774773866236,0.047082348483127534,-0.10116202544412922,-1,-1,-1,0.023959342377149695,1,-1,0.04542583811629297,1,-0.08252476161503419,1,0.8858619750941755,0.9409465869258679,-1,0.14770518386112655,0.010283808855069815,0.9871197781983855,-0.4667643342701586,-0.26387266804552256,0.22075846080444123,-1,-0.7387227422711182,-0.6104673121055243,-0.27591084466393445
1964-02-20,0.9081865135324951,-0.9519955009131934,1,-0.9297651495074413,-0.9292458520572171,-0.8882445400031056,0.8756995902528157,-1,-1,-1,-0.9723983252275804,0.06564753196112694,-1,-0.8374240618895077,0.010421816973272935,-0.9854118677210456,1,-0.06357852201882119,1,-0.012743425919793716,0.10345756927662064,-0.016980973919915144,1,-0.4450318395758694,-0.3351649432334896,0.18909802016064275,-1,-0.6755593584171863,-0.573441704521428,-0.3528978893642575
1964-02-24,1,0.03331295578621263,0.06236000857168511,-1,0.02276616319939828,0.1087996047503701,1,-0.02515964380917257,-1,-0.057002465386227,-1,-0.9266911803722256,-1,-1,0.9973932436826846,-1,0.023154667083272407,0.9092557199855948,1,0.9518140264155932,0.11273500270903343,-0.01109897858982515,1,-0.439809766132653,-0.2969607853275299,0.18305065053526193,-1,-0.7270838334565075,-0.4598470157742407,-0.31161711840272377
1964-02-26,0.010255550418425075,1,-0.8978870661112124,-0.06428042013440538,0.9892793016757329,1,0.046547870750889175,0.9582341867161379,-1,0.9386495136941387,-1,-1,-1,-0.11369464628186843,1,-1,-0.9226687487890701,1,0.03248232193547562,-0.04692804013996443,0.11942774539344565,0.08673357640738533,1,-0.4122330058345567,-0.33694401636965876,0.14467985795348287,-0.9914984654904998,-0.7117297089300336,-0.3617331539283817,-0.2714375568440194
1964-02-27,1,1,0.07026687992634717,-1,1,0.030028864923907994,-0.9524466640927375,0.011570986823176255,-0.0834672504990055,1,-1,-0.013649321006179438,-1,-1,0.04105503655418585,-1,-1,1,0.9400923816399003,-0.9967214445490129,0.19251776677314175,0.07059366257724246,1,-0.41063262253117555,-0.3505707514360508,0.11266020061515686,-1,-0.6728151722496237,-0.31658977744117905,-0.24898755731221528
1964-03-05,0.022765933439368946,0.04816940235736711,1,-0.07724214559103826,0.028829157867388266,0.9900598066731231,-1,-0.9583282113018218,-1,1,-1,0.9010016914847045,-1,-0.012824621893673727,0.9812580347900541,-1,-1,0.09909399027157195,-0.02765892162909922,-0.004791508235744701,0.13765863001212,0.06612148810173042,1,-0.4279095663539427,-0.46848511023541717,0.1648827434676683,-0.9742735392251657,-0.6615735022975627,-0.3338524639751954,-0.20491464464426762
1964-03-07,-0.9377071353174051,1,1,0.8801557502279099,-0.9542206849728815,0.03029249528389988,-0.013793022377376896,-1,-1,1,-1,-0.08162934274585731,-0.03132776933807291,-1,0.047171842655117535,-0.018653819581036846,-1,-0.8524525289183551,-1,-1,0.1487750861215092,2.660762360253005e-4,1,-0.3855885776817889,-0.5378703194537766,0.17155998771283618,-0.9416597197634002,-0.668285203512793,-0.36632869479416363,-0.14624389907840604
1964-03-08,-1,0.022315566330222802,0.052561405646645354,-0.05676115611036192,-1,0.9416804942384996,0.9557397871207387,-0.012745387391621121,-1,0.01627791149889124,-1,0.8724021351145395,0.9203930912533522,-1,0.99530862599258,0.9394596107138092,-0.060129838494498156,0.12139187362798398,-0.03568634285638228,-1,0.12370227814820331,0.0939931708638052,0.9776365504556832,-0.4067729813557889,-0.5463248465423359,0.26554726277449536,-1,-0.6719866812169002,-0.3244672699179373,-0.2596882012341294
1964-03-12,-1,-0.9710664378354673,-0.901327790469929,0.9008446595478014,-1,1,-0.028584062190909143,-0.9884704747808305,-1,-0.9702172640282297,-1,-0.10874946833521737,-0.040108320472461156,-0.045278274939371976,1,1,0.9256639059139171,-0.8431927995422924,-0.9863487631812219,-0.058149927178316796,0.14966695655041,0.0312403029163187,0.95306096259449,-0.36585352679983607,-0.46279949549920435,0.2618426493894174,-0.96333805405039,-0.6314450706296635,-0.2944098580239429,-0.33062021905400535
1964-03-18,-1,-1,0.0464457117889715,-0.06651696200883628,-0.1044338265789384,1,0.9390083898273583,-1,-1,-1,-0.017503854029032873,-1,-1,0.9276985313510465,1,1,-0.0028202893753318525,-1,-0.022533007337980804,0.9167773982653724,0.21003842347654886,0.009683695531946174,0.9266544767077145,-0.4135891381333956,-0.4582183016550661,0.276112238644806,-0.9463668347599281,-0.5966930927506271,-0.25883451066635765,-0.3248450998572953
1964-05-02,-0.045096371246883926,-0.025393339821864536,0.9607192370083589,-1,0.7838932226512113,0.035704883349287675,-0.05015774338603296,-0.03032099882971806,-1,-1,0.9512936585958724,-1,-0.08885205509177896,1,1,0.03789397364681657,-0.9705915054511383,-0.07760817780291251,0.9669046433518778,-0.07614010541335126,0.23414675485037648,0.005480216199044899,0.8644662567183192,-0.4361753873345221,-0.4397969873129591,0.27408265459048387,-0.9054857288496249,-0.5124250540184747,-0.24109113828072176,-0.2830267519856032
1964-05-04,-0.9845084551514535,-1,-0.008239949166522487,-1,1,-0.9160336032314105,0.9418127775383486,0.8996472981410008,-0.031852144786983394,-1,1,-0.02009713158954496,-1,0.0034906257729723222,0.01308356268176103,0.9415571994928993,-0.004249253454400637,0.9099774374014737,-0.01757511498065778,0.9196853273569885,0.2375505729611258,-0.07540090155600745,0.8935942559488483,-0.40984824287199156,-0.39799344807106873,0.2524881440390817,-0.8192515900843007,-0.5864643935669954,-0.29695538125786924,-0.23857310250495484
1964-05-07,-0.02369801026356677,-1,0.9668921068693282,-0.03312903740930406,0.01396509730139428,0.0718881142649872,0.0038659603286357314,1,0.9607756388845595,-0.022829559030335234,0.10383876443524176,0.9637527745928357,-0.04196824170916491,0.9764703082631125,-0.962955329042862,1,-0.9932258349575878,-0.08863491155654402,-0.9947712850296367,-0.07527945424711058,0.18676004765715845,-0.08668473472369621,0.8255675493239235,-0.3460333027283867,-0.39115556276140534,0.3037582131262374,-0.8595485360615535,-0.5892647833306841,-0.38033118146954625,-0.2148047704809904
1964-05-10,-0.9413465293383635,-1,0.02556788989906167,0.8854631737740659,-0.9621357244657706,1,0.8661261115776085,1,1,-1,1,-0.009084480580798249,0.9054439091011481,1,0.03336108698547435,1,-1,-1,-1,0.8500042023110773,-0.768618065411454,0.8495765814753254,1,-1,-1,1,-1,-1,-1,0.7586501645612627
1964-05-13,0.02492814548775546,-0.08774495672118732,0.935779892395336,-0.08449433121270533,-8.180774565758053e-4,0.0428649095440099,-0.12517872848729017,0.10369039148763237,1,-1,1,0.9219643336255757,1,1,0.9844394934977119,1,-1,-1,-0.024966485870877686,1,-1,1,1,-1,-0.0033655939614311015,0.08264157517800153,-0.02916791858914891,-1,-1,1
1964-05-15,-0.9294665853219404,0.8756132389720628,1,0.8244547050892482,0.9908388920908137,-0.8074435622319006,-1,1,0.021110432448597227,-0.021256880561714597,0.005221365875749506,1,0.023629155193600093,0.016273400821233408,-0.001388934765253369,1,-1,-3.4052658280325776e-4,-1,0.013829664582975632,-0.00421737150200141,1,1,-1,-0.9830438199903618,-0.8684707750886155,0.8726091930237334,-0.04486924175378437,-1,1
1964-06-15,-1,-0.08758208535836998,1,1,1,0.11856080116816947,-1,0.041717218352819274,-0.9291277048297386,0.9779472651287137,0.9087371694355943,1,0.9783010145653753,-0.9450407587622132,0.9424252574925547,1,-1,0.9854030783054882,-0.07685620822437333,-0.9817235993829865,-1,1,1,-1,-1,0.11363553712850216,1,0.8819152542232054,-1,6.294135706342852e-4
1964-10-01,-1,0.8792471705049468,1,0.11502207667641762,1,-0.7476179180013761,-0.10021663780788503,0.9849262197866262,-1,1,1,1,1,-1,1,0.09279880472835933,-1,0.009254024148578233,-1,-1,-1,0.06457912845170222,0.06239980046014615,-1,-1,1,0.04349769523032698,-0.06600333380477608,-1,0.9766929775124813
1964-10-13,-1,1,1,-0.8170983484756003,0.014666596536579313,0.20095690746527695,-1,1,-1,0.030156456533360854,1,0.056339720054854436,1,-0.03795469926473749,1,1,-0.04633688666867375,-0.9369194271390778,-0.028369744537856456,-1,-0.07596145777660435,-0.9113020308159535,1,-1,-1,0.015608469769501143,0.9424811989605333,-1,-0.09895632206038218,1
1964-10-25,-1,0.013611804650583204,1,-1,0.9375182922724753,-0.7913956285615041,-0.028484928393765374,0.004190588262382722,-1,-0.8252212582579506,1,1,1,-1,0.028928057059940393,1,-0.9627389801884578,-0.009903344436774653,0.9675883990749273,-0.11999935243496918,0.9178027271185945,-1,1,-1,-0.03847919754140672,-0.9838271018389517,-0.011799048242887467,-1,0.8938844019601097,1
1964-10-26,-0.015150561183627453,0.9328504075562166,1,-0.04756349239741786,-0.032186053212154064,-1,-1,0.9568851823613398,-0.06633462939306423,0.1723288840728695,0.054384372374014056,1,1,-1,-0.8593661152363353,1,-0.0176709723652827,0.9493584069691602,1,0.8374745540365724,1,-0.030490518306025116,1,-0.004740542737753373,0.8903770678337136,-0.03357989526892613,0.9667392270162543,-0.0740926126933158,1,1
1964-10-28,-0.9637703832204814,-0.04521985117671845,1,-1,-0.9799902870047146,-1,-0.05991226168629793,-0.033182700629653006,0.9272663247838026,-0.800123554109622,1,0.04968844012058837,1,-0.029053528361129177,0.09470618452932944,0.05264640675462107,-0.9246638309557339,1,0.029211077979628963,-0.12217739459733323,4.2684031789375076e-4,0.9357282904771808,1,-0.9879490556461912,1,0.9394802055988423,-0.010247045686851974,0.9124656701768608,0.025043770223747597,0.020193422202041456
1964-11-01,-0.07812714274242483,-1,0.03686905359031145,-0.024570357349618765,0.013652340370202798,-0.012532658866151625,0.901468525938514,-1,-0.06285476134092771,0.18110195519869898,1,1,1,0.9602936378360377,-0.8607037288410326,1,-0.0018191614942300038,1,1,-1,-0.9641351060472926,-0.009582353922577558,1,-0.040068846444245465,1,1,-0.9668969648745408,1,0.9661617684709505,1
1964-11-02,-0.9614102675732372,-0.12246206904339263,1,0.9616257794912945,-0.9648033965499503,-0.9877929872781782,-0.07785114058702958,-1,-1,-0.7986042730478076,0.0498356769598326,0.03894743794525002,1,1,0.06102895881143022,0.025128201980756937,0.9908191043877848,0.0042796366009250075,0.009630629237687538,-1,-1,-0.956156627540561,1,-1,4.814421954320025e-4,1,0.030414369180392975,1,1,1
1964-11-07,-1,0.8313782674870063,0.07644610820864373,1,0.006969301777890569,-1,0.8494704587964019,-1,-1,-1,-0.9463752307202912,1,0.013295424767902131,1,1,-0.9710221653011805,1,0.95085946531175225,-0.9730282708528878,-1,-0.9150269347965843,-0.9457839947625,1,-1,0.004157965638471211,1,-0.054911805814228554,1,1,0.9583502191333423
1964-11-08,-0.08033823368501991,1,1,0.008143710832482665,0.9942972513873867,-0.03163652363650271,1,-0.004744725191574095,-0.02966065298889553,-0.016092234650427306,0.0051208412976582185,0.06786898893720217,-0.907194516918877,1,0.011810935843929449,-1,1,0.011799089887400194,-1,-0.017944607493942333,-0.8901632407202892,-0.9345846541791848,1,-0.9890994315681171,-0.011490828386715038,1,-0.05390266953538944,1,0.9827549747846066,0.9329298220372974
1964-11-09,-1,0.05070705621988114,0.016111069640118658,0.9869860401237965,1,-0.9830959808875626,1,0.9839922997924807,-0.9608948070051386,-0.98549219478964,0.9407377410207372,1,-1,0.04248546038652412,-0.9600032869956019,-0.033000342398428084,0.017655864859400405,-0.9292438448341376,-0.0465869797073406,0.9772458854837686,-0.8956776174515167,-0.9764539482907892,1,-1,-0.09093800692780961,1,-0.0023741319528009786,1,1,0.9921561219935419
1964-11-11,-1,-0.9382672241314616,-0.9177104023254694,-0.0067581535803037385,0.016882159455970047,-1,0.03897452272245294,1,0.02001779930432468,-1,-0.023249566058768822,0.06331427126473121,-1,0.9828014108105939,0.032842910240497236,-1,-0.9233673662392319,0.06347602582719003,0.9345505804721754,0.03589277257898027,-0.8901137676547665,-1,0.9552209191846479,-1,-0.04546830117524497,0.9745844484439822,0.04446230920018499,1,1,1
1964-11-12,-0.10321873467874643,-1,-1,-0.9541178824580994,0.9946896815950712,-0.012997622433115419,0.8693157346410749,0.054328699239490796,1,-1,0.976470966178009,0.9971245101774661,-1,1,1,-0.01942306377389158,-1,1,-0.046244956489057465,-0.8620058710620161,-0.8465251818614253,-0.9902060972164646,0.9209000895735951,-0.9447357315377094,-0.05092730868933272,1,0.027126816592336775,1,0.970244041781384,1
1964-11-13,-1,-1,-1,0.010044280703416009,1,-0.9586590337153469,-0.11567041945109979,-0.9049264677493317,1,-0.005674387099437239,0.06992925657157856,0.018455304632572944,-1,0.011520939330220692,0.003022016391980631,-1,-1,0.024626190392621483,-1,0.11488083382700831,-0.8898306991763246,-1,0.9401700240181359,-0.9968629358060386,-0.0016482568023781646,1,0.08796153791216459,0.9144148534819772,0.9514239937014992,0.9649043874628093
1964-11-14,-1,-1,-1,-0.9604282785969587,0.032083762488187784,-0.05504084337631587,-1,-1,0.016570375899010448,-0.9983507255556915,1,-0.9426393097798483,-1,0.9806141005198514,0.9930228030752285,-1,-1,1,-0.07381317980482383,1,-0.8328032253214982,-1,0.988778620170237,-0.9739816258313501,0.03232103545360064,0.9453753173513353,0.05351583774878091,0.9793974150431772,0.9452958274033515,1
1964-11-15,-0.01542565041468591,-1,-1,-1,-0.9605361968876546,0.9319813660401678,-0.0027272758803882358,-0.005199879678754904,-0.9522777542236254,-1,1,-1,-1,1,0.04389011868075654,-0.09640054512962937,-1,1,0.9243958400065181,0.03171152323633242,-0.8834074292698828,-1,0.897794487072014,-0.9845092771930275,0.12933177294089626,0.9562404728339609,0.1042810996398412,0.8846358392419603,0.9327386697143166,1
1964-11-16,0.9446192965710005,-1,-1,-1,-1,1,-0.99461469401654,0.9580320026287217,-1,-1,1,-1,-1,1,-0.8759193555161523,0.8833872216454787,-0.01010657709571483,1,-0.0375548871808864,1,-0.8704504250622693,-1,0.981807433058646,-1,0.13615147548483436,0.9617114415029656,0.1748444694305248,0.8338473967232155,0.898928910620004,0.977332264175605
1964-11-19,-0.032058339500283584,-1,-0.06493224508441597,-0.08454864478988822,-1,1,-1,1,-0.02577916531308122,-0.06247579123314062,0.05406637458759378,-0.010549886596271207,-0.018011604922081204,1,-1,1,-0.9230480486872932,0.024966714691996073,0.9615588106534708,1,-0.9389682463461884,-1,0.9609334343273301,-0.9475045813057692,0.09954667817769364,1,0.05395091849432454,0.775248016070006,0.8202507526066106,0.9419913616233617
1964-11-20,0.9633364135229567,-0.012255314893737101,-1,-1,-2.8794623199246416e-4,0.03678068596603701,-7.674926981469099e-4,0.030576402571971917,0.965934223972001,0.9165856533673188,1,0.9464692435592549,0.9685400811300987,0.03778701895281189,-0.06342114023384915,1,0.04058847676662147,-0.9694887503851524,0.047057598255479394,1,-0.9534948995706801,-0.9157875874020059,0.9724229366014887,-0.9569575896309189,0.1938886217248305,1,-0.001572496354338218,0.8157798229522735,0.7518399993214508,0.8625664821256877
1964-11-22,-0.030993391823358918,-0.9537729961989574,-0.030021670921810517,-0.041479786395232976,0.9967062148608332,0.9788740344012975,0.9689856906859006,0.9817459039115509,0.003209602940228984,1,0.05817060918005468,1,1,-0.9399931070574006,0.9110833910621886,1,1,-0.05432838350425184,-0.8611723552103169,0.06292413330991731,-0.9022014918233492,-0.8916564479691426,1,-0.9961464586307726,0.21385074039660412,1,-0.035436638878805896,0.8051974551845438,0.6578694343524477,0.8073481779217191
1964-11-24,0.966731874058161,-1,0.9513068941552152,-1,0.00676339139917248,0.026176772969036755,-0.02567107570913818,1,0.9408738305143963,0.0169622401459103,-0.8059723695956987,1,1,-0.025578086016394774,1,1,0.01662907131800362,0.9409748024246054,-1,-0.9364950122213135,-0.9533352935033119,-0.8976903265414071,0.9360569855718598,-0.9753130827797352,0.23917209058198255,1,-0.09451794910609665,0.7550426340756656,0.595569143648813,0.7522227979442802
1964-11-25,0.027668600448303216,-0.020677138188045063,0.016401573035015993,-1,-0.9001285964480453,0.9899450819482438,-1,1,-0.049377942270281916,-0.9684619947123563,0.18950439728113888,0.036584321615562465,1,-0.9917449563885395,0.03361604492951198,0.01118155970264545,0.9970753952358183,1,-0.06475329543779063,0.013921934530625069,-0.8956310034952708,-0.9164003370102554,0.9062776042861352,-0.9831295124238335,0.2348932272787767,0.977625756131144,-0.1502116433078092,0.8061958242404579,0.5845357909690116,0.7867564301305797
1964-11-26,-0.9208964308846461,0.9098265520944083,-0.942181614452039,-0.025430874935451042,0.09390597113614885,1,-1,0.0664530163217858,-1,-1,1,1,1,-0.07871107537819222,-0.9438039168727923,0.987120534808043,1,0.046314587530250084,-1,0.9624171503103784,-0.9737317480204332,-0.9275793639698166,0.8618444238055719,-0.9095038467174268,0.11160792846516011,1,-0.10200455931549271,0.9198237684340592,0.5081358481395253,0.8670677338024309
1964-11-30,-1,-0.05710827182699285,0.05053602815394043,-0.9852019728364688,1,0.010154978852882302,-0.0020832719765326857,-0.9270166219237582,-1,-0.062407088660571874,1,1,1,0.8978965032181876,-0.010895369358015827,0.03226787802739717,1,1,-0.00953430657820109,1,-0.9895755917563179,-0.9122177033087656,0.9421919933627261,-0.813774518089623,0.24335123730463182,1,-0.14164397780394997,0.9323692426733083,0.41522870949860013,0.8770790385642834
1964-12-03,-0.08320908846198583,0.9296850471145502,-0.8731111564184849,-0.03338081337771592,0.0765894419253218,0.9906991118078974,0.9348131966640675,-1,-1,-1,0.05501233462831301,1,1,-0.07378912903038182,-1,0.9575074628435047,0.08087054312843556,0.043258771800354756,0.9741674721643272,1,-0.9363277054003319,-0.884640722429682,0.8749250284716262,-0.8843040114880432,0.29122198227056084,0.9931403870626123,-0.11180506208757587,0.9194759974767218,0.4149370075799277,0.9035714527312827
1964-12-04,0.8444605554390209,1,0.11847484861107316,0.945968495091698,-0.8907845734840169,1,1,-1,-1,-0.029720518005146968,-0.9320416007992149,0.055303790407153164,0.0028370451232726523,-0.9812125520667665,-0.012668592910819121,1,1,0.9586772128270993,0.0014842830886090397,1,-0.9868214485100784,-0.9108752313490291,0.8608584389280811,-0.849980358958078,0.33029211946429576,1,-0.1434406875886352,0.8885895764505127,0.4199774265720075,0.9697876381219421
1964-12-05,1,0.015762662417152518,1,1,-1,1,1,-0.06944287368664948,-0.022156306929107306,-1,-0.022977638195719075,1,-0.9669799218116971,-1,0.9403946020874477,0.029938277000033042,0.0894753193785498,1,-0.9240584383287755,0.016291027496761146,-0.871865542948836,-0.8729960520057856,0.8494968949470737,-0.8057176469559959,0.3554185451212271,1,-0.0965792710875445,0.844990971323652,0.4195713730641901,0.9360351520122825
1964-12-06,1,0.9351272063176079,1,1,-0.02319577654238736,1,0.06164342489237662,-1,-0.9531660696795317,-0.04365068395376348,0.9043711548913425,1,0.005226418917880005,-0.02587159554957419,-0.04154225483868346,-0.9038611471570563,1,0.017698731745600438,-0.03663895393427952,-0.8621030719564686,-0.8632508891955484,-0.8845700138276312,0.8888547223364761,-0.8318849987959339,0.34487358276755475,0.9402843617441737,-0.10089720056226757,0.9180055573499414,0.41327903660251125,0.9353922372411262
1964-12-08,0.08831467488776501,-0.01993761379000114,1,1,-0.9353641945096899,0.07063310232695796,-0.9376980961107414,-1,-1,0.8896513562185068,1,0.029925278662847887,-0.9911754938277434,-0.991949507332597,0.9544456075285447,0.0548624765985507,1,-0.8985443970964783,-1,-1,-0.8794996596216874,-0.7869098092299379,0.9386482739727329,-0.8245912763570888,0.3487910676846893,0.9472008183421752,-0.0664875746707284,0.890452775474183,0.4982080613883183,1
1964-12-10,-0.8889053366194694,-1,0.010146306379731906,1,-1,1,0.030640090150192645,-1,-1,-0.10025731167828655,0.04041217796523866,-0.946103403005039,-1,-0.012880554099323205,1,0.9826113641549695,1,0.05724331011625117,-0.022198179633706294,-1,-0.9656827507200736,-0.7587438400498916,0.940702866965552,-0.8184397860179567,0.354265446273603,0.9516034680170162,-0.08618358127376705,0.9439400836718222,0.5432861469780397,0.966534041005126
1964-12-11,0.034314446281009436,-1,0.9847670412421662,1,-1,1,-0.9601782273315977,-1,-0.03720108116765308,0.848269846817546,-0.9309477017861829,0.02214855804216742,-1,-0.9919170105641533,1,1,0.027900773409477497,1,-0.9816945015126195,-1,-0.8920303363781873,-0.7030589675230339,0.9353332056529173,-0.802012048401949,0.3729524232860271,0.9678324421038641,-0.1179296796667488,1,0.5243534079826118,0.9108489453470545
1964-12-12,-0.9593459031767586,-1,0.011298353847995823,0.001970108904914225,-0.05213634443781778,1,-1,-1,0.8724644993465422,-0.09062199780790992,-1,-0.9735629990800798,-0.0026002455399639635,-0.07542174802905777,0.002688088645901532,0.012631795037528648,-0.9713879432559432,1,-0.06288771366677348,-1,-0.8717078842254891,-0.718472071033966,0.9969766010564538,-0.8551812544308037,0.3356790977117709,1,-0.15950985355291009,0.8580641713699027,0.5596973196720639,0.8720349212452367
1964-12-14,-0.002926835503779812,-1,0.9436744231280337,0.9824714488110872,0.892486222640237,1,-0.032676044358970646,-1,1,-1,-0.014100417633062912,-1,0.9364112642805429,-1,-0.9635048610388199,0.9690621930008664,-0.019839337270669,1,0.9271204232601598,-0.028359479101587315,-0.8791316495696854,-0.7060779063422111,1,-0.8194245419526532,0.35550014034215716,1,-0.17177738988143473,0.9135217907132187,0.5841844666490986,0.9003043464113855
1964-12-15,0.9911324618191812,-1,-0.021444200452111595,0.002187273445500515,-0.049674427509294405,0.01170662166932912,0.8844622164789162,-0.00876621622896212,0.07731122942589796,-0.058394995126366034,0.9764829539474643,-0.08488392601380279,0.05708606360624868,-0.07615187185678818,-1,1,0.9687964625559795,0.13282801734306315,1,-1,-0.9463036241320947,-0.7030737371443735,1,-0.7027848928510418,0.36193517740552383,0.984658395392799,-0.3033563718009934,0.9674815270282087,0.6237500302785468,0.9331107832543059
1964-12-16,1,-0.05293274843097118,-1,-0.9643680566942772,0.9437344125533329,1,1,0.89460806586712,1,-1,-9.793270662308284e-4,0.9011249793913025,-0.8513027227917942,-1,-1,0.055587523169218445,-0.023287797076388284,-0.8261870697607789,0.09789837764802622,-1,-1,-0.7269821997405501,1,-0.6937280257726509,0.3670172412926742,1,-0.2864899669199614,0.8599115060112155,0.6339871240642291,0.8842084531514386
1964-12-17,1,-1,-1,-0.06437312738390233,-0.04114426178968822,0.026101214725242183,0.01823372734816009,-0.05637776189724142,1,-0.06279944951223704,0.9467526361115643,0.0032147100844207577,-1,-1,-0.0030258765563206946,-0.8520064248535384,-0.97655189627611,0.0837067874881805,-0.8842898676139385,-0.0814934415754971,-1,-0.7985864588034993,0.9675810776132876,-0.6409169943424282,0.4340156336705717,0.9282333580998969,-0.32316954062326636,0.8040486186878347,0.6538748939317391,0.9145027181829413
1964-12-18,0.026846171383349104,-0.02949533584961439,-1,-1,-1,0.9875289217695189,-0.9460908220041534,0.8808813847283292,1,-1,0.013385936014537192,0.9326624533204291,-1,-7.490953105238063e-5,-0.9553190601892846,0.14645604208497376,-1,-0.9135395247506136,-1,-1,-1,-0.8408092813285998,0.989021683772747,-0.6367619753582059,0.3721095313788414,0.9135531247316687,-0.3284664951994822,0.8065924158017328,0.6125378266214744,0.8771657548624419
1964-12-19,0.9693499543827214,-0.9979112496791881,-1,-0.038486699418440296,-0.005492643066020819,-0.004374886521229415,0.014919855935240922,-0.0965018874066399,1,-1,0.9551935915702638,-0.046392857520255903,-0.04705919052984664,-0.9607187619859496,-1,-0.8493331613489171,-1,-1,-0.039859872734043233,-1,-1,-0.856939223621334,1,-0.6631795910320246,0.34978774429077003,0.8612399227628822,-0.3451911717432862,0.8342680924437468,0.6733846557333267,0.8756133799564961
1964-12-20,1,-1,-0.03755977393083143,0.9536241467055288,0.9203266810473485,-0.9933815268475008,-0.9632286151629558,-1,0.0437156296365635,-0.03511624744861863,1,0.9135279578709501,0.9264771218202645,-0.0049349145812199735,-1,0.0714715178361881,-0.013119320846562199,-1,0.870440762146751,-0.017248226146714285,-1,-0.925209246550712,0.9759104946935302,-0.7001885903037299,0.2606706582116949,0.8832713987777023,-0.4518978416158517,0.7459981627310783,0.6844265658450857,0.8700219751190106
1964-12-21,0.10689010273682364,-1,-0.9471702213520924,0.047368564182431405,-0.01867930691329467,-1,-1,-0.007178454484245922,-0.935757809318506,-0.9608225484165002,0.0022896592936639815,-0.0431634442450064,1,0.8980564228871267,-0.028611625081718217,-0.9056289786399974,0.9064189461762983,-1,1,0.9740743347583622,-1,-0.9316948565867568,1,-0.6344321261320515,0.3262209384593877,0.8866510206799658,-0.4417954624385322,0.8017090435646791,0.6493372244038499,0.9028304764561303
1964-12-24,-0.8439697391728846,-0.006304241767101093,0.031797826451111844,-0.8870183067403978,0.9430634413070933,-0.019727369977603493,-0.012675777616458328,-0.9640463147225906,0.06177297742494969,-1,-0.9472843314219795,0.9436738533306059,1,-0.07292737660625481,-1,-1,1,-0.01468086389746004,1,-0.01570315135108935,-1,-0.8395012339901751,1,-0.6512844414328754,0.24776950372906148,0.7840379503518887,-0.3863132342507787,0.838886779172789,0.5867694787341106,0.9625220112276285
1964-12-25,0.15170037767189282,0.9882765831429263,0.9868750272671374,-1,0.014573593924287254,0.9757076051869595,-0.9666950182763573,0.007841205108611526,-0.8972679299797863,-0.07596079671782652,-0.024923989598251706,0.040088377965892485,0.024340871154144406,0.905808050614256,-0.006825715015065903,-0.03757273385388149,1,0.9704629339398084,1,-0.9468316896859578,-1,-0.8386653299851953,1,-0.6785001005385284,0.2819072970062725,0.8476030834551027,-0.3726675030249345,0.7823470947054564,0.5703452582983186,0.9080064825751937
1964-12-26,-0.8310092956852481,-0.010590037858429824,1,-0.05163203416378559,-0.9828114078046444,-0.021839199915930974,-1,-0.8988636656849753,0.09262437118210698,-1,0.9579942183430908,-0.8924651684776339,0.9608983362933685,-0.06918209023469157,-0.9760448434598099,0.9108180304729021,9.335582901925932e-5,1,1,-1,-0.9816498683015119,-0.8433515150044162,0.9061252217486836,-0.5936884285140052,0.3544426235898804,0.7982128206955131,-0.4227380981515142,0.6648950840890605,0.6246735503499952,0.9536980317631745
1964-12-27,-1,0.9068202729164667,1,-1,-0.019093841747384488,0.9591378656664941,-1,-1,-0.8288196678246523,-0.023139613506677037,1,0.09378530036632982,0.03510570261311019,0.8810752641737442,-1,-0.07328629357549632,-0.9146761500052996,1,0.03361935036995867,-0.029847967685258436,-0.9611242035972112,-0.8891417220984661,0.8995837133036725,-0.5793581522699663,0.3544367257962295,0.8160453866206052,-0.4693174032013529,0.6411425496978489,0.5300974185412921,0.9200961008438303
1964-12-30,-0.05492762585871325,1,1,-0.017241145956298998,0.8843734680518545,-0.021396403618590076,-6.656924707212353e-4,-0.03594331037879017,-1,-1,0.04657087961428008,-0.9027644465510665,-0.9342374092878589,1,-0.022964163929261816,-1,0.008490254670586617,0.00634313850259538,1,-0.9730153286642009,-0.9482141769498307,-0.9241439047809282,0.951273190078266,-0.6310111559743306,0.3061483066790442,0.7633029147454307,-0.549369014482311,0.6298341111678719,0.5707459737907401,0.9419757746343205
1964-12-31,-1,0.055217525562662684,1,0.9544514703247653,-0.07804001270396532,0.9233395960346943,-0.9700231055629219,0.9161401825860089,-1,-0.006400942538224208,1,-1,-1,0.0672953396332745,-1,-0.05210388990422832,-0.9799370103359604,-0.9865167503562391,0.04334556095661157,-0.006867476619369817,-0.9330739316180928,-0.9471424661818237,0.986324908035232,-0.6481438440343057,0.19021173680123743,0.7080233200542955,-0.5772847334477466,0.6229559496937023,0.5630411686497027,1
1965-01-01,-1,-0.9149436913016271,1,0.019391521120528332,-1,1,0.015713427498830868,-0.08346613609585529,-0.036866672075380746,-0.9451495486384113,0.034404304326906,-1,-1,-0.9302926608624438,-0.01210306385105231,0.9413144031021549,-1,-1,-0.9162159146971411,-0.9412899292171725,-0.9476097998883866,-0.8788914710284385,1,-0.5842413908913011,0.1602564295283049,0.6774600594943813,-0.585410460891843,0.7209398618072334,0.5820026035484079,0.9830836013468054
1965-01-03,-1,-1,0.050527777780366434,0.93394037366009,-1,1,-0.9626698374121997,-1,0.9480452717975211,0.007793662070468832,-0.9062179228463819,-0.009919684764506553,-1,-1,-0.9538082745717691,1,-0.058581339111747566,-1,0.02269253731812637,-1,-0.9244388395220237,-0.8512620944721839,0.9340133396883545,-0.611042898326118,0.10535761744564909,0.6558870893324866,-0.6005012842603841,0.778707001958827,0.5898276310929588,0.9556276628833655
1965-01-05,-1,-0.01849524122971813,-0.8313164692582758,1,-0.010538792532102104,0.009311420107955048,-0.0018331088423323427,-1,1,-0.9920220232785781,-1,-0.9730018431714295,-1,-0.011066117323467739,0.030507069355834027,0.01701201946190123,0.8730927162112984,-1,-0.9242830791039076,-1,-0.9320067015003546,-0.7956798793833632,0.9521071407727566,-0.703615071196056,0.08264477381144603,0.7390809235261764,-0.6172086335292879,0.7776079736658057,0.6111619840923594,1
1965-01-07,-0.005273013666870052,0.9390198770100255,0.03114633019370483,0.030759824496578103,-0.9564714166984896,-0.9868920952248348,-0.9363562171849145,-0.006331016863408201,0.015149198776987505,-1,-0.052071646230286706,-1,-1,0.9729391836727643,-0.9680131593813227,-0.9310725120859201,1,-0.031649228441981925,-1,-0.001376276713956126,-1,-0.7072076548590394,0.9510960675726577,-0.7859116936630914,0.0916326919289139,0.7269799475670328,-0.5938702250056065,0.7711688376959673,0.5500913941742833,0.96510945095298994
1965-01-10,-0.9731234827547371,-0.059139800355900274,-0.9287143916472541,0.9226435809037,-1,-0.017588337428474765,-1,0.9375256343272512,-0.9226388398422372,-1,-1,-1,-0.03163121143630432,0.019709680319958234,-1,0.061093246793175515,1,0.915103757353116,-1,-0.9375618034175003,-0.9358488569192221,-0.6980317721127197,0.9627753823567281,-0.7835866928665924,0.12816760715600473,0.6642007430088871,-0.6262148542435606,0.8197237253014871,0.4781807587603596,0.9906013239800556
1965-01-11,-0.06600604810843747,0.9197280139077089,0.05186032378971739,-0.07236841673827221,-0.016559353125306986,0.8669456511810237,-0.035700570223678785,1,0.04574502848582973,-1,-0.028807623414525474,-0.05108757050670276,0.923550091511329,0.9770778146607432,-0.0395657121513282,-0.9154819727189578,1,1,-0.09722647079382907,0.0037922429990404627,-0.9275714858358833,-0.7317692894417805,0.895764857473661,-0.8592926347042672,0.1775754243053761,0.6979218122621728,-0.6791214334305395,0.8985452254836304,0.40182943428706247,0.9111402629668857
1965-01-13,-1,1,0.9292643012696983,-1,-1,1,0.922554111098892,1,-0.9458895197429056,-1,0.9506366115424572,-0.951681198692802,1,1,-1,-1,1,0.10363934381737816,-1,-0.985497328436943,-0.9683222687217699,-0.6880421055204125,0.8581727867342913,-0.7759638602176853,0.2454275946143395,0.73684291005877,-0.6802382381266117,0.8965281610564382,0.3922740117175737,0.8682903537497123
1965-01-14,-1,0.028593717608422553,-0.04768170131710625,-0.05477947418877682,-1,0.060506690772440974,-0.017316746036974973,0.020974579549321803,0.033253475043762526,-1,0.004135032044742082,-1,0.09352032138193433,1,-1,-1,1,-0.8591342951652738,-1,-1,-0.9333338130385455,-0.7503713457969123,0.7902193307388782,-0.7731770541214019,0.17030913534861566,0.7156153115415537,-0.5782192959364588,0.8626615921802803,0.46420601926368205,0.9614058937861538
1965-01-16,-0.1229438905038589,1,0.9379903109308699,0.8583616548953892,-0.014397895891268497,1,-0.97256944519622,-0.8935840920257019,-0.9597896703719531,-1,0.9804486412558645,-1,1,1,-0.02185312413075935,-0.01773038511914593,0.016622226222452352,0.09673598326017796,-1,-1,-1,-1,-0.13436029129895521,0.1842752387675629,1,-0.16759682618981764,0.2737437798403982,1,1,-0.02662906956434763
1965-01-19,-1,1,0.03608829159277993,-0.13994394763522944,0.9291992744866326,1,-1,-1,-1,-0.034386595968921685,1,-1,0.05619708635656617,0.07109936704375919,-0.9878736994803612,0.891472332633602,-0.9674540929911715,-0.8783307864063201,-1,-1,-1,-0.01917424131304446,0.8399380404962762,1,0.06950700632957885,0.7559260009568899,-0.7210020857318038,1,1,0.9160402899805835
1965-01-20,-1,0.03320582110085635,-0.9577018798727117,-1,1,1,-1,-1,-0.016153988555421384,-1,1,-1,0.986201036247772,1,-1,1,0.0035991389024395692,-1,-1,-0.04009276755180058,-0.04876776504926117,0.9409391366374364,1,0.05076329056151285,1,1,0.2048834865584629,0.028798004374248065,0.029195285275852356,-0.007441945046506193
1965-01-24,-0.10751673805696882,1,-1,-1,0.011195851922841338,0.0540974610925381,-1,-0.05884109877133503,-0.9771842328291118,-0.012485253444472821,0.03930180183867482,-1,0.09792618863963887,1,-0.026282297931833898,1,-0.995153865793387,-0.03303243950548829,-0.07471723372827288,0.9484178803799888,0.8156417387806757,1,1,-0.9114897681143966,0.10146976049011447,0.08316627385370823,-0.7465720063262644,-0.9582551938361495,0.9682655749076347,-0.948802107807772
1965-01-25,-1,1,-0.025827036686676297,-0.0636188940560698,-0.9799739823779338,-0.9266495272879708,-1,-1,-1,0.9435134479294698,-0.9546032394881081,-1,1,0.04351119256609104,-0.9460022648130308,0.004038507388561374,-0.04079278733123892,0.9512065607327614,0.8883938053294629,1,1,1,1,-1,1,-0.9117223125721476,-1,-1,-9.012980477444144e-4,-0.03127887860153378
1965-01-26,-1,0.02505013713608728,-1,-0.9768404581661672,-1,0.03503211215786539,-0.037984116629675824,-1,-1,1,-0.051795109826913044,-0.02565325525478257,1,0.9291911223025421,-1,-0.8558443688157339,-1,-0.03269685080957285,-0.10397288626000067,1,0.030284062049765303,1,1,-1,0.04446192952596062,-1,-1,-0.03217389114236413,0.9987878180072453,0.9185640665782054
1965-02-15,-0.04361298156017124,0.9835522553815049,-0.022828738795759196,-1,-1,0.9773298255576857,0.9018636444618803,-0.030718187220024062,-0.046606085229801364,1,0.9385253008736448,0.9248601330951995,1,-0.04738245511310124,-1,-1,-1,-1,0.865052674444543,1,0.9978663500032753,1,0.0022944515097081952,-1,-0.9353607612557493,-0.02991943545532816,-0.05241838096014084,-1,0.004959232317665707,1
1965-02-16,0.9055251037332173,1,-0.9251752252988462,-0.08418236241067101,-1,6.313846796184297e-4,1,-1,0.92658046878125,0.03696834282814654,-0.017319808655850255,-0.06275374962240476,0.05273777925757517,-1,-1,-0.10329169935256255,-1,-1,-0.05154963964085946,0.07263705825329869,0.036708873460307045,1,0.9602965331842528,-0.0048751058699444405,-1,-0.9689247729387742,0.9424457231508764,-1,-0.9523057868378131,0.011393034651444478
1965-02-17,-0.08016994124124044,0.11229377244107663,-0.013152685799257546,0.8960886264252038,-1,-0.9945344379562617,0.008295451529074072,-1,-0.04600766357586772,1,-1,0.9099179696347424,-0.8867510106448101,-1,-1,0.8960908829936745,-0.0948894736821353,-1,0.9320323494216076,-0.8996367797292225,1,1,1,0.9447395417746175,-1,-1,-0.04044347084453881,-1,0.004574957145102143,-0.9395625712270484
1965-02-18,0.9028469645005974,1,0.9013306305830265,-0.08582260748622361,-0.0016775717671412282,-1,1,-1,0.906505540009934,0.03335188613039064,-0.0017784032927687932,-0.08785455603618775,-1,-1,-0.04213231411314855,1,-1,-1,1,0.033626330915898284,0.08914648971182526,1,0.05723481258544216,-0.038981214502899375,-0.0354691916749994,-0.029249699122660178,0.9048600423487323,-1,0.9321464510471925,0.04153346848218442
1965-02-20,1,0.07644309035599328,1,-1,-0.9502460175285085,-1,1,-1,-0.06280269985136422,0.9579160076178506,0.979565712705149,0.8368913215512636,-0.06727483589788041,-0.030496729960584834,-0.9991420957082617,1,-0.017644412493368566,-1,1,1,-0.905469641022028,1,1,0.919340989236721,-1,0.8869828585335467,1,-1,-0.023292220577882272,-0.9386567731510799
1965-02-22,1,-0.8659167242483679,1,-1,0.04946617456122371,-0.006869741259494688,0.040661400633128175,-0.03954930672694745,0.9199100942420495,1,0.06164140429333742,1,0.8747710240442094,-0.8775673194913031,-1,0.01119597675669004,-1,-0.031431069111944376,0.03537964032951668,1,-0.7911075321329009,1,0.966002299816069,0.8826245473489535,-0.9677270517448505,0.8673347574856544,0.9834451504684638,-1,-0.09199653304146403,-0.965180296302756
1965-02-24,6.170075206801684e-5,0.1186407239993601,1,-1,-0.9485521360076375,0.9775712317313675,-0.9524414770758355,0.911471561709425,1,1,1,0.0024587993492382054,1,-1,-1,-0.9465722308047576,-0.034219339734447796,-0.9800890906033025,1,1,-0.8189397077460185,1,1,0.9389701709899337,-0.885292833761716,0.8614685274677665,1,-1,-0.1691393566964911,-1
1965-02-26,-0.9537551218437831,1,1,-0.06020908645330314,-1,0.10177428751317918,-0.017554810911705743,-0.08826248373660828,1,1,0.04591185654680063,0.9355115549741297,1,-0.06655514712810584,-1,-1,-1,-1,0.013665807988449963,0.006650470011634657,-0.8719583741091027,0.928295428220133,1,0.9819646566424461,-0.937944640993934,0.8756922993250322,0.9525546776061923,-0.9986482454311316,-0.24487762672551883,-1
1965-03-15,0.010272650782725434,0.07861034045810955,1,0.8910540191408914,-0.019959720128058578,-0.8982019477456746,-0.9348988679405833,-1,0.03792017592059327,0.0013565694638154602,0.9847296032994132,0.025463830798442277,1,0.8971917716893034,-0.09568896752538336,-1,-1,-0.04672947529153404,0.9690936029940999,0.9722894900277504,-0.819966823039876,0.949787782243074,1,1,-1,0.9684624746340448,0.9250120580747526,-1,-0.26574425115063705,-1
1965-03-17,-0.9621769102876198,-0.9073149483601347,1,1,-0.9518608485591277,-1,-1,-1,-0.8875795335482165,0.9576528061529099,1,-0.9357089210153972,0.021555725059842268,-0.07409997493875753,-1,-0.04376656281380964,-1,0.9112105070026105,-0.013269166651781905,0.07466154404286374,-0.9575279957846281,0.9698668507384524,0.9926244622205549,1,-1,0.986565754992925,0.8602865920202807,-0.9942430878146977,-0.18636971034588717,-1
1965-03-18,-0.014187016471316705,-1,1,1,-0.00940537525768681,-0.019025150880429664,-1,-1,0.08687373585471847,0.04702901992230002,1,0.02563604879997672,-0.9370219220905158,0.9220098229272026,-1,0.8931942380564873,-0.03656435687365145,1,0.9356374147743539,1,-0.9412779836692322,0.9647103589958824,1,1,-1,1,0.8000512625359373,-1,-0.10566612041333102,-0.998955742782908
1965-03-19,0.8758429456535619,-1,1,1,-0.9789778267761317,0.906525808816064,-1,-0.04507192043870112,1,-0.8706613357060236,1,-0.9260712132199752,-1,0.03290682577589288,-0.011767295261696509,-0.09701809306567732,0.9141220956593329,0.04737877577527816,-0.03666558857181357,0.009330959616180357,-0.9015848886302,0.9591870451388521,0.9826101336545453,0.9494159183836363,-1,1,0.6627873702334861,-1,-0.07954258617430338,-0.9620169985812411
1965-03-20,-0.11082139512157607,-0.02754183924695086,1,1,-0.00347140063785345,-0.053632258034729374,-1,0.8763778986163506,1,0.03984688723533214,0.06408899591062478,0.07303428704267834,-1,-0.9009661268259053,-0.990617665013339,0.8399793254042757,1,-0.8815362224280048,0.9005718679260123,-0.9700208710066929,-0.9967010989452957,0.969567448557749,0.9699509777816966,0.9975833712644303,-0.9349100620754622,0.9498990865618953,0.7367064463247245,-1,-0.11036611622649085,-0.8539292316528883
1965-03-23,0.8532383740898871,0.9614228783825258,1,1,0.9017250080042912,0.900871388591281,-1,1,0.022666383438256332,-0.9402635673491753,-0.9329769406874145,-0.8133209450813573,-1,-1,-1,-0.08731024080811123,0.030371745777452386,0.026107173408079776,1,-1,-1,0.9426977880551279,0.9591648099960309,1,-0.851429243071322,0.9650125260505658,0.7754251911966925,-0.9515603079231498,-0.08375685340427724,-0.9275116896030907
1965-03-24,-0.09098017423881843,1,1,1,0.013730139112429596,1,-1,0.03948488922179616,0.9888351011437209,-1,0.03214631904330523,0.12769333534067484,-1,-0.03159895676318847,-1,-1,1,-0.9298128769210755,1,-1,-1,0.9419224366244339,0.939593268559536,1,-0.792546006302385,1,0.7143873816534219,-0.9619822091822334,-0.09821032343394209,-0.9066643356498247
1965-03-26,0.9011449666296807,0.010440789469697953,1,1,1,1,-1,-0.9551115763956078,0.012574491707550317,-0.029144750506493233,1,-0.8695152024065608,-1,0.9345506355216466,-1,-0.03358065364093088,1,0.045155700964804146,0.052441066686106264,-1,-1,0.9338356449804028,0.9230103195124356,0.9287924084383226,-0.8164707781583961,0.9859477014945965,0.5783817294753759,-0.9719767964200756,-0.11784194440725233,-0.848218748242854
1965-03-27,-0.07119514475081101,1,1,0.08405887572231785,1,0.006072329595280923,-1,0.0016660246249409205,-0.9766320055499207,-1,0.07195472368404454,0.12608470681601658,-0.0012904774058494217,-0.009091162612876347,-0.04586215012099304,-1,1,-0.8780701886967225,-0.9078058350971714,-0.020729612739096348,-0.9683995593577577,0.9878450025442314,1,0.8578072441945259,-0.8372506776588133,1,0.6183982995286057,-0.9254889905970609,-0.12424934307689478,-0.8501888315458072
1965-03-28,-1,1,0.04371953090988834,-0.8702191068512807,0.02291896911508151,-0.982710943094445,-0.029922732492122295,-0.9633526865723189,-1,-1,1,1,0.9767504335508332,0.9527713222768748,-1,-1,1,-1,-1,-0.9935716604894275,-0.9749564426301865,0.9763820238199523,1,0.8632335297200734,-0.8079885676371218,1,0.5899915779564957,-0.8836396962242811,-0.20438788040208156,-0.9160872775927249
1965-03-29,-1,1,1,0.1278211800207648,-0.9561005502516793,-1,0.9691804106531965,-1,-0.03768442936553218,-1,0.006828144181694751,0.048322718699211564,1,-0.02028666995454198,-1,-1,1,-0.04465203957001551,-1,-0.047263281179867556,-1,0.9422064918311911,0.9727550904730733,0.8812991101785131,-0.8004689729899006,0.9375139593491735,0.582544635612935,-0.9160739840023916,-0.23721286246472445,-0.9940262015775014
1965-03-30,-0.034749326250081536,1,0.05758790446244699,-0.8429020449368261,-1,-0.06724910209104196,0.07029873523620178,-0.0760196716252074,-1,-1,0.981658756570564,-0.9478059599215126,0.08384267996047146,0.9445346488947491,-0.012784483548199388,-1,0.08309654392250088,-1,-1,0.8359291827869563,-0.9484346559509313,0.9150061740888749,0.9454169718101839,0.9047688324479151,-0.8189349709387095,0.9358891476513935,0.617327646457089,-0.9398758398012524,-0.14778600589439356,-0.9826127063913729
1965-03-31,0.9372467395605388,0.03415795068385108,1,0.05214661788374886,-0.06050330287620964,-1,1,-1,-1,-1,1,0.005474299393343762,-0.8682990961257709,1,-0.9532633654870805,-1,1,-1,-1,1,-0.9513366085888815,0.9021778416376752,0.9572221008131588,0.8390124599815818,-0.7576683321567378,0.9604168114544654,0.6324676550935311,-0.9376617895516675,-0.08191199875337195,-1
1965-04-02,1,0.9998538030270745,0.09751061478928358,0.9903031196777909,0.894181885660544,-1,1,-1,-0.013469895525391684,-1,1,-0.9538144044122345,0.12995822849626992,1,-1,-0.0215821345884184,0.04525158468400603,-0.012009246758133196,-1,0.090988739388284,-0.9728180868098983,0.8813394583693539,0.9531782805422406,0.8918168212764215,-0.7493708201686093,0.9760444238578166,0.6642719147343414,-0.9635025909984811,-0.1319777099503288,-1
1965-04-03,0.09343627513411967,1,-0.8949075250489402,0.08013045363359395,-0.09980879159000611,-1,0.04367390081304112,-0.03345222810450399,-0.9026645576123548,-0.06393885500684382,1,-1,-0.8664413209832795,0.007947590055871423,-0.06074058315789321,0.9397542118428414,1,-0.9665937126910412,-1,1,-0.9138331464169837,0.8770879946053102,0.9022744315511915,0.8638644550431632,-0.7424756829110384,1,0.7273907302587693,-0.8727809975567422,-0.17911674038328335,-1
1965-04-04,1,1,-1,1,-0.9830368296703755,-1,-0.9446485897565922,-1,-1,-1,0.03289422683020615,-1,-1,1,-1,0.020259181082946554,1,-1,-0.012411543920219037,1,-0.8520281979262331,0.9239335875636582,0.8671147926600749,0.8094615179460736,-0.6635016283895584,1,0.7796700843750074,-0.8978747219349505,-0.18829430455813467,-1
1965-04-07,0.0647619409542598,1,-0.06147377102479801,0.02066982970487996,0.004884304536733386,-1,0.042216761120462354,-0.08380568170682512,-0.018936579827533162,-1,-0.9460767119610296,-1,-0.008946928347155825,1,-1,1,1,-0.015901758397703802,0.943188179428234,0.09581775197118758,-0.8755122632215102,0.8853545334826121,0.8203551289925066,0.7542011429814819,-0.6422327548770315,0.9929738943661903,0.8165338693232967,-0.8408843544911597,-0.22420315704727012,-0.9585368476830816
1965-04-08,-0.9270261205899372,0.0647958831413451,-1,-0.9629829587615159,0.8873856306460616,-1,1,-1,-0.9584127500750566,-1,0.0013925026431947929,-1,0.9012207990429003,1,-1,0.03920924326859221,0.007255242782087334,-0.971344054505907,1,-0.8892548006147799,-0.9117853965047505,0.879372075323266,0.9336493474646126,0.7783792987358953,-0.6489773597394316,0.9934980711761671,0.8037787311310177,-0.7374028560091828,-0.2490664125201279,-0.9160205010785397
1965-04-09,-1,0.9677905146975967,-0.024203752616188234,-1,1,-1,0.043013633075287605,-1,-0.016271581930379142,-1,-0.995691101782511,-1,1,1,-0.12446005350641498,-0.9489828477640088,-0.9151316732790262,-0.040977703157968226,0.01829175069021549,-1,-0.8882760933345688,0.9511064337298164,0.941282641704272,0.8347052487786456,-0.6149906699759751,1,0.8522833242460716,-0.7776008351509895,-0.15641476851037367,-0.9181786208220423
1965-04-11,-0.014765351886296685,1,-0.9584446997855004,-1,0.017500150894393385,-0.024452525728590246,-0.9384162736619805,-1,0.975721862620859,-1,-0.04620468023095958,-1,0.06047027756072787,0.024199964975709642,-1,-0.02215570446923487,-1,-1,1,-1,-0.8758034291288909,0.9688101795510528,1,0.81053382262799,-0.5739824250666348,1,0.969154829856666,-0.8387946827862524,-0.20052161037838506,-0.9862576113544405
1965-04-12,0.9320712747209258,1,0.036199998389521704,-0.1259271072810163,0.9585928272989899,0.9582454190664871,0.029479211052200527,-0.06101211829141251,0.0034263862911491083,-1,-1,-0.10899889267853868,-0.8749466069204024,-0.9615160952294888,-0.04789593626182842,0.9746798428940024,-1,-1,0.05708875685158532,-1,-0.845810058204487,0.9749325651274137,0.9674293704255956,0.8322658247512351,-0.5928580676262865,1,1,-0.85548156541909115,-0.19313022260757054,-0.9693751718882198
1965-04-13,1,1,-0.9246817013842539,0.8647368724054618,-0.02978332386992555,1,1,-0.9974088581955116,0.9596020444369849,-1,-1,0.8603820493305459,-1,-1,-1,1,-1,-0.015752513279189917,-0.8830271970653101,-1,-0.8833729383725588,0.8475402154139571,0.884511349946889,0.8215296171659481,-0.5136855704819709,1,1,-0.7810406112469581,-0.1631894008730231,-1
1965-04-14,0.03454758445210626,0.022695155068926054,-1,-0.09104147497302773,0.8565541915280991,1,1,-0.002698138354787827,-0.035196960052699344,-1,-0.013968852173154467,1,-1,-1,-0.025708182960960224,0.03675753333795995,-1,0.959581572442864,-1,-1,-0.9101064202897005,0.877432200450266,0.848303162462599,0.7981529513639224,-0.5026394193672928,1,1,-0.8049582389457064,-0.16099581097510765,-0.9023928054073643
1965-04-15,-0.9074726144714708,-0.9378086239035494,-1,-0.9478035407240901,-0.11128352412512199,0.06825943548931446,0.01015307685584721,-1,0.9229594905733429,-0.04623126519798737,0.9360644230947455,1,-1,-0.04957169084402546,-0.991968300754931,-0.8845690120001793,-1,1,-1,-1,-0.8205758594091077,0.8460025809152969,0.8997413475322679,0.8055972996805596,-0.48274176811787095,1,1,-0.7173347922491469,-0.1569129505045183,-1
1965-04-16,-1,-1,-1,-1,0.8513092796516857,-0.8763219048018329,-0.9432095918523766,-0.004870322771485802,1,0.9341408332700937,1,0.053476436399569005,-0.02157052612889665,-1,-0.013326136590722681,0.08083946226345895,-0.04189568720498782,1,-0.02697456377734886,-1,-0.7905118327740617,0.949919435829319,0.7361402079501571,0.7780972826860006,-0.4506915047052545,1,1,-0.674983380603497,-0.10471405721084012,-1
1965-04-17,-1,-1,-1,-1,1,-1,-1,0.9363221456346659,1,-0.0030610103842493297,0.028638360652540107,-0.8938157153454117,-0.9651438679623466,-0.025756807319405772,-1,-0.9161686246740436,-1,0.06361792928682608,0.9236041416951892,-1,-0.8061082712889661,0.9316180190341358,0.6946029874606967,0.7932388602327212,-0.40594947374641854,1,0.9712124315706145,-0.6077286514836305,-0.0900582034657253,-1
1965-04-18,-0.03600199775178303,-1,-1,-0.014306375226252,0.09841230003237167,-1,-1,-0.028277400840187816,0.09298538051329586,-0.9560621370965571,0.9828482658213654,-1,-1,0.9506506962050936,-1,-1,-0.00763733171746972,-0.9128639682625956,1,-1,-0.7594582284425168,0.8897717540185873,0.6829174884807779,0.7592893638479287,-0.5023053164882417,0.9433709829244721,0.9246151572900669,-0.6633662302364914,-0.10417829778965154,-0.9914354366882528
1965-04-19,0.9428169168657051,-1,-0.002473939880259013,-0.9599112804824225,-0.833361914973939,-0.007508664415624033,-1,0.9217889065218554,-0.8595540568070258,0.041971101685964296,0.021859151384431397,-0.0817755641772493,-0.013055417403586511,-0.03227869882155043,-1,-0.04684380788626308,-1,0.02762984779790001,0.07255311514503537,-0.05407223108865067,-0.7117538779582708,0.8934585059928606,0.6409101862918846,0.8267832783266619,-0.4908329265866581,0.9201999888962877,0.981967887870437,-0.751432675807859,-0.16479235253025887,-0.9542647977779763
1965-04-22,1,-1,-0.9322427796111663,-1,0.12465447584931333,0.9875840320087785,-0.03878322705991477,1,0.06775746780084635,-0.9482051056738349,0.9626202329282367,0.887765640470394,0.9569913896476177,0.8833072710835074,-0.021004927905478477,0.9385903555466508,-0.040113893428053715,-0.8950464534328175,-0.8723924772220231,0.873402826990472,-0.6385189873400484,0.8590282849970616,0.7272525118622956,0.7501861875276175,-0.47510257110244497,0.9309167883493533,0.979770436500007,-0.7750462805166717,-0.05140941214476079,-0.9118073463770068
1965-05-03,1,-0.012505729316777847,-1,-1,-0.8455007944502733,1,0.913227534693246,1,1,-1,1,-0.07212950813042263,1,1,-0.9916650194117298,1,-1,-1,0.0674143432830474,1,-0.6974401843108352,0.8331819588428694,0.784943105910952,0.7325168182344145,-0.46649476763922815,0.9735316140323632,0.9438675901845188,-0.7003657330646648,-0.11604678408835466,-0.9048919254108031
1965-05-04,0.07124433956060938,-0.9883983241011806,-0.10383034780157496,-0.011553316965981275,0.122029919740965,1,1,1,1,-1,1,0.9275219349258855,0.021880473135810208,1,-0.05243131981624727,0.025440580592359985,-1,-0.04526113351264516,-0.9286513041707072,1,-0.7046447019258281,0.860101547009558,0.8496882141032189,0.666124946189699,-0.49103518328166407,0.86393372382793,0.9479566247919078,-0.6705916495474594,-0.23599938651167846,-0.9232867428288644
1965-05-05,1,-0.002028703944503829,-1,0.9670795711220904,-0.7821044368359573,0.03840469797138246,1,0.03382007464099823,1,-1,1,-0.033236579957357515,1,0.11961211689380913,0.8612344436135596,-0.9291710902599091,-1,0.9388192660748055,-1,0.014913522963987957,-0.7162789195290744,0.8555044939596123,0.8589523340726392,0.7186602708843177,-0.5474647073169241,0.8878434760709271,0.9561118709602123,-0.6819036248311584,-0.2668687313557671,-0.8822222486201547
1965-05-07,1,-0.9894846899234907,-0.012455030229528874,1,-1,-0.9570030299250303,1,-0.9545930047004515,1,-1,0.03036892919584766,-1,0.04104885071838127,1,1,-0.010501346694022473,-0.055353633724399165,-0.05429472420744774,-1,-0.9678100052258961,-0.8032307348429968,0.8537417927111626,0.8208962017893224,0.814498998423113,-0.6044598690134063,0.8344204080275565,0.9246512933348816,-0.5597316227199041,-0.24447566082761357,-0.8183484550497502
1965-05-13,1,-1,-0.8982215179145568,1,-1,-1,1,3.384665740402415e-4,0.010587740192748663,-1,1,-1,-0.932528090507671,1,0.029716899807071484,0.948783529996689,-0.9944016538988164,0.8737674047888748,-0.058987913760498056,-1,-0.8162265032904701,0.7835791622996913,0.7890273708049759,0.747333763366394,-0.5174567411389772,0.8332408644865421,0.8636816461986037,-0.58479206442051,-0.1387025450194588,-0.747514373296642
1965-05-15,1,-1,-1,1,-1,-1,1,-0.9005517965853596,-0.9685066298027418,-1,1,-0.02336376531113471,0.06730881075070805,0.010033913347206047,1,-0.04439965900241216,-1,1,-1,-0.03448558575324712,-0.7712767995469285,0.7173990253413363,0.8013279069855714,0.6834514762001586,-0.5591666059743085,0.9306312207979326,0.8005954295966737,-0.6352083116388695,-0.1491937726822057,-0.7048992548681536
1965-05-21,1,-1,-0.08306248895896096,0.008469402037497575,-1,-1,1,0.08513088023816429,0.02164832965557495,-1,1,0.9056819781993669,-0.8944039337355906,-0.979076558788128,1,0.8901390409250253,-1,1,-0.005977571656887948,0.9645066965966056,-0.7245962641001982,0.6688446844265118,0.8358515982863487,0.7391819765556545,-0.5139043698881343,0.9314221186324274,0.7737959052432511,-0.6326977084643747,-0.1123460895516403,-0.6643636737387603
1965-05-25,0.04469765371357193,-1,0.7975816338871132,-0.9008694147020573,-1,-1,1,-0.8768793891211988,-0.948320218676066,-1,0.10069019378343147,-0.05086092358339045,-1,-0.030571587675625622,1,-0.10635204105326401,-1,1,-0.9414273237893016,0.026891200961023043,-0.7150156215144052,0.6617618055608814,0.764855955262287,0.8015559837724846,-0.4936217632918015,0.9261828342800901,0.7830906013889047,-0.6219490839544487,-0.11563168135573515,-0.6940794896929976
1965-05-27,-0.9342280234267331,-0.006673194892279688,1,0.04264023811819129,-1,-0.011928820447929867,0.03579461138984241,0.08197601902740015,-1,-1,-0.8487302320218924,0.8963783427519241,-1,-1,1,0.8657192695032038,-1,0.05067869769217559,-1,1,-0.7089614222269354,0.6614124740738778,0.7150966732949446,0.7653188063279424,-0.5529527389134818,0.9845499680414358,0.6383154372894192,-0.6406528645233499,-0.18489004579167706,-0.6970020568841717
1965-05-30,-1,-0.9656607246192863,0.013330888573217403,-0.9504385883972534,-1,-0.9659969988983349,-0.9267844098017899,-0.8771682683464932,-0.02485828195054207,-0.07114284633474155,0.0936370992643204,-0.0536170655183813,-1,-1,0.10898530821408547,1,-1,0.9658152173796937,-0.04159740917263233,1,-0.6579566124374727,0.5847466520126805,0.6696688181888998,0.7416268653615816,-0.6192069988677195,0.9215654321061519,0.6424176918463542,-0.6897525259935716,-0.23625475886251268,-0.7849855520918776
1965-05-31,-0.008961331551994856,-1,-0.9680578135432192,0.027562708871898267,-1,-0.012423913650991047,-1,-1,0.9376212422939038,-1,1,0.9266033756157994,-1,-0.005657903484666771,-0.8108403090311007,0.03399356265800968,-1,1,0.943233333181615,1,-0.7277162415311107,0.5525148353744527,0.6347260260209363,0.735841822115046,-0.733490207665241,0.8788713191681123,0.6343664427327252,-0.6715840836199152,-0.20689189266921842,-0.7338339566591063
1965-06-01,-0.951566057670491,-1,0.02254304008383823,0.9992460981944787,-0.062242432429937766,0.8554623673875438,-0.009769633750635665,-1,1,-0.07188274493293689,1,1,-0.010099091498582902,-0.9190722436212105,0.12650082868901247,-0.9462128103681624,-1,0.015437370848998877,1,1,-0.7862201037698054,0.5633287418204628,0.682976296064657,0.6690077135745585,-0.735647326156645,0.853400111128613,0.6671782549159185,-0.6743200057920944,-0.15645413852016857,-0.7824241588284316
1965-06-02,-0.0388174357226958,-1,1,1,0.8590828279483845,-0.09661738126705743,0.9039054783021765,-1,0.007889411921350509,-1,0.022249088758457547,1,-0.9684885592638802,-0.01071562130300674,1,-0.03273711926233658,-1,0.990937771950901,0.07269641126753634,0.013115006367300452,-0.8711508102767412,0.6738772644020423,0.6206489350437197,0.6427786727367305,-0.6411819076710258,0.8116082131733703,0.6937776120196452,-0.6505215182710123,-0.2054251728269867,-0.8128914393908647
1965-06-03,-1,-0.005086182214215196,0.05887179659492048,1,1,0.896688414603457,1,-0.06058603676330454,0.9547884443529826,-1,0.9104737832196195,1,-1,-1,0.05447597955176775,-0.9763214623089674,-1,1,-0.9220261567011419,0.9933649886446465,-0.8179169979364074,0.5722651614740499,0.7072405199023101,0.6459347014819579,-0.6024398934142661,0.8466987748411569,0.8044094008065101,-0.7427672730313303,-0.17147249154264832,-0.808904570184125
1965-06-05,-1,-0.9974788578934306,-0.8895726875887919,1,0.01365514749955088,-0.07139517829376729,1,-1,1,-0.07249004263592629,-0.08306181187290274,1,-1,-0.03963708901511487,-0.9019580721913929,-0.02409159325922039,-1,1,-1,1,0.15715266079994927,1,1,-0.2781689105364925,0.36195584783678525,-0.10178309511340777,1,-1,-1,-1
1965-06-06,-1,-1,0.04504657008652646,1,0.976637267940983,0.9087834923573612,1,-0.06510387620092262,0.03520263316956873,-1,-1,0.05727470751180619,-1,-1,-1,-0.9678333891461581,-1,1,-0.051345932599582755,0.03016983390975958,1,0.012146655876147716,1,0.6583847343631303,1,0.8595072355776885,0.0163540097330368,-0.03850619571976566,-0.043879853050385,-1
1965-06-07,-0.044864007279683205,-0.040963414982216895,1,0.00863361987886968,1,1,0.006116027348031516,-1,0.9756552820908181,-0.03803934645171314,-1,1,-0.08892417982951584,-0.05960235339836073,-0.02691103633098335,0.00404705923573756,-1,0.08093564056427738,0.894251800784505,-0.969550976486133,0.008704158399493567,0.936783586244475,0.1185818679584224,1,0.06214121277450335,1,-0.9669648808843614,-0.9920897212634275,0.947742744133167,-1
1965-06-12,-1,0.8627190281495448,0.04314977554279509,0.9203610557256181,1,0.05797436431907588,-0.9480879283521889,-1,1,0.9443597832760747,-1,0.00287833255113612,0.8772849778941385,0.860051922551551,0.9623196617423816,-0.9533100434951822,-1,1,-0.053440279065173124,-0.003615664702701693,0.9251813450780481,0.019989055693102276,1,1,-0.8840826042028127,1,-0.01331627260572632,-1,1,-0.042707121096362544
1965-06-15,-1,1,1,-0.01937762123960629,1,-0.8697373053855239,0.049345551132969234,-0.06065895363081031,1,-0.05300889090982497,-1,0.9983894435988477,1,-0.012865922462063528,1,-1,-0.012139484612772589,1,-1,0.9260028990250776,-0.07236834045595597,-0.968443932971399,0.04601722922908347,0.03698173602310961,0.1074038972106296,0.01630079869275136,0.9560965556147525,-0.013296566312153923,0.07677558634687665,0.8959675069434312
1965-06-23,-0.007062972570962889,0.07624537123166375,1,0.9455287985338687,0.0011961899121167852,0.09408489778708806,1,-1,0.009681257231247686,0.9460481364154947,-0.06582835227451389,0.05138396527056366,1,0.9562983102043869,1,-1,0.9135782451570881,1,-7.686067616219372e-5,-0.03180933939416519,-1,-1,-0.9378333740796876,-0.9435744266907161,-0.872153146630399,0.9637273313028778,1,-0.9934770066742553,-0.8532843173366442,-0.09060747547877845
1965-10-21,0.9832604355300315,-0.8946865327494995,1,1,-0.9751992735755399,1,0.012000567933614037,-0.08888297195718986,0.9588878225325468,1,-1,-0.8445538818721124,0.07131887167297923,1,0.05011846806800324,-1,-0.02603196788418416,1,-0.9562512750591483,-0.9741969313495457,-0.022124931098625233,-1,-1,-1,0.10538267264279788,1,1,-1,-1,0.884283429893241
1965-10-24,1,0.0868182456396317,0.06087944823824576,1,-1,1,-0.9756394302203233,-1,1,1,-1,0.1304517575698615,1,0.04676044005052893,0.9929244175416667,-0.004733345946860146,0.9370216289748626,1,-0.029332351199112927,-1,0.9236507136600918,-1,-1,-0.07094071564487248,1,1,0.028122250565379314,-0.07324539092432292,-0.03473730939409647,1
1965-10-25,0.010416636031138404,1,-0.8962171868230175,1,-0.03694152349891644,0.03626209617116616,-0.01614858274777875,-0.028313386685857922,1,0.06945369230034548,-1,-0.8219725021181306,0.004066834960150256,0.9808684163053322,1,0.9081961170051,0.0027236714038982868,1,0.9286818424119073,-0.03985634795613957,-0.03983717713801416,-0.07493134985472294,-0.040690898905385464,0.9198247846329537,0.034504279410795924,1,-0.9353085045699837,0.8502758904157849,-1,1
1965-10-26,-0.938026434863877,1,-1,1,-0.9619112081797608,-0.9420983475225415,-0.9906074760331646,-0.9940715149442848,0.031460821335273836,1,-0.07823027351500567,-1,0.9539940490380332,1,0.0010838562388157946,-0.08917327156548815,-0.933972590318928,1,-0.04727051532097659,0.9459557169968807,0.8296966017298326,-1,0.919674782405096,-0.05548092290999551,0.9811935249051364,0.004018043243092739,-0.03732427231341717,-0.10123312998914658,-0.06505439682017278,1
1965-10-27,0.059616730469835066,1,-0.032685201649034656,0.019846680884189283,-0.04219534802520264,-1,-0.009736806441951074,-1,-0.9133387208636232,1,-1,-1,0.0068302484404964,1,0.9385737607764689,0.8786458483990183,-1,0.06152862032169604,-1,1,-0.13120315935941762,-1,-0.04234738709758501,0.928135101376696,0.01197527697345424,1,0.9179125021409926,0.7958355770410177,0.8717599286694463,0.09432060810361997
1965-10-28,1,1,-0.9531780805950572,0.9782834511984638,-0.9312576022184006,-1,-0.9893027689106433,-1,-1,0.0015728330141409064,-0.02263174951655622,-1,0.9758140974608701,0.025460663838197783,0.09549189628523524,-0.0749293894110421,-1,-0.879534824349444,-1,1,-0.14677185434340623,-1,0.0021691396077263767,0.8865530423095949,-0.04479944603712051,1,0.8536078574511746,0.733479577890753,0.8733047221508095,0.11967234419216094
1965-11-01,1,0.043132924446004806,-0.020181061267301126,0.03493331162608526,0.042039168526995074,-1,-1,-1,-1,0.9078927330282501,-1,-0.06978323542405174,1,0.993834322037733,-0.8447632434503359,-1,-1,0.08142507833813917,-0.05729475957825325,1,-0.16256063274653426,-0.9773064621474092,0.03189023157186176,0.8506218754697265,-0.17121524554008727,1,0.872899680807319,0.7335323968460149,0.9445281978330743,0.11387861280242288
1967-02-20,1,1,-0.9889506340985116,-0.9252581787388321,-0.9577635705332416,-0.06011530956265654,-1,-1,-1,-0.07384311165974211,-1,0.9001343503168322,0.12933474769869235,1,0.10283947017911599,-0.02987512973364459,-1,1,-1,0.044472231295766496,-0.08270771978733944,-0.9392738699832441,-0.051695786895582546,0.8938919070962941,-0.16861867813712475,1,0.8561152495010524,0.686098141425458,0.9607503400194854,0.11550563212371803
1967-02-21,0.08258908416383104,0.010967748297880942,-0.02723607998901767,0.03248500500370344,-1,-1,-1,-0.021921821728423274,-0.03649463942605169,-1,-1,-0.09054184241134089,1,0.023676674654067087,-0.8831222663857686,-0.9674330811659857,-1,0.06808664135815301,-1,1,-0.05938713156277918,-0.9058573148095311,-0.08565612029734043,0.8584327112574798,-0.11897832599752944,0.9665751200563547,0.8993268065800513,0.6643997957345141,0.9616791218286652,0.08887802186852085
1967-02-22,-0.8487050717235624,0.9031395506492903,0.9087927482066731,0.9959306334305058,-1,-0.042111579154572865,-1,0.9395285054656878,0.9607719121696443,-0.07279545986247782,-0.002350213797233991,-1,1,-0.9307498872860532,0.1137314220371256,-1,-1,1,-0.009366838639656816,0.03935911022250416,-0.08088021225304914,-0.9068759932071343,-0.11506423729770332,0.7730592896359461,-0.22951509010955984,1,0.7705783674833757,0.6634412718425263,0.9989472350656903,0.18930978631344636
1967-02-23,0.07388688995906245,1,-0.07366924258700902,0.013243442690800022,-1,0.9092156532762297,-1,1,1,0.8765439263549667,-0.8437255212796589,-0.08410007880412351,1,0.01508717259026826,1,-0.02361462717502516,-1,0.025409541039680295,-0.9867633519615433,0.9887368514361268,-0.11503369538484483,-1,-0.1595554449060849,0.7252371198831867,-0.1933725658911712,1,0.7843399259719287,0.6376909084262089,1,0.1874106634580228
1967-03-10,1,0.10809046387905086,-1,0.9829728426269061,-1,1,-1,1,1,1,-1,-1,0.003937197137288795,1,0.022112562055113694,-0.9768069256416744,-1,-0.9423613370822767,-1,0.0696954652220555,-0.08389173523001789,-1,-0.2516265922712027,0.7740860826855004,-0.15678503332446284,1,0.8046260761875288,0.6953429783306673,0.9456892977981357,0.2724071378715841
1967-03-11,1,-0.8025479641360169,-0.030845149721005716,0.007822413876031331,-1,0.008355124821757709,-0.007963360406787356,1,1,1,-0.02616094873635577,-1,0.87492748245515,1,-0.9447808802005523,0.0030959760946873693,-0.07326004606770853,0.05660657530781721,-0.0658487038017852,1,-0.015578089078146798,-0.9918144668397523,-0.2911682956562357,0.7533451127725784,-0.12254953950553524,0.9951991672395507,0.8658171874084623,0.6597037849405413,0.9585860066870477,0.26359247750124826
1967-03-14,1,-1,0.9672059739867924,-0.9603396443715982,-0.03430307784415798,-0.9890088332045053,-0.9568448958452112,1,1,1,0.9442034604146556,-0.0032548499972784306,1,0.004211016323953709,-1,-0.9608868990948563,-0.9878461859726367,-0.8690887660216272,0.9259665479119005,1,-0.08090821037095779,-1,-0.26498110682418213,0.778951440987465,-0.17856317683307993,0.8951800278473715,0.830299952755598,0.8003991083185176,0.9187270290204717,0.2873884262771555
1967-03-18,1,-0.09364398539562757,1,-0.02923649730301925,-1,-0.008046210672468135,-1,1,0.02345602596590879,0.07923001914514982,-0.014795264751187198,0.9943951938163627,1,0.9551418845697593,-0.02100882763950962,-1,-0.0023258995520707426,0.13014066008969405,1,0.051032585542010955,-0.02113878908002404,-1,-0.2767037637621585,0.8200236863220735,-0.13949268412549445,0.8695119892466144,0.8020699294118352,0.7339384306185324,0.9244725110883668,0.3265944834424517
1967-03-20,1,-1,0.027856747435376583,-1,-0.06959513663767747,-0.9840962878557479,-0.004212268589954382,0.047344504709343926,-0.9513132172407925,1,-0.9324432598583045,1,1,1,-0.9907978424447622,-1,-0.9529580361991692,1,1,-0.9055230014873575,0.02356879128347035,-1,-0.30264640753880223,0.8733249642420134,-0.11361867400805367,0.8395000646080412,0.812279419784489,0.7874309854822779,0.9603038214325962,0.37809680743630386
1967-03-21,1,-1,1,-0.00760051064178624,0.926994508325372,-0.10657126548703111,-0.9669178401726555,-0.9422874051887772,-1,1,0.008934880489480768,0.028093298433967573,0.07913931941062002,1,-1,-0.017756422006471095,-1,0.027120288075064725,0.00469490419627272,0.07426860796164514,0.04029079317927127,-1,-0.2689942105122904,0.882047356989876,-0.100240178835691,0.913780287906457,0.7674386225151258,0.7975072734434605,1,0.4310571410828964
1967-03-22,0.004161904151649409,-0.06254741652747176,0.0555151283847265,-1,1,0.8560254408737101,-0.021243097063052385,-0.005139289502910427,-1,0.005386288033474296,1,-0.9161880569948753,-0.8796452312225618,0.018460179167870794,-1,0.9284355419744631,-1,-0.9558333187701525,0.9841722493297762,-0.9221733247282159,-0.008844384722919901,-0.9625932448314146,-0.3774357338043,0.9007933332081023,-0.09604532425227634,0.9074633044431752,0.7571269547116962,0.91086175408540615,1,0.4154233604785702
1967-03-23,0.9184737507799056,-0.991297485562752,-0.9264021103414493,-0.007687841765890657,0.07818010381971496,-0.10107461614219371,-1,0.9686726068368164,-1,0.9830862766260458,1,-1,-1,1,-0.06256449906929484,1,-0.049882734537436635,-0.01833441672255176,1,-1,-0.010565412584996749,-0.8932067385746807,-0.4613672724677772,0.8300997902942656,-0.014499065243563952,0.8730521777555511,0.7113150711396828,0.857677335374592,0.9869320671873155,0.4079996437578398
1967-03-24,1,-1,-1,-0.9403939146440126,1,-1,-1,1,-1,0.047326062675194236,1,-1,-0.004491717662063577,1,0.9124508128460836,1,-0.9686532793687452,0.8784388181136922,1,-1,0.060971208940931866,-0.9514574032367049,-0.4220795563936635,0.8612007367254679,-0.007674191263073376,0.8375919831516644,0.6678308307495173,0.8403940060399572,0.9018023936963118,0.3754543361199489
1967-03-25,0.038514892083896024,-0.055142652022069916,-1,-0.001769558682854222,0.008575389503511555,-1,-1,0.06487050263526617,-1,-0.9015720666033998,1,-1,0.9069818224525323,1,-0.08057206843061937,0.006019263370231176,-1,1,1,-1,0.022427131238397666,-1,-0.3555169916015396,0.8406849551733646,-0.04161339765045355,0.7773308609593231,0.7239121359321611,0.8325922234970731,0.8372444944421871,0.4047531496213194
1967-03-26,0.9943431046054553,-1,-0.06816311257228513,0.889163429089744,-0.9420165130251418,-0.02030446866507707,-0.04269927377340499,-0.9242922587245618,-1,0.07907102024137791,1,-0.0734925681994597,-0.08472410818468623,1,0.8564773087725647,-0.9932871599474058,-0.013493183542123699,0.020954467396010146,0.024803371119549,-0.03681175287347627,0.12429083392136957,-1,-0.30509667754045566,0.8234951478935701,0.0380448936720392,0.7373488469025192,0.689333032826486,0.7959005939346284,0.7781493847669004,0.36496691481725674
1967-03-28,1,-0.011806806129058822,-0.9944452163114994,-0.09456634924745644,0.0270890822619152,-0.977061129638433,0.8915558177695468,-1,-0.008287977613337771,1,0.06727415189353625,-1,-1,1,-0.10749085397777058,-0.04185602194524529,-0.9995749787661076,1,1,0.897605571998413,0.06565322140729021,-0.9551676631711501,-0.34978202712868156,0.8193196687642083,0.09901607638403334,0.7204016232845895,0.7608295338701838,0.7789805006495413,0.8642426324197109,0.3027489833790247
1967-03-30,1,0.9055582861826608,-1,0.8554357259037892,1,-1,1,-0.054605081738564376,-1,1,-0.8720092175302918,-0.04044616555387093,-0.08451331350858071,1,-1,-1,-1,1,1,1,-0.011526061775498475,-0.9097563347865729,-0.35850677677179915,0.7880765573516335,0.1303704460387932,0.7006813066107168,0.7650929565120419,0.7973155072376337,0.9347972291560009,0.35727648185235444
1967-04-01,0.04517388462881522,-0.054848239064039905,-1,-0.10562468658786073,0.03205072126538422,-1,1,-1,-1,1,0.09491011786307424,0.9388665897299455,-1,1,-0.014379214741810586,-1,-1,0.04828349046734215,1,1,0.020063873221225458,-0.9716849673913317,-0.3614953633884074,0.7436622802376232,0.11779414547935113,0.7262663110344183,0.7125700679186409,0.7649345329238588,0.9376808652344731,0.4031408153022943
1967-04-02,-0.935430625204296,-1,-1,-1,-0.9528619616721328,-0.09050883807210297,1,-0.12750072726580286,-1,1,-0.8904212143121804,-0.0366088346082466,-0.07350923306052026,1,0.9675202468618969,-1,-1,-0.9332433052766302,1,0.06007927198321383,0.012418690301897711,-0.9350596710806347,-0.4551265364487776,0.7690914217814263,0.04407870370114493,0.6895360243481438,0.7634364075199404,0.8175076270854125,0.9565578518882335,0.4327537788236074
1967-04-03,0.038445464933796525,-0.11664525006494897,-1,-1,0.012531438503342929,0.9081639965083115,1,0.8603531732412779,-1,0.035785538514222504,-1,0.9175664706368737,0.8963100052699049,1,0.021826130630580698,-1,-0.04146468747050891,-1,0.03187077054728349,-0.8946108362373307,-0.007851607613535358,-0.9052540606756914,-0.5019763959001354,0.7422349609844452,0.14144916941708308,0.6844543082700192,0.6993248415494532,0.7400321826614571,0.9357305961418796,0.39164996232840527
1967-04-05,-0.8985103089873665,0.8014892002441524,-1,-1,0.9788737756817282,-0.08042270409080021,1,1,-0.03251956115931176,0.9979372301393271,-0.04922767165481512,1,1,1,1,-1,0.9345262357006663,-1,-0.91051016545465,-1,-0.05746296848369603,-0.9002298353027925,-0.54427518337442915,0.7466168621629188,0.19835595961837763,0.7358554682542668,0.7596980750444797,0.8012133171112173,0.8576514930410721,0.3781471980465164
1967-04-06,-1,1,-1,-0.020922018967230227,-0.016641767878908365,-1,0.025573400248103728,0.08466767729267832,-0.9747551270351479,0.034557069462502366,0.9037066815305274,0.012280505639257977,1,1,0.006407607222719269,-1,1,-1,-1,-0.047971522634539854,-0.020645950361362728,-0.8822084751755378,-0.5495310493828408,0.6232772901692795,0.2715087431698596,0.753001084988353,0.7990446329758845,0.7858192256769272,0.9453261202957554,0.3656162514441696
1967-04-07,-0.02269162952937731,1,-1,-0.9279234722895936,-0.9913269670684184,-0.003998241220014798,-0.9359151780936892,0.9905425569434554,-0.028566722545824264,0.9950341048431457,1,0.9870107046980026,0.02336082966897457,1,0.9566332006440568,-1,1,-0.03844218779725106,-0.11333861989486971,0.9103328484999684,-0.08887765597459422,-0.8498630684387543,-0.4167470870926502,0.6216751628121785,0.22023258332015544,0.8110846749685965,0.9116768793635003,0.8475901062520277,0.8885125400122224,0.29404796459826865
1967-04-10,0.9629148754694337,1,-0.013411897003820394,0.024407349632060593,5.599051379360231e-4,0.9215339403147917,-1,0.07098661899965053,0.9711214233203842,0.029456694412977158,0.06587295087734713,1,1,1,0.00969316805645648,-1,1,0.9432022679715921,-1,-0.0726837934130935,0.013302061653831423,-0.8743802250078938,-0.42298790492393273,0.6278409025609963,0.21070780819017007,0.8252905807075109,0.9440673798977529,0.8026023420111636,0.8735479501358733,0.289281506465295
1967-04-11,1,1,-1,-0.9337380150520781,-0.9221317234883176,1,-1,-0.9078575845297577,0.08041513691159674,-0.9317738255787419,-0.9267394777827063,1,1,1,0.9898352260281379,-0.05012649084336318,6.807637153057877e-4,-0.02239360987755934,-3.5603433773190307e-4,-1,0.036619268830309026,-0.8054284087260136,-0.4202621279886093,0.6842633831411856,0.1746158029098157,0.8056209506474898,1,0.7380079710283108,0.9420322819024541,0.33554875557609515
1967-04-13,1,0.022742859340851185,-1,0.03679905345712253,-1,0.037755761329121396,-0.060541634915046716,-1,1,0.05777273527634019,-0.025615142842803862,0.013540661211786875,0.015663640665787404,1,1,-1,-0.9869208252528764,-0.995132048613887,-0.9900031976284588,-1,0.050946297503831575,-0.7320790234525286,-0.40338737329692864,0.7268730892835125,0.1868391578507954,0.75245270859969,1,0.6963088188282016,0.9950795533326087,0.2775740477473566
1967-04-15,0.1045238994770743,-0.9741915605981485,-0.058190554374101366,-0.8870974558270027,-1,-0.9028925965382737,0.9345254870573939,-0.03303091601832253,0.0639971925005497,-0.8807577540845362,0.9579153553358672,0.9257225287251029,0.9718936333355608,0.012689260670942781,1,-1,-0.05894841548182117,-1,-1,-1,0.03557876674828087,-0.6986280464332413,-0.37835508806670304,0.6948243822606932,0.13818640868691645,0.727140704128699,1,0.6743580903687075,0.9520581251188545,0.3573011845695941
1967-04-18,1,-1,-1,0.04143668888004792,-0.029782911207068552,-1,1,0.9277301450639766,1,0.07635467481669655,1,1,1,0.9601804603334796,0.037068199546803515,-1,-1,-1,-1,-1,-0.14263659758089925,-0.720221778182595,-0.4336423673736457,0.6906155600730933,0.07300229297009216,0.666038283484603,0.9847217064286716,0.6870530747682496,0.928328471077252,0.43332746580976844
1967-04-19,0.020784131452496912,-6.282550388436725e-5,-0.055299530841127265,-0.9502630282633636,-0.9631640323340465,-4.5295964025882096e-4,0.018643156729164945,1,1,1,1,0.05752632562630844,1,0.036714611794304464,-0.8890034510987436,-0.03977057643144688,-1,-1,-1,-1,-0.15120271408585384,-0.7273921950481299,-0.47558074595835986,0.7320825437589421,0.15329867529460134,0.6103083873067734,1,0.7020337511705285,0.8644797886540505,0.48678831184541016
1967-04-21,0.9924983463038937,0.9357229052654645,0.9415658869082761,-1,0.012580590699721617,-0.9770798566457691,-0.9442228665009793,1,0.09011981616022458,0.0014795531137354878,1,0.9681605395131334,1,-0.927030877801726,-1,-0.9981830272611318,-1,-0.11020845418297753,-0.03080031307890363,-1,-0.18449799863938024,-0.7322512864016212,-0.5056457001148738,0.7261972367154423,0.14764627570547717,0.6818042192580095,0.9143443192812586,0.7303444228174631,0.8222641955351196,0.4370678009365679
1967-04-23,1,1,-0.041668866028820806,-1,-0.8264225510635114,0.01045858276642353,-1,0.07699255326011378,1,-0.9729663187131755,0.011310845305462669,-0.011552344602715148,0.011458907458671508,-1,-1,-0.006541516273614656,-0.031243628248092237,0.8524977499028936,-0.951697327325884,-1,-0.2289814797087084,-0.6757952324881874,-0.4784927423566196,0.6763376310884611,0.16474664350455107,0.6997658951533534,0.8995052399817737,0.7361019911195709,0.8484710918929822,0.45656552326995564
1967-04-24,0.003437486949976032,1,0.9387232041758277,-1,0.1645833126159344,0.9441792091010501,-0.020053363580379124,-0.919270875743905,0.019532659870445057,-1,-0.9594368769698314,0.9630236925812494,-0.9155022084738063,-0.06192003683486136,-0.028054909742711742,-0.9426231464713299,0.9633663686979101,-0.08798218079484543,0.023450094926614873,-0.018683126221744506,-0.32402971425384164,-0.6595839287765034,-0.5688610481924833,0.7042649121586783,0.12977758391118957,0.6951742063274274,0.9099829429930648,0.7528085107627133,0.8596092132075768,0.475528673543918
1967-04-26,-0.9864309583900419,0.03884168646336594,-0.005140855859545934,-0.024730631189145758,1,1,0.9763583256654256,-0.037173787255316504,0.9667805378578098,-1,-1,-0.006705304078982621,-0.02825416873614306,-1,-0.9854447498408716,0.05452122339607335,1,0.8600301470959202,1,-0.9644635230512275,-0.26647827533515367,-0.6907624135196109,-0.5639833922932267,0.674961747652426,0.11360767909949282,0.6728301032517306,0.9647730160787069,0.8843321434585526,0.8249217718315401,0.42034436708548517
1967-04-27,0.0024083706812543237,-0.9508709934040417,-0.9584547216772673,0.8672010414275259,0.045702256084740656,0.039257279345022655,1,-0.9480431323633289,0.06408041374941587,-0.022440600827405954,-0.009213381667704912,0.9200363148389603,-0.9959149468812687,-0.0015665004216509626,-1,-0.9395249284123418,0.022003816151325406,-0.11739333040309041,1,-8.926573238965396e-4,-0.30167095060927684,-0.6689570330649202,-0.5580727168284303,0.7474083737477639,0.11044916609162689,0.660310003714363,0.8922646946926633,0.8846090583525211,0.8409215039136054,0.39208872181698995
1967-04-28,-0.9874814463616302,-1,-1,1,0.998974125363825,-0.9119946475503999,0.06856425721750214,-1,1,-0.9571256459198311,0.8881086314471487,1,-1,0.9327643855397393,-1,0.03804412727426998,0.9522711759310062,-1,0.028069283958313873,0.9944646457484776,-0.3268831935052172,-0.7153259976967827,-0.7128076904887021,0.6627345031490648,0.20626301888299883,0.6633699697399638,0.8913395609373619,0.9011299154073241,0.7765222947997654,0.42483282907222797
1967-05-03,-0.052460512945241566,-0.03907343781056538,-1,1,0.007199668954477323,-1,1,-0.003663587155529946,1,0.02161793616413199,-0.07468638702750652,1,-0.012802683600647624,-0.053743589443368545,-0.05921865817579586,-0.9590674762066037,1,-0.03381089927264658,-0.9541598371152807,0.07558779053700115,-0.4070961671185734,-0.7204092119400308,-0.7774635227272755,0.6570965532830995,0.20178148751442088,0.5710805314677961,0.9291466329940044,0.8433199527355537,0.7655032319395588,0.4067415330674907
1967-05-04,0.903640375218178,-1,-0.05603960182857948,1,-0.9517004824896501,-0.01801521046837473,1,-0.9565139876839258,0.049420905078408905,1,-1,1,0.8936240378026203,-1,0.8987092225635166,-1,0.0724950086745676,0.9081667975164971,-1,-0.8906122188634799,-0.4465364905088277,-0.8057379758527956,-0.8197511711930251,0.6187357933414106,0.12043000095906194,0.5009822983811716,0.924885628404782,0.8422160181031187,0.6992183470229713,0.32981755975617083
1967-05-06,-0.08100884277125597,-0.034318701979309973,0.8450628166380899,0.022590043031346485,0.025967200619232966,0.9133467294102594,0.06722612063979194,0.031020781316509427,1,1,-0.08632876718886995,1,1,-1,-0.03161256888984465,-0.07558524791284726,-0.9234279074315391,1,-1,0.0969992878076108,-0.4868167228796617,-0.8145900010096961,-0.8436346992782904,0.6182613161042545,0.03602044997367637,0.5117283111082506,0.8679683337292962,0.939324450843733,0.6075770414928438,0.38460788524869066
1967-05-07,-1,0.94040737974471,1,-0.9615546192988769,0.9696474289353929,-0.06536944699379155,-0.9292484786763657,-0.9636236800771865,1,1,0.8893685340618377,1,1,-1,0.905078102358807,-1,-1,1,-1,1,-0.5305254003380051,-0.7725446969091344,-0.7851206297274327,0.5875125804853942,0.022799287351286474,0.5074780246641175,0.8071899298929534,0.9197021523395913,0.6065152209647561,0.36951496622825597
1967-05-08,-1,-0.05006861909229121,0.0141330313231538,-1,1,0.9145918287796169,-1,-1,1,0.0451967601972606,-0.09406781802756226,1,0.0389057977984012,-1,-0.04053355892375432,-0.0951017175080181,-0.05690386399463476,1,-1,0.009649408184903008,-0.48961000207985883,-0.8571039990424062,-0.8049235800952802,0.5166784233141699,0.039395426452315765,0.4597918590152159,0.8901365151804465,0.8903445098815723,0.532320438908653,0.31144799910873605
1967-05-11,-0.004071591263922425,0.9423675425704413,1,-0.037470831986966435,1,1,-0.0448163083948776,-0.06849116666486876,0.012149646263612923,-0.9431653608348946,0.8755785188694108,1,-0.9263956164601003,-1,0.958868500547874,0.8803376979945747,0.8719931013218329,0.016605487006043917,-0.029931192534875195,-0.9499984061880138,-0.4978019035277485,-0.7987930139398518,-0.8470514128242347,0.5055571758144668,0.0829300439662236,0.4452211443663231,0.8213094902994147,0.9530354047762853,0.5055196570525979,0.24567087313070338
1967-05-13,-0.9943512499133295,1,1,0.9472810608071311,0.08937437830614647,0.09594834322260093,0.8163669351548405,0.9028947184700471,-0.9631709482961386,0.05433436183953888,1,1,-1,-1,1,1,1,1,-0.982861121159163,-1,-0.5464562976513672,-0.8650750895757932,-0.8574440748587151,0.48143620811712284,0.06642352785192565,0.3974042757444277,0.9163847567963029,0.9523087156020748,0.5573340845441515,0.244261502595678
1967-05-16,-0.09070323294642357,1,0.10849000227672556,1,-0.908266814362134,-0.8980986104989551,1,-0.0718886112423478,-1,0.9722735980419319,1,0.02525750839633034,-0.029599401398504144,-1,1,1,1,1,-0.020151549012285663,-0.012649274599833782,-0.5010360709378266,-0.9364307852623023,-0.934828855881203,0.48038109231865667,0.08770829564918689,0.40470543031238715,0.9138850703993485,0.8580918937980323,0.5696444677371704,0.1974246736230629
1967-05-19,0.8074970913564542,1,0.9859226929571773,0.0032145428768496354,-1,0.03164648454683139,0.008708133197027679,0.9219408685905773,-8.791944370001303e-5,1,1,1,0.9571246270094502,-1,1,1,1,1,-0.980681389874118,0.9496339104928033,-0.5373790769712945,-0.9915655745776826,-0.9928292151705367,0.41994850338333567,0.11622042717057586,0.3366234215010524,0.8380042186741152,0.8114636508504247,0.6162056529261688,0.17717380964424798
1967-05-21,1,1,1,0.9508973848982555,-0.02058445087333094,-0.93602701488253,0.9973974073120278,1,0.9136680548237608,1,0.004164688810606498,0.024835304283046256,-0.03624580538358435,-1,0.065163241983476,1,1,0.03952021953531304,-1,1,-1,-1,-1,1,-0.858951770811862,1,1,-0.18436448894053614,-0.3528742841269328,1
1967-05-22,0.0013090647330381566,1,1,-0.03153442145649965,-0.9790076044401838,0.04205453878932908,1,1,-0.06638977254279854,1,0.9594571205612543,0.9923111806551793,-0.9825824380705885,-0.008682088615111438,-0.8583309679446958,1,0.07557024863848172,-0.9533570484381689,-0.0056542496529851105,1,-1,-1,-0.05817870288132099,0.07592831475328632,0.12931761235708727,1,0.036419889213597845,0.812314028431875,-1,0.03743011346565539
1967-05-25,0.9768151260956248,1,1,-0.985000440899683,-0.06328837573511459,1,1,0.06020742401886259,0.9305522215286613,0.06292817818855312,-0.027401393558286746,1,-2.1105696938505947e-4,-0.9640197936117503,0.1372466200224507,0.049948166896130575,-0.8843510574853356,-1,0.947785278035013,1,-1,-1,-1,-0.8714901431928911,1,1,0.9969957339516293,1,-0.06315160200920744,0.9652561644488382
1967-05-26,1,1,1,-0.07163709499520576,0.8848374415497733,1,0.05849030446430603,-0.9299135214274029,1,-0.8635873600506417,0.9219292717819161,1,-0.9637237028434519,-1,1,-0.9337250111583435,0.06387967404447548,-1,1,0.02671208218015997,-1,-1,-1,0.014053754107379857,0.005014554289611839,1,1,0.03901015677222408,0.888831965907784,1
1967-05-28,1,1,1,0.9074512625731077,-0.09437904073833925,1,1,-1,1,-1,1,0.026811477805543937,-0.013902553664042139,-0.040556429595197896,1,-1,-0.9053466640110414,-0.04641644043595172,1,0.9778310352283097,-0.08123046132160017,-1.0547301289898225e-4,-0.05263224251684695,-0.9317311233964686,-0.9819058490336557,0.046842744889062704,1,0.9955448167832479,1,0.038648144902440285
1967-06-09,1,1,1,1,-1,1,0.01566131935344728,-0.07646081775572244,1,-0.032876029337952084,0.03338535071456128,0.9854945242868258,-0.9989801355244684,0.9591590191411785,0.006258564955358037,-1,-1,-1,0.00857448006125705,0.01342658701676891,0.8643516488129745,0.9330766429923708,0.9203724836523643,-0.04883630132061123,-1,-0.9530881391810396,1,0.11022507079971089,0.009475649017046117,-0.9150918680251648
1967-06-10,0.03319940160721191,0.10561012121603597,1,0.07460528428648783,-0.011707503716288703,0.037016561036029016,1,0.8704314893894748,0.01948999762182846,-0.9819114023173814,1,1,-0.08418133784678583,1,1,-0.03318319068988773,-0.01094322474825804,-1,0.9520655804312939,0.9300752398835007,1,1,1,-0.9980804503709817,-0.03004106373769,0.030108543843423874,0.007763120201150109,1,-0.9509695792083258,0.03980365859106916
1967-06-14,-0.9503828360391937,-0.8841355051088062,1,1,0.9802203267973792,-0.8521786804162931,1,-0.0826705961494173,0.9811038642482034,-1,0.011552236047188136,1,0.7895551948724734,1,0.05050806298745547,-0.9488323091117753,-0.9720994297221024,-0.04034421765801077,-0.04112757687587831,1,0.02089529560739689,1,1,-0.021548088635708007,0.897511246376997,0.9559542440254549,-0.9551115484031018,0.02554583522052145,-1,-0.9471860388100779
1967-06-15,-1,0.11205022694836031,1,0.028257541004907516,1,-1,0.04679990437889725,0.8125052715750484,1,-0.035668085936736316,-0.9769773888164132,0.02623284757246125,1,0.012492130606247098,1,-0.05835577389568991,0.025099574285937898,-1,0.9241756543126121,0.015319243088266599,0.9288394708073618,0.0334667746334002,0.050129658955226475,0.9305032446210462,1,0.03495853459227549,0.018322040126906858,1,-0.016908139659566612,0.04837958751636662
1967-06-16,-0.0166046043343967,1,1,1,1,-0.09312294963963486,-0.9491273486009781,-0.17396650771017497,0.07842801146454725,0.9140307926321686,-0.01728203828646746,1,0.017521379768846268,0.9962471243208155,0.005822318228699941,0.9380647550868401,-0.9036223580056578,-0.06064912684186263,1,-0.9705648305480409,-0.04553759651589062,1,1,0.01195777022513056,0.020477022143540302,-0.8837075693887501,0.9877493042978583,0.05943128379056506,-0.9569854849619223,0.9693507537314799
1967-06-18,-1,1,1,0.06278702974114825,0.013826992866368348,0.8793427362718521,0.04400246533560537,0.7913098376927106,1,-0.044252461290029355,0.9745283948958403,1,-0.9357733929958172,1,0.942404785275294,1,0.03120385323590924,0.8803626252484089,1,-0.025955928936269856,0.9309474332215198,0.017553482118703445,1,-0.9765907982682105,0.9878922212507246,0.056749695305843506,-0.0022982916296940825,1,-1,0.03336767135649554
1967-06-20,-1,1,0.05888248298106291,-0.8881412330336298,-0.9227222978513957,-0.06770762629784055,1,1,0.05876508017628057,0.9164896323372964,-0.009490494034191665,0.03156890784675326,-1,0.014918232842155987,1,0.01919814840624845,-0.9340094241375545,-0.10918427307430201,0.05794992700600832,0.9510345112430799,0.847647749513173,0.06309769933148693,0.9951589866299786,-0.9389725641226184,1,0.06643033915021856,0.025136515581511417,0.947516515284314,-1,-0.00532617332873269
1967-07-01,-0.01783644621299385,0.03049138310994215,1,-1,0.030590818825551258,-1,0.013744608648454726,0.03340019954456741,-0.889900781619262,1,0.8945471311887311,1,-0.017743123556811624,-0.9495344112744036,1,0.9161468588668795,0.039530256981308076,-1,1,-0.036535707076791546,0.7977605989102182,-0.036729363083287836,0.8967403594452611,-0.9921796954995177,0.9371542363988978,0.006040449894708838,0.07613364945718107,0.9073800829079143,-1,0.024999211515095075
1967-07-04,0.9205813393761091,-0.8488056016569232,1,-0.06479812153125186,0.9032913306369605,-0.008901299493230597,-0.9682270650801772,-0.9273510221432406,0.07986583443472373,1,1,1,-0.9902674155841309,-1,1,1,1,-1,1,0.9424005097423388,0.8492941903449173,-0.0687210013630776,0.8542866249668468,-0.9813217175382316,0.9271630785414722,0.07893508420438175,0.01846505792628414,0.9000785533697369,-1,0.03819502376030187
1967-07-08,-0.06623676564113934,0.1453585486116259,1,-1,1,0.9771154905083577,0.011494490868152019,0.03406334255259358,-0.919614927721758,0.08066914864715935,0.0017323655970565843,0.05209499861513689,0.008488507422011349,-1,1,0.006219806524023874,1,-0.009860470702935054,1,1,0.8546466034254901,-0.08854229089787634,0.8464151700080255,-0.9713020952687467,0.9048609778465508,0.18651586758400235,0.09482751769036135,0.8356637129979785,-0.9418364435185421,0.061161847743295056
1967-07-15,0.9119108493462276,-0.8427395862071403,1,-1,1,1,-0.9592173999439975,-0.8743531684674344,-1,1,-0.9682766717821524,-0.9130373373693614,-0.8664360883319662,-0.14822130049127835,0.02519964828635335,0.958148621719133,1,0.9504050248263962,0.06159800802804549,1,0.8172762422374621,-0.012564836340805394,0.8521957426382951,-1,0.9476314458177821,0.18138358105402427,0.1365062701375879,0.8490525037201099,-0.9185318319921023,0.04836783636339353
1967-07-20,-0.062085716468541885,-1,1,-1,1,0.0627830796179859,0.024912172368030006,-1,-0.034806339289160104,1,-1,-1,-1,-1,-0.9479220497786358,-0.03695264395143316,0.16636138977212345,0.0302113063978251,1,1,0.8157694644545377,0.023378770221765967,0.876880997251711,-0.9815800194513752,1,0.15981733528797493,0.12474853755234733,0.7405339308818764,-0.9364679906879846,0.02928507625956003
1967-07-23,0.8367433242274934,-0.03613577678712643,0.07525725211348477,-1,3.844458263736472e-4,1,0.9407865353108077,-0.10227316376981643,0.9016725358810183,1,-0.08739720626492509,-0.020976316911932802,-1,-1,-0.018907603139053486,-1,1,0.9775327495714627,1,1,0.8473629990098973,-0.029624154490078193,0.8626689840502456,-1,1,0.07528075516793971,0.037252944766452245,0.7139937516249489,-0.9705255687860903,0.041121485972642306
1967-09-03,-0.13291814304886873,-0.9476832562788138,1,-0.0873171043476515,0.9691179423898957,0.025771174888809312,-0.03506136474435906,0.8256764451163172,1,0.013689253954269454,-1,0.8949108952853995,-0.046850984844803545,-0.010236759882856994,-0.9617076638637221,-1,0.027500023721035216,0.005650097238702134,0.08359068989835383,0.02080240798822508,0.8072777280798756,-0.004441559217747561,0.9493518501958474,-1,1,0.018440583582904166,0.014334033603410255,0.7524113811774389,-0.9621099938772938,0.04666151115641233
1967-10-05,0.8006788637402453,0.04928784435214861,0.015250162009642798,0.8868861680774661,-0.02710152612823724,1,0.9587401121677147,1,0.044629942412148904,-0.9618832874561963,-1,-0.09080738137842426,-0.9997147247981683,0.97231068121985,-1,-1,0.9660792520852298,-0.9842366497833205,1,-0.9192713974144928,0.8825722853850324,0.06383140117239547,0.9569408346856684,-0.997253905093728,0.9809378203997966,0.11528882503133579,-0.012128307820284082,0.7044017601678277,-1,0.08991999902884389
1967-10-09,1,0.9953514422106949,1,-0.0660134714971875,0.9104475769117852,0.05456183326723463,1,0.01829000492163191,0.9771655232631464,-1,-0.039713545875045164,0.8917403676416394,-0.04335424357880757,1,-1,-0.0373899083527921,1,-0.004127883643091912,1,0.06652538124973095,0.8629865532172305,0.011502813034735965,1,-0.9804284989019711,0.8989283940492091,0.08965127725202993,-0.0607703950348213,0.7310221311484343,-0.9773028675085469,0.1288816418823519
1967-10-15,0.04016870063754019,0.03330346349006641,0.04003541227064489,-1,1,-0.9372297196829766,0.09684727785793712,1,1,-0.09148146072625318,0.8720801395658307,-0.08040177289428396,-1,0.020631730396521553,-1,0.9228266339605101,0.03833356771313223,0.9185137850115874,0.06091064865844287,-0.9239569853527353,0.8084723110401603,-0.0071025031619034625,1,-0.9870745548113944,0.8895492613534087,0.035661811840155905,-0.043145180595165006,0.6583955308274639,-1,0.13713797130306726
1967-10-19,0.9253759186304511,-0.940809852251424,-0.8919739460967868,-0.02085997790963745,1,-1,1,0.057099086333170845,0.03688852637294204,0.8435284709272686,1,0.8105253549974528,-1,-0.9180977754219101,-0.052687834280867984,-0.07010240060959416,0.9497272083146856,1,1,0.05393268995850664,0.8005163084141481,0.05937660026204901,0.9162558375216538,-0.9503811301152492,0.8913468238363684,0.020082050380647053,-0.08174143428061434,0.6776916067197746,-1,0.12445065314169733
1967-10-21,1,-1,-1,-0.9742182660316777,0.0013970117682453598,-0.10811116316119274,1,1,-0.941991187614558,-0.14373970575619033,1,-0.17796663151452374,-0.11238937426789741,-1,0.9247434469303331,0.860343844695201,0.011606281303030541,0.029332686109749817,0.014685342708888216,-0.9103421765476131,0.7585940739903584,0.04547405363035759,0.9345062381870977,-0.9587303428282639,0.8155026113568369,0.033061167018034285,-0.035638634789333545,0.7447981929276627,-1,0.1256393495657975
1967-10-23,4.3109524667483967e-4,-0.07371823068260375,-0.05703217252891524,-1,-0.9965538044449025,-1,0.08119591407276228,0.04018467248539115,-1,0.8455353087107818,0.016463155906932037,0.7504756011181226,0.8812077346962941,-1,0.008209983623372219,1,-0.9528442125637376,1,-0.9530019985724548,-1,0.7197099692569983,0.0252205065616607,0.9830413241520094,-0.9561200965842612,0.7750299467107079,0.0762325507197894,-0.016001363979071433,0.7730004455352745,-0.9698121424537831,0.13970975206390224
1967-10-24,0.9729510072470318,-1,0.8432967443809353,-1,-0.027617712051724697,-1,1,-0.9314733405366433,-1,-0.13479034836860448,-0.981541394570479,-0.18585501751931954,1,-1,-0.9399218148864218,1,-1,1,-1,-1,0.7276448098030848,0.026718900803418055,1,-0.9639277050992628,0.8195131195923858,0.13716682743130992,-0.0018907335891128786,0.7583643673931975,-1,0.07940252143839754
1967-10-25,0.007600218153035465,-1,1,-0.11750901022659532,-1,-0.046105305702560107,1,0.05589631553390784,-0.04574623888113705,-1,-1,-1,0.06072033300590973,-1,0.00316715939645984,1,-1,0.009492860351504873,-1,-1,0.7277784310872887,-0.03584401569535059,1,-0.8969596114608044,0.8124398977604061,0.1771542871682566,-0.09647717416060944,0.7889409560666447,-1,0.14356420321758473
1967-10-29,0.9208041260389641,-1,0.0032641997836604375,0.8269532988883185,-0.033359532331242225,0.9271307885164268,1,1,-0.9599568256544222,-0.007337433079005806,-1,-1,1,-0.024347957991577518,0.956133350689076,1,-0.050418718390428885,0.9785929997300759,-0.10897568256776435,-1,0.7322961466236555,-0.1223170516478724,1,-0.8216719525229139,0.737945744900474,0.15779305145648975,-0.17636357928612967,0.6859369921027548,-0.9424712346099211,0.12946931601722964
1967-10-30,1,-1,-0.9927176727755154,1,0.9437888181442653,1,1,0.027308749880949446,-1,0.9877817645105075,-0.011068093869755935,-0.055824456008442436,0.024199737478380556,-0.9505414602548453,-0.005305337604302296,0.0735381018842779,0.9129237792873051,1,0.8600367137971132,-0.019303232504577994,0.7411401971747502,-0.19697032076464538,1,-0.8257188202949144,0.7944190822819162,0.16193733658651965,-0.1721379440940279,0.8027530616639037,-0.8928859412310329,0.14494790620959738
1967-11-09,1,-0.02436933248746298,-1,0.004108536070769331,-0.010613712426035371,0.015022870178929892,1,0.9053584889744697,-1,0.05602185360342671,0.9508096145070097,-0.935636079090379,0.9505500723064626,0.008849338114100602,-0.9824420484271521,-0.8940991030883633,1,0.004346858061424208,-0.12296741393506772,0.9778748211688242,0.7515618843152578,-0.17041229191766577,1,-0.7440848568047934,0.7618812735381918,0.2322947762974707,-0.09337207942020354,0.7971179489928922,-0.8898255924141522,0.16914392859500546
1967-11-12,0.03844135480656852,-1,-0.005846184343621386,0.9824825917764338,-0.9311531310745513,-0.9788459574417827,1,-0.09227557971930311,-0.05271231258908371,-0.8768210495778159,-0.039693315604011015,-1,1,-0.9739649057589275,-1,0.08853095703214697,0.08518416374291349,-0.9758643262786834,0.8002981226715594,1,0.7139861305764559,-0.2395619875909904,1,-0.7501223485599458,0.7804932879881731,0.3170037865313296,-0.10545748790725334,0.8133482057552692,-0.8931364697748537,0.19604481396945014
1967-11-16,1,-0.06120304112173214,0.9254900659033473,1,-0.015712107740175063,0.013214202347754278,0.006518659181666164,-1,-0.9843522935496277,0.03402319127188724,-0.8975204710283172,-0.039700494287155164,0.038877138277536694,-0.01114691028026027,-1,-0.8301454717839537,-0.8434174565889936,-0.061583477134994236,1,0.020071058985631884,0.7039579412109854,-0.24074259371018716,0.9410062740691736,-0.6988013147844863,0.7130246709369715,0.14473641854203795,-0.12282382172218653,0.7807274174343937,-0.942067765376862,0.15661127942130235
1968-01-12,1,0.8765119861158771,1,1,0.9783816144986445,0.9896595134866764,0.977774877623692,-0.021294989077329962,-1,-0.9572719261115852,0.041424092171437166,0.8804918047833576,-0.9311557137116248,0.9720233951268682,-0.04198177086495569,-1,0.13117643011034974,-0.9725303424126012,1,-0.9623878539065648,0.6592342242520018,-0.23961670527551274,0.868908722098158,-0.6440540926040619,0.68577944095904,0.17565349370287597,-0.16502511510025114,0.8473387112295392,-0.8823017153404806,0.22207622278648925
1968-01-13,0.04011411890093708,-0.08745020800225745,1,0.0072720356610969095,0.002035211647638535,0.015865869960658974,1,-0.9944458876796978,-1,0.028854712806295812,1,1,-0.04796401464853539,-0.006460094756334134,0.9107759999393018,-1,1,-1,0.03187945171116602,0.0028244271040153146,0.6945489348410087,-0.2492530367505082,0.9202563226480838,-0.6649650677894254,0.5908335746575843,0.18429058673829368,-0.17894204716484005,0.791533859326814,-0.9264318492433623,0.12574935867562764
1968-01-17,-0.9303221734486509,-1,0.02170565130872215,-0.9288740293502669,0.9254698352956481,-0.9293620702556951,1,-1,-1,-0.9592228148634717,0.007590853732202918,1,0.8707566019018909,0.9737504692213597,1,-1,1,-0.013030873458163783,-0.9343076323277633,-0.9566063992544277,0.6763565704734635,-0.18478585404771847,0.9204865198136314,-0.6558291022850405,0.5931112515783384,0.20795387577933375,-0.19706523010104193,0.7403884760268835,-0.9541934866470507,0.15975680182338042
1968-01-30,-1,-1,-0.9280983157296719,0.06645961362571318,1,-1,1,-0.07847555190185207,-1,-1,0.971551639189125,0.08891917185137799,1,-0.02206795261750938,0.013325586483410756,-1,1,0.9472987697665082,-0.05312899488671596,0.007790851926044007,0.6607418236395298,-0.19138311086220125,1,-0.6268741059563969,0.6825530239549565,0.23831804792697495,-0.2206542950622365,0.7087754543149755,-0.9360534156070025,0.16003136129844667
1968-02-01,-0.035882036355487146,-0.035414186850610374,0.006103514172282609,-0.8565550461524979,1,-1,0.12593628110122512,0.8881036834134606,-1,-0.027891490996489576,-0.024279829359813654,-0.8573137274834534,0.12791695599809472,0.932372469693436,-0.943570889038268,-0.058546183536911434,1,-0.03972198551856376,-0.9460598580542855,-0.9909775976051536,0.7045542745506376,-0.23971812330628817,1,-0.6500534340966599,0.5891708765334822,0.25220397675934647,-0.20833358064872506,0.6890620422449042,-0.853740393433911,0.12422079389504603
1968-02-02,0.9322851482331401,0.9391327758007506,-0.9046539658037596,-1,1,-0.04467543967750631,-0.8496794880044934,-0.10919457488603523,-0.023762679740441883,-1,-0.945430594518132,-1,1,1,0.05374860739980791,0.8855186394444847,1,0.9302833785035861,-1,-1,0.7509987464334752,-0.23544429575702708,1,-0.677159445832642,0.5830752780050606,0.22407526633619002,-0.2728806960580362,0.8238469082528486,-0.8923092227672541,0.11118920045505562
1968-02-03,-0.04857799198834056,-0.05838699913532808,-1,-0.032100992849072973,1,0.8642796665165169,0.08383456505577946,0.8171810320857446,-0.9797764392787374,-1,0.01846962458607182,-1,1,0.024643463446125446,-0.9252358716767701,-0.045227678491797874,0.0659621799216964,1,-0.05063735902139421,-0.09773489448063322,0.7074095596172375,-0.23008126626361575,1,-0.6604555144855827,0.6599109042110551,0.1843452730659865,-0.2762650546102498,0.7268460833138165,-0.8355722486693773,0.11102701658489246
1968-02-06,0.9022517644373002,-1,-0.020065842164211367,-1,1,1,1,-0.16563440834635212,-0.01612807988512599,-1,-0.9171084752158086,-1,1,-0.9492355948909941,0.07401087933714867,0.9076574056712368,1,0.015601556879949241,0.9098069000854164,-1,0.6848227659431044,-0.12378326942348548,0.9436001088533169,-0.6277881552950408,0.6703824225600511,0.2532571965559643,-0.29560227296038777,0.6431540692962723,-0.87934233616397806,0.09795846448122782
1968-02-22,-0.06307152315165854,-0.06615549362680506,0.9639083954022433,-0.02742690823530014,0.08452833130238646,1,1,0.8188221207352394,0.9728312739047386,-0.01988509701068797,-1,-0.028496564675623337,0.062418936393940694,0.008620216010747361,1,-0.06829501501348667,1,-0.9579964213752205,1,-0.022684751731779307,0.7445595188701822,-0.0641544246424079,0.9498999879362333,-0.5892932293739852,0.7691495095837113,0.3356404976670995,-0.31644162980094004,0.616824765477555,-0.8113081191482024,0.10178479869206804
1968-03-02,-1,-1,1,-1,-0.8469859763464334,0.024724737753870962,0.025373986758225664,1,0.05082055561582299,-0.9863019195010876,-0.03772593943609659,-1,-0.8539895895929451,0.947203299197094,0.009148324235934369,-1,1,-0.053810478432968045,1,-0.9319873071251138,0.7583633816092352,-0.0721047794007299,0.8571557867957857,-0.6026011635091134,0.6980422342286515,0.28885217931983725,-0.31430021045862194,0.611816874394574,-0.8407888640956062,0.13441457310895932
1968-06-15,-1,-0.01660588563101273,1,-1,0.13741386931120592,0.976501920243801,-0.9089436105769838,1,-0.9206949457123663,-1,-0.8808737856891313,-1,-1,0.019489372405284144,-0.8992593562641158,-1,0.08555419388970731,-1,1,-0.0028996854976818254,0.7163593345292487,-0.08170397337029055,0.8438979310675376,-0.6609452970596347,0.7269582032601393,0.26415111272303426,-0.3032754074492657,0.6015691957338974,-0.8113975812918682,0.17399275616153187
1968-09-06,-0.0771409146383838,0.9329339054535702,1,-0.010188518484853915,-0.862397970724683,0.033141592591285796,-1,0.017965714927069554,0.06025493866321274,-0.0421180228135003,0.017352638395851883,-1,-1,-0.9739375108186288,0.053472769793548536,-0.04897999556282806,-0.8797714138889078,-0.011020155542984411,0.04476039296613865,-0.9995166255240031,0.7297644225738019,-0.0746705786489951,0.8050854655757498,-0.5886331605560158,0.6125126124335892,0.2911191351136441,-0.24848600838367102,0.6291518760554964,-0.7764184749551873,0.18562946616091439
1968-09-14,-1,-0.007055963296901724,1,0.9635761702885479,0.0221571472642057,-0.957437704491669,-0.059391918406167865,-0.9177938703576656,0.990836081909702,0.9288583248870915,0.9474301351890867,-1,-1,-0.033037459894249555,-0.9356860593511951,-0.9866236360444341,-1,-0.9692977966037045,-0.8527248539663339,-1,0.7522267711191423,-0.0490955594677147,0.7508699390116371,-0.6032110669002377,0.6361375543624326,0.2629248617714366,-0.1966170160778432,0.5353098504939289,-0.7885409131690978,0.06329017838300388
1968-09-15,-0.028535774118762514,0.9745542814847606,0.02003126805748101,1,0.9831684604280618,0.0029483502506263415,-1,0.05404024278291253,0.012512592837858105,1,0.012664414200592722,-1,-0.0471933177641517,0.9169638543993087,0.037293331123869455,-1,-1,0.006689173642086543,0.08114972260359199,-0.008121069769684408,0.7118745004654089,-0.10257994564316966,0.7529211593232429,-0.5719374719321247,0.6830636175773287,0.2755437317439212,-0.24752288842381037,0.5056924185490901,-0.7291523589320623,0.010256784260384864
1968-09-25,0.8685064354758754,0.06539365289728716,-0.9316751500023579,1,1,0.8817202905791018,-1,1,-0.9660634223489963,1,-0.906066576969161,-0.05321262140522054,0.9496505959281915,1,-0.924808708605537,-0.0051555117503582215,-1,-0.9875538570225016,-0.9019822371217212,0.9328308729793593,0.7981276579065939,-0.12196670818649792,0.672907485256362,-0.6351058151150297,0.706927362796077,0.23904551856945722,-0.23816996464849968,0.5155775842735661,-0.7545197503350883,0.05648996113662921
1968-10-02,-0.06600332306321977,1,0.06811710126609594,0.02936342472257658,1,-0.09767657769968241,-0.04168480551736331,0.03473923184186534,-0.009155061593545066,1,0.0690235091756799,0.9139291014013046,0.022281605998753506,0.04657578222647396,0.04809448905747815,-0.9553531147615965,-0.06751676276956686,-9.219371429373124e-4,-0.0026813251526109916,-0.04692333523815895,0.8036605548911172,-0.1530157180317434,0.676692822676203,-0.554704828269299,0.6521458104891112,0.21545866944237468,-0.3009755122925366,0.48097080170151607,-0.7399405935681246,-0.004574120962047998
1968-10-05,0.8370978938412382,0.04122333472259776,0.9734265871301234,1,0.006573375804164505,-1,-1,-0.9608416051318214,0.9048029519240206,1,0.998424992477018,-0.05163900109306818,0.9990054543406278,-0.9060001140132594,-0.9087437020928527,0.007850404496683616,-1,-0.8973324292692747,-0.9783193496829541,0.9386419154871504,0.7922118478115953,-0.17406779295805583,0.7465490417222296,-0.5550624599697593,0.6804671041873777,0.18492248007762374,-0.36148606371138026,0.6005207865326078,-0.7194027676193154,-0.060420739822488835
1968-10-06,-0.15244533490200973,0.9677846710830614,-0.018121427865026796,0.0325088996454167,-0.9703635443629001,-0.008883368765914446,-0.09034427883990626,-1,-0.04821896592620445,1,0.06300165987035145,-0.9622135340511839,1,0.09196453411904792,-1,-0.9538568008127861,-1,0.0568971179328599,-0.059697128159415636,-0.04165042005965336,0.7992495907813628,-0.22135337850528775,0.7446527593164016,-0.5702018010855443,0.7069527776396993,0.11993058256992936,-0.41752444808266087,0.6101789115486541,-0.7183252766166953,-0.07937112342638795
1968-10-07,0.820901665459003,-0.0248637292645989,0.9482036807757593,-0.9278627391550114,-0.03366780534804714,0.9784033175455948,-1,-0.028106667960824283,-0.960410714418297,1,0.9918087400211824,-0.060524042015249524,0.10012963928592189,-0.9062897341596854,-0.02016690235851004,-1,-1,1,0.9156069130793596,-0.9993987670666454,0.8028511573759495,-0.14019260071456513,0.7550556272961585,-0.5855329482012132,0.7618461844882459,0.12184151046425012,-0.42518396850092915,0.49751884863082796,-0.6585341115074914,-0.06697431339044856
1968-10-08,1,0.8873725426854497,0.009460371469008466,0.05977817075597214,0.8990792149987591,1,-1,-1,-1,1,1,-1,-0.8637454644349,-1,0.8484135448151064,-1,-1,1,-0.05283354323637224,-0.06700567862364692,0.8323101771635493,-0.14676625409630437,0.7491691697322791,-0.6107213715779305,0.8045800312934043,0.1894045582309561,-0.45954552455707254,0.4877900253421571,-0.7066149158751264,-0.08093267416242703
1968-10-09,1,1,0.9871878830091741,1,-0.1008878184755202,1,-0.07137841614973417,-0.003270939654308247,-0.02562390258381031,0.047147530836186946,1,-1,0.09359562599552351,-0.054590259634323735,1,-1,-0.0032179556474876136,0.03797767662724727,0.9101317294996297,-1,0.8562742339159939,-0.1361534283262889,0.7608123667477125,-0.6238384013214692,0.8123405504820554,0.15780917540052297,-0.4092564910856286,0.5127154533979997,-0.6483321822063461,-0.02752751214939573
1968-10-10,1,0.03959071860625307,1,1,0.876195919223817,1,0.9178697547375413,-0.9523934675596621,-1,1,0.025289928124495598,-1,-0.8351241483927649,-0.9811914912396156,1,-1,0.9522006774305674,0.9890447398760593,-0.0827613955377432,-1,0.8543230510855664,-0.12848399998200113,0.7660916011031101,-0.598412336191504,0.8140174374861457,0.15033061634793118,-0.3448427327976317,0.5049691229558616,-0.6588377807805395,-0.10631571835422282
1968-10-12,0.048447858804475885,-0.9598433523567492,1,1,1,0.05558406755426526,-0.03404940397491896,0.04718513608337416,-1,0.07773322238503833,-0.9002078477948138,-1,-1,-1,0.09139440010564304,-1,0.018923064911976706,0.01908985450965961,0.909862469546699,-1,0.8627548782497956,-0.08661520526526958,0.9096508910396737,-0.5909025137641699,0.8083024189375695,0.12105978742294353,-0.41856525984161586,0.5378305044188414,-0.5638998880813338,-0.018044137387786402
1968-10-13,1,-1,0.05150309380078011,0.0228868918030376,1,1,0.9557196136095941,0.9459461621492241,-1,-0.9154918234161598,0.038960754906960715,-0.05739101299439542,-1,-1,1,-1,0.9596200765590324,-0.9705462306352084,1,-0.004802390726095895,0.8566574150898264,-0.16028389860688114,0.971241613340671,-0.5656735232386744,0.7635467416042494,0.1367534331624506,-0.4280793345092865,0.4949610891308458,-0.4902048419788614,-0.03940128422401333
1968-10-15,0.042784449652520595,-1,-0.9058566512639727,0.9957962270334512,0.029098421945031094,0.032731193947482584,-0.023710667868016455,-0.05282166128773769,-1,-1,1,0.9248263146940402,-0.03558082859527878,-1,0.06300385458095192,-0.1274099221723608,1,-1,1,0.9782819966198447,0.8244151298615715,-0.11019467505958486,1,-0.5359729066292053,0.879802794334808,0.20127706258186112,-0.4656734763921994,0.4343985502455976,-0.4618692599314415,-0.017046442679315182
1968-10-16,-0.8808046098386297,-1,-1,1,0.94307825152132,-0.9515141338066981,0.9472098174394398,0.8989692927814159,-0.019599471637873567,-0.019542799820561285,0.13324245216494235,-0.03946615929128916,0.958271350403413,-1,1,0.8414861231735198,1,-0.014611861807574567,1,1,-0.11209662574012802,0.8463767845297643,0.015049043439629095,0.3644584395782394,1,1,-1,-0.47847538997475203,0.5003866544829065,-0.9546042443183497
1968-10-17,0.10520977164260492,-1,-0.012347804465719037,1,0.04147643050544625,-1,1,0.028844934635268937,0.9710815483781335,-0.9908859728208809,-0.8379012941842013,0.9141035845527753,0.00918523339243893,-0.02857649510487703,1,1,0.013896675345863585,0.9811241169243123,1,0.02990141383611311,-1,1,-0.9172583398164064,1,0.020927095082915792,1,-0.002195885590616675,0.46432808235631184,1,0.019482725372658827
1968-10-30,-0.8781970168440087,-0.04802599304516497,-0.986643668349879,0.07774589856435377,-0.944871868427188,-0.02511497581283595,0.023116595303234733,-0.9673554358065094,-0.01364508892876537,-0.022907298997064673,0.13451211237526373,1,-0.9761135006435407,0.9476967354162673,0.040406077549964836,1,0.9951774474832531,1,0.04020459244178054,-0.9247443260627632,-1,0.023666628765172115,-1,0.1048016485234331,-0.9265530032559162,1,0.9550734020773276,1,0.06795809062183145,-0.9632530794908816
1968-10-31,-1,-0.9955080454227556,-0.009901471632782988,-0.830206065897091,-1,0.9411983632546173,0.9852752663611335,-1,-0.9196941191679803,0.942179197923057,1,1,-1,-0.010823535145616625,-0.9199789969827139,1,1,0.06667429454190266,-0.9379898210629813,-1,-1,-0.9401952277256523,-0.0028553038172346445,-0.8777844233918028,-0.031214098033020776,0.040070106001373285,1,1,0.9673440768745784,-1
1968-11-03,-1,-0.054874810665124674,0.9585068891901386,0.10919447433161389,-1,1,1,-1,-1,0.016450933112277855,1,0.016247813039766412,-1,0.9777535155474648,0.06343257977812866,0.12473588660337298,1,-0.8758218664610085,-0.029774470796771757,-0.012683299397085346,-1,-0.04893800250196856,0.972694016897109,-1,-1,-0.9111776670064905,0.021698126008273366,0.12234818264883929,1,-1
1968-11-05,-0.01942296279483946,-1,-0.02307751771154254,1,-0.034284394510648575,1,0.06832826091534827,-1,-1,1,1,0.9863723615581702,-1,1,-0.8910137526723623,1,0.0362816970204366,-1,-1,-0.9426333944977279,-0.00918804916565219,0.9491075285603188,0.0272433378975655,-1,-0.0675052487021186,0.08022638888166933,-0.9488462686376774,-0.833710843911335,0.018022165650210975,-0.002538421172057048
1968-11-07,-0.994035410192056,-0.020872172543825118,-0.9078366080223246,1,0.9313574769860077,0.005964537282462157,0.9634608419043702,-1,-0.030789584645315227,0.04396807320745677,0.04173449712093469,0.010692163477340477,-1,1,0.07922056832326907,0.058089555454138964,-0.956572081433517,-0.01904889773641727,-1,-1,-1,0.020926636229566364,1,-0.010855011169365714,-0.9950452892929326,-0.9167350791248535,-1,0.159023361076723,-0.9342862757816964,0.993483172172801
1968-11-08,-1,0.9751176097120844,0.06334801556827352,0.0015548030114642675,1,-0.9914285851135831,1,-0.026318075245692518,-1,0.9938346375796013,0.986069327456205,-0.9411742793373006,-0.049651310214386735,0.02140988732023108,-0.8628140721130694,-0.936147997026317,-0.050408424152291076,-1,-0.006161897873641076,-0.059496326978553005,-1,-0.9105773204139126,1,-0.9026332802017195,-1,0.08317541118959748,-1,-0.8328422888726543,-1,1
1968-11-10,-0.0481896432790021,1,1,-0.9652016841849452,0.040723096419384985,-0.04645497766358553,0.029579857493731043,-1,-1,1,1,0.04898901535990485,-1,-0.9132634937687591,-1,0.01030039857178211,0.9154962148990682,-0.033083641876469505,0.98805129994054,0.9039312448178849,-0.030524107100648568,-1,1,0.06255500231125122,-4.503912233511098e-5,-0.9136242575187404,-1,-1,-1,0.08951471801001698
1968-11-11,-0.9847503951571966,1,0.010750296996992481,-1,1,0.9409450077529922,-0.9622761569038712,-1,-0.0018856548741839063,1,1,1,-1,0.010230871812326181,-1,-0.967694583962781,-0.07406128918802013,-0.941972815139902,-0.005899316333500937,1,0.8875642941482488,-0.04050601737257464,0.039932169762131764,-0.9061492306688244,-0.9677970045033302,-1,-0.08464193380314133,-1,-1,-0.9019718060356638
1968-11-12,0.0012724900428058294,1,1,-1,1,-0.024918155071123715,-1,-0.024295118163105034,-0.9573572997662086,1,1,1,-1,-0.9317276776922552,-0.020848058304327566,-1,-1,-1,-1,1,-0.0945442457376785,-0.9666577080103771,1,0.06082106697735956,-1,-1,-1,-0.08953015551118615,-1,-1
1968-11-13,0.9837129401226167,1,1,-1,1,-0.995791149823967,-0.00814066456132112,0.9480842488029404,-1,0.08580081663635486,1,1,-1,0.06120457100088983,0.926099368157413,-0.07873498794339351,-0.035794168168268525,-0.03777727216707172,-0.021794093641833823,0.10150808970320735,-0.14152564776431142,-0.960419993979716,1,-0.0048688596390585315,-0.991046552366274,-1,-0.999793735996127,-0.1109817002412948,-0.9433626131096126,-1
1968-11-14,1,0.0036381478557244717,1,-1,0.084675839611695,-1,0.9696662910087096,0.005391899469625927,-0.007316000476283557,1,1,0.0015239331406318168,-1,-0.9353912723889644,1,0.8583992064591303,0.87827124188728,-0.9726429224009344,0.9284963229216483,-0.8463435521773313,-0.13537826249822238,-0.8968382095544758,1,-0.048483878269704794,-0.9865726517817979,-0.9954079219074242,-0.9587404053382436,-0.0423970408968776,-0.9352366484853353,-0.9784225391404181
1968-11-15,1,1,0.030843048774266357,-0.05057172315918146,-0.8309929537773363,-1,0.012755756165062415,0.9811525257103724,0.9750352539017602,1,1,-0.9716136263469314,-1,-1,0.005453962482632524,-0.05886604381289551,-0.05023291013944453,-0.004146092400947432,-0.05828557778505428,0.07688072882303043,-0.14626106500306676,-0.9477270609807966,0.9946346766431425,-0.06904901791328548,-1,-1,-0.9619429134696392,-0.06404620865992254,-0.9541793401337945,-1
1968-11-20,1,1,-0.9634983759508378,-1,0.14955510476323175,-1,0.9965701521800414,1,1,1,0.0789846970080077,-0.02591316475879879,-1,-0.04919646045719961,-0.897606443477616,0.9240275102147825,-0.9782663576208268,0.9572195092313934,0.930243641769512,-0.853994564114102,-0.15539884670895224,-0.9418959666978387,1,-0.07292469179951776,-0.9723292742339164,-0.9230352694315014,-0.9876482383331695,-0.12759298752463585,-0.9450686108553982,-1
1968-11-21,8.583984505968756e-4,0.04714141345061407,-0.023895842257500743,-1,1,-1,1,0.13994597528122577,0.049524512630793716,0.010080868218065309,0.9818066033661778,-1,-1,-0.9861246980940578,-1,-0.07299452966194964,-1,1,1,0.09383948259897568,-0.12251443923066471,-1,0.9710440892582844,-0.08483811717446214,-0.9768197142542063,-0.8331720120716893,-1,-0.23909366281353744,-0.8816748610306757,-1
1968-11-22,0.9426326168235296,-0.9066939603002487,-0.9745665330857811,-0.023249588464883675,0.11948454374623618,-0.04740661580458827,1,-0.8526539227747905,-0.9371993310407105,0.9940801771214752,0.005406454800829574,-1,-1,-1,-0.018546656986949683,-1,-0.08340798531353633,0.03741942107047447,1,1,-0.10953673645649364,-0.9898122528336132,0.9619290664089163,-0.06781347789224193,-0.9916002883096876,-0.7576286912991478,-1,-0.2323655141308288,-0.9049114753039854,-0.9920907443156103
1968-11-27,0.02416609818462767,0.036388716157924716,0.01458690879319191,-0.9639798995356678,1,0.9291511022046294,1,0.12052644299573845,-1,1,0.886258036506732,-0.030595404383769287,-0.011099704325644777,-0.038623074450556016,0.9698154634517131,-0.005392777012172001,0.9091849994050887,-0.9203007761831081,1,0.04343173109269527,-0.09670996644584122,-1,0.9815100114628036,-0.13987840801899887,-0.9823962531015316,-0.7710913771950937,-1,-0.2748805807741889,-0.8934178860657961,-0.9518726503858758
1968-11-28,0.9969002697572846,-0.9159480168873144,0.9638551689904546,-1,0.04485571482329698,1,0.023707837674880494,-0.87750168210812,-1,1,1,-0.9886650273993413,0.9817480762563331,-0.9975194254819554,-0.016208834522216997,0.9849685033734172,-0.01513827278593971,0.021375129072453425,0.0643971290924602,0.9471271824866292,-0.16503217701784975,-0.9423572410065217,0.9303355867027194,-0.16477932263010883,-0.9294428774624933,-0.8305526450105103,-0.9809948014796384,-0.2765237278538644,-0.8678918643191408,-0.9779958584100642
1968-11-29,1,-1,0.00780946075150557,-0.02118452173410612,-0.8762558048692738,1,1,0.021096567693812518,-1,0.016121625131956807,1,-0.10416898713888967,1,-0.04180458094946238,-0.9794731408554078,1,0.9065649521343411,-0.9551429913051825,1,0.056192306912118295,-0.11673199180317745,-0.8751159181436327,0.9471641968974132,-0.11179666168279646,-0.9661676675862796,-0.81538960699784,-0.9583872195307923,-0.2600979586313894,-0.9325301799526798,-1
1968-11-30,1,-1,-0.9415210957333068,0.9144154489676167,0.032275591436739526,1,0.035296002410382776,-0.9381432985821996,-1,-0.9618550967309243,1,0.8454059344418117,0.08884505778515717,-0.9928356891208097,-1,1,-0.0256058574574477,0.005504966542386969,0.03786157664493861,1,-0.14700053713789774,-0.8641742981470363,0.9280957320864409,-0.08991286015714957,-0.9707180676621304,-0.7871464816074368,-0.8908442799349733,-0.3504249692176583,-0.8923765743397816,-1
1968-12-12,1,-1,0.02221857756156964,1,0.9207835754501337,1,-0.922702900089611,-0.008650287563589987,-1,-1.411244792334232e-4,0.057013535682840843,-0.14104695393037014,-0.8596045138578493,-1,-0.008026585295025757,0.059522365726419446,-1,0.9775000708856139,0.9490082281201079,0.14907118433083189,-0.11823104261042966,-0.8787560098952529,1,-0.09025085494498228,-0.9563766172976533,-0.8189616856653336,-0.8025102381483881,-0.2719463575393214,-0.9341974856078262,-0.9681433982252483
1968-12-13,1,-1,-0.9671181463011244,1,-0.040946924366677906,0.016048898602412653,-1,-0.9201127381044686,-1,-0.9897092329562817,1,0.7719233557641709,0.13386075205208725,-1,-0.9468282941013427,-0.9263968475678126,-0.005034326458478455,-0.019653510347280023,1,1,-0.20377673945156488,-0.7344720890925469,1,-0.10586456437649865,-0.8910980757563735,-0.8571348410458356,-0.735074872160648,-0.34690975546756897,-0.8377187751196258,-1
1968-12-19,0.03160788143056925,-0.04739620239425146,0.013420414384384793,1,0.8682764029421001,0.9302130252632801,-0.040634613980115586,-1,-0.006780201465898417,-1,0.1144271568815165,-0.21300090329610943,1,-1,-1,-1,0.900513453020565,-0.9486507932929251,0.013515910459270697,1,-0.2885529443399793,-0.7936561455143306,0.975716912546975,-0.08014838439672226,-0.9121602160943733,-0.849932422395651,-0.6437383402068654,-0.43055129986357554,-0.8309785131357493,-1
1968-12-21,-0.9560127152381235,-1,0.8972550605902972,0.0212581433938831,1,1,0.9431535109886191,-0.06367592845752368,0.9848808240413083,-1,1,0.7829234132236894,0.08299868672956578,-0.10064228814360954,-0.014029404153241387,-1,1,-1,0.9832617621697096,1,-0.30758488737307754,-0.8192909528918789,0.928747060177452,-0.13484168426407525,-0.9054796705596267,-0.7768900227169159,-0.6816748099264245,-0.44194440157464904,-0.7528643632029374,-0.9991551275671131
1968-12-22,0.02530608966973369,-0.19687305349524098,1,0.9503841597132323,1,1,-0.02793730847304432,-1,1,-1,0.011528822169524222,1,-0.8555606627748479,0.8702610903129232,0.9582443785789032,-1,0.1513134936755286,-0.08435462948484285,0.024823678956259698,0.022255489560590536,-0.2782162879372308,-0.8028707008202318,0.9537682908194034,-0.11725226526286671,-0.9207535685260767,-0.7800310672181836,-0.6661185112794941,-0.4453437888418784,-0.7877071259439398,-0.9661327643825129
1968-12-31,1,0.6934905113323965,0.07161461910513867,1,1,1,-0.9621911451748645,-0.003480910832167061,0.01203461807352113,-1,-0.9839499893997562,1,0.09373944949625268,-0.09774112208286212,1,-0.022140757279665246,-0.8454108146138676,-1,0.9823287221652631,-0.918458952572855,-0.33287556871042523,-0.8303480836236107,0.9577694979836593,-0.027165542804525974,-0.9561624802636528,-0.7419004891158529,-0.621503950076086,-0.5054510072438598,-0.827179574131292,-0.9409500317435632
1969-01-03,0.05214372450228899,-0.2860725882270079,0.9667440798363197,1,0.04946044881863276,0.024436277936830564,-1,0.9616803026525562,-0.9144022290231206,-1,-0.0717764882930324,0.12143568670336302,1,-1,0.04320751914507137,-0.9223774421956891,-1,-0.12885326758779392,0.024913864123161433,0.05012766131420454,-0.30364651368239176,-0.8279827666591839,0.9464778021996251,-0.06051017467008297,-0.9912847799226369,-0.8010541600411506,-0.6261294761765932,-0.5152912726579716,-0.8287218699456596,-0.8702540914698804
1969-01-05,-0.9076661986583676,0.6917362773339752,-0.0024471852493512802,1,-0.8676312133875372,0.9612851920212591,-0.022706890717718475,-0.03314714308347355,-1,-0.04918347810865642,-0.997730786387626,1,1,-0.03503702459196645,1,0.050913150120006745,-1,0.8492013177991538,0.9367544012308473,1,-0.34955493102174684,-0.8870696042315345,0.8804912613703241,-0.020740123877639106,-0.933577052883671,-0.8179565194506219,-0.6359438420927667,-0.5811204135684901,-0.9214997538654328,-0.9458808374837266
1969-01-16,-1,1,-0.9807844769746422,0.026255319856038573,-1,-0.005350859814289621,0.915470801602836,-0.9151357781102061,-1,0.9042329841850145,-1,1,1,-0.9515126341093854,1,-0.8904483114097739,-1,-0.10936512098034146,1,1,-0.26944160859589394,-0.8775387073865206,0.8857585093547315,-0.01515025451621052,-0.8904924385289255,-0.8041917022680642,-0.6515488632068478,-0.5855581088628952,-0.7728840469626291,-0.8319506287765341
1969-01-17,-1,1,-1,0.9982271915553084,-0.02987793560312746,0.9267738228466019,1,0.04642970097552901,-1,1,-1,0.016355882515242448,1,-0.05721094385147529,1,0.08110695047325278,-1,-1,1,0.018344001531190868,-0.2824351014274014,-0.8414850564220034,0.8690927921809783,-0.04327805263618864,-0.8792497086093102,-0.8951635753076967,-0.6270571476886226,-0.5570247352581995,-0.7470162813880311,-0.8971872212984859
1969-01-21,-0.09533642088589933,0.007312200045520023,-1,0.07441162206249774,0.9449046396652228,-0.005544147981382697,1,-0.9013326635226743,-1,0.08754350548472578,-0.03407244135517795,0.9733540867857442,0.04695169283688805,0.9178693891321104,0.025591488881373192,-0.8667453817663279,-0.04286908677350776,-1,0.023911787702601384,-0.9461702806982702,-0.2703021934691303,-0.8824043505962231,0.902694279518148,-0.09426299115547773,-0.8767832008414326,-0.933954482597502,-0.6359223812641328,-0.5572810512829259,-0.7609775451507698,-0.9195555611217172
1969-01-25,0.9045252192628443,-0.9719698353804241,-1,1,1,-0.9186962269863788,0.03039375026374036,0.04887929965626292,-0.0476110526249246,1,-1,-0.011198615079428653,1,-0.07804795323677527,0.9758405426399048,-1,0.9049513745345151,-0.0653936122397547,1,0.023672480677072505,-0.2866734233631346,-0.8782537019565672,0.9593048360217902,-0.08581242213530758,-0.8628925169797912,-0.9166940553200784,-0.7413387605477648,-0.572156530480008,-0.6963353079578849,-0.9037994698965905
1969-01-26,1,-1,-1,1,1,0.07016714514903644,-0.9398637059772198,1,0.923934380522764,1,-0.002261153580905395,-1,1,-1,-0.004219679038609092,-0.0716768238736416,1,0.9213385482385149,1,-0.9066093146896625,-0.32051805597405525,-0.8568759149222087,0.9896369943583582,-0.05191211287818702,-0.8057303219205523,-0.8959350790318005,-0.7637335921577995,-0.640173231564676,-0.6889008460977559,-0.8811795044380185
1969-01-28,1,-1,-0.012877456248705288,1,0.0018164001664410234,1,0.04711973777133893,0.04822203279408266,1,1,0.9669564473409434,-1,0.015684973415316383,-1,-0.9780120176775053,0.7805228388182247,1,1,1,-1,-0.2572594536997245,-0.8464784841357418,0.9271473870435298,-0.021145005598569445,-0.8480869139412863,-0.9166493049429434,-0.7473923796097489,-0.48549212048884227,-0.6962819329963115,-0.8806014284058765
1969-01-30,1,-0.002570537684156715,0.9291568815806396,1,-0.9952380737825328,1,-0.9297629263701386,1,0.0505016266276711,0.025554821498305902,-0.025141827517849102,-0.020526613458034193,-0.9314941536110602,-0.003903636168601121,-0.05278635820333066,-0.21767567550498879,1,0.056927387794927786,0.059960729337636964,-0.010713802525840532,-0.24469750107617283,-0.975327532324606,0.90859864325917294,0.06567704513694833,-0.834796965460253,-0.9910155319308404,-0.7975446549313676,-0.4614092083567784,-0.7444261727656676,-0.8638949808375271
1969-01-31,1,0.9775270094494757,-0.061148068151920754,1,-1,1,-1,0.003653097010725137,-0.8818206113625373,-0.8820017079920828,-0.9660437342585964,-1,-0.01463742254282785,-0.9317925760352863,0.9049482119394201,0.7218933199904575,0.020858536774142733,-0.8930444874353216,-0.9182649140206538,0.965614215037631,-0.22159102982527867,-1,0.956966236961101,0.026561960305328258,-0.8593593635566034,-0.9977537980798549,-0.8315035086182998,-0.3842942986392176,-0.7121942194261717,-0.9417373076702222
1969-02-01,0.040715083702489,0.04200496622999361,-0.9905438802135028,0.033028812390531015,-0.006603366982494863,1,-1,0.9745538527191855,0.11446005250095848,0.08565249448340118,-1,-0.05406960456990029,-0.9677834128369167,-1,1,-0.26634044933123435,0.98605938063354,0.042134869818726384,0.02831947852965877,0.0320586343520739,-0.15212416903065368,-1,0.992247219368994,0.015064117665329488,-0.880535683168443,-1,-0.7653771974195418,-0.44051073081097075,-0.7108783854295356,-0.9711507921941291
1969-02-06,-0.9068457526568814,1,0.0043581561553220904,-0.9335563581635975,-0.9891803963090249,0.04812079566403171,-1,1,-0.8802768346665868,1,-0.028677454005003322,-0.9922732161560722,-1,-0.025607314895347066,1,-1,1,1,1,1,-0.12081747818317475,-0.971340506839384,0.9823012278948556,0.019821076537742992,-0.8156333728373395,-0.8698493355203005,-0.7976115736910582,-0.4772187001276182,-0.7156068603908641,-0.9914232609453633
1969-02-17,0.0756131049478026,1,-0.9716132210268756,-1,-0.033108899704622274,-0.884906691524088,-1,0.030461125579802406,0.07461122737678438,1,0.925368482922028,-7.069870991253113e-4,-0.02318635906790345,0.9733596398978659,0.04054807557695006,-0.023441750698987684,0.0865226696549346,0.011196489842077662,0.04134186622846514,0.03332607302067925,-0.11273514979708647,-0.9998920306651361,0.9955344376157357,0.032841390443885184,-0.8803200416432482,-0.9160487950299118,-0.7064451929842815,-0.45431235580529905,-0.6957824103322132,-1
1969-02-18,1,0.008588626473805538,0.02758107761454509,-1,-1,-1,-0.10252846503156254,0.9370245471457384,1,0.03212236251635603,-0.012978462939548074,0.9326325560245038,0.9678107359423832,-0.020280625964429477,-0.8819375443317373,-1,-0.8594037680855139,0.9639456377562902,-0.9505353489677698,-0.8871090764325739,-0.11365255552108537,-0.9565927596198636,1,0.028352849347655473,-0.8701362732039052,-0.9332705822831351,-0.7585407648829126,-0.41152674391756106,-0.7767679944439012,-1
1969-02-19,1,-0.9648575284015712,-0.9337054081990616,-1,-0.05658007255694919,-0.10092310244374303,0.8908047904216236,1,0.0760539684684769,-0.9567270643285155,0.9355659078728059,1,-0.002712109919403183,-1,-1,-1,0.13092515872051524,0.03305504277004634,-1,-1,-0.018423758554616948,-0.9516515782999091,0.9290959832612554,0.015320329584489256,-0.8830153610766961,-0.9420855894118205,-0.8117591549720863,-0.387923834550202,-0.7758557249889172,-0.996954445932995
1969-02-21,1,-0.020859232029503127,0.04173622534248189,-1,-1,-1,-0.035480349890859686,0.03097821658293365,-0.8772125307391225,-0.013403364513621563,1,0.03402618769743504,0.9869581231835196,-0.014506585306330977,-1,-0.039382433510152026,-0.8348905269706588,0.9645585131932993,-1,-1,-0.11321328467540939,-0.9811212303082781,0.983415718115213,0.003715877728660213,-0.8286728821674364,-0.9556349247813334,-0.781851904538242,-0.3902782870392938,-0.7685823417765348,-0.9918310767415206
1969-02-22,0.020482030732800638,0.9706071039806418,1,-1,-0.012235088699644292,-0.07400387573593303,-0.953368412323265,-0.9467757464023329,-1,-0.9506446325716039,0.09087515419130388,-0.9291606512191307,1,0.924127148340531,-1,0.8796934414603025,-1,-0.009992075020191948,-1,-0.014011549833379044,-0.1803047085087574,-1,1,-0.03462281358331129,-0.7375538763493681,-0.9209930565576219,-0.7190633001226466,-0.31705293866784323,-0.7515750242032908,-1
1969-02-23,-0.887429604448847,0.005341283542313002,1,-0.011464688461580552,-0.9752917892710353,-1,-1,0.04173334557826025,-1,0.01910467310876729,0.994987771243567,0.021336734549720515,0.060155860016680274,-0.06195526000735596,-1,-0.07887832958027163,-1,0.9815797961094783,-1,0.9565165428711818,-0.11138732091673603,-1,1,-0.059044303374152785,-0.7265587639307175,-0.9177581363764884,-0.688857484376983,-0.4339128470889019,-0.7062694642432905,-1
1969-02-27,0.08572320956692336,0.993923597348776,1,-1,-1,-1,-1,-0.9190448740295594,-0.003695321116157335,0.9672001976800829,1,-0.9399316902330606,-0.9018400246094417,0.8660141604018988,-0.04973461460083661,0.9084309445619956,-1,-0.007965124536964185,-1,-0.04084774308306094,-0.1695326432875422,-1,0.9672738459918215,-0.12376722906264497,-0.7296367528654935,-0.9923469286012074,-0.6630934564969329,-0.3793423740992994,-0.6471277753418941,-0.9980758416810591
1969-03-03,1,1,1,-1,-1,-1,-0.012506070902878585,0.049754873889865325,-0.9564310915167064,1,0.006845491646653823,0.005451743328540148,0.09658604159348172,-0.09593642790528412,0.9501197227550318,1,-1,0.9596177824687654,-1,0.9028431189207129,-0.13377481660345697,-1,0.8566286169319945,-0.17449398495579432,-0.816021023034548,-1,-0.6754243543454838,-0.3656688289819748,-0.5805278303759831,-1
1969-03-05,0.020802333222188274,0.07883055272244877,1,-0.03887805859768034,-0.04163303674827046,-1,0.9727833121884603,-0.8982788007929772,0.04095015485960851,0.020403547447804704,0.9247083136258144,0.9821329187560157,-0.8345182504578458,-1,1,1,-1,0.05095291823851067,-1,-0.08691393936972802,-0.08156807715858647,-1,1,-0.11938925130750086,-0.8375198665339144,-0.92169068280636135,-0.6942041011873162,-0.3500830907416852,-0.5824012981696766,-1
1969-03-12,-0.9227415325726717,1,1,0.9514101555449779,0.9188672901410384,-0.02083331618547757,0.06882862973683734,-1,-0.9397706754970357,-0.9612845660581754,1,1,0.11919602865518553,-1,0.020325437955947656,0.006577970999893434,-1,1,-1,0.8931045099968338,-0.07131331277175937,-0.9803432951529155,0.9582035566348941,-0.17183936130603852,-0.8621114156937324,-0.8986763962484309,-0.6531216010268662,-0.38601087028143133,-0.6133106856656283,-0.9862768606966322
1969-03-14,0.056958550402544605,0.021893962236106512,0.05555456634738842,-0.020071597960694243,-0.04397308272868361,-0.9558682430590609,-0.8798896546371252,-0.0479730872723505,0.058360039438000166,-1,0.017609150159860087,0.07981949847858649,1,-0.1331527350452908,1,-0.9463356359134564,-1,1,-0.007777806186958114,-0.10481276836325126,-0.1578385255719436,-1,0.8713819770766814,-0.12189265066291322,-0.8294543720823868,-0.9207753427028298,-0.7132941145007665,-0.3998929831881245,-0.5905617716366393,-0.9150248511948738
1969-03-16,1,-0.930488387694344,-0.9371885389060328,0.9042780955255175,0.8151349812869554,-1,0.11214897999262474,0.9367908775792007,-0.89448444136535,-0.004429598880988372,0.9827594573332852,1,1,-1,0.004040129471222342,0.032105398229846926,-1,1,-0.9789764910467799,0.8371182614848497,-0.1690220174496626,-0.992625388010562,0.8769152175183362,-0.02144558045776332,-0.803961629994668,-0.928365164163642,-0.762613971431506,-0.4327589681912925,-0.586942922646448,-0.9735656836535294
1969-03-19,1,0.059739240477651556,-1,1,-0.15863095950328865,-1,-0.8701738975947777,1,-1,-0.942572740239038,1,0.0013539479960602563,0.056104856695167404,-0.04228631133149574,-0.9500793401952822,1,-7.279311063594918e-4,1,-0.003438503088220579,1,-0.10252896791967799,-1,0.8286261067606867,-0.049509734646025295,-0.6906250583894851,-0.9726224276415433,-0.7506021410277289,-0.47178244516616324,-0.5935574190157645,-0.9892463726816809
1969-03-20,1,1,-1,1,-1,-0.009450251293741219,0.11415277328018025,0.04025973382476511,-0.0572374973260642,-1,1,-0.9502037856353165,-0.8944107015973684,-1,-1,1,-0.9343234149195279,1,0.9667660352322546,1,-0.18555568471991063,-1,0.9113047163487168,-0.08784157613160613,-0.6903716635620082,-1,-0.744513316049687,-0.35403073458912043,-0.6298774686666415,-0.9932574704639615
1969-03-22,0.001654192310841962,1,-1,0.0832823196893846,-0.006348423373552459,0.9348106703990576,-0.851999338169591,1,-1,-0.0028847962649724,1,-1,0.0890389527051546,-1,-0.016866567142502564,0.011888158053905307,0.0014402340882851972,1,1,0.12477635538028964,-0.14630949364344548,-1,0.8612096518130213,-0.006038236336521674,-0.6816492768091277,-1,-0.7233614623206316,-0.37211526400045697,-0.7141794187763851,-0.9703459390531555
1969-03-25,-0.9705735776964275,1,-0.028572862439233626,-0.8558260168228469,0.9817671045429084,1,0.11776156575066687,0.046052873048716414,-1,0.9120778193154833,0.012543449435244658,-0.017675149982854133,1,-0.02048193961610756,-0.9059163432448014,-0.893478769275229,0.9795628654828216,0.051919484832156804,1,1,-0.09172092929086187,-0.9607645433001272,0.8776019387202711,-0.05389741745123844,-0.7033215187684196,-1,-0.78471097322934,-0.4315878586519286,-0.7194196739570684,-0.919964425086289
1969-03-26,-1,0.002690099433378279,0.8904758817574409,0.10552152753165578,1,0.023858153527043235,1,-0.9446949428035452,-1,-0.07728340688881863,-0.9198206112861979,0.9759326175675109,0.06112665068032297,-0.9257699949872115,0.0874367395775637,-1,-9.628454148261634e-4,1,1,0.04194092008984418,-0.08583667380346979,-0.9094258346877314,0.8418266887544238,-0.04213158322263203,-0.71866057741472,-0.9598390275030864,-0.8324841765073359,-0.48909375006628153,-0.7379481680809972,-0.8210132874606139
1969-03-27,-1,-0.9136010416428295,1,1,1,-0.9124458788858915,0.033204900702862306,0.005316161818676446,-0.005379532368603002,0.8925264820145596,0.04220764887315431,1,-0.8737762384879618,0.05626215519472799,1,-1,-0.9685335410067376,1,0.007540737788792717,-0.9082358354058977,-0.088981777179687,-0.9176568821514722,0.8537948978830112,-0.030523152064235188,-0.7769679248329122,-0.9533845769557547,-0.7956093226615168,-0.5203403876990517,-0.7818686637533945,-0.8472374014940115
1969-03-29,-1,-1,1,0.06957318647110888,1,0.08508335655562738,0.9348556847364508,-0.9809219845755476,0.9738584568230427,-0.08656041552617155,-0.8586411889762557,1,-1,1,0.0666369253571939,-0.03363652271507467,-0.027525066647035468,0.05179443448556065,-0.9105178285356029,0.06660957910703036,0.8872575224518784,-1,1,0.917073619307007,-1,-1,0.19144187312583894,0.4265068566793697,0.21578833593434577,0.12068431197147156
1969-03-30,-0.1472853374242552,-1,1,-0.8856524105349836,1,1,-0.010150096913655648,0.015203084878004591,0.08688779311754524,0.902831493565701,0.07622576601512465,1,-1,0.03919563920858682,1,0.9577621999278104,-1,1,-1,0.9751417200658022,-0.08504264450483268,-1,0.05731536300725404,-0.03736030497002063,-1,-1.9484093154775728e-4,-0.7752890991227436,-0.5607823921722529,-0.7079675661058291,1
1969-04-02,0.8213312603665995,-0.013762784518735915,1,-1,0.030990459812875848,1,0.9860625067409222,0.9461933899137558,-0.8699169197065363,1,-0.9132467006231779,1,-0.025851498611338286,1,0.055990810061981144,0.009250203804010537,-0.020058813831265954,1,-1,-0.012224723685284378,-1,-0.003689241579901137,-0.9306167209749595,0.937183742868541,-1,0.9707129476773108,-1,-1,0.27299871300582457,0.0152015356253834
1969-04-04,-0.16283484616757982,-1,0.024969351235009096,-0.00853880657699535,1,0.048307767007140456,1,1,0.11242383229080832,1,-1,0.030373315954855262,-1,0.05363809848347123,-0.9261520029292271,-0.9736894374910957,0.949208111721729,0.06442658990299799,-1,-1,-0.010125797181447238,0.9294511985894786,0.049821835710110896,0.008355470796636455,-0.09196554752096009,0.039562594379072946,-0.013032701315900508,-1,1,-0.9772610767440504
1969-04-05,0.8295136727277536,-1,0.9958939801991724,-0.9470854671064435,1,0.9851038070251211,1,1,-0.783372310524246,0.017055381094319477,-0.01434339981974564,-0.9521778221917396,-1,1,-1,0.025010283540298106,1,1,-0.010799065828117071,-1,-0.9205557592269187,1,-0.8318797567040285,0.9994153809937866,0.9073712763646153,0.9705228523019706,-0.975393956763123,-1,0.011552416541079302,-0.0015270625890585476
1969-04-06,-0.10127598146512329,-0.07401705776944045,0.034477232195027074,-1,0.05854027974856002,1,1,0.05037883026784862,0.18833185610729575,-0.9764377842176675,-0.9784736921671897,0.028332473127507973,-1,1,-0.06252879691975521,1,0.06484652915668676,1,-0.9487360185826617,-0.10313764339596787,-1,0.10879924593973578,-1,1,-0.04050024583462419,1,-0.015351710978710686,-1,-0.9576473201692279,-0.9718619086851729
1969-04-07,-1,-1,1,-1,-0.8987127722129239,1,0.020462804066700535,1,1,-1,-1,1,-9.591896946119505e-4,0.11039456663614755,0.9194871346664921,0.0730130801794574,-0.8780353683729425,0.01987473553006247,0.04602713307154238,-1,-1,1,-4.3665417336258283e-4,1,0.9349162854222435,0.003919943896957712,-0.972506790223594,-1,-1,0.014322663267996694
1969-04-08,-0.037083767173172744,-1,1,-0.0389140416988627,0.057178377807704406,1,0.9894634717291846,1,0.022343851260556602,-1,-1,0.016368859378639855,-0.9898296319755182,1,-5.641336989354873e-4,-0.8693896673913155,0.11447323898888517,-0.9722723526477306,0.994271350815178,-0.039261989385050544,-1,0.039505631590711965,-0.9923726429179199,0.0437157963909649,0.00642376416653101,-0.985305652351437,-1,-0.017395703544094032,-1,0.9848779030240243
1969-04-11,0.9574819213789172,-0.03490100703304233,0.06477427559326032,0.9469303521337459,1,1,1,1,1,-0.016817812339850025,-1,0.9588575935760968,-1,0.049093547698613293,-0.925760990851282,-1,1,-1,1,-1,-0.02600450021658729,-0.8816194171296904,-0.0019275580502892131,1,-0.9164766878467254,-1,-0.05517395166273453,0.9750016612574235,-1,0.041073953963221
1969-04-15,0.010504857533462753,0.9201668259947917,-0.9080917627952938,1,0.055170376264846,1,0.013680654993836083,0.019518514636499673,1,0.9792686154520389,-1,1,-0.030743065387171753,0.9422232035836705,0.03040896461318865,-0.02725644077593392,1,-1,0.05054288068661428,-0.09304056440861652,0.9020437744034902,-0.015620210814760949,0.9919724045421497,1,-1,-0.02556408397049681,0.8785549253388332,0.09390648738955054,-1,1
1969-04-21,0.8941324203373219,1,0.07467219364917432,1,-0.9289733263357283,1,0.9700076487318243,-0.9784879265971802,0.06798920796355923,0.08506175991375875,-0.021623206793967675,0.007452043276342857,0.9286685792474109,-0.028431399592138695,1,0.9398446540613903,1,-0.04847270436905782,1,-1,-0.09567771074474474,0.9475193163375343,0.05213465080075841,0.018444336046504306,-0.07027848741225118,-1,1,1,-1,1
1969-04-23,1,0.07160281528769175,-0.9183152820665141,0.09346633105411262,-1,0.03384807648323729,1,-1,-0.9091359312984325,-0.910845970490855,-0.9825223484286352,-0.9587583848521194,0.04120513643183654,0.8965928590870266,0.03912048160040826,-0.0013232839948832398,0.023355102277664574,-0.9873665442096748,2.612459205014739e-4,-0.09703927094594866,-0.044731597567925614,0.9528063195057076,0.02768990210836278,0.055414223568681864,-0.014756070317085944,-1,0.9716201776268371,1,-0.9583161181401818,1
1969-04-24,0.016820853033044814,0.999937105972167,-1,-0.8516680395995886,-1,1,1,-1,0.08685869406815316,-1,-1,0.023239011823150357,1,-0.08615583653869219,1,-0.9494284789469536,-0.8756568820773298,-0.034750196925037,0.9758884012431401,0.9002481544180929,-0.050541728567146824,0.9155848911148867,0.03428729233387764,0.12215232477387795,1.5394207584922687e-4,-1,1,0.9985028157929311,-0.9172792035463715,1
1969-04-27,0.9023082227935482,0.051711766301205,-1,-1,-0.0277597320060311,0.006603416938715023,0.017714252722209056,-0.0032455027416747884,-0.8608681922669087,-0.008531652107061971,-0.031223448891191774,-0.9592342826827593,0.07210172499508816,-1,0.010699769552177663,-6.124353193400767e-4,-1,-0.9582655427015336,1,-0.04417812392934628,-0.07056381492711947,0.9209131885940312,-0.01955482717934253,0.11957604867399932,0.013346595515063958,-1,1,1,-0.9914658764581725,1
1969-05-04,-0.05956513457437662,-0.9334721669058085,-1,-1,-0.931063879280268,-0.9580986930246878,-0.9614674198547959,-0.9117327281814821,-1,0.968836058043802,0.945855439932157,-0.033194062722758044,-0.8961518748756612,-0.02075530864531938,0.9671773818400365,0.968295331743576,-0.0660436183116293,-1,0.04231960721586403,0.9442130955343421,-0.10796980927941704,0.8757728167551846,-0.007872114877648861,0.15213033138330218,0.05628997192719153,-1,0.9858471385660265,1,-1,0.9460824085721578
1969-05-06,0.9035675540342807,-1,-1,-1,-1,0.005279544077566811,-1,0.01964105013693307,-1,1,1,0.9494372209450118,0.09968783883115495,0.9301706773181748,-0.0010256512782588212,-0.0271739434010283,0.8729389895556197,-1,-0.9167532495303976,-0.016854387468682175,-0.23492557253158433,0.9438020042349167,-0.024674814058774634,0.20826045305721422,0.11234085228988042,-0.961736491120364,1,0.9243839963006107,-1,0.9582988011248013
1969-05-07,1,-0.011563606258296666,-1,-1,-0.034392764219297045,0.9658287290405576,-0.017514800472864134,-0.9416583715565775,-0.05415675365627781,1,0.038129010882491876,0.02614904791563777,1,1,0.9224870203317496,0.9293027042071575,-0.082169814159339,-1,0.058721305921139,0.9041036615068508,-0.31500001622759755,0.9770233363805784,-2.7293110605439153e-5,0.23018937297540243,0.16377733580523168,-1,0.9799464043321094,0.9283724145765913,-0.9139962982299028,0.9760265248673355
1969-05-08,0.10078842301742585,0.9226724796677205,-0.05623205468474257,-0.03595753155735859,-1,-0.0017522423075796434,0.9651061596290292,0.0575462582413494,0.9288146762537772,0.06845891710510199,-0.9498119753706492,1,0.022492452052026435,1,0.028862960229904533,-0.04073511213070402,0.9126433298872658,-0.04564379974818089,-0.9191040788249213,1,-0.36552658360776913,1,-0.058876005934755525,0.22024933493351262,0.17736868076303872,-1,0.9658333618967039,0.9532002562239625,-0.9953263622120307,0.9966881344112717
1969-05-09,1,-0.06535954453149462,0.877952385949778,-1,-1,0.9454556132793914,-0.014452193094129817,1,1,0.9923756293630946,-1,0.028427780661570812,0.9662637229884568,1,1,-1,1,0.9151458924106886,-1,1,-0.40196864170272445,1,-0.16337800226126517,0.2033400621660549,0.11523577748517541,-1,0.9485710523607601,0.8907424133393718,-1,0.9921332085905502
1969-05-10,0.041788275931614716,-0.9990376855632931,-0.12069701497474405,-0.002541198580803039,-0.06796778747047771,-0.01289081015662319,0.9543722832255366,1,1,0.017996735064551128,-0.03955530223387638,0.9896736109976484,1,1,0.0012930860978196401,-1,0.03279157886840056,1,-1,0.05852964889637158,-0.4172754812013639,0.9718120395829716,-0.1925435151118181,0.16576079400716606,0.11663219558779248,-0.9703290116933224,1,0.8866599545012426,-0.9878357337529378,1
1969-05-11,0.9922109216176892,-1,-1,0.9732396931188841,0.8894422542766047,-0.9796301282300786,-0.02853490098027489,0.07382098171394869,1,-0.9370323015573674,-1,0.03164841499533788,1,0.018812197209163273,0.9985739577661021,-0.0029361109940536645,1,1,-1,1,-0.40263393339232584,1,-0.24781406667386613,0.10289637078615499,0.11068210753712521,-0.9432075911356741,0.9397470185916017,0.935186628427048,-0.9836242277204765,0.9647816125153288
1969-05-15,0.02397414893484895,-1,-0.05098454445293754,6.944731915276003e-4,-0.09739633775820955,-0.05049795430901416,0.9558376442173995,1,0.01343014627467809,-1,-1,0.9875442988160178,0.025843358857496113,-0.9617200847972814,0.011398764879848367,-0.968708109683251,1,0.0714336362030693,-1,0.015949620619519878,-0.3579174699092096,0.9647423154729349,-0.23881020305142228,0.10678896868941035,0.12435341113313672,-0.9694210918059964,0.8915598265471604,0.9138558877364561,-0.9509248456754718,0.9125490786347547
1969-06-09,0.9920447199671094,-0.04044767791347137,-1,-0.9146120130426875,-1,-1,1,1,0.9984999241717547,-1,-1,1,0.9947265179843457,-0.006353677950360348,-0.9384440649089991,-0.03269097741125959,0.09454267296312346,-0.892182576225187,-0.10244128254365248,-0.9380919033148323,-0.2701673632749084,0.89107641531272,-0.1806667651139209,0.17935769904000165,0.08999427075829416,-1,0.9042923723892207,0.9450174980524954,-0.8666491629127329,0.8285041492543612
1969-06-10,0.014001803300460192,-0.968822345813293,-0.06580924330867177,0.07734315980520579,-0.012622117285739143,-0.0732317924357031,0.04324040285913999,1,0.08320836243451868,-0.009954731062616573,-1,0.02757446715765921,0.05004772523667078,-0.9952929529581361,-1,0.9355295160521362,1,-1,0.8335495810279161,0.03328481580467424,-0.3499142245472536,0.8749632231567793,-0.1325441557523275,0.17653956985278751,0.14889211861039148,-1,0.9194535489753354,0.9325193584207138,-0.7632493050145848,0.8316726703806087
1969-06-11,0.9999240036782316,-1,0.9258939913551649,-0.8952165253016329,-0.9401032261545403,-0.9943926168021995,1,1,-0.8336910004704782,0.967677686153362,-1,0.9794577027536847,1,-1,-0.047317647514252936,-0.031128351823193623,1,-0.1329024799432641,-0.12140956504017375,1,-0.3997162398935044,0.8835231717624749,-0.05983236408808082,0.14639918518517744,0.27342616678171583,-0.9928758905918428,0.99455742241709,0.9912878646644302,-0.8276539348011458,0.785880671730804
1969-06-12,0.009949363840258685,-1,-0.03258354749815928,0.10052109503197737,0.046042987535827695,-1,0.021783663791436148,1,-1,0.011201649680841586,-0.02248377951257652,-0.019950435376333675,0.058753851965411275,-1,0.927012324272824,-1,1,0.8007028916770069,0.8219257183333348,0.042983145451510385,-0.4137215713572037,0.9500022458682406,0.04048465307293128,0.19427496521819093,0.2784750266086216,-1,1,1,-0.7339698228562428,0.8431699649930112
1969-06-15,0.9857424554344673,-0.006916728703355357,0.9326372301016315,-0.8375138071728677,-0.9159935050283152,-0.02925615862422526,-0.9748078760400101,0.046227088381738723,-1,-0.980732352685331,0.9264373325857318,-0.9635945101290883,-0.9189764158508692,-1,-0.019587110939273233,-1,1,1,-0.17387535211224914,-0.9166191400851033,-0.4160073705223067,0.9573456705940325,-2.0574485089678435e-4,0.21236764369957803,0.2486875868279878,-1,1,0.9384216157596745,-0.7932245874540719,0.900655571139465
1969-06-19,1,-0.9750372747786563,0.05894060066311646,-1,0.03061538656388474,0.9161687305902444,-0.03554183715176418,1,-1,0.005880165020790917,1,-1,0.07634089934706101,-1,-1,-0.11924432035301491,0.029439600556008805,0.05508779372635353,0.8123203658021346,0.05047199108529932,-0.47067904031067925,0.9161031879499658,0.06641820571599105,0.2402784962495326,0.19304331431386823,-0.9714500513466479,0.9803185828326736,0.9027580767968185,-0.7704395479841014,0.9003052900057946
1969-06-24,0.03872088757159997,-0.005970486802122199,1,-0.0025341421444859957,1,-0.006092524502978702,-0.9935871424769579,1,-0.05620557064828091,-0.9553465794025557,1,-1,1,-1,-1,-1,-0.9259639170933727,-0.9323762485056598,-0.12061260123695683,1,-0.43898079548367624,0.8532994672428363,0.06493168688334201,0.2579113924200379,0.2063166297343801,-0.9658649777094722,1,0.9213105691241856,-0.8098399768169349,0.9363134408013761
1969-06-25,-0.9561340747391532,-0.9459499348080969,0.021315950192824284,0.8909309091030546,0.005064288245617554,0.9710709697065333,-1,1,-0.9328000268262281,-0.002063865957982247,1,-1,0.01376361602909304,-1,-0.01744365358357891,-1,-1,-0.02049845084076407,0.8792893157797631,0.10115187774727707,-0.47005561693342435,0.8437616479380722,0.07201976004251692,0.25912207508884844,0.26272813114460103,-1,0.945340112421912,0.8563729455247728,-0.8036216189428701,0.8955612443646087
1969-06-26,-1,-1,-0.9426060431311796,-0.05901528048549176,-0.9889976478158625,1,-0.016174351195172854,0.01329685945232184,-1,0.9783900549024682,0.00974315133653847,-0.01427777290555865,0.9988630573428285,-1,-0.9549496279990884,-7.460166656161338e-4,-1,-1,1,-0.87346100589659,-0.5125531481916519,0.906193430154852,0.06740219287722432,0.25019000178715284,0.2509261097860539,-0.9792458873100821,0.8895053781607368,0.7801806071462583,-0.87438284762266,0.8493796613788676
1969-06-27,-1,-0.015164314292855252,0.05288432567039114,-1,-0.022278497331193692,0.01917453156308835,0.9292768456735707,0.970874201235475,-0.06291835760829922,0.015485634209846388,-0.9647351916830573,0.91838274118636265,0.16052270849531514,-0.0538586757280779,0.014704644033296854,-0.9748679588621698,-0.08190609694175954,-0.01423614958269892,1,-1,-0.5242561296491712,0.8588515920211623,0.028125042411399438,0.2476049529201621,0.297995779592871,-0.9593437618649227,0.8417551213220767,0.7935887783284472,-0.8004165913060215,0.8470989222834862
1969-06-28,-1,0.96083900686083,-0.9469739774242227,-0.07731138831720641,-1,1,1,1,-1,-0.9181173018527882,0.03368717967250012,-0.052830969539143124,1,0.893748014447152,-0.9820571140857881,-1,-1,0.9723157922408899,0.02871884126265678,-0.00882209267241263,-0.5263277846547366,0.7167156279098168,0.05155778957489452,0.19336260180918438,0.22238545376483562,-0.991087206667807,0.8365113645469454,0.85639262541033,-0.8924672306729391,0.8997553313209515
1969-07-03,-1,0.09806674682569472,0.011402241980269956,0.8821266421175289,-1,0.02696274094735618,0.015049264366678528,1,-1,-1,-0.920867444608813,0.8868434803355559,0.03719056844353996,-0.018016339263948633,-0.01171688838255236,-0.02705536162541322,-0.01860200489852759,1,-0.9083395814946174,-0.9447252385168735,-0.5471620631461107,0.6768426387974681,-0.0020346793019453344,0.31343703304808584,0.24120538810892664,-1,0.8442249359770062,0.8795264671022625,-0.9171311492785266,0.8773821105350854
1969-07-04,-0.0010248180777134852,1,0.8574894132814498,1,-0.06773219474033243,0.9892445981496143,0.9571046621340196,1,-1,-1,0.030935624872523104,-0.08922659423563395,0.9379647268885413,-1,-1,0.8797561287634135,-0.9683244672318485,1,-0.044142885710258595,0.041030762735497106,-0.6198962201435071,0.7206925882404525,-0.020865700929777856,0.44867531590625775,0.2377192300584699,-1,0.8667602244248309,0.8874877265106578,-0.831237900184217,0.9636013968182644
1969-07-05,0.9481659714833273,0.03710487845523214,-0.12274069395462384,1,-1,1,-0.021779641513551384,0.002961763501019843,-1,-1,0.9884563299714721,0.890662279690657,1,-1,-1,1,-0.0036399994797369217,0.059675287320001935,0.9423872209115708,-0.9373476972500899,-0.5712983293841348,0.7302182464277338,-0.064815360263737,0.5271609947556293,0.19577894919496283,-0.9906075764229657,0.8431964479540358,0.8083984417831156,-0.8254647491554967,0.9694227992969326
1969-07-07,1,1,0.8329433410226631,0.041840813705506075,-1,1,0.936211604163125,0.9013818296781498,-0.053120229788765405,-0.08721480708416718,1,1,1,-1,-1,1,0.8984282240239047,1,1,-1,-0.5974598638548844,0.775999397751997,-0.1041077560149691,0.5459589953399755,0.1950328366836114,-1,0.7929005258798407,0.8643892061133172,-0.8455444216749699,0.9018437525971127
1969-07-09,1,1,1,0.966772057634352,-0.0034521755065067827,1,-0.06279530297090474,1,0.9102092145477946,-1,1,0.0482035772574092,0.006177482409509549,-1,-0.04686561362638808,1,1,0.007199472294718623,0.030715163036197812,-1,-0.5588807941571216,0.7541779164864614,-0.07382736065881705,0.5364774349793708,0.18988593784223154,-0.945416610457156,0.8664254302147549,0.7632945508608673,-0.8611123079159436,0.8743334100749176
1969-07-10,1,0.01962953016547886,0.030669424024110215,-0.0014147969844293673,-0.907441042229887,1,0.929955953694776,1,0.004958521921185288,-1,0.018431687712841316,-0.8830023990979425,-0.9630268307007631,-0.009997844980491832,-1,1,1,-0.9792054654240631,0.9789444441842443,-0.13122096793514382,-0.5378947390077582,0.7337485042565491,-0.12944937762536993,0.5644374966465706,0.18556140274269084,-0.9811913504056122,0.8572450697192426,0.7635703824432211,-0.8505292622712256,0.9073118440200245
1969-07-14,0.05042737820242893,-0.9275241919962086,-0.9655447929751241,0.9949555131755775,0.05499267406271535,0.05810223379027046,1,1,-0.9740432912942635,-0.021575956644328764,0.963215449794092,0.05821468563506793,-1,-0.9841022929713944,-1,1,0.016447021000109197,-1,1,0.8487251402769034,-0.600442482735685,0.7866512111252798,-0.16263607617575337,0.47620682881387183,0.2846849748829906,-1,0.9407244403304756,0.7246173085308995,-0.7943318059069608,0.9583244988691428
1969-07-16,1,-1,-1,1,1,0.9914827980299358,1,0.0733268001293601,-1,0.9334963409116361,1,1,-0.08284389270670134,0.0020115634205077892,-1,1,-0.929011194487695,-1,1,-0.12899162867741354,-0.5756743592299541,0.7867552487162175,-0.13312003536915232,0.5199636657991172,0.2618505930450103,-0.9850160590019614,0.9779369029085503,0.6981464907186662,-0.7732355720231867,1
1969-07-17,0.08443172929431997,-1,-1,1,1,1,0.05463298789491278,1,-1,1,0.009981036213255523,1,-1,0.9689621710721628,-0.0090559374235466,1,0.028857004569734945,-0.019870995132647673,1,0.8655386777844343,-0.6057813274568533,0.8566077753030696,-0.1356873709769,0.48249571775358613,0.38730478470593743,-0.9683361454419818,0.8278011491760122,0.7417848104736579,-0.7660668955907827,1
1969-07-19,0.9853567984444686,-0.013373532330577032,-0.028198569033682452,2.818900044047057e-4,0.01964701180426265,0.09920704287658388,1,1,-1,1,0.9772084733090437,0.019244446930538173,-1,0.0035457893096083604,-0.9846326820745945,0.0771255671798774,-0.9201290921300939,0.8792249471151348,1,-0.06719214838125631,-0.7127810723471308,0.9102008038234796,-0.1484978132604608,0.4609788714196321,0.4056169827086071,-1,0.8816328593066967,0.6535659011765288,-0.7969487524885419,1
1969-07-20,0.09537119256006532,-0.9652335226296721,0.9357250498316322,-0.9865244096238707,-0.9609154746210902,-0.8683243053455262,1,1,-0.002453770254349563,1,0.031578632261680006,0.9967709304064774,-1,-0.992001456050747,-0.08440346677389776,0.9914828580113737,0.06961117665361416,1,0.016196753153992827,0.813601289072508,-0.7265778125084867,0.9581701197888897,-0.13418718518988718,0.5330150710979688,0.4259456809388475,-1,0.8440909664974157,0.729137732824801,-0.8327194062685844,1
1969-07-23,1,0.009684897762694544,1,-1,-0.044608338452185814,-1,1,0.06890426943535011,0.9465418189910048,1,0.9527202349259616,1,-1,-1,-1,0.0532111856260985,-0.8885621517773881,1,-0.9531989148620683,1,-0.7935041311137883,0.9944986038464622,-0.1193713048577636,0.5629378946711133,0.47621398755287886,-1,0.8734245919501313,0.6923161517679232,-0.7511129944180376,1
1969-07-25,0.007630427144421081,1,0.012439537899009645,-0.02085639574985465,0.9484201466373591,-0.024015142906995135,0.05833280488270287,1,1,0.020432979010359453,-0.025810229910693705,1,-0.05900961507571201,-1,-1,-0.9426408191906377,-1,0.008742319841383628,-0.004441355043264927,1,-0.7800418559739546,0.9989010576576188,-0.1279245911085113,0.6388209740316252,0.47625080124116487,-1,0.8489150876867568,0.6096129761236081,-0.7566279357947946,0.997897055333744
1969-07-26,-0.9652042846318151,1,0.9899340315748775,0.9278823792775027,-0.01593428651406792,0.8753594571335407,1,1,0.020566072630489596,1,0.9708747622934133,1,-1,-0.0049449701540703606,-0.08631580641293579,-0.009295428251549942,-1,0.9453897039582971,-0.9151253249849484,1,-0.9115352674858711,1,-0.0810861203776087,0.6167238996158694,0.5325536191325163,-1,0.8087493862136768,0.6210453801534767,-0.680808898359489,0.962761227943364
1969-07-29,-1,1,1,1,0.9648544808133633,-0.09185897995871661,1,0.012229217913453994,0.9681250456655365,1,0.07929113019424061,1,-0.029182081085094125,0.9922050592861178,0.8924074176508726,0.9434653172685221,-1,1,-1,1,-0.8535165575421358,0.9854211383111335,-0.058152205899122913,0.6575402546805693,0.5791761034828306,-0.9668240329084589,0.6896963474783289,0.6595635277422772,-0.628701484954524,0.9796358269792244
1969-08-01,-1,1,1,0.057917361552857094,1,-1,1,-0.8752466757841627,0.010887179282894954,1,-0.874550275110527,0.06690986319043168,-0.9530512382445356,0.0032376169580375924,1,1,-1,1,-1,0.022404965253760234,-0.834041666755214,0.9872839756619892,-0.09361258412939882,0.627457159212931,0.5509756648707429,-0.906824127547731,0.5968028633533975,0.6070681774303339,-0.6650690452203126,0.9796950074867922
1969-08-02,-0.04185957728377043,0.06483308073450933,1,-0.8586605619810316,1,-1,1,0.12201597955797439,0.9424296955217499,0.024777403606796033,-1,1,0.017798926153892336,-0.9460862911629793,0.011685845760133984,0.05497816682597967,-0.0024629688417137086,0.04677051371832308,-0.009162951773163508,-0.8849991063047894,-0.7977833157473723,0.9687054092227508,-0.020085765656896487,0.5763338367729124,0.49870931706597815,-0.9037008469306171,0.6541612348672837,0.5937676037590395,-0.6300071880405502,1
1969-08-19,0.9523264118270298,-0.9310003097626723,0.023416309819407233,0.08087021577525044,1,-1,0.007552812002024956,-0.8683638181652129,-0.027899452119060864,1,-1,1,-0.9331232564725652,-1,-0.9322146102769759,0.9899482186689812,0.9826587602856058,-0.9253177843535263,0.9776042395382086,-1,-0.7802293378729738,0.9704171908858155,-0.044022485179052606,0.6030605812309,0.46432012218731883,-0.9346187116665241,0.5822221808979715,0.6466371069838598,-0.623989868375444,1
1969-08-24,1,-1,0.9564230438502722,-0.8719616589991971,0.05395494132541778,-1,-0.9759544912080808,-1,-0.9140601608197273,1,-0.017272917229602447,1,-1,-0.014808985979591793,-1,1,1,0.04063093670596274,0.02772123504746815,-0.014354581476638706,-0.7738130738734517,0.9466418882690704,-0.004566729887642951,0.5810147779759552,0.44624262966486433,-0.913164727397452,0.5775163771513445,0.6852503951175913,-0.6464416338803429,1
1969-09-04,1,-0.01633088555229445,0.06280744559784901,0.05807293096028776,1,-1,-0.060306504751759804,-0.06854971076737626,0.0010276422931702056,0.0017106399568613817,-0.9359112908406044,1,-0.08240476423866772,0.9598229769987657,-0.07166526618241476,1,0.02115593626917245,-0.9067064707096666,0.9965263292634526,-0.9328718164318665,-0.749778171784196,0.9808043702343512,-0.03966166249517217,0.5142756739376971,0.4984877067954707,-1,0.620570192790211,0.689934158827804,-0.6140484037120182,0.9803565265292266
1969-09-07,0.01907716832116746,0.9121351944834692,-0.8406475736553424,-0.9059561173406214,0.0017536941053136745,-1,0.9092265811862403,0.9302191860820461,-0.9293071343402526,-0.9267044413848823,-0.06391822484260257,0.027643913679989307,0.8648067697655192,1,0.8903256004172045,1,-0.9414157989189013,-1,1,-1,-0.8232281763198269,0.9902633712160098,-0.1022598467717454,0.5343032363931457,0.3934304452337136,-0.8742373223749006,0.6580114027678275,0.6872871589720245,-0.6335004912161468,0.8885123660412491
1969-09-08,0.9631547858904493,-0.07828624259796768,-1,-1,0.9782045903293093,-1,-0.053943525219886435,1,0.004802557330893187,0.06142040520952041,-1,1,-0.06924976451835119,0.08060371639469277,1,1,-1,-0.026457140041871385,1,-1,-0.820121954980307,0.9534424718294746,-0.08630991639659434,0.49399064918474567,0.42592256543874585,-0.8996707735727876,0.7145403747478198,0.6443486836544493,-0.5908869344898706,0.9143211610409703
1969-09-10,0.04928162491789556,0.8937710859233731,-1,-1,0.020927601836163934,-1,0.8984815162382902,0.08131880383186607,0.941134063860132,1,-0.025046846267996692,0.07751613938215751,-0.9837716894735746,-0.8761082301647372,0.043862856105805315,0.06739582627230378,-0.014744721113675974,0.9010787678402519,0.07460415537312404,-0.022634879121387952,-0.8803979506832781,0.9630934091357409,-0.1029903793986006,0.4016478405619085,0.40952614505560714,-0.8381656112037805,0.6788459659403132,0.6254538221782272,-0.6075178969474719,0.9114725565803301
1969-09-11,-0.9098788315762917,-0.06821841158177644,-1,-0.04894743074322783,1,-1,1,0.9370280495090275,1,0.013160530437703266,-1,1,-0.013238079372283273,0.028289024157527765,-0.9118008030486603,1,-0.877402176792899,-0.06600178580947258,-0.924685006032096,0.9617718186581997,-1,1,-1,1,-0.5873154553561234,0.16043733904383428,1,1,-1,1
1969-09-15,-1,-1,-0.05965737635780599,-1,0.023834797865143198,-1,0.008868224187671747,1,0.1255084824810887,-0.9548485512192453,-1,0.014867491348987572,0.9269972305557412,0.9504636831849548,-1,1,-1,0.9182873353685814,-1,-0.0011133484866125976,-1,0.07713477589198359,-1,0.03832992058109275,0.33432673100096666,-0.8162026839048868,0.0014156962670635043,0.015249154010976484,-1,0.00821390306718306
1969-09-17,-0.015990412953313715,-1,0.8617588351630338,-1,1,-0.006728008659816043,-0.9076471290658773,0.06756330335727945,1,-1,-0.025276758519672815,0.9607832617663585,1,1,-0.11200149614227384,1,-1,-0.06736771309397793,-0.011832776679063461,0.9436837567098022,-1,-0.8910322125948568,-1,-0.9328478948164745,1,-1,1,-0.9820127390300128,-0.04721346775135182,-0.964238594014333
1969-09-19,-0.9736132436988505,-0.028367044430785193,-0.12234073835542814,-1,1,-0.9145297967667334,0.04696791836952474,-0.9065145297485477,1,-1,0.9745331724788361,1,0.0168000757024781,1,0.8175717209629924,0.05212723587601786,-1,-1,0.9778122047634492,1,-1,5.272452441340558e-4,-0.02781969523128469,0.029407276434991636,0.08379741196646062,-0.07269252311925056,0.02729367877202582,-0.005421246383657374,0.8940106737770726,-0.08636009818726542
1969-09-22,0.013234798682869142,0.9015438627663557,-1,-0.014238196525814706,1,-1,-0.9378922889890131,-1,0.07187193161476035,-0.04864717739471203,1,1,0.9827620213570994,0.022682768524196373,-0.14685634891595545,-0.8951703305397711,-1,-0.029252190691324564,0.0023916227453085748,0.0545350854164508,-0.011118827817455657,0.985312782351038,-1,1,1,-0.9976965291368616,-0.9704702799652842,-0.9530842292037944,1,0.8292778325267245
1969-09-27,0.9806870353086945,1,-1,0.9724521824325272,0.04685122966874988,-0.010428751507933764,-0.013379368370984523,-1,-0.9098159841078071,0.8659277655486357,0.04918925445293787,0.09340364559816527,1,-0.9599562012338992,0.7823644160337293,0.093072998272128,-1,-0.945566424394158,-0.9291747962610841,1,0.855722017511265,0.05311004929452634,-0.014787993219114837,0.015793201356415376,1,-1,0.021271844725132882,-0.011287241246170865,0.02530897772072127,1
1969-09-30,1,1,-0.0432279096621514,0.03134628199052525,0.9761652399848736,0.9710109484220996,-0.989492071567441,-1,0.06928970797282785,1,0.977681995290177,-0.8328645370032429,1,-1,1,1,-1,-1,0.02238977177253776,0.024223769255594663,1,-0.9217331532213238,-0.9801717785997941,0.9914145173195782,1,-1,-0.9238007841818902,0.9391581097985818,-0.9500373329910812,0.02181329302630719
1969-10-08,0.01563944624038871,0.02623309612016278,0.8529814464322343,-0.9475443035285483,1,1,-1,-0.01614197461907363,-0.9120475191871551,1,1,-1,1,-1,0.024062809840016852,0.0018097390433343685,-0.007128447731342025,-1,-0.9112791316021597,0.9569433081619996,1,-1,-0.0035178552820912534,0.026682615791419173,1,-1,0.052231651322618644,-0.048348340087692954,-1,-0.9285520707593811
1969-10-11,-0.9129288748310078,1,-0.10135864530710958,0.009039901126467575,0.04573983255465486,0.006042921761059583,-0.010821132629721841,0.8409678096179539,-1,1,1,-0.024798133750355666,1,-0.09396912327720464,-0.9552500847788181,-0.9828987520416731,-0.9768546292575517,-1,-1,0.048502650527071034,1,-0.036568251844606214,-0.9439815981600446,-0.9614659760680235,1,-0.031861487163759805,-0.9326685163900342,0.9414658944796264,-1,0.03935290363067934
1969-10-15,0.07990046194350675,0.07984576676113764,0.8791082326845875,-0.9255341510456778,1,0.9728157291230733,-0.9870887442560848,-0.009181438954243393,-0.01120433097038187,1,0.021673160952052406,-0.9888734490391847,0.04276656252383626,-1,0.02436744783092204,-1,-1,-1,-0.03437635702528097,1,0.027355271140613424,-1,0.022109680437169654,0.031622651959795745,1,-0.9999188536547444,-1,1,-0.08965976903098372,1
1969-10-16,1,1,1,0.05346817405414639,1,0.01749710152866535,-0.06738055960968092,-0.9749836724411864,0.9429678768277993,0.020540148654372814,-0.9674093936847222,-0.08601316305464668,1,-1,0.9796339342537816,-0.03550942831448911,-0.005082895972052692,-0.014559649612861492,0.8840159859635646,0.03027756090347622,-0.9453654836271101,-1,0.9825584929869198,0.9782028857623939,1,-1,-1,2.1642151909595508e-4,-1,1
1969-10-17,2.979757776497838e-4,1,1,1,1,-0.9248066634410015,0.9249390009541892,-1,1,1,-1,-1,1,-1,-0.009586688371196583,-0.9970002169493646,0.9923167281087731,0.9798692926851638,-0.04805378670296245,-0.9595003029956055,0.018006304907070114,-0.06698912620565001,0.04472730377019918,1,0.05037458541890738,-0.030964008178714586,-8.173531435472503e-4,-0.9124683562115824,-0.09746787020376413,1
1969-10-18,0.9759231100712075,0.04898407560228257,0.030681319511504768,1,0.004658850370761081,0.022063732472788367,-0.034330384259535385,-0.0829131570176167,0.057455706142930496,1,-1,-1,1,-0.029488987179363324,-0.9806956916498327,-0.09594278895031028,1,0.009605960927000723,0.9161650595233068,-4.2860370586095264e-4,-0.0514071118440617,-0.08535186203063833,0.023161570386165328,1,0.1064385945600125,0.015030574603148467,-0.0011554892421199235,-0.9411980314924475,-0.026884758804451972,1
1969-10-20,0.0295496913546468,1,-0.9114872578174239,0.014305721251355763,-0.9733242242670063,-0.9518745790114895,-0.9768035348986808,0.9060640275730253,1,0.014676780741042617,-1,-1,1,-1,-1,-1,1,0.9228047020436774,-0.08198225025213945,-0.9479264188031665,-0.07168618494301898,-0.09098522487313804,0.07325615856768798,1,0.06680335816036556,0.01183422333112577,-0.0398613790848766,-0.9738750315771001,0.08439833962525499,1
1969-10-21,-0.9300790435032821,1,0.054533965044452626,-0.97014559425156,-1,-1,-0.00683631717313693,-0.048224000142696344,0.03253498919928344,0.9615891077762037,-1,-1,0.08778253172901618,-1,-1,-0.05237749246892642,1,-0.05236093642703232,-1,-1,-0.02343767445847318,-0.1020594985546021,0.020597883977311562,0.966619070457146,0.038267880689934725,-0.002244901034730776,-0.016051277616837237,-1,0.07511323940626953,0.9669007180357051
1969-10-23,-1,1,-0.9108784002713877,-0.007997531796573476,-0.015852421765745084,-1,0.9289364616204707,-0.9833231872444481,0.9856780770933203,0.06563065556145664,-1,-1,-0.7943793956752432,-0.017370617475618078,-1,-1,1,0.9396794968778898,-0.009690722136435181,-0.006244855455346587,-0.001898797655759562,-0.018706523296361674,0.024504510721878477,0.9556020658512125,0.09198790235338153,0.02101998862872185,-0.09744951644257478,-0.9861168698771204,0.1236835784217857,1
1969-10-24,-1,0.08594848938543442,-1,0.9307110894862158,0.9823881969940462,-1,-0.07051162898341579,0.005207925424170923,1,1,-0.047065020652592215,-1,0.17420985766709807,0.915732261382063,-0.04151062473135825,-0.007582462719433747,0.012649869344774078,1,0.9188029128177599,-0.9500002088322731,-0.0024826572623433893,0.018591659179185024,0.050330497123714804,0.8760362171823854,0.10026339603692422,-0.025373206385383533,-0.1306686669144666,-1,0.1527842354651285,0.9338149618311374
1969-10-25,-1,1,-0.013487705726067167,-0.06587788872576295,0.0052453993282687295,-0.014133578432264371,-0.9786989703275641,-0.9734636978093534,1,0.010281229480984089,0.921514715840712,-1,1,1,0.9315696649490175,-0.9944222818625642,-0.93251378886173375,0.022589077637708233,-0.03602298366134549,0.03829902856332956,-0.11416671227957914,-0.0070880274261986564,-0.07250657529668739,0.8097179666228196,0.09823464025281639,-0.06513981136583333,-0.043530187888518646,-0.9795326054333912,0.149009822776127,0.8621225586237012
1969-10-26,-0.011419093792404467,0.0447656063192291,0.982969824130237,0.9229075857547799,-0.897845839522928,-0.8948524543116151,-0.09208151015965282,-0.010349790357953692,0.046497636495906214,1,1,-0.01156064316348282,0.038975876880471216,1,-0.010383854120124658,-0.044437404763288835,-1,0.9892635394053466,-0.9993189397711161,1,-0.17214394885410989,-0.02935139844055642,-0.14569865221658418,0.6919347775861034,0.2330136068950607,-0.06808066089529857,-0.017433352112923815,-0.9232446361780915,0.09436127912480949,0.9106758408344238
1969-10-27,0.9111493750644868,1,1,1,-1,-1,-1,0.9865379635555842,1,1,0.05597828728055032,0.9576681540892819,-0.9272097302686931,1,-0.9335449438005241,-0.9770534543275733,-0.030165201123563357,1,-1,0.12191380958198939,-0.11911386866998616,-0.004522977787363783,-0.14812703404365168,0.6991133212727068,0.23613415710673552,-0.14860250260551472,0.00945899533246345,-0.9527902723744488,0.12614143929563376,0.8175882403563786
1969-10-28,-0.03730103318319988,1,1,0.06312669689394768,-0.04781483147149246,-0.01058099803999657,-0.11315289672046613,0.02406717925928048,1,0.050111289382852586,1,1,-1,0.03396422699442625,-1,-1,-0.9648043762424838,0.009945705036189412,-9.468242387009607e-4,1,-0.09557020206375166,0.01724710007113907,-0.1596027124621326,0.6805964395716747,0.2262087906155316,-0.12603120691516068,0.058757018902718845,-0.9720510787319315,0.1909307675858365,0.8217440459764684
1969-11-02,0.9273030159934085,0.017818625756574336,0.07305707694380614,-0.9010109249858498,0.8929396451513978,0.9180885208774066,0.8527242248020563,1,0.04544694780391567,-0.9120728573159413,0.02775200411078671,1,-1,-0.946172336418959,-0.08282161633005547,-0.005496058969774009,0.019338129778300406,-0.981154598835062,0.9117376793067831,1,-0.01818874993642021,0.00882235297523902,-0.12843876023731102,0.6289996560966079,0.21796765416006847,-0.13243784124730953,0.031227588868625977,-1,0.13630815042435385,0.8062136410834687
1969-11-07,-0.01977006289879535,-0.9698094755647222,0.9879711608759354,-1,-0.09997094869899059,1,-0.1103139637850108,1,-0.9510577333308295,-1,1,0.03526298124381544,-1,-1,-1,0.9740303427016276,-0.8545058458173718,-0.011576025936233192,-0.07376845957842115,0.0019781108356983212,-0.021507115017167625,0.032120450087355285,-0.2205583087027044,0.6466577946555018,0.1941194490739584,-0.20624423264021025,0.08156290270242851,-0.9311966253030315,0.1232369209212657,0.8339864447946753
1969-11-16,0.9649056406442954,-1,0.05001629510494199,-0.021915611589289674,-1,0.06622259109970308,0.858468828813108,0.04607642459631245,-1,-1,0.007923662545039734,1,-0.0715922979791026,-0.06153481214178136,-1,-0.02533216528063087,0.14499864700915366,0.9497861182840378,-1,0.8319259664042191,-0.05024994926100822,0.05337715417525968,-0.26802272899467383,0.6058786332766192,0.2360531748218865,-0.24303812281765463,0.07237281246738211,-0.9681774956295276,0.13299145374661317,0.8749878790391141
1969-11-19,0.005643411113422703,-0.0014238392455069304,-0.8810580583226699,0.9710640764060913,-0.09412782462310643,1,1,1,-1,-1,-0.9834226172913662,0.02470295136233336,-1,-1,-0.04023993709830065,0.9505087689202586,-0.7268373029988927,-0.031077562313508666,-0.0035153403670836747,-0.1407376735503143,-0.030169563582758456,0.06535895751488101,-0.3440809325161365,0.6272719933014221,0.29123083995130883,-0.2420179045642587,0.0863471879173501,-0.9429143630053023,0.08745940092861984,0.8605113406231191
1969-11-23,-0.9409679891919579,-0.9979954608914524,-1,1,0.9007896717426235,0.14191161241994932,0.09220296848984899,1,-1,-0.08126364349155168,-0.0360721529097251,-0.9237122042140408,-1,-0.05667929363469082,-0.999385735559718,1,-1,0.9462149672268085,-1,0.8392766054096077,0.005262690159870492,0.11026822540116935,-0.3022386189697994,0.6864747747808562,0.24308657262851444,-0.21198158227648456,0.13459895422276877,-0.9944235449321496,0.048562942293696794,0.9193767214358821
1969-11-26,-1,-1,-0.013020742730789236,1,-0.0318716606936551,1,-0.8884450476943431,1,-0.03105577553128891,0.9006145085712436,0.9263961957206676,-1,-1,0.862690381007546,-0.05873021460513084,0.04690422275303363,-1,-0.019648428504022708,-0.05238747811044542,-0.13032381555608508,0.061072500424835696,0.19459284368979143,-0.2751276433126619,0.7581917858551172,0.25989042383739025,-0.21747506083478893,0.13141214153582242,-0.9837054366602224,0.02929246245555015,0.9380421189596553
1969-11-27,-0.0423923614656837,-0.048935283245833405,0.9214918105212462,1,0.9590751945422588,0.010782288404559415,0.10689833015084949,1,-1,-0.057870776047508565,1,-1,-1,-0.0672784518158781,0.9070792089697138,1,-1,-0.9676471376494541,0.9123967923772844,0.8268979268893266,0.01878899470305237,0.225287189575966,-0.23707811546187832,0.8537471299865257,0.19586901344633245,-0.24176769125801426,0.12858791108177942,-0.9220848149741119,0.04417587123489115,0.853779792921594
1969-11-28,-0.9363549914685803,0.938480924051749,1,0.0137597949117374,-0.03971909346538538,0.9092299591105539,-0.8501635699355697,1,-0.018584187685390163,0.8402497585815953,0.11204933337892897,-0.004486661139509351,-1,0.8658783773767289,-0.09104939294487358,0.04891588713978556,-0.0103749395233248,-1,-0.043361953333753145,1,-0.012230832168868513,0.35074444347024336,-0.29148831594944824,0.8664715724472288,0.1636614634946055,-0.3042064873311366,0.22588892478040046,-0.8710041844207094,0.11083012514526266,0.7428550389145944
1969-12-01,0.06267473170089755,1,0.0290980607411494,-0.907541181893323,0.9257015958384943,-0.07289670609724497,-1,1,-0.94980351556349,1,-0.8219077452533163,0.9691900825598765,-1,0.0035939224725275443,-1,1,-0.9971996620001888,-0.042307526417544095,-0.9971801397116445,0.013249607837382937,-8.214365314445585e-4,0.40194244021037606,-0.2842975311984685,0.7940899202881279,0.09550463919628957,-0.3517256818382638,0.21433404045947974,-0.9297601415033429,0.132628826589401,0.7043544556521982
1969-12-02,-0.9003811324747818,1,0.9641321574676315,-1,1,0.87597002531664,-1,1,-1,1,0.16524526795363836,1,-1,0.9835768431175709,-1,1,-1,0.9528011599939901,0.001264885410779737,0.9375154020771679,0.07885783381539208,0.436440192433319,-0.360806904700295,0.7616846024496032,0.13611685826533665,-0.3647094458694301,0.16337061388406965,-0.9277048346154952,0.12559682261640495,0.6614254730834797
1969-12-05,0.09793100101006247,0.05970591911283829,0.015875667297307383,-0.014174480113591126,8.739757316134078e-5,1,-0.0064865338638271375,1,-0.12154061686209394,1,1,1,-1,1,-0.020942957438272347,0.04154005445176623,-1,0.011295545778811089,1,-0.06142718859372742,0.031013438842795643,0.4352256867400526,-0.4162347828592742,0.8008013305199433,0.062207325832319,-0.33620295320620136,0.1374498851829385,-0.8827117140909212,0.06884777885947099,0.6972992322176008
1969-12-09,1,-0.9052171062389422,-0.9099221358675457,0.9822203318243614,-0.9824036914983189,1,0.9897466404878403,1,0.8304956346939377,1,1,0.008930432180306536,-1,0.015405253699993682,-0.980836498412099,-0.9101051750013823,-0.07020305295222795,-0.9882172433795297,1,-1,-0.05058385384726251,0.4076208795823776,-0.5207817877067158,0.8521397242321731,0.09510787998819256,-0.3049245900565668,0.17409468174930173,-0.8284951991563634,0.020003529072584972,0.7927502018200097
1969-12-10,0.01804192161521212,-1,-1,1,-0.007483301127246045,1,0.02296189027619644,1,1,0.025289783442749014,1,-0.987207807958103,-1,0.9073359173229186,0.018173131390145425,-1,-1,0.0027718147038370278,1,-0.04603881097318929,-0.07830537723312987,0.364110621393512,-0.600052565852578,0.8353541389428346,0.135004046156445,-0.2557437204717886,0.2408175658093733,-0.8183470622515715,0.031226928187510543,0.7833719216393226
1969-12-12,0.9601287706299578,-1,-0.008316294929214707,1,0.9677704805736098,1,-0.9550596232898925,1,1,-0.9346097623069624,0.04085130474369547,-1,-1,1,-0.9178230272053842,-1,-0.03423808118043414,0.9667905649956755,1,-0.9690872424783792,-0.09259986818566003,0.44865051779339626,-0.5912310906393564,0.9112324678193772,0.11282467986482486,-0.31558415098623394,0.21706534357875187,-0.8903678279833637,0.15982252526621876,0.7657744124220405
1969-12-14,1,-0.037090806956809885,0.9871300141221643,0.05410662660203469,1,0.016933260886063395,-1,0.009587196933937725,1,-0.05067371537299015,-0.9085668999593312,-1,-1,0.08819868007357701,0.059617501387099425,-1,0.9577188055402894,1,1,-0.027908968044800697,-0.09673301583606862,0.4258331020643503,-0.5773673796200157,0.830334293514727,0.04492066597005191,-0.31960379285404866,0.18115428636591951,-0.8449347111243407,0.18553366118129455,0.7193411091885404
1969-12-17,1,-1,1,0.9985322015882654,1,0.9080205470552293,-0.017982224713544825,-0.98305822051885,1,0.9268271498647733,-1,-1,-1,1,1,-1,0.023491907714586868,1,1,0.8512482470960572,-0.10013831389339813,0.4320139095878178,-0.5079140832988515,0.8600872714231099,0.029289564351180606,-0.25561718148243995,0.18305707391288634,-0.8164605831021338,0.1914391457815289,0.7431568612640972
1969-12-21,0.08021964330620579,-1,0.10032193645962417,0.040180602386874154,1,1,0.9679610396084803,9.657165456509187e-4,0.0456177163135999,-0.019997714260431287,-1,-0.08313931835022881,-1,1,0.04736947688724169,-1,0.9337286967160107,0.018900015079702848,1,-0.12877081870205298,-0.07576042345375675,0.4377213576106787,-0.4879996479898697,0.8688629823266947,0.08299377442344898,-0.17653865371228927,0.19219909042841268,-0.8275126238900344,0.21776447077977898,0.6626721504507617
1969-12-26,-0.8729338747132385,-1,-0.8737832403169411,-0.9509267555984592,0.038742675392387516,1,-0.029306759602230725,-0.9483543128553629,-0.9537490264692275,-0.97466746646009494,-0.05476003588995204,0.8068241544028834,-0.06956738463912715,0.0016671770799433494,-0.8987515467283138,-0.004992265777337135,1,-0.9599886766275582,0.012380228949840255,-1,-0.07271886576508525,0.40642225839001084,-0.4279537943420828,0.9385944394198718,0.06902710732678713,-0.288869792263324,0.15123586597096456,-0.7750806324244877,0.3066789039760597,0.6759183863042871
1969-12-29,0.12285282446419332,-1,-1,0.031006095106148157,1,1,-0.995500539837014,-1,-0.03032198564168387,-1,-1,1,-1,0.9003879682628877,0.03614667969241003,-1,0.02122495820969794,-1,1,-0.015309291689950877,-0.06845384335929397,0.45827430936305513,-0.43485369886979436,0.9530590227915684,0.005076923214339293,-0.2900724536960369,0.12095716923642488,-0.7364974118530698,0.29135925038965504,0.687844737787819
1970-01-03,1,-1,-0.07095954075385147,0.9124552277028799,0.007938010625691438,0.06103675657565588,-1,-0.04802462141858943,0.8883276078648566,-1,-0.02862995579171801,0.04505654347298693,-0.049007953401438376,-0.0657628056161288,-0.961447995553832,-1,-0.8725764520556077,-1,1,0.927211866649825,-0.05562113541670978,0.48551815703088685,-0.46880320992513974,0.9107535318994464,-0.0526378509481061,-0.25252971172451266,0.040472609233232135,-0.761964750297772,0.2810984626674494,0.6504355366156241
1970-01-05,0.06700661074980863,-1,0.8470708968926144,1,-0.9555862114631365,1,-1,0.9409443086105946,1,-1,-0.9836062953256667,0.9801318130140202,0.885984672435715,0.9081680754762347,0.036963849621194145,-0.003183157792285618,-1,-1,0.04349524203549593,1,-0.10687510430698549,0.5260096808037305,-0.4991613316454268,0.9301152305691233,-0.07319175473680001,-0.1972008711824384,0.007709710752638439,-0.7433600080799401,0.24809772761445772,0.5637732998898313
1970-01-07,-0.9133805362166701,-1,1,0.09012918783819734,-1,1,-1,1,1,-0.008652560670154852,-1,1,-0.11100235444560269,0.004366758096615353,-0.9137006705672629,-0.9808348497054152,-1,-0.018598595094738934,-0.8803208038901895,0.011601700028149864,-0.11767681972314809,0.45685689485617087,-0.48434923072041924,1,-0.052947482240255014,-0.2951826366182918,-0.01811386109312297,-0.7595506067916287,0.3375540935805583,0.5054434887316253
1970-01-09,0.02595980160005995,-0.04345591323748066,0.0936703299337357,-0.8984543291036456,-1,0.05598673761680728,-0.018151448030363393,1,0.011713825768491115,-1,-0.029724928559293207,1,0.8452426474716952,-0.9818578856908547,-1,0.0020604126430207037,-1,-0.9668187233384606,-1,0.9939802572970277,-0.06303985842563573,0.37692651036860697,-0.43880271346431554,1,-0.01721191593434273,-0.2866785226000243,0.028393677578300525,-0.8056259244407439,0.37782147157443735,0.45292424770922335
1970-01-11,-0.9255702354604987,-1,-0.8423470706566573,0.01648579081786894,-0.005867714534458002,-0.8961086287528269,-0.9581754832218062,1,1,-0.0011514884058145824,0.9438438532735725,0.08303274940410599,1,-0.00901452925192503,-0.05934419151165571,-0.9860074995583942,-0.044313835357179365,-1,-1,0.034992220930506246,-0.19688833694736366,0.4029110375963869,-0.4651727422851935,1,-0.023741920114477236,-0.3261012463225289,-0.08277631056327336,-0.8159525940000047,0.3398409776027439,0.47374054128614007
1970-01-12,-1,-1,-1,-0.9359939987020779,0.991610991337844,0.07664156020635993,-1,1,0.012303692892092322,0.9871402464505542,-0.009377667974540094,1,1,0.9700945442429165,0.8723317476972611,-1,0.9176440119355647,-0.04961057900727717,-1,-0.9632213741249772,-0.11798364779030376,0.3619014761135665,-0.4585916080221445,1,-0.06740335140102505,-0.2960879375675019,-0.04910991551020597,-0.8471520931318123,0.32903292687483093,0.42232346825607214
1970-01-13,-1,-1,-0.006078964335831882,-0.027343363829811396,1,-0.8777524808304783,-0.11071951293948556,1,0.9835359195780504,-0.0028198365164288086,0.9812109979068022,0.03991632754425267,0.0479628766036303,-0.004095339290113742,1,-1,1,0.8308542572206176,-1,-1,-0.09157201395932825,0.31484760901845377,-0.517364471494782,1,0.019364123766426267,-0.34473916439996216,0.03351835663734625,-0.799015702289966,0.23797141086669432,0.38470444819141597
1970-01-14,-1,-1,-0.989730234001426,0.8634720105860847,0.012839948577687332,-0.013105150666741672,0.8545436366045911,0.11357620377434341,0.009451388400443128,-0.9941067114719657,0.05000613743210347,-0.9471523224654412,-0.8892677418015322,0.9045221009802787,0.010424047772235157,-0.05592545995546272,0.06517915999354196,-0.1132647711388467,-0.045739931463294914,-0.018816521463521974,-0.11445147805427093,0.3645897554066334,-0.475580105171721,1,0.035954182141123524,-0.36459860279274736,0.08583054066976713,-0.8151010492921985,0.3260971749002565,0.39432681392404034
1970-01-17,-1,-1,0.006077782895605899,-0.11398757815487315,0.9578759053389083,-0.9572077991130431,-0.12293581909030638,1,-0.9752493043921178,-0.027195268833442476,-0.8984487749926717,-1,0.044421933184029316,1,0.9846765262749775,0.9329742152094934,1,0.8426472194342907,0.8577885330762333,0.9434783506911526,-0.10332173896887437,0.3372951816872419,-0.4212563608224208,1,-0.024035246561606806,-0.4131082474935241,0.004579043162597843,-0.8670316848399977,0.23775279112139816,0.3803078214986105
1970-01-18,-1,-1,-0.9101403182757271,0.7891260291723259,0.009868005241444822,0.041316550424811194,0.8408953925036168,1,-1,-0.9937073766333351,-1,-0.01690832343243598,1,1,1,-0.017367035148244336,1,-0.09230492576836347,1,-0.05518846117740239,-0.08316637148879746,0.27350553231548574,-0.49017379933944494,0.9931768182362644,-0.010063801819476546,-0.4487245670372228,0.05479891939461126,-0.9507463420607235,0.3008584300735351,0.41687019366043243
1970-01-19,-0.05930186011412997,-1,-1,1,-0.908666191163184,1,-0.14151545838546886,0.019485874514480805,-0.0135073370484452,-1,-0.08875600489725577,-0.9914409762026785,0.07080751285913567,1,0.05045188847467097,0.9564735831376219,1,-1,1,0.9344442452865551,-0.04560656725087141,0.28648484979833855,-0.49528352828386846,0.9584288101746355,-0.045296645859872656,-0.4293072896400483,0.04495413629999445,-0.8706546654965214,0.3091992240015237,0.46569090286263987
1970-01-23,0.8883308983976947,-1,-1,0.037213950712461696,-1,1,0.7654797713244872,0.9486135571797809,0.9449575906866761,-0.03384633159821537,-1,-0.01741007485787971,-0.9112273757593524,1,-0.919152010474779,1,1,-0.07288265484556555,0.022529532000516883,1,-0.06911628771457055,0.36492773406389156,-0.4429057142366064,0.929754567103058,-0.04759775358456875,-0.45740770339432496,0.07192600885871603,-0.8808500597514941,0.4033532230706552,0.43718335958708415
1970-02-01,-0.05431944922074461,-0.06803287395836233,-0.010918445574769065,-0.8669628201409983,-1,0.08848856652634673,1,0.04129274313633502,1,0.9393312495848151,-1,-1,0.08082279538215209,0.027257696041824153,0.0013321100098007133,0.07319644884994725,0.06673304014137282,0.9230408792198935,0.9966292609675707,0.04177194191217792,-0.04989417373031415,0.3406496347860195,-0.434732831277182,0.9200968323243397,-0.08319372542760434,-0.5029455375708128,0.06325702066034408,-0.9100702132323406,0.37618149203987716,0.4925065264790436
1970-06-02,0.906323749337136,0.8919553390355001,0.9538781257531405,0.12992208091319424,-1,-0.8886889515565821,1,-0.9317825896023375,0.041422505566325984,-0.04061131113852556,-0.03857883784154281,-1,1,1,0.9624680166388313,-0.8905597199608511,-0.9303259076043948,-0.03639105304913126,0.003456749411112736,0.988782354970335,-0.08957643922737865,0.3075910854991463,-0.38732299073605647,0.9098068936429202,-0.030410254068690343,-0.5049008932282523,-0.019789466076828646,-0.8724247926499705,0.2809967603727498,0.5783426623734828
1970-09-25,1,-0.09569146681376117,1,-0.8652566275014562,-1,0.07958023002264669,0.007139829279827037,-1,1,-0.9653114664096021,-1,-1,0.05228752854630914,1,1,0.08321244144097961,0.05449914609706241,0.8973659661370675,-0.9052939003025768,0.011202747516194211,-0.12659770905652185,0.273187012485169,-0.37195824987024073,0.9428484176280648,0.036623963856422206,-0.5562832359261612,-0.0208173292789728,-0.9037937237365964,0.27596842562969964,0.551576273466684
1970-09-26,0.058044382939241634,0.8172434863587104,1,0.08613375204864537,-0.01611487747803786,1,0.9303052287682301,-0.058498170398494365,1,-0.0013207050238756013,-0.06164841838625357,-1,-0.9362377941998492,1,0.05520090228678176,-0.8739284195096726,1,1,0.03595017636705733,-0.9595666472338332,-0.07829043833844904,0.22788379323272337,-0.3810096256330899,0.9311973767132758,-0.02271736584819193,-0.48206600099351293,-0.0243448112089056,-0.8740536332044179,0.2366931595645564,0.5731520470535019
1970-09-27,-0.8703862484223105,-0.15447091788919187,0.006417168038975518,1,-0.9074592701219927,1,1,0.873705540849697,1,0.9205553508588721,0.862844857594874,-1,-1,1,-0.8623527190500898,0.09244223435163146,1,1,-0.9079760179888621,-0.037524688019843655,-0.017433645979226364,0.1929513885859331,-0.3762197610319429,0.8901375434856905,-0.10590206581848949,-0.485912057621165,0.005813328792062228,-0.8528403953430126,0.1621582984691085,0.5019530527977023
1970-09-30,0.12079302879215303,0.8041239510574087,-0.9650074207502981,1,-1,0.046167039227218876,1,-0.0878676767380594,1,-0.04544125108854935,1,-1,-1,1,0.13085764914235953,-0.8350064678520666,1,0.04220671781766472,-1,-1,-0.9864316834498639,-0.7786733899295027,-1,1,-1,-1,0.9960528857916847,-1,-0.8199648360611338,-0.42383320135966196
1970-10-04,-0.867858926487167,1,0.03042357556763775,1,-0.006998148751057864,-0.8861252410071985,0.01659849112105094,-1,0.03616623176741762,-1,0.013313266786983968,-1,-0.0029386154244227525,0.03915393235972975,-0.7937948821502961,0.14813633232584833,0.08058694453952164,1,-1,-1,-1,0.1691466559167556,-0.0322348046557428,1,-0.06562410315468026,-0.12588062431004898,1,-1,0.17250885888075795,0.5129807027946206
1970-10-09,0.10493129922699629,1,-0.9674018197944748,0.04966747219881773,0.9560163867056521,0.06587403851692608,-0.96549144837619,-1,-0.9599130151969522,-1,-0.9277917659667588,-1,-0.9709084733910599,-0.8776655759874598,-1,1,-0.876544972127515,1,-0.034027904692377264,-0.04454716241091605,-0.0445201206075474,-0.6639927860341286,-0.9538027208766202,1,0.9289244619576082,-1,1,-0.04804958772385226,-0.8044869650946579,1
1970-10-14,1,1,0.03130315986946386,-0.9191798447270324,1,-0.8863501299223505,0.030446424486990087,-0.10401591960232093,-1,-1,-1,-0.07743263187442828,-1,-1,-1,0.04122041116743258,0.062114688255924255,0.017435039845225542,-0.9989125522488649,-1,-0.9433390553305548,0.2716310900070733,-2.501140212229913e-5,0.04594403606838704,0.02435360913938811,-0.03691829430657412,0.006020979210770716,-0.9567408369276762,-1,0.06134360900543068
1970-10-16,1,0.0020087751720835323,1,0.06665437672312291,1,0.10197505202120694,-0.9256413823185767,0.8490448280603382,-1,-0.02219559220448819,-0.016769181436615543,0.9076122987118795,-0.1421636613241194,-1,-0.022930946432618504,-0.9374059783831102,1,0.9623153028661372,-1,-1,-1,-0.7229795783403316,0.9007616334377877,-0.8952789894910819,-0.9682081557729427,0.9303645530916342,0.9683872150746161,0.04056788741076689,-1,1
1970-10-17,0.011446437355440375,0.9601882777691975,0.018147947523348362,1,0.06234760818977014,1,-1,-0.1403975160516473,-0.03622432626381278,-1,0.9751904451269519,1,-1,-1,-1,-0.044331799179491815,0.11045632976704622,0.03624527473624484,-1,-0.07456225096135183,-1,0.2649469269133361,1,0.016549983689478576,0.028976743813274752,-0.06057627466239601,1,0.9972240331869029,-1,0.09506638992630312
1970-10-19,-0.8808932225042152,-0.025265866327371156,-0.9631843467325832,0.1063704599398625,-0.8973130011074081,0.012052721525731891,-0.05123490855097512,-1,-0.9749228870853401,-0.08955989560772837,1,0.03167956575787767,-0.0352534208540326,-1,-0.011885923309915003,-1,1,-0.9205897296138844,-0.05053582934597667,0.9202655819356255,-1,1,0.009309356311605232,0.9815276023870583,1,-0.9571010911537942,0.007709733730561608,1,-1,1
1970-10-20,-1,-1,-1,-0.8735924144907357,-1,-0.9282683604400074,0.8791522966500818,-0.030486837028347202,-1,-1,0.04349685932466352,-0.9548209559302048,-1,-1,0.8811594013297576,-1,0.004257589808978723,0.041560212467931956,-0.9773854623469826,-0.06345401073748613,-0.016486430860226386,0.07217962079278428,0.9695631680879472,0.028697206529070485,0.0080316991410454,-1,0.942853643190067,1,-1,1
1970-10-21,-1,-0.014391894659633309,-0.020701676459451424,0.016692334164525757,-1,-1,1,-1,-0.030237131041651488,-1,-0.9324035399534497,0.014827038634499967,-0.0438572664181579,-0.026736583822825066,-0.08962184411536822,-0.06301087470112576,-0.9497736192043381,-0.8739441502467417,-0.053781785873499466,-1,0.937201583964585,1,1,1,0.9651503528000912,-1,1,1,-1,1
1970-10-23,-0.07310757333517204,0.9720323457818575,-1,0.9765836057589118,-1,-1,0.034290148369937934,-1,-1,-1,0.05369048476320959,0.9723853925395344,-0.9329083372110589,-0.956413407358253,0.8435358591483517,0.9033529671941285,-1,-1,0.9001762245298741,-0.013128555669307373,1,0.03363030178213877,1,0.04118298821884603,1,-1,1,1,-1,1
1970-10-26,-1,1,-0.04105407474211642,-0.002153755368498378,-1,-0.04905851101310976,-0.9100586543481907,-0.022889120794420403,-0.06907049932915577,-1,1,1,-1,-1,-0.11862023098979801,1,-0.04393600156337518,-1,-0.0614707088029004,-0.9968101717857956,0.04648126682076992,-0.9053743424018251,1,0.9709487141007193,0.03786568596974238,-1,1,1,-0.011962245636060076,0.04605915113425629
1970-10-27,-0.039885988170543785,1,0.9031041251733353,-0.9491603255734553,-1,-1,-1,-1,0.909763055276513,-1,1,1,-1,-0.015823136231452928,-1,1,0.9351298112036208,-0.06739255492329677,-1,-1,0.9952342921450136,-1,1,0.00766699804652704,-0.9586125209149803,-1,1,0.035895058128224466,-0.9244877739524734,0.9790042577217147
1970-10-28,-0.9697825240109789,0.03446465523277986,1,0.023810272886521044,-1,-1,-1,-0.039036813121853364,-0.04954725819518635,-1,0.025123351229901836,1,-1,-0.9629836560046523,-1,1,1,0.8853343302021214,-1,-0.06423762110765363,0.9889990303000913,-0.9988401610026153,0.998555456727383,0.045030785559108916,-0.9258497804198906,-1,0.9928167326014794,0.12056653802954798,-0.8954504452459043,1
1970-10-30,-0.10139154355610247,0.9358336059394701,1,1,-0.008478984918802501,-1,-1,-1,0.9435485465465411,-1,0.9885713822340159,1,-1,0.025480791392191393,-1,1,0.03191159955798606,-0.047408299220497274,-1,-1,1,-1,1,-0.013293520171404283,-0.96433228230351975,-0.9554614748736807,0.9651035249696349,0.14374151836504917,-0.9676062689091209,1
1970-10-31,-1,1,0.08823714496306256,1,0.9179455786392873,-0.042349496033897815,-0.07761295226055154,-1,-0.005630767446114127,-0.09298356277646802,1,1,-1,0.9336594036837246,-1,0.08025492253217459,1,-1,-1,-1,0.9683148331640816,-1,1,-0.030463074756038305,-0.9590303688916644,-0.9499015205474511,0.9186225101759414,0.13927601845443902,-0.9382800745826836,0.9824351291548821
1970-11-04,-0.06560128089328376,1,-0.8372203241282788,0.04985767162608734,1,0.909886291782781,0.8937183429186396,-1,0.9933527374986915,-1,0.007549648539376452,0.044403141809933655,-1,1,-0.11241778250624779,-0.8970106708741844,1,-0.050513061008115256,-1,-1,1,-0.9945236338496825,0.9667173101343474,-0.051316960156776684,-1,-0.897283468885915,0.9576761831083194,0.1679020333842469,-0.9192556537736871,0.9035171567036133
1970-11-07,0.8135155035021141,0.015209670838370437,-1,0.9782869286549853,0.047770350233187764,-0.08447258703062988,-0.08949618277766691,-1,1,-0.039559311829462374,-0.9653503743077967,-0.8207414219679311,-1,0.09649121154603313,0.8525952280042706,0.036009273663605734,0.022201911629888604,-0.9976375452446785,-0.03257717701047991,-0.006585951549251123,1,-1,0.9381234262901221,-0.046056772252941934,-1,-0.9347645346572395,0.9291937375427171,0.15661089859115124,-0.8745805477041724,0.8986743187671836
1970-11-08,1,0.9789962748401148,-1,1,1,-1,0.8973593424429641,-1,0.01060332198228886,0.9121978899566947,-1,-1,-1,-0.8657848555443414,1,-0.8850036387301801,-0.9028683158914097,-1,-1,-0.9383541526596043,0.9681635442856358,-1,0.9212994392150037,-0.06863941289010209,-0.9721982582792823,-0.9661625644611547,0.9097150470615232,0.16312587769023607,-0.8742106508353251,0.9254761024919258
1970-11-17,1,1,-1,0.07486094825450484,1,-1,1,-1,0.9616579040525377,-0.03743664176626871,-1,-0.010253841567194555,-1,-1,1,-1,-1,-1,-1,0.04415745181818831,1,-0.9956649158542503,0.9723891405575652,-0.13391746330965087,-0.986728900423874,-0.9123934712884145,0.9449930174041629,0.13398659477365016,-0.8502803706029217,0.9636814570494776
1970-11-21,1,0.06960903913737582,-1,1,1.697586304383325e-5,-1,1,-1,0.0036586976232949597,-1,-0.07786080113974747,-0.9503948559687209,-0.05331816943747225,-0.04242966869974274,0.03763332461090252,-0.03445011599960157,-0.041750921649316264,-1,-0.08692887395592108,0.9906087628649773,1,-1,1,-0.1130264824863498,-1,-0.9265498885404387,0.9616843917229793,-0.002392994957146649,-0.8115974836046016,1
1970-11-22,1,1,-0.0060666497864534374,1,-0.966917613812738,-0.042373355036273375,0.09462593713490408,-1,-0.9927159226203777,-1,0.9038914623409443,-1,0.9119360530360285,-1,1,-0.9773919483910497,-1,-1,0.833677809562962,0.01747618062106815,1,-1,1,-0.10890844304456794,-1,-0.9759200011968663,1,-0.04263174734015048,-0.7422414070096669,1
1970-11-23,1,0.06116258030080224,-0.9808570124194811,1,-1,-1,1,-1,-1,-0.007933002561760327,-0.05859065657449969,-1,1,-0.013037314179692006,1,-0.030737641487945555,-0.028744385522012306,-0.005540211600453926,-0.1254735887508016,0.9910343585660896,1,-1,1,-0.15109716997026706,-1,-0.9948848997853762,0.9564490335247667,-0.044977179840372854,-0.7563559723060908,1
1970-11-25,1,-0.9110428033837411,-1,0.039758350282322774,-1,-1,0.04612984970496081,-1,-1,0.9826692961317764,0.9027461685870858,-0.043229011083268265,1,-0.9140639997539945,0.014350435605417489,0.9464465082964365,-1,0.9864856260358895,0.8726878829369513,0.02775469440697398,1,-0.9526437254261216,1,-0.1621647767335953,-0.9754431752249425,-1,1,-0.07868912471001699,-0.7928915967564109,0.8736683589559725
1970-11-27,0.05679358842904236,0.03320115116658129,-1,-0.8435430948949109,-0.027959031654294697,-1,-0.8765364783348935,-1,-0.022832288842322357,1,-0.07059726238908648,-0.9822923228038463,1,0.023970383553224117,-0.9080944795020722,1,-0.02117267417311086,1,-0.026778326528303364,-0.8756853586144681,0.9383551558972903,-0.9717591571925754,1,-0.13266003066992405,-0.9802279101805444,-1,1,-0.06736665997767272,-0.7575289399530947,0.890261153976691
1970-12-12,-0.9397300345455729,0.9982559455052001,-1,0.1298549047962081,0.9488199679958452,-1,0.06408679286724162,-1,0.9474235732451283,1,-0.928142066677522,-0.01076910865391778,1,-0.8632802235441102,-1,0.081347295431486,-1,0.05460520871380181,0.8815398901682358,0.11796082612310876,0.8316962027583447,-1,0.9627674911367995,-0.17384146883319776,-0.9026293102801218,-0.9143452175880732,1,-0.11046204395180811,-0.7209253928559005,0.8985495517874096
1970-12-13,-1,0.022738244428410437,-1,1,1,-1,1,-0.019550042672122347,-0.02654054105478898,0.009157740429147743,-1,0.9195885849252293,1,0.08848764871910142,-1,1,-0.022273424514203777,-0.9009392957777008,-0.027600834844928035,1,0.894761500454926,-1,1,-0.17047170017278235,-0.9268984455901842,-0.9202093538483113,1,-0.07503139164802866,-0.6471860677711723,0.9167466266431097
1970-12-23,-1,1,-0.01377391804559358,0.027105018003328762,1,-0.00583256026181056,1,-0.9847577256801404,0.9032520842067553,0.956063779357675,-1,-0.03459316763946041,1,1,-0.028509420614799885,1,-1,0.09219933609623854,0.9666641399997691,0.023241543530481357,0.943200766339513,-0.9756260963140605,0.9735739826537889,-0.182741780666245,-1,-0.9336942298693104,0.9849945719557686,-0.0490135177273299,-0.6289894302860132,0.9595400283032132
1971-04-07,-1,0.006740763927199689,0.9815777981302568,1,1,-0.9791074882472143,0.010557839745644948,-0.05273520964239686,1,1,-0.04179142657189916,0.9498217574279766,1,0.025216479018560056,0.9599196887122443,1,-1,-0.902681493157621,1,-0.964647448143819,0.9703186564846592,-0.9869826395436916,0.9528141054425175,-0.28350361688058634,-0.9602268241534844,-0.8597796762722011,0.9579339793743151,-0.03905181039036448,-0.6048333482978121,0.8439682145608145
1971-04-08,-1,-0.9655386401766097,0.04818758531165701,0.06855160697759621,0.019896548510770162,-1,0.9501837747667478,-0.9808333832385673,0.008536040619906204,0.020359275000667254,-1,1,0.0343720674641006,-0.9440903921134709,1,1,-0.07189614784052756,0.079678562935534325,0.07468747591171787,-1,0.9450999350850641,-1,1,-0.17396417775223402,-1,-0.8897531137344955,0.8798712206424271,-0.06476599250497213,-0.5935509566738345,0.8416696075378813
1971-04-09,-1,-0.03789131986331229,-0.8717620215632033,1,0.9848881801520416,-0.05672441763931968,1,0.011309942942312468,0.9771856575973044,-0.95013560063392,-0.004269735269523345,0.1448739591260344,-0.9241972443340142,-1,1,0.016054988348861543,0.8836707635837034,1,1,-0.10300700455983691,0.9068980590637258,-0.9325898924547548,1,-0.17688025611865335,-1,-0.88654924387059,0.8327807226382977,-0.014966791649209797,-0.6500397480150739,0.9131579702550889
1971-04-10,-0.04446160655874143,-1,-1,1,0.009962974232646249,0.8669642802016143,1,-0.9646955727585209,-0.015226970577764232,-1,-0.8985941069281217,-0.8547395603184829,-0.003953607330885789,-1,1,-0.9409436907327413,-0.031069936641849427,1,1,0.8356551407321057,0.8712111010367812,-0.9214098856185761,1,-0.17310359787318044,-1,-0.9496818766566317,0.8400162403036585,0.03801887905319032,-0.5795592353750733,0.8400637717516813
1971-04-11,-1,-0.03993025200582667,-0.017570801732830876,0.004332919014905845,-0.9852757886612346,1,1,0.02570747391705097,-0.966368163249307,-0.035639122261968637,0.09000685502830619,-1,-0.9920137363971328,-1,0.07695012075354568,0.026705869773893,-1,1,1,1,0.7737325127676324,-0.8676183115432906,1,-0.20238203368524998,-0.9956552173895974,-0.9605093600367646,0.7686053613194491,0.0874058841681856,-0.5863789340786404,0.8665469731312435
1971-04-12,-0.0631554691134264,-1,-1,-0.9920655160584153,-0.04134229701548209,1,1,-0.9521257840777534,-1,-0.9951815306093909,1,-1,-1,-0.007692905466065159,1,0.9599178147667696,-1,0.04826483441556351,0.03436364719257534,0.0013929988908288893,0.7051169160863914,-0.8960716810787176,0.9736199444793554,-0.24645394195474835,-1,-0.9285930908524916,0.7566492787326635,0.16842081316078766,-0.5529339500532618,0.9141223939155446
1971-04-14,0.8730953922042379,-1,-0.02789470132281524,-1,0.8347297110594674,1,0.09651690715260208,0.0016544409750601785,-0.01328527101885324,-1,0.03611444216311899,-1,-1,-0.9852900391029367,0.030954574258923673,1,-1,-0.9397533870261314,0.9962534727687008,0.9464625336175277,0.7024661233813407,-0.8406871134239581,0.9672841015827448,-0.2855275417097972,-1,-0.8516360026240472,0.8069198724482476,0.23820793144066418,-0.5372327139435955,0.8430931349577108
1971-05-08,-0.09894898153265141,-0.01892696043547204,0.9582648325926317,-1,1,1,1,-0.9787205352922147,-0.9395369760627083,-1,-0.9074166154597826,-0.01054009801706901,-0.05939331683021365,-1,-0.9565821214405636,1,-1,-1,0.023083984720150275,8.68782421505232e-4,0.7466539776114902,-0.8555496443031168,0.9969176342041774,-0.2770593641899038,-1,-0.8863396676890699,0.8083827115027725,0.21595253682846516,-0.569080848664071,0.8886470837649194
1971-06-25,0.8505953630464989,-0.9949316547832125,1,-1,1,0.010560734759203272,1,-0.0016194054798931434,0.057120539595190145,-0.05437615770421034,0.0674501666400601,0.9719213433071009,0.7766237803241681,-1,-1,0.016505372203198698,-0.03313237841090555,-1,1,-0.9888624794752093,0.7330600694261882,-0.7760818507705309,0.9963853735717082,-0.35160710202924383,-0.9274135952569713,-0.795046593771924,0.8915684066510289,0.19316290072153705,-0.6087077015202936,0.8701793523834052
1971-06-26,1,-1,0.036386956102664625,-1,0.1550265846237282,-0.9294707837054713,0.06288389802715921,-0.9138926310048056,-0.9380392306039543,-1,-0.8103450241260326,1,1,-1,-1,-0.9639212611222969,0.9453701886953128,-0.06942830920570908,1,-1,0.7084384785139342,-0.8071066863726715,0.975658160308734,-0.31723448827498407,-0.9838196368969043,-0.7837625421081772,0.8620943538430811,0.16457576128966137,-0.6143766113636571,0.9060255774192969
1971-06-27,1,-0.02215696289656055,-0.9530360136319561,-0.033211233732296286,-0.8162868910840759,0.06387556856178556,-0.8684173627287939,0.07172181262952393,-1,-0.02540874921458669,0.145266024282815,1,0.027050991723632456,-0.01901469361412178,-0.02659401255552174,-1,-0.027005825068886158,-1,0.12313453491332849,-0.022713469362382832,0.8157329856742309,-0.7840177107340366,0.960045640398966,-0.3881972274849865,-0.9053755305570643,-0.8319578983241661,0.8591769523726858,0.180978909425786,-0.5509343469158352,0.9496729617433735
1971-06-28,0.02168272574835861,-0.9566990528058719,0.012841591701821642,0.9550076194555968,-1,1,0.07683142501169204,-0.9097843569363706,-1,0.9154187368788362,-0.8452109603750865,1,-0.957846108597292,0.8955404364246672,-0.983603013522172,-0.07420891521086015,0.9346412734618682,-1,-0.7939610279528415,0.9737072308908693,0.8567015281083876,-0.7242096260985518,0.9992251193041298,-0.4181439157636485,-0.9705352322788805,-0.8571424877711559,0.8633685395267645,0.1762019546435635,-0.6316399668939541,0.9801539365390673
1971-06-30,0.9503797759193386,-0.04622004469042318,0.9951108997286909,1,-0.024865809771953296,1,-0.9122498665166974,0.0859294807970824,-1,-0.06213732565983887,-1,1,-1,1,-0.0088357708169739535,-0.9912566107086446,-0.03429127717664959,-1,0.1557396124328967,1,0.930443343216648,-0.7835349988575502,1,-0.36157990351818586,-1,-0.8642509441172044,0.7874499271320724,0.1821899722957916,-0.6125465091334918,0.9566875495588228
1971-07-02,1,-1,1,0.1395325736847196,-1,0.0934684865482307,-1,1,-0.018778965882661702,-0.9986244788164931,-0.06191564554055562,1,-0.0527369052866713,1,0.9547149915203594,-0.08551497432432065,0.8593259731920737,-0.006078150761054002,-0.7253046695012546,1,0.882355029327693,-0.7164237485044119,1,-0.3876319517275997,-1,-0.9441545744229926,0.7678937442229832,0.24145015853632962,-0.5526001187809525,0.8896118735881559
1971-07-03,1,-0.023647475167885346,0.020672080029489837,1,-1,1,-1,0.07320248593362688,0.9464604035065312,-0.04321186454663162,0.895127788305974,0.04068493729567191,0.9357155611655866,1,-0.04358156302065219,0.9116634602317815,1,0.9935965718761834,-1,1,0.7880687731915377,-0.6951841920369164,1,-0.32380413936886887,-0.9883654833108294,-0.9030595029258408,0.851158106723306,0.2883064929693595,-0.601922136085882,0.8868609296057905
1971-07-04,1,-1,0.9748714717570237,1,-0.08308069533656792,0.020634543105358838,-0.03639768731592552,-0.9135549102971282,-0.015090358644151314,0.88831448133168,1,-0.9506858649072926,1,5.879240969934862e-4,0.9192866852485697,-0.06605146347692781,0.10731281283218741,0.06614279581561422,-1,1,0.7324938581797483,-0.7698544581487891,1,-0.225091027448939,-0.9471337573949671,-0.9960594611558354,0.9542134993325109,0.29950915149094465,-0.5769781625833296,0.9680885248403075
1971-07-05,0.01878482400296899,-0.03222944355886792,-0.011645498443723423,1,0.846759976094983,-0.9219355148082746,0.9427191323466542,0.07241938498902611,-0.9651312415168115,-0.09602927382093918,1,-1,0.017135703929559765,0.9229373024598315,1,0.8634457781378937,1,1,-0.02043054403616895,1,0.7558393011345088,-0.8691280501861189,0.9878950245037541,-0.2311970685718514,-0.8924801600244401,-0.9745946889895851,0.9898734473731085,0.25696893906714013,-0.5485084482158954,1
1971-07-06,-0.8445148586092218,0.9536338623990465,-1,0.019200876433839498,-0.13641143831386748,0.048672201646483115,-0.04653512507893787,1,-0.01196994689942188,-1,1,-1,0.9170776243332925,-0.05986546023880901,1,-0.06933101229335659,0.016452089487373533,0.009247381601707239,0.9491427886269979,0.04711928916238639,0.6522236782793139,-0.8277210134481803,1,-0.15785538577611086,-0.8988545154204098,-1,1,0.2183536753123412,-0.6355895870544384,1
1971-07-07,-1,1,-0.008628730606389579,-0.9182940408172937,-1,1,-1,1,0.9564991954248313,-0.00899400279169038,0.04036663804634488,-0.03595818122620842,-0.07979986585087362,-0.969428826854958,0.004881474889864124,0.9034374728545901,-0.9497031470688373,-0.9566639212936081,1,1,0.7076484418153128,-0.9168280546275404,0.9704105607287995,-0.1648579028283624,-0.9229676337269902,-1,1,0.305691069245201,-0.6104656503462538,1
1971-07-08,-1,0.02949368225645843,-0.9274653185761254,0.0703075266644606,-1,1,-1,1,0.018935884453413765,0.9520683793308785,-0.9042179830432686,0.9367903446627414,-1,-1,-0.9666799912923303,1,-1,-0.049939959804106815,0.03310338175918459,0.036140070518595024,0.7924310303892514,-0.8527170948957827,0.960018539938495,-0.07906634642391804,-0.9431600735664026,-1,0.9876045523560516,0.2887475757291572,-0.5980419369889963,1
1971-07-09,-1,0.9980646963919971,-1,1,-0.028889795719652223,1,-0.02340180424250371,1,0.985548204996018,1,-1,-0.055593947576261016,-0.052951108288312065,-0.023942545559281214,-0.05219533781228458,1,-1,0.9283163969969768,-0.9269100444557088,-0.9367287508457327,0.8184846582492621,-0.8959278705562679,0.9917267940159109,-0.03320247693581635,-1,-0.9315627935931152,0.9786009816968286,0.33308368148440815,-0.7231190121378719,1
1971-07-11,-0.04887244368028931,0.0644819934219133,-0.032545434512445515,1,-0.9959534768604664,1,0.9535221370826713,1,1,1,-0.029158674099841186,-1,0.943434257790808,0.9501578924342671,-1,1,-1,-0.034027809279921106,0.03999931947595525,-1,0.8023912983194647,-0.9166571437313167,0.9349502670729936,-0.06970740190696914,-0.9556215656228062,-1,1,0.33084564264480154,-0.7593938542952084,1
1971-07-12,-1,-0.9324683715437919,0.956152563842558,1,-0.0178173322202263,1,-0.026694628491042316,1,0.022812622439388752,0.055011545002168205,0.9601101075489608,-0.014623544942176325,-0.04260879138387308,1,-1,1,-1,0.8938120740680554,1,-1,0.9055293470996407,-0.9669772792066053,0.9430567979149401,-0.1613741662807657,-0.8928078448606999,-0.9851692324989126,1,0.3434849545107925,-0.8021528606162651,1
1971-07-14,-0.05472066168233969,-1,0.0179551188974989,1,0.936190517908041,0.02175357609374795,-1,0.07909685939807809,-0.9239762283185706,-0.9111996678052522,-0.03314337362268216,-0.9926810410247746,-1,0.011269827548698541,-0.04069000256301747,1,-0.02258265109839297,1,0.011214387607246135,-0.13281005220960618,0.8595453744855006,-0.8763325485602986,0.9141638268854251,-0.12102618071718876,-0.9613001188969337,-0.9689094350591865,0.968623942487539,0.36435163513091634,-0.8344055723912245,1
1971-07-15,-1,-1,0.9768112616310546,0.023880065457539956,-0.03148265888483326,0.9578886217404589,-1,-0.9201954811771829,-1,0.0842072439450976,0.9604633906556392,-1,-0.06180281768915796,-0.8582567530485454,-1,0.010851296678100142,0.9234136081198661,0.06266556951030455,-0.9713554765146055,-1,0.8502743255915518,-0.8493643792283602,0.8606522150755962,-0.08438527777715442,-0.8918825178954541,-1,0.998412496271218,0.35431236459922044,-0.8089078832083519,0.9949098005828391
1971-07-17,-0.008250524826308503,-0.11964419899483159,0.02787707768543135,-0.9406944149189312,-1,-0.016467973838175665,-1,-1,-0.042470060042061664,1,-0.028356324433143176,-1,-1,0.06909874209475864,-0.05335510060962756,-0.969062857813114,-0.005120854112890982,0.9500897700926703,0.014532822424880965,-0.057950072736994596,0.8598403633018747,-0.8077600167855211,0.8847599255103255,-0.06764828278697091,-0.896478690928656,-0.9906374579827485,1,0.3189890506657476,-0.8396460894943447,1
1971-07-18,0.9179931160334064,-1,-0.9283848054539147,-1,-0.012330026877324207,0.9722002333805431,-0.012407690532569404,-1,-0.9889652330513755,0.035377692971152674,-1,-1,-0.011872444608873711,-0.8410955932792871,-1,-1,-0.9261728411340984,0.04821090973187003,-0.971671675557459,0.9325524828560835,0.8803210143725925,-0.8273755962063639,0.8311555789909585,-0.18054458821376906,-0.9685843442863391,-0.9945024992922932,0.9989917972362969,0.2969848434238952,-0.912660441752668,0.93009714592162
1971-07-19,-0.0723626988585443,-1,0.056537965276038826,-0.026590904728358566,0.9189018823114905,1,-0.9572948705291009,-1,-1,1,-0.09376890891530154,-1,0.8815361196643615,-1,-0.006694435561034218,-1,0.07057470699365531,1,-1,1,0.8110989888506446,-0.840955245570406,0.8546532017453646,-0.23315655625356616,-1,-0.9795947066360128,0.9377960371016358,0.304481501213157,-0.9230461258331638,0.9713975559640756
1971-07-24,0.8995567563730437,-0.07567788035240153,-0.9153020791436899,0.9719661830651264,-0.033089686285572406,0.09208133821095488,-1,-0.0056592334875594785,-0.03171608120586322,0.09440132392838352,0.851315542912566,-1,-0.08415948389267436,-0.026158746500007046,-0.9978203231117182,-0.020109956138909424,-0.91598202003468,1,-1,1,0.8632631380971492,-0.7834602171400363,0.9109362255193076,-0.10958109800950835,-1,-0.9800409335471273,0.9985378424453881,0.28807989865610223,-0.8941786865739795,1
1971-07-25,1,0.8912416486251691,0.04360132465816957,1,-0.9721864017973177,-0.8427716692744507,-2.966861641785501e-4,-0.9863872996278568,0.9678179500892182,-0.8316795954803294,-0.09886947268148005,-1,0.8205016681223535,0.9600044385896861,-0.011255420737678157,0.9681012506499856,0.06341799184015728,1,-0.03983927105505891,0.055457993199604316,0.901285493593505,-0.7585484833212013,0.8926472468113429,-0.180357889674561,-0.9584989803859124,-0.9789614570688664,0.9594497167798195,0.28693453777496797,-0.9051434509324991,0.9995552283190183
1971-07-26,1,1,-0.9390196412708379,1,-1,0.09312203592358836,-0.9791461566156642,-0.002827583747302076,1,0.09796298967662864,-1,-0.02009406738005426,1,-0.01002313526354881,0.9876355869671674,0.04503168062850027,-0.8972078534751928,1,0.920248419360467,1,-0.05292183915013182,0.16839479190393236,1,0.7935687431323124,-1,-1,-0.01743855619461865,1,0.07149012586249615,1
1971-07-28,1,1,-1,0.06221549979486707,-1,-0.8945102037132179,-0.06240199005925262,-0.9777176029055716,0.08318817514447896,1,-1,-1,0.08292058564639482,0.9811755329903985,1,-0.9493942379409112,-1,0.07188788569028193,1,1,-1,-0.7105977836345856,1,-0.11667768979326709,-0.025459527319832254,-0.026074498606451613,0.9606231711315729,0.08825616379481083,-0.9136821096195009,0.04994160875007181
1971-07-29,1,0.07728482650793056,-0.059533779747835025,1,-1,-0.012528056610673355,0.929561475176675,0.005760872400489947,1,1,-0.009366776152932133,-1,-0.8516603900056001,1,1,0.048150096582188384,-1,1,0.05138286223638999,1,-1,0.26703347322265714,1,0.7540993045568475,-1,-0.9850799178345435,-0.0057530297777594885,-0.9086551086263508,-1,-0.929122319059936
1971-07-30,0.03124561934307779,-0.91277323225224,-1,0.034800098613039676,-0.06596394858770005,0.9614836088358081,-0.03679783870106623,-0.9671248081618333,1,0.0039709194431902795,0.95530032259305,-1,0.13920058528734192,0.016305843144645005,1,1,-1,0.08148908994226245,-0.9247707018460588,1,-1,-0.6733047319009494,0.06201622760671954,1,-0.07426086951624189,-1,-0.9287158397621278,0.039465435126603166,-0.01522249032417855,-1
1971-07-31,1,-1,-1,-0.9545205716133021,0.8837253091940788,0.009760006082578099,0.9257805664140825,-3.555432837645256e-4,0.06342314538220595,-0.9842165812654572,-0.002646157707726804,-0.07518691115424947,-0.8013436667185097,1,0.024738219409600637,1,-1,-0.8645005296915758,-1,1,-1,0.3180588132198342,-0.9266545470155793,1,-1,-0.019003680713292503,0.008044417080005584,-0.9051453454701358,-0.956331196089207,-1
1971-08-03,1,-0.005959778838233953,-0.007012989193682984,-1,1,-0.9374468090331584,1,-0.9721214623354552,1,-1,-0.9951851184176083,-1,0.18663325404061004,1,1,0.0040716238023380535,-0.06194570293107238,0.09165984157924545,-0.007898087538631304,1,-1,-0.675858300685313,-1,0.017103267055180504,-1,0.9212084216421507,1,0.08050795240053787,-0.017509842901669903,-0.038532044474691385
1971-08-05,0.07757009770467871,-0.9034589354376777,0.9110961533430801,-1,0.02503896804053074,0.052012618091838214,1,-1,0.05219079387638503,-1,-0.006287275888675836,-0.03477766180148478,1,1,0.01533481006133286,-0.9647052792033459,-1,-0.7745364098981435,0.9765191231379179,0.09740904756592761,-0.025466118553120642,0.2470501159590346,-1,-0.8910966446216335,-0.031120377216836803,-0.0024806043217281415,1,1,0.9283749557967322,0.9310761292960356
1971-08-08,-0.9137886460996126,0.08123595714344134,-0.0855487840651371,-1,-0.8910999675349864,-0.9344229674301543,0.04382908451350953,-1,0.9824253075437842,-1,0.9540913615091856,0.9347613870528799,1,1,-0.871712079158861,0.009861312213468754,-0.017250516150512873,-1,1,1,0.903090541886803,1,-0.005155656161016431,-1,-0.9269672101771168,-0.9821937211463293,0.1808178760323016,0.05426942390635425,1,1
1971-08-09,-1,1,-1,-1,-1,-1,1,-1,0.02648871922150975,-0.06876709296827344,3.677902766571206e-4,-0.06413493791687164,1,1,0.09490435621576043,0.9830561142481726,0.9565368166809322,-0.014524734647225257,1,0.09400414166961257,-0.07955740095912434,1,0.9764238646514513,-1,0.028122993324005252,-1,-0.7477473439592193,-0.86685581902759,1,1
1971-08-12,-0.01588995483977984,1,-0.0401277992277177,-1,-1,-0.05833029073741647,1,-0.005105967894493912,0.9957235011294446,0.8885047532455492,-0.9453340357399455,-0.9958746372885661,1,1,-0.894826574688061,1,0.010443387159867368,-0.9856493763610388,1,-0.8776144065538786,0.8585478426088298,0.06846938167892969,0.032552203889422815,-1,1,-0.01548907826043322,0.2209589831256672,-1,0.0323154892040709,0.05753666645328892
1971-08-14,0.962270686360581,0.023875191823222508,-1,-1,-0.020822045276091217,0.9097423669698549,1,0.932747596553383,-2.2427075106701277e-4,-0.07483373269755766,0.04168784772181455,-1,0.03127425306887488,0.033308212294566264,-1,0.091391186268858,-0.9568761775979728,0.008124794064729435,1,-1,1,-0.8849232614131284,-0.9386444257018197,-0.045839934844768115,0.019242442426189443,-0.9752882117440181,-0.7761265609611049,-1,1,1
1971-08-15,1,-0.936273285714401,-1,-0.04954405938794526,-1,-0.04194582567550409,1,1,0.9047410186879044,0.8688291653394777,-0.9117284307957244,-1,0.9222713349059081,-0.945612983346591,-1,1,-1,0.9657363101555402,0.024998128086300864,-0.05177598221685764,1,-1,0.0025340820162778055,0.9151504296513182,0.9809828895829429,-1,0.17409005511306075,-0.004762465935393645,1,1
1971-08-16,0.020402054935187097,-1,-1,0.9425591818815575,-0.10199338213106213,0.91045663989972625,1,1,1,1,-1,-0.016519104745919666,1,0.04049759045674939,-1,0.050308904244758534,-0.11379950177382792,0.048885796840136275,-0.9695380672817285,-0.9438968570886183,0.9970344895898772,-1,0.0234688294432215,0.9378800371447467,0.8940628453205502,-1,0.26405984997684384,-0.02973553453220336,1,1
1971-08-18,-0.9089041673840685,-0.08394779547580777,-1,1,-1,1,1,0.01562899247017613,1,0.0038178786290332667,-0.0246637252648938,-1,1,-0.8679689747196294,-1,-0.7761891919751893,-1,-0.9345340768193228,-1,-1,0.9607793959174887,-1,0.029834881452350148,0.853306082585177,0.8500825409151381,-0.9853872995485693,0.2377302300903229,-0.0669102609373217,1,0.9846075023401635
1971-08-23,-1,-1,-1,1,-1,1,1,-0.9790183325358992,1,-0.9755775078366729,-0.9533450995892983,-1,0.013994615969302737,-1,-1,-1,-0.021136045982440677,0.018815018994143173,-1,-0.06940196877900906,0.9740239976461111,-1,0.11175390180387136,0.8537878101664361,0.8198002600473897,-0.9970980008672071,0.15087907033317993,-0.16051326363434448,0.9775405908808676,1
1971-08-24,-1,-1,-0.04253446970739316,1,-1,0.024889525279853997,1,-0.016940396913454725,1,0.009114369667287958,-1,-1,-0.9525904987109065,-1,-1,-0.036046962523545,0.9332245899967927,-0.9392789354426009,-0.007336765557598546,-1,0.909387831313809,-0.9294715367168227,0.06010385496593233,0.8891418567887854,0.8875704850938229,-1,0.07707631999966763,-0.1842887378250383,1,0.9964715808761284
1971-08-26,-0.017730911947811623,-0.05374872359356608,-0.9555494992028007,0.05325394567763908,-0.005840398400769442,0.9939465773587152,0.02857924689534097,0.9410307709567113,1,0.9585074414732742,-1,-0.01261280437340584,-0.039219311180121896,-0.026995346946209642,-1,0.9190848879824521,1,0.03219114141324708,0.9841682356414709,-0.006965051550208323,0.8825594457824427,-0.9040081045675471,0.03714408326404256,0.9344481712813792,0.8302833428843281,-1,0.11640487378662337,-0.2628263376695147,0.9459660911455384,1
1971-08-29,-0.9877652733543544,-1,-0.05451653552001057,1,-0.9864153567495274,0.054635192958114365,0.952737112744763,1,1,1,-0.004896075446205295,0.9866699242553566,-0.9742608811784191,-0.9988365664080285,-0.04600498816209553,-0.08081389638650682,1,-0.9471819447467419,1,0.9777375651494911,0.9194686352750934,-0.921629637780065,0.020882512793558992,0.9251939183430635,0.8230156195419397,-1,0.15793486882482047,-0.20049716230027587,0.9919036895099691,0.9483224099735786
1971-08-30,-0.03206433891631222,-0.09648405135177074,-1,1,-1,0.9991240069822636,-0.018102488139580375,0.07425600064449311,1,0.04204708662615231,-0.9689486342081779,1,0.01664469854457884,-0.05486893410171145,-1,0.8633527661599832,0.10650958510031394,-0.0014638164515755614,1,1,0.917928483237128,-0.9110518842623533,-0.03333261704659543,0.9658368540895041,0.8111587075244422,-1,0.1661296945549171,-0.20130258186219302,0.8870718527624761,0.9139555328033575
1971-09-06,0.9296270799109461,-1,-1,0.038124261428600925,-0.004451568396162675,0.00952557538263854,-1,-0.8427057931371109,1,-0.9230184422633806,-1,0.036011324447880244,0.9843067413980456,-1,-1,1,-0.8632003018703692,0.9581948447945297,1,1,0.960437246901801,-0.9797207220569832,-0.0015178565988949802,0.9880704219366672,0.7014610030465861,-1,0.20992417709515507,-0.18181910069160884,0.8299672125739312,0.9152329102333242
1971-09-07,0.005832597088993641,-0.01338502600354885,-0.02453252932350325,0.9938918404501871,-0.9128529497974064,0.9465903710731759,-1,0.10719926177311545,1,-1,-1,1,1,-1,-0.08851380165989142,1,0.07635872152094059,-0.00855561878869715,1,1,0.9835612798175101,-1,-0.0814096270648745,0.9347987704431686,0.6572342360026937,-0.9597219507325166,0.18763987898060352,-0.2175233163684841,0.8257663889247325,0.927583428642018
1971-09-12,0.966199324563624,-0.9795525303954297,0.9521312816963693,1,0.05591470806704879,1,-0.022436333096133576,-0.8253999167869228,1,-1,-0.012799509546804644,1,0.06526006110356719,-1,-1,1,-0.9098043005618898,0.9162372736564277,1,0.08590915089856699,0.9857638853337771,-1,-0.108474876670794,0.934236633675451,0.7278147658842309,-0.9479135822913455,0.11745073900227697,-0.2573835338820404,0.8289201714001473,0.8547681718327136
1971-09-13,1,-1,1,1,-0.9416423328738267,0.03482610176270984,-0.9587837090665597,0.1295578766934019,1,-1,-0.9845964347830083,1,1,-0.013488251288065523,-1,1,0.05403547617854976,1,1,-0.8644519360818492,1,-0.9321491724437685,-0.07991484019755238,0.9275206632494486,0.7029683659244936,-0.86203531977596,0.03929927209290393,-0.20351143461966004,0.8524608364237651,0.9574253548834604
1971-09-14,0.009056173712222115,-0.06044034636684725,0.05200569066844407,0.034287501625008154,-0.001082042477454026,1,-1,1,1,-1,0.00872541214802236,1,0.0836558386813212,-0.9768034243601499,-0.01822445136559736,0.0349900443116431,-0.8654924079822022,1,0.015490180527913955,-1,1,-0.8937680394708447,-0.11068407577249738,0.9695740115568703,0.6470549600032479,-0.9404630584697949,0.07687267243424047,-0.1347653354007292,0.7904889326573645,0.974070993853818
1971-09-15,0.9297073299897122,0.9174030739820591,0.9825420312970101,-0.8513639588554812,0.9725986299516385,0.0037533047556943533,-1,0.05436539950314512,0.010970975336882405,-0.00694291985594131,-0.9594916184845191,0.037929168088154164,1,0.008117727974957911,0.948660982706242,0.94397926771144,-1,0.01717932755479168,0.9935588236761269,-0.012046533443246688,0.9264586359980743,-0.8602332667634264,-0.13293268528923258,0.9453543574743741,0.5814272217692539,-0.8547257829856578,-0.007749727965022601,-0.21650154782982767,0.772469374742652,1
1971-09-16,-0.03530146929367939,-0.017932409773690372,0.03542891600380327,-1,-0.02306385546073142,-0.9562669107685533,-0.03653329964037544,-0.8851505658297218,-0.9507977743250893,-0.971861875001874,-0.05160576091401503,0.9474926085015463,1,1,1,-0.05510766005706824,-0.05390448561216832,0.9902719660171092,0.012187550925318202,-0.9868715870024439,0.8862997438290814,-0.8116172263861265,-0.06622825396310468,0.9715723305076366,0.5017315313864044,-0.9405890332510307,-0.07887858990329853,-0.18055016328040616,0.7588132322280718,1
1971-09-21,-1,-0.9719521590517863,-0.899912398248103,-0.03800171317358181,-1,-1,-1,0.08004459749162607,0.03291613313670527,-1,-1,1,1,1,0.03414948700790521,0.925160469080716,0.915760128540979,1,0.9942624800384395,-1,0.8807440231891616,-0.7352781809752087,-0.11538395800399567,0.9916357789370837,0.47798115782735445,-0.9585182086301928,-0.14246622437807913,-0.23476596287392176,0.7632591720746126,0.9413166230007831
1971-09-24,-0.0935293734313245,-1,0.09157806099015176,-1,-0.08270488628542516,-0.04805016472501544,-0.0081386699960726,1,0.9900089686433446,-1,-0.06330708398970841,0.00340836425442681,0.01827627649690633,1,-0.9572486897889134,1,1,0.01067615454159676,1,-1,0.7905158338601669,-0.6607063856330485,-0.10581346571324593,0.959765735634625,0.43917632572541676,-0.9186251923914721,-0.15825572185768066,-0.26580774461244566,0.8006981464090228,1
1971-09-30,-1,-0.03872873949743483,-0.8940136980480141,-1,-1,-1,-0.9549980896214618,0.06340347446875194,0.059054881527384695,-1,0.922615127460383,0.9976527507332785,1,1,-1,0.018698576002764367,1,-0.964169754445922,1,-0.00347657786144262,0.720390042747234,-0.5718245169047839,-0.03994832350850827,0.9998542663966071,0.4798844651167486,-0.9090656730285172,-0.16222832815128366,-0.28124422775388824,0.8853468681427938,1
1971-10-03,-0.024220584814843238,-0.9728280677765878,0.045383900600583504,-0.005460402374107054,-0.004937584410425688,-0.03342484054200545,-0.012679886130912088,1,1,-1,-0.023245170759309985,0.015122954975021363,0.01951681206608169,0.06791189827258748,-1,0.9938779058405587,0.025713665858186574,-1,1,0.9439501919423322,0.7051441941764631,-0.6072842582342912,-0.08354469760305291,0.9876602539620235,0.4209422643338974,-0.8901101373774465,-0.12702615338686762,-0.323079733936645,0.9319424452431191,0.9721403024827889
1971-10-10,-1,-1,-0.9004917654867637,-0.9652268305669466,0.9309442399606978,0.9570015113182964,0.9588537235572455,1,1,-0.041027432816926224,0.9324699767167713,1,-0.9760099989234265,1,-1,1,0.9998301230089409,-0.016993637819834984,1,1,0.6241895551127746,-0.6318365347845505,-0.12752128460795514,0.9284952895407566,0.493436994898239,-0.9629572634683258,-0.11457336850522859,-0.33568352023039694,1,0.9018508194796528
1971-10-12,-0.019529314840108558,-1,0.057137254880561206,-1,1,1,-0.013613633944266401,1,0.03894990519954877,0.8677101945771271,1,0.003997615550704214,0.012305282357362723,0.016589576110620396,-1,1,0.07715928827957108,0.9687925979299904,0.02947614128829512,1,0.6601127779174994,-0.6394497301731129,-0.11136428896241528,0.8886100398002779,0.5748071890099198,-1,-0.17565261734379403,-0.38750143381761193,1,0.8797572575547501
1971-11-14,-0.9722738235067677,-0.023027522508476395,-0.9142516889322956,-1,1,1,0.929616595419193,1,0.9870913180792625,1,0.02462388018142403,-0.9935872409721669,0.9382851546627174,0.9950109918729355,-0.04710740876764885,0.04606460873193996,1,0.06016203277761667,0.9669072877032767,0.058298989922794586,0.6339898491233864,-0.6524754049327256,-0.13735660915674433,0.8591037756640623,0.5694873790039454,-0.992014468530818,-0.18384881379715726,-0.37640799718725787,0.9282582466699687,0.8448653563228743
1971-11-16,-0.07007339291072345,0.9620754363032087,0.04807161744827326,-0.08655822166094274,0.015519185134294955,1,0.010651713679966313,1,0.001694214922397741,1,0.9348558817042216,-0.05527846750987697,-0.0025747873261151577,1,-0.9773137422126039,1,1,-0.8714303441718122,1,-0.9352147568817732,0.6318071925710258,-0.6616504911808769,-0.1910053699894142,0.8924548230445551,0.5448468833355042,-0.9589166841545267,-0.0802271039266034,-0.4031187443683964,0.9241751448654327,0.9272068215989804
1971-12-22,0.8671463448854873,0.002886014424787864,-0.912961524845909,-0.9914454855872495,0.9671013449947409,1,0.9613122411627609,0.0317050543556755,0.9796922338692536,0.04707097567423024,1,0.8623997313695492,0.9526431937926982,0.031094787833190973,0.005527251732417304,1,1,-1,1,-1,0.710834310881613,-0.6316478246947542,-0.21750541287087097,0.9134490382070038,0.5059151208678181,-0.8876991244730662,-0.1633420234520947,-0.40213655796784964,0.9135970438794271,0.9119316070280232
1971-12-30,-0.12241192658567146,0.9620761374284253,0.0740274253506461,-1,1,0.013796925804296367,0.02125546216951668,-0.9299022094330389,0.024834778363153953,-0.8292685784338212,0.05027627673119661,-0.11447884998816871,-0.012620590941738286,1,-0.924523564496053,0.003922734954882712,1,-0.05796802886321262,1,-1,0.646206965144898,-0.6598028654643174,-0.25768825989285016,0.9079480608932611,0.48135546359641085,-0.9571312045265188,-0.1307370148277,-0.4267806205664943,0.9304495081583207,0.9146527552345664
1972-01-12,0.8374006753665861,1,1,-0.04424164210158954,0.04421823846489792,0.9678723466801017,1,-1,-0.9466813569404428,-1,-0.936078920160564,-1,-0.9794075897533314,1,-1,-0.9809932233590626,1,0.9088703845106944,1,-1,0.5995692799599843,-0.6488555849420672,-0.26346690984426957,0.928221985922361,0.46344683425142696,-0.9687909350418125,-0.10123219219830597,-0.41262604404671527,0.8201157668691857,0.8597174102897979
1972-01-13,1,1,0.031760663572285575,0.9486528962768206,0.9746978421748824,1,1,-0.005977769929773835,0.03428730837389449,-1,-0.02341928979888752,-1,-1,0.009096360113537871,-1,-0.023785422331151884,1,1,0.017243239129212995,-1,0.51424282112606,-0.672688260058431,-0.21883075323742868,0.948206474375314,0.4404124795750606,-1,-0.10473018461215232,-0.3747140382730865,0.8588407501621916,0.8881952804986424
1972-01-16,0.06631310509837185,0.04522103874698191,0.9762051961900394,1,0.03356468455513306,1,0.04210284174770129,0.9864752235811153,0.9584097673149014,-1,-0.9896582443527411,-0.01151119491639474,-1,-0.9358386713242763,-1,0.9369824059114026,1,0.009679560055227077,-0.9378300895479853,-1,0.578525637761952,-0.7420434157525962,-0.24204110684619964,1,0.3646027614602683,-1,-0.025527510309390808,-0.32084092013228255,0.8836431857507029,0.926816192620479
1972-01-17,-0.9283869039526582,-0.9328258801301327,1,0.01837125854347066,-0.9373338524563691,1,1,0.06838716585668048,1,-0.011598013325642365,-0.05014900087354501,0.9591723974337577,-1,-0.016123339764391398,-0.026187976133350666,1,1,0.9572237136602958,-1,-1,0.4558106026759393,-0.75735629270718,-0.2186859563852676,0.9728444502652089,0.32793309318396097,-0.9355543394557673,0.02464098606901273,-0.27659555955842474,0.8909218352905885,0.8798635150835276
1972-01-19,-1,-1,0.09717624292718896,1,-1,1,0.029066845884090364,0.9981863710611724,0.0030692516040061735,-0.9977704673917918,-0.9948258720935499,1,-0.04934385641232031,-0.9411994089306236,-0.9379825949013629,1,1,0.011397055823478164,-0.025557091037012647,-0.03029917910761304,0.43409376509235176,-0.751755680431504,-0.24521548265092827,0.9102556979948102,0.3386828413585492,-0.9524079929045431,0.03042229868446291,-0.26548207400506696,0.9091302794192386,0.8113753742750205
1972-01-20,-0.019506557377693357,-1,1,1,-0.019007284412350556,0.06606991069386714,1,0.06786997602668432,-0.9399172307054735,-0.011487730934494622,-1,1,0.8769359387600159,-1,-0.09744882686254264,1,1,0.9835505088673483,-0.9471298131683612,-0.9815370555177747,0.4362320489386357,-0.7729972339028908,-0.2767567389977019,0.9593540167891501,0.2954193800450242,-0.8444800201397968,0.020607713605761864,-0.23696523492039,0.8602087616888224,0.8243486393627869
1972-01-25,-0.9516469552198749,-0.06857291543523236,1,0.06931322666562822,-0.9912997543921699,1,1,-0.8332399866860134,-1,0.9408248314372337,-1,0.05804497571189027,-0.1214648988535233,-0.01898380838085101,-1,0.033190278577278964,0.04127169879649062,1,6.479504051857266e-4,-1,0.4530478820230389,-0.7522086786477471,-0.2788069796600044,0.9730569249483118,0.3013900165276467,-0.8491760870727287,0.0022082386630823785,-0.2989294470428435,0.8746529147066423,0.8415065746405241
1972-01-26,-0.07728827940702121,0.8936726161029973,0.005476756321491472,-0.8213923742407138,-0.030633432216782275,1,0.024215041027031203,0.131246279393178,-1,1,-1,1,-1,0.9201674801107008,-0.011991146666418206,0.9541454141539069,0.97360988979691,1,-0.9324994171488054,-1,0.45885053296227263,-0.7159473206085222,-0.31134230367077836,0.9654467907569425,0.20360644529793326,-0.8306635666651344,-0.01729533765586895,-0.2646376894150766,0.7879275048834044,0.7113122642763058
1972-01-27,-1,1,0.9625086330644709,-1,-1,0.006895399831465698,1,-0.8420760367856485,-0.03121065389246125,0.007039511156328726,-0.06268701060322868,1,-1,-0.02190347436240092,0.9489801375694478,-0.002179497008507947,-0.021814264752140988,1,0.06253512257831073,-1,0.585852834187198,-0.6774485684267564,-0.31230043660147006,0.8134112752585102,0.24219738967497853,-0.8260746365347591,-0.06377626011180121,-0.3016959335299063,0.8467988713173114,0.70686374679816
1972-01-28,-0.013885626912281346,0.03701202524897784,0.003154850795685671,-1,-0.02220581306508329,-0.9913616493065864,1,-1,0.9661075828142534,0.9859669617850851,0.9093354377252272,1,-0.08915548005967333,-0.927856521776939,1,0.9123940741811483,0.8885484726314095,0.06491927618672633,-0.9234184350011482,-0.09231925072697322,0.44174419044300217,-0.7336199482957214,-0.33158011575046753,0.8613700039558166,0.27374884874673544,-0.8584280437650902,-0.09782142834517518,-0.30056515477767526,0.9519006001031965,0.7003591733351067
1972-01-29,-0.9637023744810347,-0.9227022808276708,-0.9960869665399171,-1,-0.9832398781450447,-1,1,-1,1,0.019747397155455815,1,0.004488071292759632,0.8573586776734978,-1,0.01125689184368206,-0.045272462936639,-0.08508720061536323,1,-1,0.8818357905394678,0.5041484243516048,-0.6962598135176092,-0.3279083572281349,0.9013526508583022,0.18517575517009438,-0.8398940425241843,-0.06549180077894048,-0.2694735794701403,0.9030280021762318,0.7142141490869748
1972-01-30,-1,-1,-0.025502512376692765,-1,-1,-1,0.0182269381078638,-1,0.024981566332913152,1,0.05252753454158898,-0.9570438579452939,1,-1,-0.9828876639815244,-1,0.9018205811197605,0.05656863653138411,-0.05525783989452249,-0.033912633666309144,0.4061728047305505,-0.7197549214632722,-0.33659605072483056,0.9587517153527272,0.1991232438302936,-0.8948713319310688,-0.11763027379840504,-0.27742293567687254,0.8425788039774083,0.6308298522233634
1972-02-01,-0.037856582539152805,-0.03952783159245388,-0.9686775470729616,-0.08746832373174895,-1,-1,-0.8976335627402622,-0.049156462118656874,-0.9302402918194294,1,1,-1,0.027441791305749197,-0.0972147949857014,0.013973690211175227,-0.048417672142789914,1,0.9638550099885638,0.93621524961773706,0.9397401282601429,0.36565946992190995,-0.7050510806203121,-0.3288124045132248,0.9679334223336792,0.16372510173319538,-0.9578913160364115,-0.12067098613287246,-0.3871042239876027,0.891911526495986,0.5893272717201448
1972-02-08,0.9191577506258826,0.8824441310688012,-0.027431924226241078,0.8605529859211285,-0.02100665660831047,-1,-0.02152087129930169,0.9114559689457316,-0.02792991439871273,1,0.0782050568816316,-1,1,0.8734517124064759,-0.9630617976146963,0.8853760994828378,1,-0.016516730007912206,1,-0.03814014123521825,0.42923785852828095,-0.6529373445178279,-0.44590475543974784,0.997798439702389,0.13154815762466604,-0.9487430188217192,-0.07736762079464732,-0.32255433254372445,0.8679213298071938,0.6410455694905987
1972-02-09,1,1,-1,-0.1194191784134363,-1,-1,-0.9922822903066068,1,-0.9875243508516516,0.06904111972349569,-0.8013734141770554,-0.06498565298831838,1,-0.09500047948380286,-1,1,0.013461084102645682,0.9412901966966515,1,-0.9843370190004428,0.4125887735071849,-0.6255016466197523,-0.42734151365036943,1,0.12547256273168195,-0.8661099480629819,-0.11498100460521085,-0.4116455508878655,0.8218524172356159,0.6378222372910934
1972-02-12,1,0.02549109168815944,-1,0.852957324522597,-0.03897298793958215,-0.07612526934383756,-1,1,-0.003852262611534929,-0.9106288657511478,0.18614568023863665,0.9166250484679234,0.029437012723218192,0.832414156646428,-1,0.04810590638473922,-0.9800705670703824,1,0.03778595820506614,-1,0.36878751926275655,-0.48809142075936574,-0.5148977155700224,1,0.057994600234965596,-0.8632123599596749,-0.2072919211709754,-0.37100564144507253,0.7752779279805923,0.5923347461063408
1972-02-15,1,0.9056526297116649,-0.03166987341224947,1,-0.9449574038487547,0.9059501446339252,-0.0898473917818331,1,-0.9856531416951322,0.052025377659958294,1,1,-0.9301511235619526,1,-0.038282010478304485,-0.887900671677344,-0.05582823733761244,0.004516711703155929,0.9612617239030282,-1,0.4325218785653989,-0.5197884905055653,-0.4719408250773989,0.956469758051577,0.05211114850098044,-0.8443360937447136,-0.23193364022940444,-0.33628544156744844,0.8563624816093244,0.5441415208584734
1972-02-16,1,1,-1,1,0.03937417401975185,1,0.8948940207273715,0.029038778308390745,-1,0.8942746928090836,0.06427309240300294,1,-1,1,0.9146623008348376,-1,-0.9434808505287512,-0.9483538909921162,1,-0.08730988766997028,0.49642200881112747,-0.5484425146769568,-0.5623432950564043,0.9615548468053335,0.041669561339863284,-0.8244455031246019,-0.2138564276414247,-0.27977811539890585,0.8547321022044015,0.4941457283358296
1972-02-17,0.034666674726919644,0.039127853725071216,-0.018106846493637252,1,0.9961421581457658,1,-0.06909561276326204,1,-1,1,-0.9339337456591075,1,-1,1,1,-0.0714946103197881,0.018182977810934364,-1,1,0.8703600897534671,0.46740914461135497,-0.5275631808601778,-0.6848153390372199,0.8965961453357679,-0.014857262792363934,-0.9114865064632011,-0.21320543615823792,-0.31317647335130705,0.8440564088758383,0.5222979896588285
1972-03-31,-0.9556450618184327,1,0.9754634242787765,0.04894328464845077,1,0.02729494802925503,0.9109304328447112,1,-0.021243385398187598,1,0.02427549715965105,1,-1,1,1,-0.9478678065456433,-0.9263519663732263,-1,0.014731164581088585,1,0.40211156639799184,-0.5056570925256704,-0.6507573753677147,0.7853044839811903,0.03726751266884505,-1,-0.21526018797125868,-0.306448920356464,0.7935782892992728,0.5126622745758618
1972-04-06,-1,0.032529909417522096,1,-0.9381416392839022,1,-0.9071068196418112,-0.08120693426316594,1,-0.9955865035331437,0.010378495233496765,0.9364924135614935,0.04136196647256318,-0.0012404665387408809,1,0.11227633212021004,0.039468637480448376,0.022345999070434552,-0.008307170452871881,0.9242026231443198,0.0011475586418014938,0.382348842388838,-0.49657158702743115,-0.6296975443286115,0.6939682745081858,-0.005790016145000104,-0.9477981907441789,-0.2679786692820908,-0.3424298643743679,0.8163811108702999,0.48655885526103154
1972-04-09,-1,-0.9210777969112632,1,0.027170248686733123,0.010524044949476452,-1,-1,1,0.00214345121150028,-0.9579410345192124,-0.007949057235108636,-0.8988054976498638,-0.9523290777045124,0.013236863129844068,-0.7876683323407623,1,-0.9394641408221415,-0.9227724684633649,1,0.9841820443924164,1,-1,-1,1,-0.9633016663699641,-1,-1,0.6501235520582449,-0.18040164444625573,1
1972-04-10,-1,-1,1,-0.9529505318158524,0.9627137512839237,-0.009857795541685643,-0.050174470469007026,0.04166696092012778,0.9302124058526259,-1,0.9829521478472523,-1,-1,-0.9408193714214627,-1,0.011785968534044455,-1,0.039647767523093735,1,-0.014514895153634022,0.018502520094133446,-0.03371609484789795,-1,0.0861895080627495,-0.017960549564672967,-0.08636883369691661,-0.0498943359155688,-0.2826242079552338,-1,1
1972-04-11,-8.761519520975591e-4,-1,0.10173112670473117,-0.020199015227910455,0.005253697822447334,-0.9535846054941106,-1,0.9865495341277084,1,-1,1,-1,-1,0.03788938904382855,-0.025467500365529916,-0.9806437543643809,-1,-0.9546084524665233,1,0.8994834215511781,1,0.9619441102164048,-1,-0.8975569214463037,-0.9897760844509288,-1,-1,0.6812652217663149,-0.0178858193124658,1
1972-04-13,0.9762333916435831,-0.05971801328348869,-0.8306832745291994,0.9155596414375881,0.9090870817611055,-1,-1,1,1,-0.032989541042487414,1,-1,-1,1,-0.9847318431900145,8.282538010050411e-4,-1,-1,1,-0.004973434807184152,0.026765182113209773,1,-0.015517096701406885,-1,-0.00793391925040643,-0.041746179961379304,-1,-0.24202547201263225,0.9708362176165642,1
1972-04-14,1,-1,-1,1,1,-0.09022771369359628,-1,1,1,-1,0.03686728574310283,-1,-0.006807254120302031,0.10739525380057124,-0.03152195753568099,0.979342888099707,-1,-0.11085637707961538,1,0.9518690561002362,0.9711416418851547,1,-0.9372704741206545,-1,0.9799337200670039,0.8892597866302204,-0.04643521370572623,-1,1,0.05029362685964622
1972-04-30,1,-1,-1,0.013573694165443628,0.022911856571056766,0.8511591033768141,-0.027196683721055992,0.0493740396898702,1,-1,-0.889322251196769,-1,-1,-0.8376825938708158,-0.9988926222050579,1,-0.03655832142962767,0.8069830361858636,1,1,1,1,-1,-1,1,-0.07165643829783697,-1,-1,1,-0.8979314936741382
1972-05-14,0.05058045879562045,-1,-0.08010349566578168,-0.9628339334516969,-0.9143455543057847,1,-1,1,0.16825861925027086,-1,0.06574095328023999,-1,-1,-1,-1,1,0.9085761191855621,-0.1797097528524989,1,1,0.027470908059870958,1,-1,-0.061234777737432244,0.052393870932361475,0.8513411927903666,-1,-1,0.006688452794544442,-1
1972-05-22,1,-0.02152642121033843,-0.9889386493237942,0.03624246834179756,0.02472780812439146,1,-0.005274344960313426,0.02162173936609313,1,-0.02574337565041862,-0.9208645908643862,-1,-1,-1,-1,1,-0.031056371129276172,-1,0.05357824779336251,0.01637246921037616,-0.9671695403119308,0.10834165741701618,-1,0.9063457156806201,-0.8597549540615245,1,-0.023438956623225038,-0.04061482453771115,-0.9695875338459172,-1
1972-05-23,0.019706003640578285,-1,-0.014024656477695019,0.9228224647838299,0.9965649108531366,1,0.9820822038793883,0.9812596674078571,1,-1,0.022615701266225474,-0.05498167898978834,-0.012518771326731293,-0.0461993377019676,-0.008570092897577153,1,-0.9986336378498651,-2.97331593150707e-4,1,1,-1,-0.8618911106633388,-0.07679372696379638,1,-1,1,0.953646874367621,0.9438243878837793,0.01608677985486673,-1
1972-05-25,1,-1,0.8662952335000657,-0.05490712110578355,0.015183097777648813,1,0.006162336083649245,1,1,-1,1,-0.9800899260499902,0.935161081638297,-0.9772276229644639,0.9290961703496984,1,-1,0.9693326679601081,1,1,-0.07374082799191672,0.1225612769898421,0.8462170978713592,0.02923472754913148,-0.07532299911317875,0.024375149641416072,1,-0.03566423223318638,0.9915623636282611,-0.04265902752613249
1972-05-26,1,-0.04247685573142301,-0.10939470999016132,-1,1,1,-0.9002280501558643,1,0.0324333148282383,-0.024848659102182813,1.9611438733591058e-4,-1,-0.0013985415832173942,-1,-0.06743798511686305,1,-0.054729918232436114,0.03999991347710341,1,1,-1,1,-0.12859943470281288,0.9307156860391606,0.9215887977543316,-0.9280537186496947,0.06308100805071837,0.9503708947904813,0.006901377684389809,0.7776073249438936
1972-06-01,1,-0.9690879875319194,-1,-1,0.02895934429552982,9.084886380350543e-5,-1,1,-0.9308246425562782,-1,-0.9844850855817315,-0.023970211191401636,-0.9268769034417269,-1,0.9093279475996505,0.048767108687423066,0.882983667120247,0.9712972885430728,1,0.0223296748520575,-0.9747855847087772,0.9906793224750841,-0.15887322117833255,1,0.9053784936197697,-0.9687157838174425,0.089106142889149,0.8816334965747057,0.06742062295221765,0.8353218174662904
