opp,full_tsne1,full_tsne2
OPP.89:001,8.68946130594912,13.387165149332727
OPP.89:002,-9.953152658876476,29.478596285985063
OPP.93:003,-5.2442235619263355,28.340217206949152
OPP.93:014,6.219060640897059,31.154990218538863
OPP.94:003,10.96000829004085,15.890981212943785
OPP.94:004,15.468138174124391,18.088371935868423
OPP.94:014,19.29958111168828,22.335710707087618
OPP.94:022,17.635861836933138,20.576625825040182
OPP.94:030,12.181171838124413,27.729680510389876
OPP.94:071,-13.019634770130228,24.762128028254484
OPP.94:141,6.46497033049739,16.22915372615473
OPP.94:153,-1.4844313250043566,11.322923767739866
OPP.94:160,-9.640762462886837,22.137811344473295
OPP.94:165,10.94508635419861,11.143585915364946
OPP.94:166,-16.89236471911803,15.99838805460107
OPP.94:167,-3.352052307418519,32.61901202773958
OPP.94:168,-3.4284512529199667,32.442918316418094
OPP.94:170,9.823613430794259,32.63101122903715
OPP.94:171,13.512821304627703,16.25891979636485
OPP.94:172,8.321502554635867,31.563045381207814
OPP.94:173,6.5269853928770685,28.52652977681653
OPP.94:174,9.286397085281754,30.450593343173693
OPP.94:175,15.564297184231679,17.926398328240293
OPP.95:001,23.38158764272319,21.945671705708282
OPP.95:002,15.770210558764912,25.536506134859422
OPP.95:003,13.45370711440517,24.018571342662334
OPP.95:004,24.564840551834184,16.048687247693707
OPP.95:005,10.318420334665756,16.573183316258973
OPP.95:007,10.949566154117646,28.989978490618626
OPP.95:008,5.672859205210241,32.69025388697881
OPP.95:009,-9.043439471937251,25.12000668794454
OPP.95:010,16.552060292096858,17.76627865202747
OPP.95:012,13.43470790876576,16.120345206037477
OPP.95:013,16.357035592417514,17.173197310765786
OPP.95:014,23.088400647185896,12.509385965011477
OPP.95:015,12.797001283541784,12.177929353805284
OPP.95:016,1.4347391149466826,18.6183614755692
OPP.95:019,8.748013878172955,33.0504343907504
OPP.95:020,12.520673939278742,11.404626308583396
OPP.95:021,-11.342195011267338,26.617659739833602
OPP.95:022,12.245562089430504,30.21726590065904
OPP.95:023,17.071308096247627,23.290309987251714
OPP.95:024,8.868317431988283,32.43405084668966
OPP.95:026,18.953265289958583,16.144585331895822
OPP.95:028,19.672695368268933,18.831661038266184
OPP.95:031,-0.555163522716257,30.149108058634532
OPP.95:032,17.599073657093772,13.636916770563108
OPP.95:033,4.842531644237182,28.955689755392516
OPP.95:034,-13.115738376606172,11.618594746115873
OPP.95:036,-4.654669375817384,27.902846673988105
OPP.95:038,6.599852199608951,9.642162758651128
OPP.95:039,19.39720834760907,16.402416863565293
OPP.95:040,5.6698841383911525,9.781253966322941
OPP.95:042,14.72405152857308,28.091818774958988
OPP.95:043,-3.6320997948678553,30.83119621046998
OPP.95:044,3.920571493047223,31.19857384614366
OPP.95:045,-2.9249387916505083,29.4029468371145
OPP.95:046,5.913753081886019,32.7549027129239
OPP.95:047,-8.69260355421611,29.52747359093958
OPP.95:050,6.1983506579857535,31.917303330008473
OPP.95:057,-8.26323009561096,30.087559140047638
OPP.95:058,-8.312602966315971,30.07898297349681
OPP.95:059,8.204436354665864,31.875557662102104
OPP.95:060,8.71691904839791,29.22230898722342
OPP.95:062,16.948795623543695,15.637393632414376
OPP.95:063,-8.118849339095412,27.906664772833377
OPP.95:065,12.055939703214356,15.678768802633511
OPP.95:067,5.337632620429739,27.584214357074647
OPP.95:068,8.46530866182357,28.3830227967324
OPP.95:070,12.8998966224162,29.151050509867396
OPP.95:071,15.322512492839637,27.28182600618774
OPP.95:072,16.05655994535566,17.552839903026936
OPP.95:076,6.330950387577421,16.301100574508133
OPP.95:077,20.33998210663426,17.34692789865414
OPP.95:078,17.946117262762844,19.498509820938082
OPP.95:079,9.51321010826062,10.966898015703675
OPP.95:080,-2.360892271164174,27.112411295572286
OPP.95:082,18.413635201421368,22.281621344997866
OPP.95:090,15.078593360825282,2.0393682117209875
OPP.95:091,14.468705049977057,22.88300460488248
OPP.95:104,9.114884481086555,31.51349802249814
OPP.95:107,14.136781668018743,28.261018207141383
OPP.95:108,23.95161833728086,13.205436308640964
OPP.95:109,16.064907875135145,17.175017580618636
OPP.95:113,21.389127831881932,15.265423285056256
OPP.95:118,18.223201824812726,20.346211777807447
OPP.95:177,14.96401175611709,28.493297253837437
OPP.95:180,9.345768992905331,28.603190900725995
OPP.95:182,13.392361980258556,16.185509200722123
OPP.95:212,9.362710794124146,30.954876966900635
OPP.95:213,9.427132387988998,30.914200508366044
OPP.95:220,8.32914761264913,31.163178309677473
OPP.95:231,-0.7750626375439653,26.822499082304624
OPP.95:235,14.28271343794498,15.550509272520799
OPP.95:239,15.418322551874539,21.74566815426005
OPP.95:240,8.87071438512019,24.542599533252552
OPP.95:242,15.482350476414158,18.862187214284614
OPP.95:245,14.311036021917714,17.0183521370661
OPP.95:247,16.129645638532338,17.53916702515235
OPP.95:254,16.09084067122833,17.09019885729704
OPP.95:266,9.503215182075657,31.880894718057103
OPP.95:267,11.607414360448955,16.374261591918767
OPP.95:358,9.691876355438765,31.632295945860044
OPP.96:001,20.244147243740723,18.84097160867948
OPP.96:003,14.802246261071724,18.571215354866688
OPP.96:004,13.336053403484947,16.250756614462333
OPP.96:005,16.783912276625593,23.423664150372733
OPP.96:006,18.472833487700935,19.98978706285817
OPP.96:007,16.264286614553644,22.790639544955603
OPP.96:008,13.711529992521482,28.093729672622395
OPP.96:009,16.285498671901014,17.34020854119631
OPP.96:013,-7.652384663539499,29.318161231391873
OPP.96:015,-1.9510818736311413,28.782412552494346
OPP.96:016,4.977093114565476,8.671755080492755
OPP.96:017,5.4815542919404745,32.43990492748598
OPP.96:018,10.310193407873685,30.7974029366143
OPP.96:019,-9.109171197995442,27.729740051736627
OPP.96:020,-9.2854956331829,28.284508767750463
OPP.96:021,-9.412727020594199,27.30959249473299
OPP.96:022,11.747745084261519,16.21865875348645
OPP.96:023,6.270924011600799,30.480594249648426
OPP.96:024,5.296051725815482,32.19843076922111
OPP.96:025,5.072170720393251,32.161276108896445
OPP.96:026,-8.312739913465853,30.086765817584403
OPP.96:027,-8.343436716201584,29.761490063133078
OPP.96:028,8.14860034179341,31.470020430908537
OPP.96:029,3.279394237115395,30.974388005140714
OPP.96:030,6.377905812146829,31.50147617508151
OPP.96:031,-8.09134719656493,29.656427422506052
OPP.96:032,6.330968441553506,31.396571926672234
OPP.96:033,7.082098130577048,31.676316342423643
OPP.96:034,15.915717137060511,28.552252026969285
OPP.96:035,-8.313373859820897,30.343770160603814
OPP.96:036,4.961296044318767,32.08297489110747
OPP.96:037,8.597192120711723,31.312226443680032
OPP.96:039,9.545737722563295,31.055432185015245
OPP.96:040,-4.557218489385105,29.675403020311812
OPP.96:041,5.886261879652743,31.182307513376042
OPP.96:042,6.2927412338245095,31.41473439361837
OPP.96:043,5.148737406466798,32.47772623160222
OPP.96:044,-9.439407546647754,28.704795136246698
OPP.96:045,-9.478285677510957,28.29156049397227
OPP.96:046,8.98307506791729,32.010157920024255
OPP.96:048,7.768351845850728,32.28462938125482
OPP.96:049,-15.819557369201645,19.270493970921617
OPP.96:050,-10.270146093039825,27.962882114092
OPP.96:051,-9.273247727499399,28.163599882668887
OPP.96:052,-9.292724757469413,28.11001233160229
OPP.96:053,-10.103208843111098,28.050251814183436
OPP.96:054,-10.34758487140182,28.026853350351946
OPP.96:055,-8.781808968044837,26.26086475299704
OPP.96:056,11.775286385281412,16.53812720713762
OPP.96:057,12.02974861309233,16.44533440331141
OPP.96:058,10.207324168960923,31.92215502425331
OPP.96:059,23.39697612708023,12.548208445160407
OPP.96:064,17.246610495696878,18.524627574538368
OPP.96:065,4.280018586712112,29.829791031543433
OPP.96:066,11.544967494538126,22.574462257684626
OPP.96:067,10.64065627697584,13.912509892365033
OPP.96:068,16.355804973384206,19.240045409234018
OPP.96:069,10.938638001911022,31.67920510478957
OPP.96:071,10.818658483522071,31.447550075066292
OPP.96:076,18.74974689498831,20.509255625115955
OPP.96:081,4.22117420716727,20.94482446792795
OPP.96:085,14.619037084048635,19.959065540427012
OPP.96:086,11.40180619869187,15.74870924985172
OPP.96:087,8.628288929159266,31.377940758940028
OPP.96:088,11.083282792871126,22.85561829803025
OPP.96:090,9.032520283043429,29.826998358930393
OPP.96:092,9.316166019759603,18.632220381183163
OPP.96:095,16.795135440670922,15.91560299545173
OPP.96:096,12.8859831911628,16.10726743857891
OPP.96:097,8.976391858855987,31.849542269952344
OPP.96:104,16.641515481604053,16.588843249553538
OPP.96:105,13.932797273055693,16.626485598693346
OPP.96:108,16.97581380427073,25.339631486394957
OPP.96:109,-9.53323765777989,27.620227907248246
OPP.96:120,-10.513614392977603,28.391026160931514
OPP.96:135,12.142648055060997,15.721526338898745
OPP.96:136,13.194224501627911,15.988377985013104
OPP.96:137,15.263676706976533,16.99790391156152
OPP.96:142,12.40736831410482,15.945225088970217
OPP.96:181,-9.953486517774293,27.718682332583867
OPP.96:211,7.2428694517349035,25.419883749578364
OPP.96:227,6.194052074430623,31.25646448550504
OPP.96:234,6.955562840877235,30.059506430205214
OPP.96:237,-12.930877985445832,14.1566346715251
OPP.96:238,15.479533900059646,28.29994007435801
OPP.96:243,7.085890669471855,31.8754102184933
OPP.96:256,8.905950631902366,33.30124785702387
OPP.96:257,-9.332763073093211,27.99486425264359
OPP.96:261,13.157185268377757,15.39938781964321
OPP.96:262,11.225669671280349,30.64895502018321
OPP.96:263,19.90504024380584,18.694842440679537
OPP.96:264,23.77941439461278,12.884820965868697
OPP.96:265,-8.496113084351382,25.823746398760942
OPP.96:266,15.824994732450673,23.258769562941364
OPP.96:275,6.375664268461425,31.297765778435615
OPP.96:279,-14.413881572881456,-25.667332981640445
OPP.96:286,14.509133786623762,29.00487771387573
OPP.96:290,16.422997788559993,17.779055921594136
OPP.96:293,-8.994516576608955,28.997651093745965
OPP.96:294,13.423113219081213,17.016555478330307
OPP.96:297,13.232458315220082,16.727374757631075
OPP.96:298,13.9724872255282,16.333565977651133
OPP.96:301,-8.582187936865763,29.858643617662977
OPP.96:302,11.613317199861145,14.915829016699881
OPP.96:303,10.486353334997162,31.889954205860118
OPP.96:304,10.907502519466389,32.040319646487994
OPP.96:453,-9.50493893941737,28.491558973830323
OPP.96:553,8.14241256731065,32.219400927963406
OPP.97:001,18.60341621969234,21.29676775043421
OPP.97:003,16.132607430099753,18.029250447022996
OPP.97:005,5.594976244143511,31.172463340995943
OPP.97:008,6.696872587336676,28.446113211013536
OPP.97:011,8.400981089029175,30.92500139895813
OPP.97:012,7.410426487604161,31.69974750065459
OPP.97:014,8.480050416144994,30.21040783876411
OPP.97:021,5.600012219650813,31.113631542944713
OPP.97:023,-9.15210753441762,26.73986891454365
OPP.97:025,14.309812807707305,27.854543796727757
OPP.97:026,5.877930233613034,32.44452827035333
OPP.97:027,16.00547307918669,19.213861196651894
OPP.97:028,-9.445562892426949,29.195286983183124
OPP.97:039,20.759144170672904,-3.8809887228661246
OPP.97:041,-8.84785087115679,16.54007511371467
OPP.97:042,12.56405654218796,15.96966100700043
OPP.97:045,20.645293990371197,-3.8531726422941706
OPP.97:047,-22.59171263857969,-0.5738206095068921
OPP.97:049,9.629990849027303,23.427107051679936
OPP.97:053,22.013432889482154,6.32869551449306
OPP.97:055,17.309933457340446,23.960936105777666
OPP.97:062,14.394693418603973,17.333282434258425
OPP.97:123,-12.841481345972538,15.56177954232598
OPP.97:145,9.3707082140631055,28.61511553119433
OPP.97:146,-15.722006444605414,16.804632889350486
OPP.97:192,-8.45718556715384,15.729528520251689
OPP.98:006,24.480615480243813,16.2845058981555
OPP.98:017,16.94917151898249,16.58006983157538
OPP.98:024,-4.057865795243314,28.92974611693195
OPP.98:025,-7.9118462427811975,30.526955247608633
OPP.98:026,5.010153245816173,32.6782665066263
OPP.98:028,9.210994408860135,14.771315402138846
OPP.98:030,12.72161849305212,15.330778390440242
OPP.98:033,-8.793085546812064,26.4068105600707
OPP.98:048,17.360489393350242,11.826203877852056
OPP.98:081,-3.792660658389357,30.690957081694602
OPP.98:083,-8.680148743266848,28.820589989359622
OPP.98:084,10.069767355198788,31.38046902581885
OPP.98:085,7.571344625644068,32.94271908585355
OPP.98:086,-10.848944196081623,27.652626634314206
OPP.98:087,8.514020123347592,31.584873577394507
OPP.98:088,15.986186608500505,27.747429424862734
OPP.98:089,8.571456674688134,30.924601929683828
OPP.98:090,8.688125969822863,31.229498328790335
OPP.98:091,13.537611911714713,15.764168499823802
OPP.98:095,17.179397445692576,22.300935394494815
OPP.98:106,10.172504126946428,21.105578906034804
OPP.98:228,23.99433309727548,12.061467445392896
OPP.98:234,8.060759242616077,17.262135619295265
OPP.98:248,8.764316128175068,22.730186290377922
OPP.98:249,-7.918919177924359,21.01646764398165
OPP.98:304,-9.52733690547724,-32.09422681206685
OPP.99:001,23.424177240431813,12.84345395969905
OPP.99:003,17.860365944626345,20.36887108057191
OPP.99:006,7.407810345151259,29.832373899473712
OPP.99:015,17.454246670373312,20.672920127751098
OPP.99:016,18.61991591944558,17.56331104998953
OPP.99:036,8.236338215658575,10.241876638662719
OPP.99:039,-3.7202144559202037,11.017462029717906
OPP.99:046,-9.035738534573696,16.640032629034437
OPP.99:048,9.350965122954971,31.457641693246547
OPP.99:050,16.75845666371985,27.10008056800139
OPP.99:051,9.081586061063057,17.020312549486604
OPP.99:053,17.056676733764334,18.241290810510456
OPP.99:054,17.1461956408971,21.714063702892794
OPP.99:065,16.83514051641995,18.35501824932478
OPP.99:069,17.011731235035956,23.18278583050953
OPP.99:073,13.374112300737792,14.65964461562047
OPP.99:076,14.836220596765644,18.46914848394968
OPP.99:078,12.221816250467036,30.23305175703137
OPP.99:081,14.513849912962968,18.27594105686131
OPP.99:197,22.14969191518106,18.688817710377023
OPP.99:199,17.782221715064626,-0.6651439011097403
OPP.99:214,13.163641848616502,24.300566075749078
OPP.99:230,9.462009800500843,22.113257344522598
OPP.99:257,6.763735048164487,31.94537432098821
OPP.99:323,13.712586755994884,22.539184311930125
OPP.99:379,-2.2761117735660212,25.877904160332214
OPP.99:389,15.710662966973047,16.35476875782287
OPP.99:432,-9.313312900767434,24.59131213376959
OPP.99:527,-8.644295078691572,-4.465286747503575
OPP.00:001,17.713388477065237,-1.4547076654427276
OPP.00:007,10.171425525793689,20.906817948896364
OPP.00:023,14.442863255532496,22.229613846100907
OPP.00:031,7.263237252491931,29.852489856108274
OPP.00:033,19.199893424732867,20.73534904671373
OPP.00:036,3.541707610763689,26.879206999905012
OPP.00:045,9.434151118523125,27.667997253547508
OPP.00:046,12.35352719809375,15.95593701523011
OPP.00:058,15.086823683860507,19.940317463603474
OPP.00:068,12.621428533969771,15.288581638266223
OPP.00:069,13.811561887738225,5.5138083801549325
OPP.00:070,14.06909591302332,23.314225818391094
OPP.00:101,18.69825003612592,14.676167249564058
OPP.00:120,-7.403898612160813,30.130152718017868
OPP.00:131,17.53778260654045,22.39914243977576
OPP.00:134,23.42442725194254,12.857363555553475
OPP.00:147,2.6741548486660753,-9.615471148725387
OPP.00:148,14.200803491068912,2.422370005653628
OPP.00:156,5.308654227637746,27.064224179661302
OPP.00:204,-9.885659295360663,25.527977139956622
OPP.00:246,11.282890356237452,28.083495291304395
OPP.00:268,-14.718336066789512,13.95119509164894
OPP.00:279,20.352910838067174,14.352084150909478
OPP.00:280,8.674870771542915,-26.361553437974106
OPP.00:317,5.538717569559021,10.955920051185053
OPP.00:338,15.460603876722265,20.066190609354642
OPP.00:341,25.1030787388003,7.098071035044721
OPP.00:377,21.32475582597931,4.140446145800775
OPP.01:001,18.07814307319175,21.065847441990353
OPP.01:002,18.393948049707447,17.824963536535304
OPP.01:003,5.061909072776012,21.218895887105955
OPP.01:004,0.49019034653759436,22.779063511913986
OPP.01:005,-8.014261707250887,17.898963928952128
OPP.01:006,17.210254922053885,29.378495898929827
OPP.01:007,4.904226273796488,18.796330826259638
OPP.01:008,15.871414102700035,15.11376112748167
OPP.01:009,1.1711504073065924,20.278113398572163
OPP.01:010,-7.02748757142452,-17.179111024776994
OPP.01:012,18.066962152546534,19.2865067160061
OPP.01:016,1.4649514913547736,18.475368626303506
OPP.01:018,-12.449469708112268,12.088292821043828
OPP.01:019,-6.6523235776761656,14.172544129913746
OPP.01:020,17.225377604770735,2.7853714176570663
OPP.01:023,10.30939383251309,15.976299969438086
OPP.01:024,6.877787906286139,25.43773712837844
OPP.01:025,8.556608833745745,26.1700765769648
OPP.01:026,0.97112553654830025,23.62204309545094
OPP.01:027,12.520010707325975,4.972915277121047
OPP.01:028,0.5951260739485097,23.50639844897363
OPP.01:029,-9.286261451593447,12.145309429359466
OPP.01:030,3.9969614924728325,21.170773742738213
OPP.01:031,17.3928134441993,11.905267756723635
OPP.01:032,3.1731826469375197,19.291103622236733
OPP.01:033,-7.714021192770999,25.066771002729297
OPP.01:034,-7.608146824907115,25.412213537558365
OPP.01:035,-1.07837575892613,-2.7484687937486467
OPP.01:036,10.726930097741638,13.102866848696
OPP.01:037,-8.009141148321365,23.799400688460224
OPP.01:038,14.968567118575669,25.362312900129343
OPP.01:039,14.131083591084117,17.7507970130336
OPP.01:040,13.621212573382094,22.155493990401443
OPP.01:041,23.218610876228137,17.781879764719896
OPP.01:043,8.629752523377775,12.216753737004558
OPP.01:044,3.9343401398935267,21.20491964416122
OPP.01:045,11.8729405330111,22.331733917376283
OPP.01:046,-5.32167038171428,20.82718103851689
OPP.01:047,16.804502496995088,19.291050953487172
OPP.01:048,19.060708167357305,13.877604719168298
OPP.01:049,-0.8400773829927709,14.601665612120714
OPP.01:053,21.23542405886394,22.26919198312111
OPP.01:055,-7.329586635552287,22.475697578192225
OPP.01:056,11.711110599033734,27.962881433574264
OPP.01:058,12.333219139410145,10.360563513123541
OPP.01:059,-8.552087638172106,15.517695119567993
OPP.01:063,-5.629025526723587,22.74239335546167
OPP.01:065,-8.81983674580204,15.036940766258171
OPP.01:067,23.9822264148584,5.594919067771767
OPP.01:068,18.588349193044223,20.015087553191922
OPP.01:069,7.126777172192854,20.279047284769483
OPP.01:070,15.08974390018747,2.07047332794172
OPP.01:074,22.106217563363927,9.264823940859955
OPP.01:077,-21.324731782878022,-7.520599850404174
OPP.01:078,4.761263321773817,30.74308277051623
OPP.01:079,9.961742378526266,-6.152817840377038
OPP.01:080,8.580396397623595,9.794198299292512
OPP.01:081,17.640326085219368,21.820225079711566
OPP.01:082,19.18821113348199,22.24389942244663
OPP.01:083,-0.5556106387974754,-0.1651933749270367
OPP.01:090,9.003917051496487,20.509415449555288
OPP.01:093,22.556750488859475,10.466462594767716
OPP.01:094,0.8288514817858949,16.874025716751984
OPP.01:108,-10.122227403057177,24.214002583367908
OPP.01:111,-11.135966772774333,20.22568953667483
OPP.01:112,21.97170650611311,8.221958929286847
OPP.01:116,25.21708899943388,7.603199946529833
OPP.01:120,6.339726507575795,28.027146984386412
OPP.01:121,20.98960624387709,4.236683024614561
OPP.01:122,24.244822146686793,5.537600273266285
OPP.01:125,10.534541961355194,15.713895808476922
OPP.01:126,-2.938355812293853,25.27669442699179
OPP.01:128,20.581373349591328,12.520935827955343
OPP.01:129,-6.371575076363858,21.000379173725833
OPP.01:132,18.91644179857797,13.543480169489932
OPP.01:133,-20.833342506941687,-7.600033431267696
OPP.01:138,0.7813491749241779,-9.927603511227197
OPP.01:142,-1.7755032442801868,1.9310849026975296
OPP.01:143,4.815592989508785,28.926866739334557
OPP.01:145,9.050706877335912,12.006518672801521
OPP.01:147,14.027548342371182,22.95950161070113
OPP.01:150,-13.512401461393077,21.437576923034023
OPP.01:152,16.193786638374156,15.821841443951238
OPP.01:165,-0.6702820057034924,5.805846989164482
OPP.01:166,4.849853212926419,21.367307868367764
OPP.01:168,-2.6531645437951816,-4.929189732582376
OPP.01:172,20.02617357241842,4.513112932625093
OPP.01:174,15.19237744987459,24.269271802676712
OPP.01:175,21.981735459204582,2.36466669439553
OPP.01:189,-16.90020590112529,20.20395933111735
OPP.01:190,-4.523672110759962,28.646886277431506
OPP.01:192,3.7905484932609306,24.658705955186306
OPP.01:193,-7.717796734714245,25.166470350951805
OPP.01:194,-6.248122800924342,12.20365244582129
OPP.01:195,7.668277545216544,21.644556463100276
OPP.01:196,-4.126386819700534,22.63629547237322
OPP.01:197,14.688138904956439,1.7381569402020531
OPP.01:198,-6.856649724373109,19.14978771749187
OPP.01:199,-4.323167853692211,23.708442779923065
OPP.01:200,7.639309281579548,4.464826477487618
OPP.01:201,20.242287368928288,15.3208775692795
OPP.01:202,10.489326513638114,22.286926917115185
OPP.01:208,16.0247079487176,19.587078759663324
OPP.01:210,5.974726012293204,-20.46106045875115
OPP.01:211,25.522905948388637,13.641486787659774
OPP.01:212,15.380423655076122,26.253215661093826
OPP.01:215,-8.516893635145783,25.577130607939857
OPP.01:218,-5.757164262043439,22.584655901813317
OPP.01:219,5.139928920435401,23.390320467264008
OPP.01:224,14.061702083844057,-7.506345849565675
OPP.01:225,-7.573063094784226,10.053763699918097
OPP.01:246,13.654616593081933,6.012660408856564
OPP.01:247,0.0010497493109802038,4.360498264971813
OPP.01:267,8.153195847663063,11.627039764712096
OPP.01:283,9.376417204982577,15.109060155148192
OPP.01:285,6.077962059289121,30.23217835070912
OPP.01:287,-0.5565443675572851,4.30463290976603
OPP.01:290,17.74780114834288,14.003232610382312
OPP.01:301,8.227148147764222,12.485562483007895
OPP.01:342,7.808258831704003,22.704186931652973
OPP.01:377,-1.5433292495726831,19.380940605048277
OPP.01:393,13.99464446023366,16.188239404196942
OPP.01:432,5.507548935359772,10.043930584751461
OPP.01:438,-6.852482566205814,30.09301329983679
OPP.01:440,10.336403209923834,23.61551075007464
OPP.02:001,14.973200436298432,15.38943289528865
OPP.02:002,9.812040452707297,27.183465456961528
OPP.02:003,17.929820250053318,24.445744530564724
OPP.02:004,18.1556969916649,20.186749712975825
OPP.02:007,8.516664416240385,28.390085438948415
OPP.02:008,7.2678759995237865,23.967460530394934
OPP.02:009,17.002583763226703,21.98109517602974
OPP.02:010,-20.018964917563064,21.406063722815848
OPP.02:011,13.004120809370592,24.783105444446786
OPP.02:014,4.136917779790165,15.31976552760847
OPP.02:016,12.2183360241967,25.693711988880022
OPP.02:017,9.81553876752748,27.30481807492437
OPP.02:020,-15.064644361318312,22.275835764151594
OPP.02:021,-8.814161881513291,22.049729146095892
OPP.02:022,16.598388560201958,17.78041041517186
OPP.02:023,3.2838695721014055,26.703213496768544
OPP.02:027,15.823880715161856,24.515100724232962
OPP.02:031,13.525609628316024,25.84509347376719
OPP.02:033,15.8939908319525,24.55090014196419
OPP.02:076,-0.29340814329642967,4.331000161565805
OPP.02:095,-9.483838946602035,23.83694115234166
OPP.02:200,12.023047922155639,23.795215932539033
OPP.02:220,-10.58350148145505,28.387911976004457
OPP.02:266,10.446055697764525,15.859618671567215
OPP.02:272,0.21445857957035136,8.209974626052306
OPP.02:282,6.556256771203488,9.37563203461132
OPP.02:283,10.936862897571999,28.74002109630992
OPP.02:304,-9.413954507439554,24.93140952101278
OPP.02:308,-3.2650860442482914,2.7556136550065764
OPP.02:309,9.253969585758778,20.563052658841336
OPP.02:310,7.727740225255843,25.030762048955683
OPP.02:311,-2.725010409834658,27.66026212278841
OPP.02:338,-18.737703200363935,-28.163395317552617
OPP.03:001,16.50544125487719,24.533295560305287
OPP.03:003,13.25478666967897,26.624718772077912
OPP.03:004,18.61014710435629,21.299634825029454
OPP.03:005,14.883122136500448,26.676448880324386
OPP.03:006,6.496125654820312,29.904133855564925
OPP.03:007,12.296294499395827,23.60836715493279
OPP.03:008,15.664370615179374,22.64500207317222
OPP.03:016,17.00588341695521,20.58104005931261
OPP.03:017,17.66921958512233,20.336727593366057
OPP.03:018,6.696362701771,11.60094035648397
OPP.03:019,23.67420455217002,14.708007744583327
OPP.03:020,25.663892605163902,2.570020952514915
OPP.03:022,16.560651009212805,24.15091609582056
OPP.03:024,17.398779522445945,20.52837860700002
OPP.03:027,17.50244685498237,21.150022227024234
OPP.03:055,16.09324929443866,24.06196284197404
OPP.03:058,-0.3077853337290996,24.389232221157236
OPP.03:059,-5.095630870461227,25.922487158461436
OPP.03:080,15.992016807580663,22.552712891967893
OPP.03:083,23.80216262228888,-0.5996804851365365
OPP.03:087,9.47572005337151,27.821592445627072
OPP.03:091,-0.7406082542240561,25.10515687695519
OPP.03:115,14.291828438758275,-4.0075227413726
OPP.03:116,11.556852825309328,22.536095185932737
OPP.03:142,11.645178728984812,-5.194348765734731
OPP.03:162,8.274792034188765,12.757883288973204
OPP.03:204,-9.24620595484729,25.018133778810768
OPP.03:214,10.885049622570865,25.254905553125646
OPP.03:215,8.723771294649321,29.23855381921768
OPP.03:225,-2.48191861933631,27.522866935327468
OPP.03:226,8.219601739581087,12.704571770707139
OPP.03:228,-19.4770402880631,22.637770109542416
OPP.03:245,9.448547143361221,15.513709574684102
OPP.03:246,-17.676715310833583,15.769291012464857
OPP.03:248,9.032751238833828,6.3891183027430705
OPP.03:303,6.902329029038148,-10.280767161721826
OPP.03:305,-9.645055536758633,22.75545756002143
OPP.03:306,-16.37394395068819,18.113460438194508
OPP.04:002,10.070830495080942,27.092096306035867
OPP.04:003,20.13326456054744,20.11946124182137
OPP.04:010,24.17347073447388,10.240643015579199
OPP.04:023,16.49195915279224,24.022703089647617
OPP.04:025,13.260354488840571,26.170521255710096
OPP.04:028,20.84636269499701,18.9245055148904
OPP.04:029,15.160490683279486,23.512485258999845
OPP.04:031,18.32192041656555,23.108788856474327
OPP.04:044,-5.349660810203186,28.30216977707668
OPP.04:053,14.442737253219482,23.85425039936345
OPP.04:071,12.416574612356294,22.981503069199636
OPP.04:077,19.433189290715553,22.4860143501274
OPP.04:133,11.199427692380755,20.759218943926335
OPP.04:150,-15.248712486891195,19.011132833574372
OPP.04:155,12.836195818175408,12.330271205498276
OPP.05:001,11.96683651572756,27.667842910302397
OPP.05:002,-22.00324965444093,-1.59681025412733
OPP.05:004,14.627349996575479,25.683777372870306
OPP.05:019,3.443130435699684,17.693122606519825
OPP.05:029,-6.309695280604967,27.853666278704093
OPP.05:030,-7.57562430076932,27.358469377392012
OPP.05:031,16.94513356750993,17.245691874426893
OPP.05:033,-10.158815536145628,26.9956515831105
OPP.05:037,13.09345810765911,22.850283769000978
OPP.05:062,5.967557306045873,19.671485807624386
OPP.05:069,-6.874523990012544,23.69778707101921
OPP.05:071,10.250596353505573,21.087921699818814
OPP.05:335,16.71969007336968,21.891626246401742
OPP.05:359,-12.319844241006662,21.974688594093955
OPP.05:362,-0.6174535078102015,30.301522991093943
OPP.05:364,15.679620505337079,23.969767533387706
OPP.05:377,11.067711333616765,27.196184575280515
OPP.05:498,5.083149963006036,12.350246588762198
OPP.05:616,3.457058400507722,9.904509717662082
OPP.05:630,-20.689495235131123,9.312050542029281
OPP.05:632,-24.110007160501244,6.613127573588062
OPP.05:675,-16.10177477880185,-26.3030580275461
OPP.05:688,-9.544006699800077,-1.9465416714533816
OPP.05:732,-15.92102894873298,18.33402677264172
OPP.06:009,-6.608601777903215,25.428705475766495
OPP.06:010,-6.593135759763524,27.761341535740524
OPP.06:012,4.2652243742778495,29.351035477929432
OPP.06:014,12.848723861083812,25.333347375537556
OPP.06:015,-6.33354153449517,17.242863630501517
OPP.06:016,14.029264233849947,16.17695014366649
OPP.06:018,-11.05350808150896,24.826683194738635
OPP.06:019,-16.338545578034573,17.927562626305942
OPP.06:020,9.649366824996765,30.27416651182757
OPP.06:021,11.515471502158661,10.320416084982567
OPP.06:023,4.895146055651339,21.539224638542507
OPP.06:024,11.336289865082046,28.005982806135115
OPP.06:025,3.2630578342194663,11.486206341689455
OPP.06:026,-10.54173360346974,21.01006754646055
OPP.06:027,17.988561363330685,21.890575282299814
OPP.06:031,-8.142304252987888,23.769747331541588
OPP.06:032,-8.659102908890292,27.00909565258975
OPP.06:034,9.17265147657849,14.897386486031488
OPP.06:036,4.178656537758462,29.568227308557958
OPP.06:038,-7.948613326080231,27.276092973793528
OPP.06:041,-14.793068089255067,19.008228001906673
OPP.06:043,-1.674715831549583,25.495442274027944
OPP.06:045,-4.401545113337298,29.7993185185373
OPP.06:050,-15.320652725783924,-3.6738388118027574
OPP.06:051,10.072624930999307,27.943367877801048
OPP.06:054,11.138976103940507,27.952489869821665
OPP.06:055,2.4728314495113284,13.970764170806948
OPP.06:074,2.267660184897458,13.589330393902433
OPP.06:075,-17.096140969644107,18.212292707676752
OPP.06:078,-15.456048478409768,18.031065739671156
OPP.06:082,-2.2235795915702763,-6.326138361591439
OPP.06:089,-20.369236379627996,16.41191983373987
OPP.06:094,9.87293721945539,29.758572270621745
OPP.06:095,-6.812428947114482,25.478211056244287
OPP.06:103,12.198783314477858,27.71653678946111
OPP.06:129,-21.207096019801682,7.900710971491676
OPP.06:130,10.896659764614926,28.42681796900551
OPP.06:131,5.310272704270905,10.359240523620086
OPP.06:133,19.466164840386533,17.40110219914586
OPP.06:135,-20.02603916060294,1.484321493391669
OPP.06:138,10.188684482260802,27.319215560641958
OPP.06:164,-4.336928385533029,27.03440275589924
OPP.06:166,15.670287842886458,24.757595455068063
OPP.06:170,0.5046550043283351,26.906732214366585
OPP.06:173,-7.249126003252475,27.374184985193427
OPP.06:175,-7.690048853494318,27.479986694299583
OPP.06:223,-17.95220555448343,1.1963554531672362
OPP.06:232,10.955237274977796,24.133461708926347
OPP.06:233,-19.560172604647796,21.268423892989514
OPP.06:234,21.74850814984426,7.631255708149463
OPP.06:235,-3.691721366890521,26.404743967869177
OPP.06:248,-5.805826137815339,25.755245659585842
OPP.06:253,-16.562750761878842,18.342841072582786
OPP.06:254,8.411649008118124,12.774786177237276
OPP.06:266,10.946318962547362,18.992235210148802
OPP.06:305,18.645458023819664,0.8939866263580778
OPP.06:357,11.075593873916965,15.049893539911052
OPP.06:378,13.610192711909963,22.201984821088022
OPP.06:427,7.508715817726546,11.285230249845947
OPP.06:430,14.543920505187044,28.547149528438
OPP.06:606,-23.741243414711647,8.90332981757512
OPP.07:001,-20.814622420233,13.060652528410854
OPP.07:002,3.1513267328169157,19.165276288348412
OPP.07:003,21.711663823686738,-2.456753873184716
OPP.07:004,13.73667363793304,28.502267451963764
OPP.07:008,19.08652998685776,10.923369025325997
OPP.07:009,21.732290565576896,15.591933482056472
OPP.07:010,16.744880151103064,-6.627497385159521
OPP.07:011,-12.631009921726127,-13.261564059077156
OPP.07:012,-16.97223578287702,1.474802883070822
OPP.07:013,-9.46682409475895,14.369395884009192
OPP.07:014,22.361538289745486,18.537077189658557
OPP.07:015,-14.936932583616246,10.03578210837021
OPP.07:024,3.3835482714739964,19.39481810173051
OPP.07:025,3.33842701967187,-25.7323370631401
OPP.07:026,5.070627991026698,-20.21232418211297
OPP.07:027,23.292130729712294,17.248991550384567
OPP.07:028,-10.164292552617775,-8.874506046999205
OPP.07:029,13.200652720975178,14.937568711937415
OPP.07:031,-3.2287155555913523,8.868895989335025
OPP.07:032,-16.187643761484118,-1.3447610396063154
OPP.07:033,-15.732520835013267,2.3652836813075537
OPP.07:034,6.689520465378494,-19.400129240366333
OPP.07:035,-18.279346685053486,9.619000434926953
OPP.07:036,-11.305486914588931,14.294456087728626
OPP.07:038,-3.2128496147899477,0.9423077894370558
OPP.07:043,11.9184292080877,9.301141010720066
OPP.07:045,-12.407724468377653,-21.186235266152497
OPP.07:092,19.289009822027094,21.771633934456315
OPP.07:111,-2.3289467014981096,19.34470098615318
OPP.07:119,23.75736881328596,11.66239101631131
OPP.07:134,21.470443039831803,-1.4898709179799954
OPP.07:135,-14.787692409231385,-7.73432129256371
OPP.07:270,-14.74595167827752,1.5191650331529938
OPP.07:274,-18.232145210447975,5.668737534400724
OPP.07:279,25.32117583456042,14.022280052714425
OPP.07:280,-21.108123762841693,3.3081840038508585
OPP.07:281,11.030505335159788,18.56429969897134
OPP.07:285,19.538032950319522,14.877874304268806
OPP.07:330,-4.5547632345299,2.9321194270890953
OPP.07:342,4.046901471420303,0.0473438139557342
OPP.07:343,-14.988500685780798,18.67874994014502
OPP.07:344,-8.822525036401526,19.967820003459845
OPP.07:345,-7.3221832910566205,-31.282662577641524
OPP.07:346,7.95647753280532,-32.36443269392402
OPP.07:347,15.699557755360818,15.421897243451253
OPP.07:348,-17.973362361004753,4.684320742558348
OPP.07:351,0.5204296861913926,-32.34799881612562
OPP.07:358,17.099946346941643,2.7802588826051546
OPP.07:359,-19.062259332837556,2.885208797724576
OPP.07:371,-12.954913247474977,18.22753623858198
OPP.07:407,7.584983045645462,28.154478342713695
OPP.07:471,-19.123012738473864,8.375452529387724
OPP.07:505,6.391990048809941,9.338530958481865
OPP.08:001,15.265097636898659,22.859344808713935
OPP.08:002,16.168196373027982,23.91090216119278
OPP.08:003,13.32360115812034,10.569443276762561
OPP.08:004,20.09955480370869,19.59231141501175
OPP.08:005,13.984694679501382,23.752884332990824
OPP.08:006,8.526555117941854,7.283922829682715
OPP.08:007,15.83243359193461,24.62348362680473
OPP.08:008,14.946109578381872,23.932916237070344
OPP.08:009,17.323360330092466,21.886159162836137
OPP.08:012,17.11555458359768,22.353426047778754
OPP.08:013,22.343343418358334,13.274398102337774
OPP.08:018,15.56743245337276,16.267043534511224
OPP.08:019,6.854339018448633,9.022006625206586
OPP.08:020,26.452819842863693,7.945269220122594
OPP.08:021,14.243595730122028,21.017660716563807
OPP.08:026,-2.3438066309118013,22.80931719044239
OPP.08:027,22.503279399972595,18.137011034919038
OPP.08:029,16.285841385697754,25.232200038591465
OPP.08:030,14.023292645377994,25.66433936020029
OPP.08:032,17.488079485888655,20.55472046604621
OPP.08:034,23.85366732898289,19.938925863544057
OPP.08:035,16.19744557662838,21.077406646137447
OPP.08:036,20.370851641081806,5.436526383357788
OPP.08:049,-5.311480260880974,22.131175558682664
OPP.08:055,1.8615933710091397,-18.236443049520986
OPP.08:091,10.956500857330614,11.146740648026029
OPP.08:092,16.464582605833495,23.67253269153681
OPP.08:110,11.32547001333071,29.475425701659255
OPP.08:111,15.222174641391488,23.246113837634955
OPP.08:112,19.889073158031962,11.961883339316234
OPP.08:117,18.552227405155715,19.955155791465693
OPP.08:123,15.090481939795637,22.341571706632266
OPP.08:129,-7.447680154017741,18.444417598581776
OPP.08:138,21.627559908193824,19.77658543421653
OPP.08:140,0.37671972314911445,24.59841038963772
OPP.08:141,14.675471441215686,21.871912071429907
OPP.08:145,18.31799705569529,21.59473300552565
OPP.08:149,12.118901705883006,27.766393701677906
OPP.08:154,19.43762861388322,18.794152971753057
OPP.08:167,15.260196725517854,16.20282649341722
OPP.08:176,8.700592226468782,20.787141788553523
OPP.08:188,15.001582068050597,27.169964456246635
OPP.08:232,25.027475900856047,8.516093486346126
OPP.08:233,-2.9666722600555744,28.299907367180108
OPP.08:240,11.836597259905892,21.82958617833628
OPP.08:241,-7.008502006193726,17.79507142750567
OPP.08:242,21.08186725183962,16.311210130351547
OPP.08:245,15.868019811766098,24.40644192901552
OPP.08:251,12.098932721828321,27.03423435384905
OPP.08:254,14.910876492879506,12.827050066209532
OPP.08:259,7.991266543340414,-4.983149148139205
OPP.08:261,-9.003212031198888,11.862317945127744
OPP.08:262,20.04520915633896,0.3057278094229822
OPP.08:263,19.18970141720312,20.875166743742618
OPP.08:265,17.341453710977106,21.61088281934239
OPP.08:311,5.358348077559631,26.52962486216206
OPP.09:001,14.349555315498492,23.271608879253755
OPP.09:003,5.933827892062039,14.673586433911437
OPP.09:004,23.020258164000694,4.066553989605394
OPP.09:005,1.7361347083709526,-24.31890829815545
OPP.09:006,-2.613720230192494,-5.7968903346296266
OPP.09:007,22.129056981143734,13.4022577345958
OPP.09:008,11.195918807484698,12.103344917220678
OPP.09:009,-0.39361588907607836,20.138508223089016
OPP.09:010,11.415029146403345,25.383924616363274
OPP.09:011,-0.03371259302171887,-13.006837012090212
OPP.09:012,6.6009494491198,21.85758587649664
OPP.09:013,22.431157149313812,16.919055649347282
OPP.09:014,28.74830605718218,7.547980202265648
OPP.09:016,24.662787924061604,13.703736815386529
OPP.09:018,-14.715673689418566,0.518842912646013
OPP.09:019,-1.063345229578013,24.995467324869637
OPP.09:022,-2.1186277332299226,22.78675288280291
OPP.09:023,10.22746274870251,9.776009337652585
OPP.09:024,22.67641045044056,17.503273916004893
OPP.09:025,3.864687525859054,24.74239475398145
OPP.09:026,-5.4877222770111445,17.574297799876256
OPP.09:027,21.760877094035614,18.74907073196184
OPP.09:028,-11.03593910442892,17.537370141453646
OPP.09:029,-4.343226154942587,25.6169625255288
OPP.09:030,-6.599595839269151,22.33019037644157
OPP.09:031,23.420583252044807,14.579535208174613
OPP.09:032,26.609843624761282,-0.5267341236335273
OPP.09:034,11.967812515597034,-23.157085237955332
OPP.09:035,-22.905783306323816,13.835025983743463
OPP.09:037,-14.09039306977776,10.227308439118847
OPP.09:038,-0.3619594083018513,24.136533188007903
OPP.09:047,16.85758546625894,22.71052697507136
OPP.09:052,8.057504698091975,15.421540301121311
OPP.09:053,16.23142934897827,20.500743018416046
OPP.09:056,1.4239105317752105,21.996757387434812
OPP.09:064,14.76586110748905,29.540803835447548
OPP.09:077,-1.6494833806572298,24.18378238332775
OPP.09:079,2.450108259395906,21.758622400384134
OPP.09:098,0.1935757783633611,20.438468720050068
OPP.09:102,-7.277645025306662,19.28686181378205
OPP.09:105,23.213286458222946,3.3188612937029305
OPP.09:106,24.167797229882204,11.583968887050558
OPP.09:107,-0.41949977545710004,4.329347322735922
OPP.09:108,0.01804011599501119,-12.1289531655511
OPP.09:109,22.725966480517137,17.07212266088797
OPP.09:115,8.057626610572957,27.783831940043488
OPP.09:121,22.508486094110303,17.32874622919139
OPP.09:124,-14.026289478663054,-30.380882586620633
OPP.09:125,24.887372796683216,17.46298848427638
OPP.09:133,-2.5229709878074242,21.706429017341367
OPP.09:135,-6.307104749726709,26.19820605693197
OPP.09:136,17.126979891171697,22.207859944668673
OPP.09:138,8.610721362202526,7.004079077796431
OPP.09:140,9.587951095890688,-10.09150382359812
OPP.09:144,9.956220316905718,8.708501475947772
OPP.09:145,-14.34320566603728,11.266035070758642
OPP.09:149,3.085294613050559,26.05783589799073
OPP.09:151,-13.575984380839094,15.542300803038405
OPP.09:152,-0.8383070437913421,24.887930265064732
OPP.09:160,24.43388781702111,9.520855275081171
OPP.09:161,-0.8320274861658274,4.911678942306548
OPP.09:164,-9.570623697781723,-5.159132130864497
OPP.09:165,11.317715825662631,25.205366347915675
OPP.09:167,9.899734208061918,7.378287270353232
OPP.09:169,21.952843581361613,4.175958766525001
OPP.09:176,-0.8753520000277807,-32.39719984914143
OPP.09:178,-6.187829985980659,24.87847854532372
OPP.09:180,14.978230373822532,-8.59311212405359
OPP.09:183,-10.674552184236216,-32.921371146315344
OPP.09:184,-3.9004788452024863,26.97522594193618
OPP.09:187,-12.38446032995089,15.527628268868998
OPP.09:188,-4.668163848065217,-3.870005659132003
OPP.09:189,0.3206910221196934,-19.028315973157127
OPP.09:190,-1.9949009967828772,23.028739189101707
OPP.09:191,24.1655372284424,-3.1354052187437254
OPP.09:195,0.6979408457145395,2.298827812394592
OPP.09:197,8.996505305023122,-5.588483380541612
OPP.09:200,20.576430317793115,-4.118009695053713
OPP.09:218,2.683495602965169,-10.411147107849166
OPP.09:269,-21.559290052166244,7.518601852163196
OPP.10:001,-4.531260043634377,22.867575117071333
OPP.10:002,-2.2064347861941274,22.79050437918072
OPP.10:003,-12.756151970878634,11.938381125701552
OPP.10:004,-10.986340943488214,14.48682564764327
OPP.10:005,19.384705151906452,1.6138808049246536
OPP.10:006,-12.245264721313944,11.52848277347563
OPP.10:007,-6.546511626819025,21.01885299666151
OPP.10:008,5.680903806232208,24.072310397451787
OPP.10:009,17.363893514615853,21.847067157874022
OPP.10:010,-0.5672688623307883,7.912140599127931
OPP.10:011,12.357512901025064,29.908954419884232
OPP.10:012,10.918733255231226,24.757552642911467
OPP.10:013,7.796660230612602,15.7188032110821
OPP.10:015,5.249016615773343,25.543247953203828
OPP.10:016,3.4025990331385416,21.495761073785097
OPP.10:018,-8.107920532147538,23.30952154929769
OPP.10:056,4.99227890758047,13.3666811521068
OPP.10:061,9.763550407984598,23.7876297792774
OPP.10:067,-21.0785316287223,13.889526209686428
OPP.10:076,23.262402585854733,14.493037308384551
OPP.10:077,-6.2800980494823735,27.02050640178082
OPP.10:078,18.26502916720819,5.959745171011771
OPP.10:081,22.036673780762563,8.19205015412993
OPP.10:082,26.35298704634298,10.892102368361485
OPP.10:083,11.618434043437967,24.89875084933819
OPP.10:085,4.062359440331576,-0.2465278482078223
OPP.10:086,9.440242767592677,22.276597307821884
OPP.10:087,16.438935350745513,12.01122317788471
OPP.10:088,3.498607086704115,-31.716867540364113
OPP.10:089,8.289562640728764,21.741476814780345
OPP.10:090,8.605276247749044,22.441383614331844
OPP.10:091,9.027884355930416,-6.338427208402625
OPP.10:093,-1.121168541757784,-11.941041776861715
OPP.11:001,7.4521345340206775,23.77559684465299
OPP.11:002,1.6031113394351595,0.20329140926530553
OPP.11:003,-6.528460656585257,10.715851291730628
OPP.11:004,-8.443943750314123,27.238878472703785
OPP.11:007,24.3162001242616,-1.3652404042410147
OPP.11:009,6.6279069178679055,24.206141212503937
OPP.11:010,8.936650516854721,22.867879091491968
OPP.11:011,10.494606315225147,32.02518667073608
OPP.11:012,7.3659172835157944,23.993063592491932
OPP.11:013,9.072268488780649,-2.0179936919807218
OPP.11:014,-2.3396043279782703,11.64405253637937
OPP.11:015,9.3449608365023,15.075398744102392
OPP.11:017,-2.8314238707636297,12.941728947327972
OPP.11:018,17.606184352942755,10.974031288210181
OPP.11:019,8.9266676726459675,23.14321340211715
OPP.11:020,-18.390156690870086,14.993564098308951
OPP.11:021,4.067666660663164,-0.17652652574129282
OPP.11:022,-6.276987072579111,20.96236099134337
OPP.11:023,2.2939423776662102,1.4448961122318245
OPP.11:025,7.12046526664937,28.76450930449497
OPP.11:027,6.366566355842825,24.076009909356923
OPP.11:045,-17.870943016089118,8.97979738443285
OPP.11:056,3.9467848858527974,-0.10328301336160639
OPP.11:057,13.997148333277737,24.406048642029727
OPP.11:059,2.8042826991334264,-24.610829047934317
OPP.11:064,15.380455485122406,1.2373599221658256
OPP.11:065,-12.315894398077768,16.487345777040858
OPP.11:066,-14.137061593628973,12.96137016404833
OPP.11:067,-9.708626861085834,24.024159491968636
OPP.11:068,-1.2168925428568977,-2.6914246570672296
OPP.11:069,16.873365164378647,14.935361677487592
OPP.11:070,-21.933060494730462,-0.21397947896406672
OPP.11:071,15.798796288574565,0.20326242958743143
OPP.11:072,6.623250807954132,24.18356205493545
OPP.11:073,-7.813271146872271,10.136108899988487
OPP.11:074,17.622776929314796,10.747176321500834
OPP.11:076,9.581055442586369,11.738172590329258
OPP.11:077,1.8056207400786217,25.765104744457183
OPP.11:079,-1.988730830702912,27.715619057564357
OPP.11:080,-6.935231985084574,20.298827095718398
OPP.11:082,-13.840036848195194,8.67537706625594
OPP.11:083,-8.253631967283326,8.777646475626115
OPP.11:084,-12.954511054729675,17.384354389746772
OPP.11:086,-8.922492862683656,24.57678880715833
OPP.11:092,-3.861267989904548,30.11916224290792
OPP.11:093,8.077557257378457,26.93377335316062
OPP.11:094,-1.722521404729326,-2.539790864962828
OPP.11:095,-21.573049235143976,-1.8835456706860343
OPP.11:097,-5.662836610155431,-36.033689231764846
OPP.11:098,11.673562420220353,12.248889232325034
OPP.11:099,-4.7634966960099785,-23.971915835802687
OPP.11:100,2.070333208279173,-21.34766474953642
OPP.11:101,-5.857477523095141,-31.94334426116959
OPP.11:102,7.045289421400068,-21.581054630342326
OPP.11:103,-15.566281478790417,8.922155847141166
OPP.11:104,19.028356737033924,10.723785122104873
OPP.11:105,9.343686378038935,26.869178117868014
OPP.11:106,13.383739343276483,-3.6979634917985478
OPP.11:107,9.330710900759048,23.0196183041636
OPP.11:108,17.548287319120593,10.932469939235254
OPP.11:109,-9.343109865571524,25.318147833530976
OPP.11:115,8.806295872631898,23.986993473424523
OPP.11:118,8.1254409954258,-26.29098763813856
OPP.11:119,17.37588113116022,11.209825798601615
OPP.12:003,13.654236053991156,0.4827960487929642
OPP.12:004,-0.6427152078880881,25.316318118769196
OPP.12:005,-3.5796382737695205,-1.8823420599575527
OPP.12:006,-1.9966825977426876,11.53591166808147
OPP.12:008,-12.706371665539235,13.445902829141943
OPP.12:013,-3.448886000837749,32.678121260705304
OPP.12:019,-4.954738637417325,1.7481281242081541
OPP.12:020,1.8053997446166508,16.0590023761927
OPP.12:021,-18.2203865470801,10.882829347863957
OPP.12:027,-2.162854868126187,25.712828968989378
OPP.12:029,-4.361536186107768,22.57443886750372
OPP.12:030,16.041667389351726,0.14472770500053134
OPP.12:031,-2.436747517444069,11.909228667805127
OPP.12:032,2.624502590564376,-6.30046815035296
OPP.12:033,2.5605464844503323,16.370508927951985
OPP.12:034,-0.9443479989961159,1.464911864785521
OPP.12:035,16.977466123371343,-4.244152123079196
OPP.12:036,11.159817467453067,9.138121777524281
OPP.12:042,13.548580325355665,1.8764943785292552
OPP.12:044,21.746748036410903,4.816489254038815
OPP.12:052,19.37218799399312,1.4805377321164968
OPP.12:053,-6.909496828216717,23.586049250845093
OPP.12:060,8.124700727996082,23.41167115940432
OPP.12:062,14.333538286339396,8.73772449694623
OPP.12:063,8.911124627195479,24.063406404112733
OPP.12:064,-11.994997857730134,14.246459535644066
OPP.12:065,-2.4044536427748877,11.907545667633315
OPP.12:067,-2.437518394030571,12.714315287664434
OPP.12:071,-7.930558376937035,15.130938221733729
OPP.12:072,-5.797476128976544,15.956064727698813
OPP.12:073,5.635347274795967,25.0418396622717
OPP.12:080,-0.08016737898397204,25.898698248586527
OPP.12:081,5.821314792055089,24.03949264841868
OPP.12:091,1.7710260710683299,0.27389704476792276
OPP.12:093,-2.845588876790433,11.44316546794548
OPP.12:107,-22.53542616437642,11.953636600126227
OPP.12:109,-2.8021003887871854,12.860424159463054
OPP.12:110,-5.219168481042246,26.928283620477956
OPP.12:111,-2.5390706977342377,12.090867801924695
OPP.12:112,0.35307305231243874,-2.9338394121618343
OPP.12:113,1.3869600705461023,0.06983102880550554
OPP.12:118,10.77857599697944,19.14741869571622
OPP.12:135,-14.308888541320927,10.75694518519752
OPP.12:138,-17.6751200909174,16.173957602595554
OPP.12:149,0.4973283809856685,1.9027537426547734
OPP.12:156,20.86846744734982,14.141177763009123
OPP.12:159,8.604114839487957,22.84947809023525
OPP.12:160,-14.228907049177232,10.298133843246422
OPP.12:188,-5.288528276263077,-12.794364827704204
OPP.12:194,-17.07164649940734,2.960941709826373
OPP.12:197,10.31012051529118,12.009950581587756
OPP.12:206,-23.637524311330516,10.2964062471531
OPP.12:224,22.257401768744742,5.797871115029273
OPP.12:233,9.300816697374794,10.794766201229756
OPP.12:234,5.98301338360724,19.578192487505348
OPP.12:240,-19.06245591154697,6.677684781118825
OPP.12:254,-2.9078130432200426,4.143353659186659
OPP.12:281,-18.521806044877373,20.1526019632587
OPP.12:285,8.049823293885579,26.893360397200478
OPP.12:290,1.6472045679108371,-13.07135149041193
OPP.12:292,4.422790706908385,12.491222585677193
OPP.12:293,14.804664117615635,-4.8318350388378
OPP.12:294,-2.534589519526239,11.329840013897748
OPP.12:341,15.671786851384002,8.211170105876846
OPP.13:001,1.7138302235477954,23.96319581557139
OPP.13:014,-8.053316895844905,7.183880713099752
OPP.13:016,22.680886929214054,5.6625580252679
OPP.13:020,-14.313572010765848,9.136494912533385
OPP.13:022,-3.071800532277238,19.929860152401556
OPP.13:023,-9.113316544078526,-0.9552553540008883
OPP.13:025,-3.9131192274085027,28.87015555453004
OPP.13:027,-12.728959454702046,18.374107767946853
OPP.13:028,19.181918660137196,4.806567113796818
OPP.13:035,10.128157895244739,22.061105866638457
OPP.13:037,-11.77196452346616,25.274278297276698
OPP.13:049,-10.393343158346763,12.816196977903095
OPP.13:051,-4.6969089226280865,6.986776768628151
OPP.13:052,1.5587387744590064,-15.221579720001184
OPP.13:055,-7.939102649708275,5.50224742855976
OPP.13:056,-16.542191644267625,16.13064750071981
OPP.13:057,-2.262902108962404,11.72329943286386
OPP.13:079,-4.992471476647807,8.132733984208727
OPP.13:145,8.258689756668973,-20.57039155557327
OPP.13:147,-0.9065944566382904,14.558080826201369
OPP.13:159,1.0899916820855229,12.00377953527904
OPP.13:172,9.781668072086385,13.200502251727524
OPP.13:273,-3.482229234935964,3.607765597062243
OPP.13:306,-9.519230723985007,13.204094747112702
OPP.13:316,1.2219474592300117,11.465065628152102
OPP.13:319,-21.19420985873317,-5.036800844610951
OPP.13:320,14.49540160449794,-24.72523299674735
OPP.13:323,-10.365401328718118,25.413802654345666
OPP.13:324,-13.183298853525187,-29.361926578480343
OPP.13:326,-3.116276129416663,-13.671350756326747
OPP.13:327,4.447324964476215,-2.256805098927277
OPP.13:328,2.098722301060504,-16.043495922771932
OPP.13:329,3.897531232534674,-9.780094108441775
OPP.14:008,11.512149230674003,11.595223366325648
OPP.14:011,8.790949857896786,25.081544868719764
OPP.14:015,-2.641874111617224,26.314289983608106
OPP.14:016,0.8884828550955393,-3.2247318952695943
OPP.14:023,-13.964599025815739,2.0055591779333994
OPP.14:024,22.280564991447427,9.313717657200048
OPP.14:027,-15.501328096555735,10.12554316967068
OPP.14:029,22.80507877830671,16.220530303855057
OPP.14:030,-1.8234496449742152,20.825230882870564
OPP.14:031,-21.877003045852817,-5.725661366537822
OPP.14:032,5.159425897686364,6.323868542427018
OPP.14:041,14.80377041016701,14.594638622787631
OPP.14:042,-1.9162322888464571,11.456096012370864
OPP.14:043,-21.78902162906847,14.930734326060115
OPP.14:051,21.364091752665928,13.791307989783236
OPP.14:055,-15.679826735738876,15.834969442228235
OPP.14:064,-5.386358504157151,27.409827853077253
OPP.14:065,-9.499775603532674,23.335284134130454
OPP.14:071,8.107207996207142,8.332582549924378
OPP.14:087,-2.392918806633298,11.625701168336349
OPP.14:092,0.3560519127899295,-1.4070942590102458
OPP.14:095,-2.4731163977670874,11.654547834649083
OPP.14:100,-12.36752789097924,13.211363200163857
OPP.14:134,9.14343569041252,26.199626005977663
OPP.14:150,20.462820381813742,13.497726470467663
OPP.14:169,4.526927488039953,12.409163376838224
OPP.14:170,11.088434185548852,2.8393268203827238
OPP.14:180,23.492326478063084,7.616806314511223
OPP.14:181,-8.583354690143212,21.52768718373577
OPP.14:183,23.265045557539775,19.574406463576896
OPP.14:185,21.56098344156517,6.205949544321755
OPP.14:187,20.36436562194978,6.992964060876735
OPP.14:202,-9.165846159101639,13.100900391399982
OPP.14:209,20.97817975808234,2.4891077721034165
OPP.14:214,-2.020497557541346,2.060023977744148
OPP.14:226,13.714405809919137,5.247947715029429
OPP.14:229,22.476778493507812,3.30171813118497
OPP.14:232,-4.294588970733769,3.16132972337308
OPP.14:239,7.929198220653947,-6.766277679640508
OPP.14:240,8.729707181890019,12.950299826289266
OPP.14:241,-2.4435039804335434,11.568144775671382
OPP.14:242,17.039215420181343,-1.4401871936894466
OPP.14:243,5.877665520890413,-20.162533436623214
OPP.14:245,2.76755700017468,8.295874383670764
OPP.14:247,-6.431238154847952,30.681341335013848
OPP.14:250,12.816676786955561,17.274761894212308
OPP.14:251,-8.778834734580427,23.102907410033286
OPP.14:253,9.283016577051846,-21.373715834603605
OPP.14:254,5.16558677518602,8.733588278083438
OPP.14:255,-9.527991459531139,12.736008197412605
OPP.14:256,20.324317041531806,18.00906761891576
OPP.14:259,1.9694675684408054,9.749277156631985
OPP.14:269,14.32676373214006,18.512686572767038
OPP.14:270,-2.6351340069660445,10.569985281887442
OPP.14:288,22.58331531968075,10.218160985640084
OPP.14:289,12.742746075298383,5.673043077054024
OPP.14:290,6.040521694570071,-12.160627813606895
OPP.14:291,2.4990755947716257,-14.280166668297325
OPP.14:292,-2.4719908400081447,3.70545912711196
OPP.14:293,16.00894420490874,14.426572854661464
OPP.14:294,1.5799818153403316,13.14387953904928
OPP.14:295,4.201863628005051,-27.43451521636495
OPP.14:296,-0.8837075993811171,-7.331376016765634
OPP.14:297,-0.7908686925797969,-32.307399305047504
OPP.14:299,5.238998274948962,25.6574208825534
OPP.14:300,3.5299175607849023,7.667299734443962
OPP.14:301,3.9515900508577837,12.439611097178314
OPP.14:303,22.9240817347977,15.09555391455374
OPP.14:304,5.26321055414836,-17.07078464532296
OPP.14:305,5.695119765201814,-6.596205458824047
OPP.14:306,8.069265940278257,2.7953899305682235
OPP.14:307,19.714739148492566,6.0533677695661385
OPP.14:308,-0.8986668611784772,22.672168701124725
OPP.14:309,12.752665183432372,-2.299094697255137
OPP.14:330,13.10647990971183,19.726208479888676
OPP.14:334,14.562243645565028,25.989353881256452
OPP.14:336,4.568207133078224,24.879117988738823
OPP.14:340,7.696593436884633,19.73808026669539
OPP.14:341,-3.499983931033941,4.530798368835672
OPP.14:342,5.0708793824211424,9.31764321935687
OPP.14:487,-16.48089353089865,16.5815092059836
OPP.15:001,20.21819993435757,17.98160139134509
OPP.15:005,13.744100746220168,5.907198763304518
OPP.15:006,15.80994852241276,8.239776468756535
OPP.15:013,-4.352840727949009,7.189357199624532
OPP.15:022,15.847843294625736,0.05232000153386458
OPP.15:027,7.8353075639097005,-4.99844420015849
OPP.15:031,-0.24453330136839357,24.641286394915436
OPP.15:043,14.051797859625673,25.65495565807377
OPP.15:044,15.058709626193297,-6.522355833654136
OPP.15:050,11.075524702056974,27.810819024695665
OPP.15:052,-22.476356875486957,0.9484799969123486
OPP.15:085,-16.938844851386325,7.795597034215879
OPP.15:092,-19.399990822780467,-6.087281706014092
OPP.15:099,-1.106121991476354,21.493576644423264
OPP.15:121,8.328581813108627,8.380460499808715
OPP.15:135,21.99517157354094,15.24979478471331
OPP.15:141,16.425751656215873,21.826524646547803
OPP.15:154,16.564773134528362,-2.667173128010141
OPP.15:155,11.399371026954014,8.099036163610359
OPP.15:191,6.506234812151806,-11.416926275649846
OPP.15:194,-23.27280837092263,10.940952012781656
OPP.15:222,16.03779601812559,0.0753890428453433
OPP.15:224,6.01454444954644,4.362278017361119
OPP.15:287,-2.3963868122224263,-8.821629686809558
OPP.16:043,10.078836915009639,13.23207254738075
OPP.16:045,17.5942733221718,4.4073141772724576
OPP.16:048,19.756744880395278,15.15213531926665
OPP.16:056,19.75137141163633,13.161316479213816
OPP.16:058,20.99482076655941,5.676449573909354
OPP.16:061,-8.837946106472735,21.566209874899126
OPP.16:067,-23.48344474328609,10.459064844910742
OPP.16:068,5.573063880158935,13.829955889657993
OPP.16:092,13.20337136106462,1.852552036664745
OPP.16:099,9.280175471288524,10.81028289849333
OPP.17:001,-6.129214087962229,24.6284838579988
OPP.17:002,2.6623384114325446,-13.752431347831894
OPP.17:003,-14.095879518333655,10.44724856696069
OPP.17:004,2.4154526652559776,13.92612259613303
OPP.17:005,12.62660217413217,26.926313642164626
OPP.17:006,-5.827488830932388,8.44621646627637
OPP.17:007,5.702567245951038,23.70268098028029
OPP.17:008,-13.8887607805225,4.858148728100173
OPP.17:010,-2.579955149830893,25.413927330373465
OPP.17:011,-13.148633240780017,17.501628250033033
OPP.17:012,14.800239032415542,21.15692487360328
OPP.17:021,-3.209915666114621,2.363367469570877
OPP.17:022,-3.577073547387405,3.0027720691237234
OPP.17:023,16.146748640744786,27.63326191603392
OPP.17:024,27.73937498728394,16.63472737770686
OPP.17:025,-13.130824274252927,-6.245118717981156
OPP.17:026,-19.470967904543674,13.754556323629107
OPP.17:027,24.968670196601074,9.13445649920464
OPP.17:029,-17.56155832103465,17.209193757378266
OPP.17:046,2.6095554694790777,-13.247102701702813
OPP.17:071,7.174959304465726,-18.069679657332845
OPP.17:117,21.55548977400286,3.2329143059250023
OPP.17:133,15.030974668838864,-19.95002670958364
OPP.17:144,-21.05866043171221,0.2819061079629182
OPP.17:191,6.450542022194419,10.855727888491383
OPP.17:193,11.820357980122942,-13.230254079417918
OPP.17:196,21.171969192280077,5.498300912808668
OPP.17:197,17.11073245917217,13.210981676793168
OPP.17:198,16.96371678030385,13.157330163226908
OPP.17:199,13.465801999862306,19.761011885287022
OPP.17:202,12.43523138598978,-9.440176110624655
OPP.17:203,14.205234984923115,19.555340447754226
OPP.17:264,8.98763834963202,6.216178202219934
OPP.17:271,-16.252268840124593,18.50567376406577
OPP.17:460,9.676727316336063,27.138092073732523
OPP.17:475,2.637501197996432,-26.17385994960438
OPP.18:001,11.649881357086254,24.439512448717004
OPP.18:002,14.273335031389069,6.518472688634604
OPP.18:003,14.798270764836696,25.06080445488765
OPP.18:004,-0.5656081844405954,21.3732751872173
OPP.18:005,8.563724067050531,9.564574929206113
OPP.18:006,10.671082388206381,-5.502518707166533
OPP.18:008,-4.285740385681915,25.514710980840462
OPP.18:009,10.16499022419494,-23.505511984864615
OPP.18:011,-12.41582621393012,9.556022209822755
OPP.18:012,-15.024881057626398,-7.470076239196977
OPP.18:013,0.9965772619786581,12.63979987288617
OPP.18:014,-12.267698157410367,15.511877037463234
OPP.18:015,3.508042353275206,12.515760771326644
OPP.18:016,11.97191452329353,-3.4623842133731544
OPP.18:017,2.142820432746936,17.27869297031185
OPP.18:018,-4.49125046213833,3.5403308390441164
OPP.18:019,20.288791128271132,17.79675718748112
OPP.18:020,5.361480898894093,14.313262875720875
OPP.18:021,17.593729072176384,-22.653398188604857
OPP.18:022,-2.5192603383823204,1.1270057920976027
OPP.18:030,22.849955534003385,20.214216320631586
OPP.18:033,21.397532129058863,-0.07018259930183797
OPP.18:034,5.138527029092893,9.977736057620161
OPP.18:039,13.77375452376663,5.809515197731978
OPP.18:048,23.316006876057696,8.964258332492262
OPP.18:060,-11.803192521573425,-1.8886117764823687
OPP.18:077,11.906462619966865,22.140087332069722
OPP.18:078,10.887799162540592,-21.152588360884934
OPP.18:079,12.34965953249764,-7.537053460461043
OPP.18:084,2.6646793363889136,8.45626387150243
OPP.18:085,-3.4855207561600654,32.45149267366757
OPP.18:086,2.8858158002366396,-2.72309919824595
OPP.18:088,-7.512369842562374,27.377839534336673
OPP.18:089,1.784756132345182,13.249608111378498
OPP.18:090,14.776715190409305,24.44738354152075
OPP.18:091,22.818782350189846,15.37825695183652
OPP.18:093,21.063993216650776,4.955902548702928
OPP.18:109,13.921407310101998,25.38391278658765
OPP.18:113,13.576293648281021,30.274945075018405
OPP.18:136,11.013390706839187,2.549556084904927
OPP.18:137,10.342705328606726,2.3531221869700634
OPP.18:140,16.27024722426623,-1.422648947381896
OPP.18:141,18.650684233010832,0.42164867873541395
OPP.18:143,0.683389970708513,-20.051356542781832
OPP.18:166,-2.65313634902773,11.56758848456285
OPP.18:170,10.75253703091446,13.285737372672461
OPP.18:177,9.435507839356221,9.594842452122256
OPP.18:178,-9.714979278819476,7.7066751020628805
OPP.18:187,-18.35567517375238,15.233981038253797
OPP.18:232,4.700997441901872,-1.817241864261547
OPP.18:285,-7.616151015239447,27.548335893838996
OPP.19:001,2.196198064074989,-14.49128805695128
OPP.19:004,-0.4399745081764072,7.963411789191414
OPP.19:009,-3.892885094863356,27.767129410758987
OPP.19:014,11.393493130116909,-5.518883981569011
OPP.19:017,16.943567615206796,4.514389601289272
OPP.19:022,23.230452079543856,1.305841766799177
OPP.19:023,18.525937805614117,-17.907179290658615
OPP.19:024,-18.594923725729398,-21.211692405862436
OPP.19:031,10.576255587737954,-5.529775783307078
OPP.19:032,9.180474204335974,16.313611276833885
OPP.19:033,11.553617299045786,10.004976054372923
OPP.19:036,-0.2738661316081244,-20.775451679080852
OPP.19:037,23.09137856340601,15.35250903617408
OPP.19:038,4.4917296789493015,25.093833070373936
OPP.19:040,3.223766602408049,-17.383815846035127
OPP.19:042,20.334613943606726,5.488453377138138
OPP.19:047,-21.331081996284002,-23.411435286735426
OPP.19:079,5.03218920335613,5.993174949139168
OPP.19:082,-5.184423080869586,24.345013243907164
OPP.19:090,-1.5732354526075079,-11.7089233149215
OPP.19:109,21.121921521394874,14.011418585224204
OPP.19:116,22.03698214624524,-3.6574176500679267
OPP.19:117,17.70561277533437,29.4419555753458
OPP.19:118,11.570370772607134,20.56285568607626
OPP.19:119,18.652742351977107,2.2955367893392036
OPP.19:120,5.2174050822791616,-5.5951873890621275
OPP.19:125,-1.0510225797922486,18.426508461012766
OPP.19:146,24.411531386920732,9.683309785174062
OPP.19:147,18.812887408677323,19.09207442600949
OPP.19:152,22.45509648735817,5.749619955669009
OPP.19:154,4.741125666528802,-4.391435166604181
OPP.19:226,-4.122682598445085,-29.042275124838365
OPP.19:227,-4.691860214876347,3.6664265369894813
OPP.19:229,7.812973074049853,29.137793889070913
OPP.19:242,-10.844542390943746,0.21678196184928206
OPP.19:250,-0.2563669938499838,-18.690151961544796
OPP.19:252,8.496111489964457,-26.108469598689183
OPP.19:254,11.727274083387922,-28.07005974279935
OPP.19:256,-7.086089285640321,5.377740348033755
OPP.19:257,3.220479974006779,14.029673055697675
OPP.19:262,24.54122163706122,1.5460239742469246
OPP.19:263,13.194986511115381,-7.941671592382592
OPP.19:265,17.160937021443914,-1.9503917199608993
OPP.19:266,2.6026285021886975,-12.14869448963355
OPP.19:272,-20.05653653331917,9.660296133642396
OPP.19:273,-4.738608700765823,-19.046064136181602
OPP.19:288,14.617173260952159,5.506862838834588
OPP.19:364,10.917440255340077,2.3496300180818963
OPP.19:365,15.656762960958774,8.1473889131745
OPP.19:369,-5.081278279164274,-11.247380846802951
OPP.19:371,-5.587270030312339,5.933840127819078
OPP.19:450,-5.224095871897342,-2.6959160393415194
OPP.19:451,5.066598178804171,-2.058617160481896
OPP.19:459,-0.09981461538253869,-1.3067957044287708
OPP.19:470,3.1734961207524632,23.912650875387612
OPP.19:474,6.040567326224653,-9.030166489739766
OPP.19:499,-24.376505084395614,5.133889772458401
OPP.19:500,-6.019463449314318,-3.1860880924807433
OPP.20:004,-14.491036771712356,11.016334566182785
OPP.20:005,6.4586348001231135,4.2073904254229
OPP.20:006,-21.792663450657045,14.860316102003123
OPP.20:008,-19.082782951561832,18.371531050326446
OPP.20:012,-9.660232649727604,11.823411045779784
OPP.20:017,1.6396397174091695,23.29796607200003
OPP.20:019,-10.387537567907838,24.283246717893853
OPP.20:021,6.865044285866943,-6.703638364159759
OPP.20:025,4.237671447626166,2.9937097022442987
OPP.20:036,10.624151487050401,-10.67002170963871
OPP.20:037,22.431013565111318,3.4128357152794737
OPP.20:044,23.943670500594198,5.6335738707743275
OPP.20:072,19.270571481103364,14.674360967500643
OPP.20:073,7.422131857131302,20.435975548327292
OPP.20:084,0.6929306288479847,17.37827964626238
OPP.20:087,-4.124401687214654,29.3105069013581
OPP.20:090,10.059329663536056,-13.171722418181625
OPP.20:092,18.270604119525448,21.362148881811045
OPP.20:107,-3.2761332160534344,11.063443725916125
OPP.20:141,5.659501735253113,-8.45193219863747
OPP.20:147,-15.807975223788798,7.369528340799921
OPP.20:289,-25.85313886051857,11.413971300724267
OPP.20:298,22.853271743084566,12.67036526637766
OPP.20:301,-5.164533755747483,30.938207979302117
OPP.20:302,7.428530898786781,-6.5111544721385615
OPP.20:303,-8.071540075550361,19.915343318100625
OPP.20:304,-3.797280982867327,31.739517454041042
OPP.20:310,7.5466431462962635,22.569086144012246
OPP.20:344,6.8237953698385905,2.1048375198885267
OPP.20:354,-4.043828663189479,10.916743113642772
OPP.20:377,-2.3749532292463154,22.783706552116453
OPP.20:379,15.368322991900609,21.286035237360192
OPP.20:395,19.936469001476446,2.1451775168119833
OPP.20:396,19.958875612003148,0.3737850455325931
OPP.20:402,-12.043399772049138,5.164655602076588
OPP.20:405,9.503587250707577,-7.866234437776419
OPP.20:524,-7.40966749049565,19.46765706940785
OPP.20:532,5.657849817217891,-6.104686337840538
OPP.20:533,3.142754139407884,-3.461633568023118
OPP.20:621,5.838507126984292,4.525433036337378
OPP.20:633,3.840626277480986,-9.458817907697231
OPP.20:680,9.993878821708993,-0.5492088455525326
OPP.20:735,6.7016758719542135,-8.154715051504759
OPP.21:001,21.86048393683811,4.043367626393642
OPP.21:002,6.325409979445944,-7.190600820140392
OPP.21:004,-14.263021817105958,16.651060357389124
OPP.21:005,11.165672569036046,-6.110105717358432
OPP.21:007,-9.973676546746077,25.63211746042674
OPP.21:009,20.797765975702163,19.578672602058706
OPP.21:013,-3.8531349873896907,27.203103745710525
OPP.21:014,-6.650344143167533,5.96763866864745
OPP.21:016,-10.232994819986903,20.02326721604509
OPP.21:021,-0.5950541590566114,5.7465099877237815
OPP.21:022,3.159307158491272,25.963355753109504
OPP.21:023,22.02327930706717,2.0413259018745005
OPP.21:025,-10.35763073439677,20.836066722536867
OPP.21:026,2.8354461559051996,24.560569190108666
OPP.21:027,18.96472053864343,16.942480218534616
OPP.21:028,11.277339297861406,13.03179949635754
OPP.21:029,3.1971250951634707,25.27341884367827
OPP.21:034,6.623763320691397,9.238236530306157
OPP.21:039,3.215096898466915,29.25589420196503
OPP.21:040,-17.375656434655674,17.51276316651861
OPP.21:042,13.599503802753757,26.01090101185529
OPP.21:044,-16.27134640570961,10.048940576955978
OPP.21:045,-0.740989969683786,4.4904375841679105
OPP.21:046,-0.43205733219934594,-2.8161377380945143
OPP.21:057,8.032170395076358,17.082921621060386
OPP.21:077,-16.339108906857227,13.43139816744044
OPP.21:078,19.25277770470062,14.175112367668387
OPP.21:083,-4.773735967169805,24.322196982835333
OPP.21:102,-13.1700237216596,23.167041185964596
OPP.21:103,3.1091676467152465,11.34146881726197
OPP.21:104,0.5210562477202528,9.83877962368924
OPP.21:105,13.298152953059498,3.455270641437394
OPP.21:109,13.249964189031209,17.703236335366903
OPP.21:111,-14.698674845466956,10.696277837096114
OPP.21:112,-14.794935947919432,15.068819351875286
OPP.21:115,-20.36240245127658,18.357757572017544
OPP.21:116,-13.886828230965106,20.011078558882538
OPP.21:117,-13.906619543561616,20.053821834280964
OPP.21:118,-7.363515899288757,19.10473117570869
OPP.21:119,1.3523667665537185,-12.779190780831678
OPP.21:123,-19.848535763043042,10.915035030722395
OPP.21:134,17.600634215954432,0.9006185774994706
OPP.21:137,19.433012994053257,23.105994038080965
OPP.21:141,13.619285276830583,13.442288652163608
OPP.21:143,-6.251258554454331,24.768541471078375
OPP.21:144,-6.478708132070562,3.491910038903229
OPP.21:154,9.320260811677116,27.904478985890872
OPP.21:158,9.093974258065428,18.68146060261684
OPP.21:163,-5.98134353205172,12.992830314240354
OPP.21:164,4.333651410066784,20.577018262954063
OPP.21:166,13.373605912859443,20.87412329844574
OPP.21:169,-6.582464007097522,5.684984603492318
OPP.21:171,-4.176748602515698,7.314369322549216
OPP.21:172,15.262692497340431,28.051243083525303
OPP.21:175,-18.094900167793988,16.159245583956725
OPP.21:177,-15.742466125704553,16.158672324841344
OPP.21:182,-8.415811739242343,23.745031192704612
OPP.21:185,22.32572630103905,1.5984217147392974
OPP.21:186,-4.524393323627322,24.319323035173863
OPP.21:187,2.734478410340126,16.467428660935877
OPP.21:194,-26.17601411418945,11.458701332155917
OPP.21:215,20.668568317912534,4.969192601127648
OPP.21:219,21.63663425542972,8.683419922139247
OPP.21:221,19.54515071217528,-2.9284415967414628
OPP.21:222,-10.088211422108394,-36.29030922477602
OPP.21:223,2.6986332199975465,23.954190537031167
OPP.21:225,2.6884630371849565,-27.846122724736556
OPP.21:226,6.657120981660349,-21.02811009860114
OPP.21:227,-0.5703966547337378,14.727244175910194
OPP.21:228,22.077515188629736,2.2430812003645384
OPP.21:229,2.6247403300495877,-9.714672402409951
OPP.21:230,-11.635096195403513,24.38084049565974
OPP.21:231,-9.395268687752269,19.465550487791234
OPP.21:235,11.034090763027848,-5.656162961762745
OPP.21:236,15.75771278441413,10.031760691098324
OPP.21:237,14.05011216194007,12.104486219964636
OPP.21:239,10.61493113675245,-20.98858510668451
OPP.21:240,21.378390346087436,0.13872952854486992
OPP.21:241,8.624281501689444,19.88627226918592
OPP.21:262,23.61951360293455,22.22348416171291
OPP.21:264,-23.473010629188483,11.381181605662025
OPP.21:266,-12.649063006223228,16.298947915675015
OPP.21:268,0.0709299988653044,13.325100162948985
OPP.21:271,7.195147326836506,22.58827671072456
OPP.21:279,8.775164812989816,13.98903002731922
OPP.21:287,4.030011259187235,12.912958274911933
OPP.21:288,19.114526257894404,14.18662569212702
OPP.21:294,17.597557064844906,-22.637047116485263
OPP.21:296,5.543393394269023,8.196088487519738
OPP.21:324,-5.524928160952683,13.053801412046798
OPP.21:325,-5.563809499714982,12.945925019492183
OPP.21:336,16.41342240381437,-17.630664051837716
OPP.21:351,-10.514171981863264,26.55843624820817
OPP.21:352,-6.720491889241257,3.8351941640380587
OPP.21:353,-22.589718245222347,-12.005110605500635
OPP.21:354,-3.057719800179218,18.258763318570733
OPP.22:002,-6.58985297268306,13.008532686948199
OPP.22:003,14.140791454509873,5.081183410299929
OPP.22:005,-8.449045735230262,27.094142097473956
OPP.22:007,5.26794467606729,16.349294091347634
OPP.22:008,11.092147275968333,3.050216586870227
OPP.22:009,9.840373232909664,8.399298831775821
OPP.22:010,-5.523240787123415,25.70963707252863
OPP.22:014,11.050451963160098,3.48949195125379
OPP.22:015,-13.201596530453026,20.484445398332817
OPP.22:017,-23.9262501157972,14.310324736531005
OPP.22:019,-10.270561519724215,14.726183720113994
OPP.22:020,-20.663778436538465,10.130223822042366
OPP.22:021,21.21576372257467,-6.76456693958743
OPP.22:022,12.027370010911586,-14.010816207768904
OPP.22:023,4.157026213015945,20.667625343529703
OPP.22:026,7.0474860564022075,12.564651003416824
OPP.22:030,0.4350121977689423,12.276945522205553
OPP.22:033,-16.74382001516227,16.592243444018237
OPP.22:034,4.198045492947796,21.335058519563876
OPP.22:037,12.111024457768229,4.652505146666907
OPP.22:041,10.574489001526446,7.694538917788943
OPP.22:042,-5.332528517165166,17.28371800415047
OPP.22:044,8.347210778735489,12.249829148199314
OPP.22:047,-15.107620255240818,-7.3416494096494285
OPP.22:048,-15.14905694356534,-26.50666138456435
OPP.22:049,-19.25002549600264,-25.03022496678511
OPP.22:050,10.875315431485511,-2.7877809019498363
OPP.22:051,10.511226052354957,3.002712786022909
OPP.22:062,-21.78071531319276,1.6056274078209123
OPP.22:065,-24.552423342762786,14.116543165113438
OPP.22:067,-1.0265342581425059,16.453476073954622
OPP.22:074,-15.799133797218408,17.67691770321161
OPP.22:075,-5.333517534813905,26.83805188807262
OPP.22:078,14.091444049805052,-17.683112740316222
OPP.22:083,14.093578978753921,-17.569456192932524
OPP.22:085,5.863062014408721,8.756531454630528
OPP.22:086,14.134641357263133,-17.48353319792917
OPP.22:093,11.010486568164843,4.460461562063286
OPP.22:094,-2.439808829526297,17.203014346091688
OPP.22:095,8.891426795061275,-27.959029022580157
OPP.22:096,16.40049562213851,13.961339962307328
OPP.22:097,-4.953821037931217,6.8676065182673725
OPP.22:098,-2.1067439576172164,16.671812298692583
OPP.22:099,-17.687542622924262,-8.732445482185264
OPP.22:103,18.91277284139941,11.032585335773957
OPP.22:105,25.44525677745004,16.026433888704403
OPP.22:106,-15.605347792387525,16.43741385918821
OPP.22:111,22.78790626432955,1.3582555408359545
OPP.22:115,-6.792451915078377,26.589146072091076
OPP.22:119,-0.7028725289096744,-17.931549022872243
OPP.22:120,17.634056621028552,0.8397036073577675
OPP.22:123,23.354354115040305,22.079948201644292
OPP.22:127,-4.530765680070735,7.044028192807157
OPP.22:129,-23.10983748379555,4.1671702575010405
OPP.22:131,-16.6273134807452,16.982392537882774
OPP.22:132,-11.299470087992859,13.48377171032065
OPP.22:133,9.502722270970777,-7.8423066883919805
OPP.22:134,12.449236939379173,20.991779345098543
OPP.22:137,5.426271075779686,11.088985838809894
OPP.22:138,-23.66818929011921,11.281921984681183
OPP.22:139,23.67408526239027,14.138519609593791
OPP.22:140,-26.422457740590502,12.193730711972627
OPP.22:142,13.87187963029637,-3.952193122581247
OPP.22:143,-5.017809032546306,26.446494062963357
OPP.22:146,22.68850426604481,18.50294600685116
OPP.22:147,21.97950047466984,4.074273340459629
OPP.22:196,-11.961124563019673,23.96276648987113
OPP.22:197,25.553564607757924,16.23241907783797
OPP.22:210,-9.407788291630702,17.901802664080574
OPP.22:211,6.320871989328819,-26.553499508079028
OPP.22:212,-1.468898023419289,16.18680409241676
OPP.22:213,-21.21769185315728,-23.437345181600872
OPP.22:214,-15.460908963936022,15.777752796789308
OPP.22:215,-17.534983045377196,17.298464163247644
OPP.22:219,11.004608782112777,2.3993412143339117
OPP.22:227,2.5728490461573954,15.15194014205773
OPP.22:238,5.5565602632450215,12.893076973098506
OPP.22:239,7.987283283648429,-23.262438143093163
OPP.22:240,-1.139878355692302,17.612045015259092
OPP.22:241,-16.260214095393028,13.047364038314328
OPP.22:243,-1.1142249241199857,18.15414009536504
OPP.22:252,0.07876798043806807,24.214330532010294
OPP.22:257,-14.397679177532078,19.621516670757078
OPP.22:258,2.0267253915237213,8.250585370807388
OPP.22:260,-3.3289013358647486,24.263247959047437
OPP.22:263,-15.692006794830794,17.495167456858205
OPP.22:268,-10.053392982689385,16.341343496709392
OPP.22:269,11.351003608270785,-14.339878409922463
OPP.22:270,4.34395687067219,-2.5325548430143856
OPP.22:272,-6.248462586533943,5.455358764976756
OPP.22:274,-5.823160429711641,-22.262204919377133
OPP.22:275,-14.372742593081437,-16.183031566153897
OPP.22:276,-6.4441802072306835,-20.659201591274307
OPP.22:277,-15.905155843619095,-29.55486543418447
OPP.22:278,-13.358528768703607,-16.93482606396784
OPP.22:284,11.457507004217389,-14.059532121023302
OPP.22:285,-14.276924578615679,-28.59560514144539
OPP.22:299,13.027588460636585,-19.01350634958599
OPP.22:300,11.523773207332606,-13.289860558065454
OPP.23:001,-4.848105532409852,25.948715256704826
OPP.23:002,-0.25576923913179156,30.501924511754087
OPP.23:003,-11.021609062816282,25.673402422735315
OPP.23:004,-19.615429554258338,17.121110797327784
OPP.23:005,5.956191755852096,11.821380852978189
OPP.23:006,-19.392200712269542,6.439991213518813
OPP.23:007,-21.047499945021936,13.838075268166529
OPP.23:008,-18.863326432590018,20.21904317537044
OPP.23:010,6.839967114093244,7.932293759003691
OPP.23:011,-14.26405763604305,17.123352596114685
OPP.23:012,6.603384187372693,14.031081364969353
OPP.23:013,4.1749417833421845,-15.990771834807251
OPP.23:014,-15.218361107363853,-3.7853309809828852
OPP.23:015,-23.60843162904436,2.280578973022024
OPP.23:016,-10.982489472726222,20.332686748102535
OPP.23:018,-6.002961522834663,25.285393940904576
OPP.23:019,4.8564293570994375,-6.084621997848481
OPP.23:020,-16.28906586312233,18.481395788167674
OPP.23:021,0.6618194197264393,23.08625745661025
OPP.23:022,-15.406192606460328,-30.042031853091
OPP.23:023,-4.50072254006591,18.210861012933567
OPP.23:024,-14.488227669067097,19.426445230930018
OPP.23:028,-5.34649556569333,17.751454868866936
OPP.23:029,-14.378385894976804,13.914078069866509
OPP.23:030,13.899824693202875,27.872872311189905
OPP.23:033,22.99743449326579,19.677545548219044
OPP.23:054,4.05620010099172,21.356901304029897
OPP.23:055,18.662041682422345,18.750621432642433
OPP.23:067,-10.69967742492546,25.88754646641015
OPP.23:070,11.749433017502339,-1.4116708504428521
OPP.23:075,-24.581117501484307,14.305308887104225
OPP.23:079,-11.702763355194069,-1.9192321830046102
OPP.23:083,-18.275021441329258,-18.390929748409864
OPP.23:085,22.214207767062266,11.931223942777951
OPP.23:101,8.70702120263973,14.656684988070442
OPP.23:135,-8.097678213312573,27.790547222406317
OPP.23:137,10.097049364851479,9.765612934013859
OPP.23:138,-12.602950527464372,23.70309243858408
OPP.23:139,-14.06288404211278,-16.42541891056975
OPP.23:140,-17.026213073176972,-13.303998518991282
OPP.23:141,28.649300386806818,7.492211357915571
OPP.23:144,10.587861621536046,28.11395773392718
OPP.23:145,25.83008732909336,2.8278265349012055
OPP.23:147,7.59078681386456,14.058879228566052
OPP.23:148,-12.222643495702101,-21.063975473552652
OPP.23:149,18.24958399676672,23.62556483154627
OPP.23:150,14.884251181185217,-3.0239946209873585
OPP.23:152,-14.999292139080326,-24.539263288533995
OPP.23:154,-1.2505344539323333,10.77443043019619
OPP.23:155,0.3846189105341891,27.35879644176635
OPP.23:162,-9.8792140451809,-13.695473296204371
OPP.23:164,-2.441125001809584,22.312440201827204
OPP.23:166,-0.5155971929720227,-28.991539089892054
OPP.23:169,9.312189841563592,23.271533432673376
OPP.23:171,-14.083561956283654,11.699508180807923
OPP.23:172,30.423218230681073,15.255532017243105
OPP.23:179,6.2381137079869085,20.600486658394523
OPP.23:182,17.93361881376642,-0.35783314568423324
OPP.23:188,10.182991300460992,26.94203258938989
OPP.23:191,3.9989070744762993,21.119031775637808
OPP.23:202,-6.972185957218821,28.827656633893195
OPP.23:205,7.746317889084019,4.397765098220326
OPP.23:206,3.2277402987221318,25.49378133237501
OPP.23:207,-5.856732971791649,-30.830944622255036
OPP.23:210,-0.6343595123829169,24.49867287694817
OPP.23:214,14.396403897400596,-2.106921247393535
OPP.23:245,-8.93098233969947,9.84240304156119
OPP.23:251,5.9861786963558945,7.582610750915554
OPP.23:253,-16.972620022860287,13.592912898305439
OPP.23:261,11.979805219985167,-23.521499427136018
OPP.23:262,-17.063070250244145,-23.07339698521168
OPP.23:273,10.157308926341917,3.7416254711650603
OPP.23:279,-16.820660709964066,-27.024682149914632
OPP.23:290,4.563520345882692,-6.324292294120068
OPP.23:303,-8.890839163636317,-0.6435116638798062
OPP.23:337,-0.8441213165188217,-16.332566921813374
OPP.23:338,-8.073732581741119,-2.526948872024562
OPP.23:341,-14.161406238676125,10.461350780933609
OPP.23:342,-17.531821434823378,21.61340593259227
OPP.23:343,-15.07807298301736,-25.058330406557204
OPP.23:344,22.246266614581984,9.716838060103496
OPP.23:345,-4.057448687786479,-19.13442750708974
OPP.23:346,-11.59866162359255,-2.0320416325327653
OPP.23:347,-23.934045232065458,14.392732194145589
OPP.23:348,-16.075526540891556,10.261123709318094
OPP.23:355,-10.760390417312943,15.23501371099653
OPP.23:363,-23.34258931544711,1.4579641810255295
OPP.23:370,4.578063821947692,12.691485631923875
OPP.23:381,-0.5304991087972646,-13.990277628824296
OPP.24:001,-22.18819824687406,10.474334102132106
OPP.24:002,8.309542600501555,-20.399593048786596
OPP.24:003,-13.526646608880018,-19.73835343297513
OPP.24:005,-7.116691514544056,20.114141692893128
OPP.24:006,9.343572839213147,-4.182868460782906
OPP.24:007,25.732540638721876,2.467588154455636
OPP.24:009,-19.021525942299153,5.550242801057921
OPP.24:010,-20.248765659748052,-20.50493313151529
OPP.24:011,24.557711195809436,15.731743061012548
OPP.24:012,-14.649538312885882,23.952697057060117
OPP.24:015,15.389093318176137,-22.24809524260261
OPP.24:017,-19.902580261487387,21.4486727258454
OPP.24:018,-3.6086649125328125,25.179180241623854
OPP.24:020,-23.030927590398843,12.96302119875854
OPP.24:022,-18.29027456101635,15.90820139984452
OPP.24:024,21.1322100727004,11.428996470313178
OPP.24:025,3.166294817995157,10.726494266835951
OPP.24:026,19.345105436711545,3.4266188370618482
OPP.24:028,-0.9226487226468312,18.600464795916665
OPP.24:029,0.5676869905385035,-20.286233513069
OPP.24:030,-10.23960414483224,13.000208095361536
OPP.24:031,19.72853133994852,21.060599085226222
OPP.24:044,-17.611516511115052,-24.34669456738105
OPP.24:045,16.171376460543332,21.751135227089925
OPP.24:046,-18.64554344794265,-21.776249447714655
OPP.24:047,-19.308091299919568,-18.633878736876255
OPP.24:049,-15.258792996250767,-28.36248262739277
OPP.24:057,0.18592543170999373,-23.098388717025596
OPP.24:062,4.3019295700117945,-34.46346383245311
OPP.24:063,20.32329488443692,-24.45812254545032
OPP.24:075,4.372282894082131,-27.49653140799327
OPP.24:079,8.081084774187348,-7.775200749177004
OPP.24:082,12.6411839430631,-6.314323991320332
OPP.24:083,13.142379560285445,-5.99399088316175
OPP.24:084,14.2651512327046,-4.1168411456145755
OPP.24:085,-22.780731612366516,11.036658090785874
OPP.24:086,2.4971347283005136,14.157280713683283
OPP.24:087,2.937115125189079,-17.293588189375953
OPP.24:088,13.391990785654773,-5.7044762384475565
OPP.24:090,4.175520890746138,-0.2441953220283707
OPP.24:095,-12.207357122070574,-21.07840962440571
OPP.24:097,0.3846901342285612,6.600302207472599
OPP.24:098,5.0386565068881355,-30.41874200952481
OPP.24:103,9.999708155334437,-6.582182206591026
OPP.24:104,10.947656537243777,-18.51531169074004
OPP.24:107,25.10479796599269,17.594016831553446
OPP.24:108,26.31502116557568,-2.134751454316974
OPP.24:109,3.115190190233447,7.402608651991546
OPP.24:110,14.234051140480242,9.780787344345203
OPP.24:111,9.712770552227472,25.049190561314266
OPP.24:112,9.683952553113649,-13.313506587157137
OPP.24:113,12.028583297531645,-28.165302859709204
OPP.24:114,5.164377741068897,21.440508663282085
OPP.24:115,6.621643420179021,9.462527804567147
OPP.24:116,-13.08277299040163,-22.45068539151394
OPP.24:117,-10.915984733700702,-0.6845665977224247
OPP.24:118,-12.7595104687362,-21.2236169997868
OPP.24:119,-17.09636706416514,0.28033371509646116
OPP.24:120,18.437610751661982,-2.125173107051033
OPP.24:134,7.0050680777359835,-16.636715768046372
OPP.24:137,19.209895751797387,9.998473727165093
OPP.24:139,-8.851058420517406,-22.261622197273994
OPP.24:140,-3.2907463696770733,24.227817148614825
OPP.24:141,-9.138587065857685,-20.6327842625772
OPP.24:142,20.111191959309924,18.182926279891632
OPP.24:145,3.9174540089290315,-2.488589095781653
OPP.24:152,25.025901393197913,4.986431354517422
OPP.24:165,0.8092876789951168,17.171846112416976
OPP.24:169,9.96336961377466,29.98917471657689
OPP.24:170,-13.964086409527209,-20.4951935458076
OPP.24:174,7.946154682909586,-18.41583415742693
OPP.24:175,-26.3606317343462,8.364621593800775
OPP.24:181,11.488414430402727,8.226742354407518
OPP.24:191,-17.4992834367464,-6.871074387926044
OPP.24:192,-0.5904458805365974,19.038079758341553
OPP.24:193,-24.99103683824255,8.671164535477258
OPP.24:228,-18.319977564474446,-24.249305590037416
OPP.24:246,6.50455952382667,-14.55218624567407
OPP.24:247,6.5120667643101084,-6.020418889740201
OPP.24:248,4.351031479306027,-34.40785665471722
OPP.24:274,4.553102737640192,-0.5208945104497416
OPP.25:001,6.576089111919435,-6.728118283767441
OPP.25:002,18.389692011589627,-2.906526224117358
OPP.25:003,-7.180896787421894,-29.403596748377524
OPP.25:006,20.522146334518858,9.945361737627959
OPP.25:007,-6.567848128665995,0.20796804496398677
OPP.25:008,-3.526322344325631,26.509240111250012
OPP.25:009,4.771084363321016,-34.07351282916164
OPP.25:010,-6.0995519005869925,5.377008558243383
OPP.25:013,6.816783080490981,-12.543904630405185
OPP.25:018,20.002147313027592,0.15676425081286874
OPP.25:019,11.38150329279929,1.68206675712244
OPP.25:020,9.03268843643606,-26.65679037637404
OPP.25:021,14.916047436517573,-19.816686129618258
OPP.25:022,17.526863658221114,-19.22574687160033
OPP.25:023,4.713121736513755,-16.454950874524084
OPP.25:024,-3.0269162635895426,-30.009423469555276
OPP.25:035,16.79528058219331,-20.416168216658164
OPP.25:038,27.128079127762383,12.207696852379083
OPP.25:045,-18.252123833612565,17.864337547235642
OPP.25:063,-0.4345763117263634,-8.399124947482896
OPP.25:068,26.818476048476015,6.9949497582194224
OPP.25:074,16.292019374722624,-12.9130441652787
OPP.25:077,18.92881427382393,8.316003319689324
OPP.25:079,8.257389696862838,5.342279057363222
OPP.25:084,11.835734192159846,-6.755411732079543
OPP.25:085,8.749821074009308,12.42679142284026
OPP.25:091,-7.985835808690932,29.566634015794047
OPP.25:098,14.251827731171877,21.194829107641418
OPP.25:157,22.582993614569776,-3.843337396606306
OPP.25:159,-23.14084904488216,9.950052720899016
OPP.25:169,16.072007846590537,-25.062378949909817
OPP.25:175,13.446912875452396,2.103756895336607
OPP.25:186,-13.698535127181914,1.7674457869558051
OPP.25:187,-1.1715075654154699,6.487641436761036
OPP.25:282,-16.257115253247786,13.797104953754692
OPP.25:283,13.471605212869829,2.068392788912338
OPP.25:284,-1.9038596668813468,26.445664433627314
OPP.25:285,-6.22862626968293,20.939100790940785
OPP.26:001,5.749589214640918,-11.949149285238581
OPP.26:002,11.327717621063417,-1.037873295062794
OPP.26:003,-0.2466793503758414,-16.995359914740924
OPP.26:004,-5.269362887190856,15.463929782512533
OPP.26:014,14.795766617291985,-3.0962885510815856
OPP.26:015,-5.247898113454659,8.5176386476420909
OPP.26:017,-13.714267537329462,-29.251352499446167
OPP.26:018,24.269423374966916,9.948305948169091
OPP.26:019,-16.32069829521377,-26.36605090530685
OPP.26:022,5.28910776327177,-25.136660988342083
OPP.26:043,8.708425179496809,8.376230575640328
OPP.26:060,16.86416884025563,-9.579637871913961
OPP.26:061,4.03441251520389,14.330523015998772
OPP.26:062,-0.8819813501523699,30.063257005701534
OPP.26:063,21.556862732677676,16.747691442388227
OPP.26:065,-4.704352144038982,-11.218876608163669
OPP.26:066,6.97763201759511,13.410868388054595
OPP.26:068,5.842094584444851,-27.527270717796586
OPP.26:069,-8.295548819938197,-14.754050521680766
OPP.26:070,-4.0117197895157934,-16.521189895185497
OPP.26:071,20.930965424600128,1.571507341230303
OPP.26:072,-11.12094891789592,-11.305711273830592
OPP.26:074,23.98424732754318,2.3912720206874143
OPP.26:110,22.490095599908248,16.42726196684938
OPP.26:116,24.19921241380322,1.7970238528920934
OPP.26:195,-3.0412742531378587,-9.863635776442562
OPP.26:196,-11.861738621160113,-35.99351670625707
OPP.26:204,6.671644933140531,7.612380915437542
OPP.26:205,-23.71565209225301,13.005761385570231
OPP.27:003,-17.414156884799983,-26.502603324980626
OPP.27:004,-10.83637642309878,7.938559553933266
OPP.27:005,-9.886223040319264,11.515281788605453
OPP.27:006,-14.219903006257386,-15.880527418450395
OPP.27:007,-25.430484706495676,10.42547558650209
OPP.27:008,-19.72589595980456,15.129354775454825
OPP.27:009,21.007490045815977,11.38079203917768
OPP.27:010,-17.344005008744745,-18.26020593542293
OPP.27:011,12.59441286207099,-13.608435888241434
OPP.27:012,16.20873505718754,-8.673864669357076
OPP.27:026,-14.437350459205668,10.815314497001388
OPP.27:044,-18.559328756325105,-28.0580886273758
OPP.27:049,-24.030508333978766,9.24983459603266
OPP.27:050,-9.521786910351034,-1.5333324622172964
OPP.27:053,-18.565789363529216,-27.576779489273736
OPP.27:054,-17.41205304809489,-29.156685061668863
OPP.27:055,-16.39062582938584,17.113303718459296
OPP.27:106,-15.417337639550762,-18.515020171892242
OPP.27:107,4.8823732551940155,11.397031645631946
OPP.27:108,6.318266033739837,-12.222007408693424
OPP.27:109,-21.595639594275195,-0.1855538345512829
OPP.27:110,-25.142625235298944,7.242567858374826
OPP.27:111,-23.669532433797716,7.1421253912167915
OPP.27:113,19.916903888187782,21.075236618838275
OPP.27:118,20.061916438789332,26.787387331210315
OPP.27:119,-5.512689319680601,-7.754090655953441
OPP.27:120,-13.345059783324714,-16.886117345883225
OPP.27:122,-12.266046079714805,-15.531274262951785
OPP.27:123,-19.962921865033568,-20.91697953685133
OPP.27:125,-14.315822920324209,-30.194896114981383
OPP.27:126,-1.362528558468851,19.204486893984825
OPP.27:127,-24.457680113904892,7.197857166335242
OPP.27:128,20.356669292569524,26.735593701334857
OPP.27:129,10.193000179868147,-8.235620563916012
OPP.27:130,6.517068094963351,9.597573845934562
OPP.27:131,14.091061535688608,30.32511458037705
OPP.27:132,-0.32037116369810653,-35.23609732791689
OPP.27:135,5.8831733835121955,11.475763872954754
OPP.27:136,6.958193994044712,-28.568375665975427
OPP.27:137,8.382168496171321,14.720137480908422
OPP.27:138,15.761610080879963,-24.26627682466636
OPP.27:139,3.8675158288849403,7.910111467561861
OPP.27:140,4.990291450523428,5.84691094623475
OPP.27:141,14.878817663853093,21.03118241261677
OPP.27:142,-19.327561561816772,21.234361772889695
OPP.27:144,21.2480699442973,-6.708621847381386
OPP.27:145,14.570472503004034,-15.449454552918906
OPP.27:146,13.497538259583573,30.310906343108442
OPP.27:148,-16.72203549050964,-25.937534600828812
OPP.27:155,-16.495782128189585,19.31055613510375
OPP.28:001,6.2084482861892685,-12.434461234986045
OPP.28:004,-24.94348455886681,9.141743132206505
OPP.28:005,19.165714670481183,-1.8905716206858134
OPP.28:006,-22.786534297202138,-19.943387364739877
OPP.28:007,-5.2733191750575275,6.6920761519297844
OPP.28:008,-9.201577133084447,-0.19135019856946034
OPP.28:009,-3.0961159725155816,0.23336705036414543
OPP.28:010,-16.502231253048745,16.85377932482115
OPP.28:011,-10.337227459950855,15.923145339038888
OPP.28:012,13.506767875598143,-4.847419000123092
OPP.28:014,18.2726873257474,2.3759156989750965
OPP.28:015,3.7430751982988477,-1.706120336572981
OPP.28:050,2.281650750844671,9.160642864044158
OPP.28:051,-11.874727471847532,23.992786036374756
OPP.28:052,-7.873392072192874,14.938651632324554
OPP.28:053,-9.890217415755545,0.5822193167800678
OPP.28:054,-9.57518393370954,13.830254352367573
OPP.28:055,-12.976236112841361,18.267813674637893
OPP.28:056,-6.23716172357923,26.727039972877034
OPP.28:059,-14.42367140068469,17.089466246293373
OPP.28:062,10.154654974658879,29.44478443479994
OPP.28:065,-11.767928535935098,25.28392881497237
OPP.28:068,-16.83248423634759,20.009862927169856
OPP.28:085,-5.328051460493825,4.371908331474258
OPP.28:086,20.666956903055254,2.9800059130786263
OPP.28:089,-13.867680966048496,16.78832919102211
OPP.28:090,-13.535051560647602,10.767080324994497
OPP.28:091,-4.634489137012978,9.988027130966364
OPP.28:092,-2.7780701215158468,-5.737858836261023
OPP.28:095,-2.499789502456647,21.732881198757482
OPP.28:096,3.4496765400904352,-7.108324328926702
OPP.28:099,6.27658051358616,32.9714196583682
OPP.28:102,-14.501917348146161,13.912568662086802
OPP.28:103,-11.938607423372185,11.500859529677234
OPP.28:104,3.0762791305521953,8.335086061426463
OPP.28:112,5.162722687553371,14.52711319284713
OPP.28:113,-22.465399039072715,11.144688611585607
OPP.28:114,-11.723619487776185,-22.880001765037996
OPP.28:115,-12.104320043278284,24.923122100502557
OPP.28:117,2.8307356882598143,27.39822524896988
OPP.28:122,2.8990649356857516,-3.6195316451642374
OPP.28:125,-24.218323750666666,7.1046998394913645
OPP.28:130,-17.77803489432688,19.173502294435675
OPP.28:132,-18.779605261015227,-27.02106873024565
OPP.28:133,-9.207452390909433,3.1338409458231724
OPP.28:134,8.805525217514178,13.000753525414163
OPP.28:135,-15.801515550247384,14.557692882935003
OPP.28:144,2.593146742425294,19.295571752231176
OPP.28:145,-24.35826787560091,12.299520010387383
OPP.28:146,-24.541924351500185,8.834625725716634
OPP.28:147,4.715569504772646,8.42563345307037
OPP.28:148,-23.112311613268474,13.389822657899753
OPP.28:149,-18.711765880334834,-25.474855680319852
OPP.28:172,15.10934715887898,-6.525205004191933
OPP.28:199,-23.88121728628794,12.627722918491102
OPP.28:248,-19.817373549559044,22.459641885085897
OPP.28:249,6.6200379769944675,9.837844251614348
OPP.28:256,8.193356120140104,26.81365279431468
OPP.28:257,3.236092082338141,12.791738883183443
OPP.28:265,6.529606159552606,16.255695375128877
OPP.29:001,-18.83648313850529,15.804440942265938
OPP.29:002,-13.125251099733891,27.260384981481057
OPP.29:003,26.275640433513818,18.96943544167876
OPP.29:004,-18.920051802446814,20.691459924062315
OPP.29:006,18.956270060788516,15.259131533782538
OPP.29:008,4.642293576159596,-1.8720551969126848
OPP.29:009,-0.6614280553525694,27.541041064446024
OPP.29:010,-15.167013444613191,17.70024549371978
OPP.29:011,-22.12436398021162,14.452331971292931
OPP.29:013,-17.32815117577825,21.914447316410747
OPP.29:015,-15.656529053625196,-23.976333907441603
OPP.29:017,-23.858635983200195,8.767383318392696
OPP.29:018,-17.02479108428794,20.16395213231137
OPP.29:019,-14.54155765743429,-11.04115029962988
OPP.29:020,14.863449660171336,7.0528509916174595
OPP.29:021,-5.645118330677527,16.507709919811738
OPP.29:022,2.047092128998599,21.852291341487668
OPP.29:023,-17.085272872353528,-16.31036222196853
OPP.29:024,-16.723627378423686,22.205398370475002
OPP.29:025,7.463857090246009,18.07111903110165
OPP.29:026,-16.65257860019866,20.73312145955165
OPP.29:027,7.147102348499737,-1.2338784552933038
OPP.29:028,0.14312141710294607,-1.6459675741934152
OPP.29:029,-7.048193681162592,24.268191742196457
OPP.29:031,10.485512633661546,-1.0840800512582673
OPP.29:032,-16.585161393584837,0.6845578320863078
OPP.29:033,-7.248865500876561,6.064155079925044
OPP.29:034,-12.71918720049067,24.69900284891297
OPP.29:035,-16.680504139298133,3.6364035492729068
OPP.29:037,-11.222659891869215,13.220602455253031
OPP.29:038,17.223460781323144,25.71390573272991
OPP.29:039,22.357513236795786,8.966053248717417
OPP.29:040,-1.657760670920447,20.74759416306428
OPP.29:043,23.424045983094743,18.047548296095325
OPP.29:045,-11.39142559769173,12.54142499487369
OPP.29:046,6.687183442414668,10.915299808127184
OPP.29:047,6.542256481477076,9.598054151038454
OPP.29:050,21.173935053486563,4.788263403972165
OPP.29:051,25.091654955906563,7.330664756154161
OPP.29:052,-10.639750552359926,18.750382272410477
OPP.29:053,-8.624068748595954,-1.2945487820438226
OPP.29:055,-17.756158695765983,22.162072995321843
OPP.29:062,-11.395015072351558,-22.623104754349235
OPP.29:063,-14.078561165940364,-29.341168270421274
OPP.29:064,-19.566612684669305,13.873005175439866
OPP.29:065,-11.704553723654124,-10.956888738380464
OPP.29:070,-16.630343485214038,20.8936672046576
OPP.29:071,6.65346976387463,1.1975082830249975
OPP.29:072,4.068485597091074,13.521831779158507
OPP.29:074,-16.27657684848719,15.97731820899589
OPP.29:080,30.341790494456017,15.213867444925155
OPP.29:081,-24.071279853412545,8.367687030460774
OPP.29:083,-23.33936537840069,10.774325183274104
OPP.29:084,-18.002913137187164,15.087248304118061
OPP.29:085,-5.388523870670928,4.326469371387053
OPP.29:102,2.7061613198562973,-2.438473510794977
OPP.29:113,-19.668290530392294,-0.4930884093350456
OPP.29:116,-7.828534401814627,30.951712277518144
OPP.29:117,30.4266772985492,15.247387100280779
OPP.29:123,-7.767409690508798,17.957995274922983
OPP.29:124,-14.200498151525673,15.52334040095412
OPP.29:125,8.45415863871997,-13.555882537780247
OPP.30:001,-19.746612638037153,-4.073188941858309
OPP.30:002,-16.247203991188577,21.155461352092818
OPP.30:003,-16.493719270986492,-29.810458211710326
OPP.30:004,-18.22000542239536,7.201954694850425
OPP.30:005,-0.9499019911665756,19.685424982280097
OPP.30:006,4.617289089285859,18.29779259727554
OPP.30:007,13.989278407589593,-26.956230057451535
OPP.30:008,-3.998207327424352,5.146987045166106
OPP.30:009,-11.801583594599727,19.73286340184045
OPP.30:044,5.270980547449376,10.58405568213402
OPP.30:045,-17.577486383299643,22.19648012863475
OPP.30:049,18.773110401895526,16.227692031611188
OPP.30:052,-18.962447984878814,-27.442804826416687
OPP.30:055,-11.522280939674534,-23.014821270747227
OPP.30:069,-11.512112767959984,19.545584637979896
OPP.30:103,-4.00943724385905,-16.54874663856059
OPP.30:104,21.61426188616204,0.8059269446586205
OPP.30:105,-11.389788520489047,19.186062171631082
OPP.30:108,-16.25873665949426,-28.790594985417094
OPP.30:114,1.7322107530724435,27.959639205480407
OPP.30:159,11.028634583844115,32.339241070332434
OPP.30:171,11.201626324273393,3.224441148145838
OPP.31:001,-12.603444127034063,-32.80630776934671
OPP.31:004,1.7560825736243186,26.158109318425872
OPP.31:005,-11.152165335552493,-31.581682767988383
OPP.31:006,-7.199688596683693,-3.660789632964178
OPP.31:007,-3.2457893415703936,-27.54892491291048
OPP.31:008,-12.668033499906384,-34.12440707252215
OPP.31:009,-0.45070500185946355,-26.370294324218435
OPP.31:017,-16.463677525653964,17.746469846821675
OPP.31:024,-20.77547555305156,8.529032109910235
OPP.31:029,19.003839328556655,-2.407531635206718
OPP.31:030,-5.40390757913659,-2.785165010607439
OPP.31:033,15.408093943791576,0.17077990847609137
OPP.31:034,-7.9659101229873706,-8.531170033313318
OPP.31:038,-17.814109566637793,-3.6271017745441507
OPP.31:040,-5.04944607216899,-9.368997263396732
OPP.31:043,8.553043142439426,21.68063030370924
OPP.31:046,-15.576097796899859,16.400068445029294
OPP.31:049,-11.078122405824457,25.625853246689097
OPP.31:050,8.322056326836702,7.622025550591432
OPP.31:051,1.301165379645398,23.2359755901917
OPP.31:053,17.482817318393174,24.46773055789788
OPP.31:058,8.537577612051136,-1.930878115075463
OPP.31:064,-26.367699575243854,3.6693881313467784
OPP.31:099,-14.967273753260207,-21.791523578784208
OPP.31:105,-19.770798616273265,22.63885666990805
OPP.31:109,-17.587966143289197,-31.920806800547734
OPP.31:131,20.661379104516076,7.292932262110369
OPP.31:133,-17.216016049333316,-24.62736584807662
OPP.31:137,-19.221713262584863,13.886989479378109
OPP.31:141,9.682524881721987,7.1272409067968185
OPP.31:142,-18.82981212613364,-28.23900390652019
OPP.31:266,13.33899819028096,-23.61180614944153
OPP.31:267,9.569862098398573,-6.449658295933756
OPP.31:273,-16.428149955758304,18.279557495477878
OPP.32:001,-1.2800404807003865,-32.11381993799428
OPP.32:002,21.623577700523157,1.6755721303387867
OPP.32:003,-25.4842732881567,10.76521565129902
OPP.32:004,-21.082167018720376,3.287285384424712
OPP.32:005,-14.164002934656047,-29.352444419733196
OPP.32:006,-8.568297591995385,-19.830854886461687
OPP.32:007,-23.042493120887027,11.42893437330007
OPP.32:008,3.103208168181481,10.582515423685413
OPP.32:009,-18.148928498160625,17.02365204282889
OPP.32:010,-11.750323948850577,-8.666920714842803
OPP.32:011,-15.035069539808829,-21.947195014333364
OPP.32:012,-12.829992687303026,-14.975698198514538
OPP.32:013,12.098336992059531,-28.96879839517291
OPP.32:014,-20.368070924442968,-12.738183795284478
OPP.32:015,-1.655033936758108,-27.84203820030294
OPP.32:016,-5.687343239301392,5.906530931706264
OPP.32:017,-14.089105778410156,-22.630031844976205
OPP.32:019,-9.119547225794163,-34.345551635630414
OPP.32:020,-3.7201490423858905,1.6495608299360647
OPP.32:021,-6.031572351035033,-22.53696323247023
OPP.32:022,-10.553520067074182,-25.44065811658528
OPP.32:023,-15.646573351481564,-18.408251361977747
OPP.32:024,-23.253203528751435,6.806512268310205
OPP.32:025,-17.379865998162995,-28.434495901273795
OPP.32:026,-19.484956633862932,10.595800582904408
OPP.32:027,-23.51344450158404,-8.582943049666502
OPP.32:028,-6.408627800654287,-0.8071707042034625
OPP.32:029,-18.59319267545869,-18.19152982842615
OPP.32:030,-26.211959789957323,3.5982779991134137
OPP.32:035,-24.77629576253842,9.413301703292413
OPP.32:036,-18.307537804335,-28.135515258453708
OPP.32:037,-13.723234554093517,-22.75556573823195
OPP.32:038,-2.186952901211875,-28.617952299568017
OPP.32:039,16.509706065868002,26.885486634355036
OPP.32:040,-3.21646314269099,-10.829386452231997
OPP.32:043,-16.11582191828113,-36.81122950694429
OPP.32:050,-1.3528268331732982,-37.49121605248562
OPP.32:051,-13.535369028194033,-31.958369340738546
OPP.32:052,-10.254722740358154,-7.801130347056194
OPP.32:055,-19.030570475543406,-19.605770300308695
OPP.32:056,-15.380857601054092,-26.861743814991915
OPP.32:057,-11.019625352950271,-11.394661424377574
OPP.32:058,-11.922203112474431,-12.208019549152853
OPP.32:059,-14.604418087620001,19.468907706328505
OPP.32:060,9.8860785897062,-0.1462143163435762
OPP.32:061,-9.705948287763205,-27.467301505628136
OPP.32:062,-23.355524088888963,1.3437588932609883
OPP.32:063,-8.97783030224229,-18.037559681514082
OPP.32:064,2.2855648234597163,-20.97366177617055
OPP.32:065,-17.84298762843336,-25.730354501071595
OPP.32:066,-5.369078167515567,-12.206888364519669
OPP.32:067,-17.835864430769462,-18.272953585836138
OPP.32:070,-15.498357383692971,2.8124696750272333
OPP.32:083,-17.771404489545784,-28.078092720574254
OPP.32:084,-15.235382739040459,10.730418262172824
OPP.32:086,4.50173325637034,22.035350559531746
OPP.32:087,-16.644687749108382,17.01643227963002
OPP.32:088,-25.633184738240413,6.030104416169449
OPP.32:094,-23.227586390972778,4.3478835867649694
OPP.32:096,-23.63577637908405,5.662967131990341
OPP.32:097,1.3472443225437207,-18.107505483083955
OPP.32:099,-13.90313763967961,-29.584491095173288
OPP.32:100,-24.31386828789254,4.98067365908088
OPP.32:101,2.853225764652961,29.988172900952485
OPP.32:112,-18.66884984988596,20.931825759779407
OPP.32:116,-5.383185865828021,-8.734525713036803
OPP.32:117,-7.9845509356508355,-10.085835175584762
OPP.32:126,22.253719052432608,15.071085239350655
OPP.32:127,-12.32592087500392,25.091284476317536
OPP.32:128,-7.954397760209783,10.262939080854167
OPP.32:129,10.686682280770924,10.286034381752929
OPP.32:130,-17.712116605349728,1.7963685357264692
OPP.32:131,-16.441212882388708,17.426720733300424
OPP.32:132,-16.53347292236896,-28.879067953145906
OPP.32:141,-24.713392839494453,4.176264507778774
OPP.32:146,-16.21911525831354,-19.87820870521656
OPP.32:152,12.617272022231022,-26.034256655964022
OPP.32:153,-17.6591156250872,-19.377676564565785
OPP.32:164,-5.115753209610267,-23.68059102630875
OPP.32:165,19.141194400404995,9.575630114287994
OPP.32:167,-12.620899092874792,-10.081535913703467
OPP.32:173,-16.063851418490298,-18.154118033904517
OPP.32:175,24.705175007000353,8.385401446408475
OPP.32:176,-15.673621092143135,14.613980405032965
OPP.32:177,-5.988521061830723,9.522917737608408
OPP.32:178,-26.695382761929217,11.090814441988305
OPP.32:179,-16.71008953317677,-7.357776291905257
OPP.32:186,-14.992709993663189,20.79461124110179
OPP.32:191,-16.11341219296701,17.27053436832341
OPP.32:192,2.6693946496880097,11.44251311054759
OPP.32:193,-15.014765793216919,20.81303548298132
OPP.32:198,-5.341541817658504,0.8009899289488107
OPP.32:206,2.440384454446184,10.1820344534866
OPP.32:207,3.1820912088812814,10.575430091530503
OPP.32:210,-4.6611482728856615,-2.4051593571483503
OPP.32:212,-26.220213036414915,8.896586970861263
OPP.32:213,-1.6814297587852038,-28.6497209717825
OPP.32:216,10.382841831030467,24.96964200840427
OPP.32:219,12.773192978398129,-0.014811202738157486
OPP.32:220,-24.448809550516536,4.5330555388933105
OPP.32:221,-17.940572248555192,-28.069553604159882
OPP.32:228,-17.212326868383542,4.601216320091399
OPP.32:233,-18.529659282529245,-18.850199928802333
OPP.32:234,-2.7384601646132785,-3.824298040412837
OPP.32:236,-5.771935482336601,-5.261608825075681
OPP.32:332,2.9301167778466324,10.93875771180948
OPP.32:333,-12.353363522252783,-31.72462971818411
OPP.32:334,-18.241769272655695,-27.326015476499897
OPP.32:364,11.228718903831933,-28.02865784373437
OPP.32:368,-3.0435810864073756,-23.57667281475987
OPP.32:371,-19.001270305579446,-21.66887672043122
OPP.32:404,-18.798988705971627,-28.100099648029463
OPP.32:405,15.753937966315233,-14.786125357689272
OPP.33:001,-2.9993706688349637,-5.992722487399472
OPP.33:020,1.3118048920791416,4.490788032185223
OPP.33:054,4.910935277298004,-20.800740357674652
OPP.33:083,8.344005842575633,-19.549760784210136
OPP.33:096,-17.951506283990966,15.098871729343934
OPP.33:104,13.031526201942716,-26.02512589702292
OPP.33:136,17.883241482178136,26.763586759658345
OPP.33:139,4.224459125072182,-18.148176570791925
OPP.33:147,-5.551436011574531,-25.602771624633164
OPP.33:153,1.8101468330619284,-21.817950899120817
OPP.33:163,-11.186173438372451,-24.06250173730397
OPP.33:174,13.05661495514031,-25.901435482277112
OPP.33:203,8.945444504542001,23.788041450674122
OPP.33:214,-12.24418044940183,-4.876024680657856
OPP.33:240,-4.263565987737498,-26.63359068054159
OPP.33:242,-18.817859596343702,20.67401119160688
OPP.33:244,13.270773040653776,-23.100468702430476
OPP.33:315,-5.079596375858558,-24.76969484704906
OPP.33:316,6.83407549279564,-14.992104465313378
OPP.33:317,2.3925182263759575,-21.653072018011926
OPP.33:659,-23.477669478053965,-14.737793234744348
OPP.33:660,-1.5806456668594082,1.8101835739206733
OPP.33:661,-14.419160402686803,-21.89680708463973
OPP.34:001,14.155798520973427,-12.834341885240995
OPP.34:002,-11.649645998709685,25.053918423048362
OPP.34:003,-5.904578334291377,-36.1974895980053
OPP.34:004,-5.084093750844901,-28.238837626902733
OPP.34:005,-0.4514210972872208,-31.87326250901343
OPP.34:006,-13.779193335614305,-5.522654983532155
OPP.34:008,-11.124928621344159,-8.477379718336596
OPP.34:012,-10.050453456910692,-32.4558261480631
OPP.34:013,-12.826630276367096,-32.91586795733656
OPP.34:014,21.330607613336884,12.278971109274023
OPP.34:016,-10.39110577616674,-12.186049665767746
OPP.34:040,17.207742897463444,8.025882388902208
OPP.34:051,15.009958995091514,-13.79559981685669
OPP.34:058,-24.33497264624887,2.997265818012973
OPP.34:060,1.5084279295360679,-17.63657804650621
OPP.34:062,-6.003620228717432,-30.606282703256294
OPP.34:072,-10.011462659010844,-5.2789460892481745
OPP.34:076,-10.40293949172172,-32.36198455341752
OPP.34:089,-4.9829946793528395,20.895696528542267
OPP.34:090,-4.464623947925357,-27.04099724115614
OPP.34:091,-1.2934469187111464,-37.46586589222289
OPP.34:092,-11.846226881011564,20.863132423143533
OPP.34:094,1.5050511372664646,-18.401151947644212
OPP.34:097,-10.615478384085165,-35.359671669848616
OPP.34:098,-12.3093373422703,3.292283003464199
OPP.34:100,-14.96497576552236,-27.141461007456734
OPP.34:111,-19.18769944739676,18.01097822008453
OPP.34:112,13.181225463937174,-11.871196692124565
OPP.34:119,-12.272266835391017,-33.9310740258345
OPP.34:120,-16.16445343472382,-29.392263031063045
OPP.34:134,22.647741438330222,6.310917528048055
OPP.34:135,12.507256256753701,-6.559832065717716
OPP.34:144,-21.449806684210444,17.196708036390397
OPP.34:149,16.87057984699307,-9.44549648095448
OPP.34:150,3.6572156379280236,-23.976777755275748
OPP.34:153,3.3909230667730914,-19.359935348205255
OPP.34:154,-15.860103012065801,-27.249111328006467
OPP.34:161,-10.354407019798533,-8.495063689882809
OPP.34:178,19.025407751786823,8.79103594343697
OPP.34:188,-12.092168514529856,5.191580872835886
OPP.34:201,-18.138813373926247,12.18924982400161
OPP.34:203,-5.45441379942365,-11.998693790099482
OPP.34:302,3.6601958652026827,-1.6721950930895055
OPP.34:311,8.470788026883602,-16.697159101535004
OPP.35:003,-12.224310829720885,-33.97237667498887
OPP.35:005,-5.850041711934625,15.77497128799343
OPP.35:006,6.101364275244368,-3.3503325415232124
OPP.35:007,22.91724261404072,-3.6554698871717517
OPP.35:008,-19.000159332315416,10.339312706092588
OPP.35:009,7.257907587481708,-0.5176980910572715
OPP.35:010,-11.934110627418868,9.124283895481257
OPP.35:049,14.24305790782498,24.231514960370703
OPP.35:085,-15.47532903257224,-27.549597490812516
OPP.35:087,6.734345299243995,8.710744708921283
OPP.35:088,6.8401642854504106,-25.170133199282446
OPP.35:089,-14.268395812762067,-29.418658901865484
OPP.35:090,-18.407225635286792,-2.2757536067300554
OPP.35:091,-9.18987629492023,13.150750705121164
OPP.35:168,-4.455227085102485,1.3659181129341613
OPP.35:226,8.539050681337564,3.525981643289493
OPP.36:001,19.681177651744107,24.4315984793836
OPP.36:002,9.8442247150844,-26.527222113746856
OPP.36:005,-14.807972763048395,-26.267118840086663
OPP.36:006,-4.517195735280056,-10.716323018296475
OPP.36:007,-7.881344202353283,-4.5199843320180255
OPP.36:008,16.563507716099316,-13.891618713345407
OPP.36:009,-23.897951484412157,7.150088049052633
OPP.36:010,6.8670761166932115,-26.139177853873978
OPP.36:011,-10.1264714144371,-36.13665770833441
OPP.36:012,-22.816611521221994,13.237939700469699
OPP.36:013,-19.385094727883004,-9.853584113548962
OPP.36:014,4.6444440097385655,-9.010810015344838
OPP.36:015,-14.295018639252328,-28.61941138963006
OPP.36:016,4.0475577244953,14.283775810132518
OPP.36:017,6.405517620683103,0.6003320833193402
OPP.36:018,-22.79324378363472,9.13368344648808
OPP.36:019,0.8860159435565584,-13.450735143815708
OPP.36:020,-17.655862989367492,2.263974060401467
OPP.36:021,-16.784594295990757,-2.7142100849749204
OPP.36:022,-14.878779836773797,-7.566860237180464
OPP.36:023,-16.764341050407594,16.89451231978544
OPP.36:024,-10.275181998889732,-29.114191135578732
OPP.36:025,22.845368034661302,11.612916314402405
OPP.36:026,-26.862961658476685,3.7949980429396803
OPP.36:027,13.48535714734148,3.3582707033831274
OPP.36:028,-22.683806514436483,13.714586522584293
OPP.36:029,-23.256861250783384,10.07547822943975
OPP.36:030,-24.02691050619812,10.779304272530407
OPP.36:031,-0.7701096971947615,5.043248646510597
OPP.36:033,-8.934031387791114,-6.556165278280345
OPP.36:034,-20.392699877339464,15.13239802351909
OPP.36:039,-14.705360420851008,2.8978300073604486
OPP.36:044,-19.323983234881243,10.832193663856563
OPP.36:045,-12.725330733432886,0.43419732682025125
OPP.36:083,-3.918186216162844,-27.229204677739038
OPP.36:084,-22.70105763937837,4.039054401356065
OPP.36:089,-1.400279086675686,-14.68919604920804
OPP.36:178,2.4548769181103074,11.271935113294205
OPP.36:179,-16.237027356323676,18.88359258033311
OPP.36:188,29.659216987975277,10.345069686949492
OPP.36:193,-15.005748238291215,12.58352873517047
OPP.36:194,-6.057681425916496,-14.05494242403568
OPP.36:195,21.723592807929197,20.95505120037283
OPP.36:197,-15.284249857214578,-32.941375864519735
OPP.36:198,16.471374005053985,-2.6323200151510444
OPP.36:200,-16.125368646177176,5.734265854597051
OPP.36:216,2.948692735623877,23.942832152816003
OPP.36:248,24.136863267413894,-1.0039530148713753
OPP.36:261,15.194728361735196,5.924310361391249
OPP.36:263,12.53099863294141,9.085016036815171
OPP.36:290,-20.44138961247054,9.707020185262042
OPP.36:350,-10.636930724561362,14.963894040580586
OPP.36:520,4.3870412981430125,-3.5663875290136104
OPP.37:001,5.51856396024303,-14.500268674164458
OPP.37:002,-8.672903117138441,18.15997577312109
OPP.37:003,-0.8198781268863912,3.063667508829922
OPP.37:004,22.662103798797446,-1.5226779518740696
OPP.37:005,-10.213268944777456,-13.774626164859997
OPP.37:006,15.547119018602155,1.2505082952306155
OPP.37:007,-6.1858757251726715,5.42320544527807
OPP.37:008,-19.68877773910543,-9.794316773741214
OPP.37:009,-15.110702448978731,-26.770976512505808
OPP.37:012,-23.113825500183488,11.8813405841404
OPP.37:013,-23.351575297075293,12.090614287004026
OPP.37:019,-7.233989922270785,-28.3521167011143
OPP.37:020,-19.652854983837177,-18.953176957012467
OPP.37:021,-12.637588668112224,-34.308551470110146
OPP.37:026,29.419783342310428,7.856657526650016
OPP.37:027,0.6140115663716025,-31.89166659467643
OPP.37:028,19.237392188077056,-17.64899831173058
OPP.37:030,2.031924251752958,11.766793074515025
OPP.37:031,3.986768957097045,13.262103674995615
OPP.37:033,-11.657467799578184,-9.991833176830186
OPP.37:034,-23.713755037449992,3.7234728892195
OPP.37:035,10.195208864933056,7.02314593017003
OPP.37:036,-7.701751687891879,-11.38130507057416
OPP.37:037,-6.2336127532349,3.3154079124098152
OPP.37:038,-21.82816069653917,5.9852771128590625
OPP.37:039,4.480444334746826,-22.887321488077987
OPP.37:040,-0.6542998192192166,-12.580233572910538
OPP.37:041,-16.374968244233422,-20.20557512608991
OPP.37:042,0.4087479732051003,-0.8860371243997466
OPP.37:043,9.893050209555126,-3.573667779839941
OPP.37:046,3.035334114574985,4.05800261436826
OPP.37:047,13.880768345283663,-24.489117929745806
OPP.37:048,-5.523349517436289,17.77172318221302
OPP.37:049,-19.284998897293857,15.27993548963022
OPP.37:050,-14.91118338432125,19.06758123338155
OPP.37:051,3.697899700713557,-29.471876888652485
OPP.37:053,-11.10140138134952,-31.011110496245788
OPP.37:057,-1.378117980458547,-14.477575822013103
OPP.37:060,14.638035998000774,-4.784784505445602
OPP.37:069,-16.89300074680782,14.718564536347708
OPP.37:082,25.152700953077606,7.420672620754625
OPP.37:091,-15.006555507562329,17.506207885836684
OPP.37:093,-10.79249669867853,-14.713117075862984
OPP.37:094,-22.0517849674239,-20.075839475593185
OPP.37:105,-1.5167500830980123,11.224890216683677
OPP.37:115,-21.835852494502234,-4.526091408739316
OPP.37:122,17.446985002813832,7.155936817773667
OPP.37:129,2.7649364056120427,-4.0440446768939395
OPP.37:130,10.370921254260615,1.748011804872488
OPP.37:136,2.966603683919678,23.84417508221781
OPP.37:137,23.712094506901103,11.342743303852242
OPP.37:138,-5.4525921795189936,27.04219458163511
OPP.37:140,26.413785092179097,-0.3844527293776201
OPP.37:142,0.6494737187059225,2.2810775941841164
OPP.37:143,0.9122941361618873,-21.69611665390978
OPP.37:144,-18.440621231128294,-17.473384443093007
OPP.37:145,0.3178415176275239,8.213222465839598
OPP.37:148,2.575379844770903,-10.680738235573733
OPP.37:149,-5.0076580860410465,4.138576315359586
OPP.37:151,-3.905689753697346,-25.48186063914587
OPP.37:152,1.8403663111948816,11.893798339554973
OPP.37:154,-5.625938693753294,-22.024401356827994
OPP.37:157,-3.2113443852670893,-0.04705943218018982
OPP.37:161,-16.951346988561767,18.608887670183776
OPP.37:163,-15.921505482683754,-0.606708216793129
OPP.37:164,0.3535843546784897,8.418393193679403
OPP.37:165,-4.379842989317165,17.711826868389906
OPP.37:169,-15.344817370859378,-0.5268087612359661
OPP.37:170,-16.175782921084117,-13.621206070868734
OPP.37:171,-9.12089944716821,-25.551520193093598
OPP.37:177,2.3560046155015693,-9.139863720296592
OPP.37:184,0.9583458100903686,-9.48471294788228
OPP.37:188,-10.9854406500634,7.942322064247898
OPP.37:189,-15.24424889615562,6.410022687094897
OPP.37:190,-16.96543321144564,-16.541006369797085
OPP.37:221,9.085632707787855,-21.999023846509836
OPP.37:227,1.7852976632442397,-25.17931391159521
OPP.37:228,4.360364555212021,-16.788441055640597
OPP.37:231,-12.594594314169914,-25.782845708234657
OPP.37:232,9.094428757678662,1.296002914373971
OPP.37:233,-10.996063760605317,-27.105136229329986
OPP.37:234,-6.676699287046273,-3.1689192643843302
OPP.37:235,-18.193233967394324,13.50756819137852
OPP.37:236,19.303921250868193,19.071065018598443
OPP.37:237,-24.98786472465698,7.422226653356034
OPP.37:238,25.475618244319353,13.721098080892771
OPP.37:239,17.567863317085486,-18.968132910872068
OPP.37:246,1.696157083599578,-17.622261406272013
OPP.37:247,4.651035177346988,-7.75210685651687
OPP.37:248,8.710248705566018,-25.200306770247806
OPP.37:257,7.118756927142611,0.18603834533159935
OPP.37:258,-10.732098473373352,29.701355729086277
OPP.37:260,5.466976431315674,8.94794154569698
OPP.37:262,-7.76126559818673,22.883044927025114
OPP.37:263,22.65145582647798,16.089766877616213
OPP.37:264,5.565128438661639,7.908619081856288
OPP.37:265,7.950590928404124,-4.94625141450119
OPP.37:279,8.817446267604053,-13.361271591776768
OPP.37:280,-2.4835573112151654,-16.59466168357052
OPP.37:281,2.4767084652390716,-9.426251825868787
OPP.37:282,4.797861519460685,29.581973573552176
OPP.37:283,0.7628020049363308,6.621105692683248
OPP.37:284,5.523387463923431,-29.048005829812908
OPP.37:285,0.6288435522681035,-10.147497145356581
OPP.37:286,-4.412078893238053,-34.15092685649076
OPP.37:291,-19.00442367306625,-12.33783398781866
OPP.37:292,-21.762220112783275,-18.172740635107733
OPP.37:293,-0.5190569840185442,19.08674345691743
OPP.37:294,-16.611215726567107,-24.02870010856802
OPP.37:295,24.172145114214743,14.748606206728487
OPP.37:296,16.40597772553319,2.0327188084015626
OPP.37:297,5.819423918273957,-18.513439137617265
OPP.37:299,4.833198865987802,-24.142137309724415
OPP.37:300,16.463118246367245,6.099721629568606
OPP.37:301,-7.226561779212391,0.8352230013026173
OPP.37:302,-10.060182785070706,-8.795315038465656
OPP.37:303,26.59859895874341,15.836044703703633
OPP.37:304,19.611469256230265,-18.07814526331488
OPP.37:308,-12.456604977883774,4.3287487303689165
OPP.37:309,28.694793072920778,10.258888160789454
OPP.37:310,10.836035901204356,33.7919188218782
OPP.37:311,-17.37214051045985,6.264162862425828
OPP.37:312,15.215777466110804,-5.719883253369192
OPP.37:313,-17.121320093959635,17.04746270571701
OPP.37:314,-5.149523309321764,8.693781940375088
OPP.37:315,-14.59956492855293,-10.967650342034995
OPP.37:316,-11.272982701130296,-9.815870438331602
OPP.37:319,-9.014574586379277,19.409225825092534
OPP.37:320,-5.065401596875989,26.941658155404287
OPP.37:325,-17.065495205011974,-16.793308037691844
OPP.37:326,-14.228182700124039,-17.79910938318905
OPP.37:327,-5.527683742840649,-7.6801952682503805
OPP.37:352,14.623103647782587,-7.5228217747373325
OPP.37:360,-6.250903171600795,-2.2801184980816687
OPP.37:361,-12.486986345603214,0.9700453670781429
OPP.37:413,-22.728590594747708,12.674111233628452
OPP.37:414,-4.6973347164029144,-15.212743955199116
OPP.37:420,-7.678733005618378,-4.274307420660232
OPP.37:448,1.5111405492677963,-8.108776540661653
OPP.38:001,-5.509365473505691,-0.8024399134887505
OPP.38:002,-22.008878610614648,9.56042352931256
OPP.38:003,-23.715801661424713,1.3212631826487984
OPP.38:005,-24.936781122207222,-0.21228265855295325
OPP.38:006,11.870201550560937,-17.231286559423225
OPP.38:007,-22.955295168258992,-10.041550515960601
OPP.38:008,-15.671858280249207,-12.475610217568313
OPP.38:009,20.57893540666779,10.928825534462764
OPP.38:010,0.7436107089306007,2.7292484549009064
OPP.38:011,-9.374354117459774,26.99130793176804
OPP.38:012,-20.220387935212567,1.5991432119884308
OPP.38:013,7.378009271170125,1.0113462005753162
OPP.38:014,25.622216751596724,11.969644089914464
OPP.38:015,23.006313301877586,-1.2452330963485703
OPP.38:016,-19.745662007671868,18.518157190094744
OPP.38:017,-23.743190369035112,2.9260007679119417
OPP.38:018,-18.43830294132072,14.103694586015783
OPP.38:020,24.6232113021274,14.478373929771303
OPP.38:022,-25.593596155939682,11.60224433990304
OPP.38:024,24.313273174594677,-1.0700141610783294
OPP.38:025,-22.042531182983392,-8.67043062752725
OPP.38:026,-21.656442654318756,9.620237592962331
OPP.38:027,-9.954939516966153,-5.379783518193012
OPP.38:028,0.3236154954432108,-28.253187300490044
OPP.38:029,21.6470325099234,19.516990987958327
OPP.38:030,-20.57578735410487,-16.845601786570793
OPP.38:035,-19.09670992718619,21.349046633903257
OPP.38:036,-16.10282718736984,19.182632502731188
OPP.38:037,-3.8186903180419733,16.52690247792393
OPP.38:038,0.5130788542509794,-10.18768261938921
OPP.38:039,-26.902618453029564,10.129004340455523
OPP.38:040,8.245808642915799,-24.824904591095454
OPP.38:042,-21.821983931829926,-18.012775265106157
OPP.38:044,-15.89289862234515,-20.133094446436406
OPP.38:045,19.34989570110101,21.182019328016313
OPP.38:046,-0.780512913855876,-23.401167554483422
OPP.38:057,1.8839543706595892,3.3727161935976784
OPP.38:059,9.283715217107071,7.462929240657679
OPP.38:060,-15.656065572540163,-19.873067607302247
OPP.38:065,-5.786339457330575,-1.653676373074857
OPP.38:066,-1.0262579449256604,-25.313666990346768
OPP.38:068,-4.956595517525511,-1.5532083209111294
OPP.38:069,-19.800120208427387,-17.668543515754514
OPP.38:071,19.254900213873285,26.89445889352318
OPP.38:072,-17.875061835454595,9.420378656837048
OPP.38:076,24.036322491599755,2.407347777556008
OPP.38:082,-11.971550755985898,-9.571964515446453
OPP.38:083,22.147237528812198,17.092366989520432
OPP.38:084,0.2746992241887294,-25.768081034743727
OPP.38:085,-5.080637705432748,-25.260244932246042
OPP.38:086,15.43132251479508,-23.20514423942767
OPP.38:090,-4.352559430237019,17.70541345168696
OPP.38:098,-3.2183593997496134,-27.446924714250965
OPP.38:104,-1.7145899480803508,16.26290070173376
OPP.38:106,-20.900961883908387,10.436809643590568
OPP.38:108,8.159079376856754,-14.392010695320959
OPP.38:109,9.54689806495478,25.328293183733127
OPP.38:110,-10.301785497990943,5.89133113992995
OPP.38:111,24.632321461131482,0.6779487970874809
OPP.38:112,13.977344573464661,-27.01421931021051
OPP.38:113,0.8542526119700085,2.6403127023710993
OPP.38:115,-11.466261837523673,-11.36776201035259
OPP.38:116,-23.303848875926526,12.485893476236102
OPP.38:118,-22.16888226221513,-8.441400946444901
OPP.38:119,26.474658034120356,10.628483749555356
OPP.38:123,23.547003259522167,15.627120447395543
OPP.38:124,-11.161610500341496,-9.883225802803418
OPP.38:127,1.5786787279596994,32.131936668345304
OPP.38:129,6.392433325282475,-27.211373964692122
OPP.38:130,-7.332695403850372,-1.0886607599473137
OPP.38:132,-21.67386297581656,18.429278893166128
OPP.38:142,-0.6671342110100954,19.95387598684196
OPP.38:147,-3.1927492436448386,19.767478805110777
OPP.38:148,-19.796019850018332,-15.774132187133175
OPP.38:149,-19.641962336885186,12.360081916689735
OPP.38:150,9.195454879196896,8.56645456639996
OPP.38:151,-6.410062285888552,-1.2796162875305093
OPP.38:152,-12.834808828164162,-3.341696630532444
OPP.38:153,-1.8665739831675259,-10.703776986291842
OPP.38:154,0.9981230397510786,-9.068915429475226
OPP.38:155,-6.736908629747621,-2.896919583812848
OPP.38:156,-10.82586009755414,22.12478548794524
OPP.38:157,1.5787105411993956,5.152341222315736
OPP.38:158,-10.881407882787501,22.00630762339722
OPP.38:159,-16.238331299568596,11.685579268328826
OPP.38:160,-14.679221684144999,13.874851459310287
OPP.38:161,-0.49109132833307845,-11.38992922750628
OPP.38:162,-16.751880420531855,1.5547766110931815
OPP.38:163,-15.00184139183692,12.465385671410294
OPP.38:167,-18.22326373223988,-7.183910349993681
OPP.38:168,17.62183026888352,-19.141303822128044
OPP.38:172,21.092766604815,4.0848191725884915
OPP.38:173,-14.69623945693068,7.868246323245593
OPP.38:174,-18.893925147707407,3.300155401595792
OPP.38:176,26.528237516939924,11.060851726102916
OPP.38:180,-8.904138017404442,6.293431029126911
OPP.38:197,4.094276754519526,-17.189502975554554
OPP.38:199,-8.667955015815501,-27.179511130229837
OPP.38:200,-6.601089003133103,0.26502143461697547
OPP.38:204,-1.0308460168746156,25.84033014925902
OPP.38:206,-8.292272321388028,27.784112149287548
OPP.38:207,4.983038715892501,10.622592448033325
OPP.38:208,-18.99222364895252,-23.592805149992433
OPP.38:209,-8.727746247742461,26.037698389114258
OPP.38:214,-22.78636494817392,9.119642528212788
OPP.38:218,9.194479624266952,-28.122439772851262
OPP.38:219,26.571529832928235,7.064132307060908
OPP.38:220,-18.787976813150024,-17.400191344410846
OPP.38:221,12.276761394174395,10.305217909618266
OPP.38:232,-22.69983031808948,-0.20555999012308485
OPP.38:233,3.8000897005475744,12.330593069230394
OPP.38:234,15.722302894321286,-26.363095220058415
OPP.38:252,26.620776226690815,7.036779830961224
OPP.38:259,3.7458986739401445,-11.299302250370426
OPP.38:262,0.7406086332103484,0.3664112986518831
OPP.38:283,-1.1694692602942527,-15.914591505686314
OPP.39:001,21.908265691579754,4.914991795719532
OPP.39:002,-7.678628953141936,21.159282945082317
OPP.39:003,20.38415769788315,4.268206902051376
OPP.39:006,15.159301094859595,23.117962637802552
OPP.39:007,8.18719720629395,13.670026367619382
OPP.39:009,-7.1444604808330014,-11.584001057718215
OPP.39:011,18.246273097245115,28.61870269954983
OPP.39:012,2.103835811257925,4.281324729916677
OPP.39:013,4.941733863168419,28.717206482874516
OPP.39:014,-7.988518217297671,23.23324299278029
OPP.39:015,21.666913448137457,5.893990190839429
OPP.39:016,10.925152213298809,24.371546803427055
OPP.39:017,-8.277144873770101,23.302759406295117
OPP.39:018,-13.637110841711245,6.076835385717461
OPP.39:019,-6.398200546073191,-0.14164386892616815
OPP.39:020,15.70261680075657,11.464518749238103
OPP.39:021,-23.286614584908996,-10.16349206967388
OPP.39:022,-14.005101329680821,-29.356542534509735
OPP.39:023,-12.724918358222572,-31.899266407720813
OPP.39:024,-16.24823220696229,-0.7519989430965129
OPP.39:025,-14.444526604830253,4.826807991273375
OPP.39:026,-16.836827023515756,14.094183995827139
OPP.39:027,13.407154253844693,-8.261895117210855
OPP.39:028,-21.623910435724586,18.416459145258607
OPP.39:029,22.677879779767007,-3.7615701504866843
OPP.39:030,11.749463922777988,-26.231104369446438
OPP.39:031,20.13806510299692,0.40122086380988853
OPP.39:032,2.3597428119343276,5.451607300815487
OPP.39:033,-4.0671385206208415,19.23888227912184
OPP.39:034,9.436172146926571,-3.5351522515690665
OPP.39:036,17.00895628352373,-14.04216848131318
OPP.39:037,-16.763416307105334,-5.573845423195465
OPP.39:038,-2.9332453244570247,3.425427172706439
OPP.39:040,15.358076773892911,-23.50511984227276
OPP.39:044,21.664868101167468,15.599741511751883
OPP.39:045,-3.647624703022432,16.370374850252205
OPP.39:046,7.009733444858234,-25.925922917130105
OPP.39:047,26.480840575404564,5.137553265011721
OPP.39:051,-6.061961066544555,28.154715230428728
OPP.39:052,24.036918416035864,18.641839478127906
OPP.39:055,12.37027348451152,14.000459878446135
OPP.39:057,-17.93605600310635,-25.700108881460455
OPP.39:058,12.418477763516982,11.43416137464563
OPP.39:061,0.1921355222787402,-18.262376082170373
OPP.39:066,-13.57710040272701,-24.090674283117952
OPP.39:067,-22.73459058835965,3.3957542761271764
OPP.39:068,18.446154205229764,12.69523087970321
OPP.39:071,3.1552406902696246,4.0568957354857735
OPP.39:072,-16.496950975256773,18.919171069616247
OPP.39:073,19.407743511382765,16.304938775079712
OPP.39:074,-17.99155581635701,8.74190454378085
OPP.39:076,7.286305439153783,2.461705718556134
OPP.39:078,1.9884386540364583,-33.62205079074592
OPP.39:079,-10.412609830380326,6.4151994835672115
OPP.39:087,-22.093133194894925,4.940926250469176
OPP.39:088,-16.65928282058931,-16.16313476994983
OPP.39:090,-19.18097477215051,17.609975667398913
OPP.39:091,-11.23350717823472,4.188817554775409
OPP.39:096,-3.6002329007611675,-25.196965222144602
OPP.39:098,-15.065018780359411,-18.79507278213424
OPP.39:099,-0.8334152368430481,-25.44335839509813
OPP.39:101,-3.9800570717135675,33.22815343382502
OPP.39:104,10.345421623710784,8.516874889947134
OPP.39:106,-22.459132937173745,15.938299183381698
OPP.39:144,-16.5889330625012,-5.474887438970172
OPP.39:192,20.75955971991093,5.82798071072467
OPP.39:193,-18.79169819832214,3.2259159817388614
OPP.39:195,22.64201859320664,1.4347786438512955
OPP.39:215,6.621505024972357,25.439671716497912
OPP.39:220,5.459073239803976,-24.041678318835885
OPP.39:229,18.169803452056716,16.928687311153674
OPP.39:239,21.282158274576403,12.166645997623661
OPP.39:241,-1.34087174962074,-14.95630274610459
OPP.39:242,24.00413917896151,0.29741678221607654
OPP.39:244,6.175780114032762,-26.64836449462442
OPP.39:248,-18.073470406889577,8.156088147475831
OPP.39:254,-6.099132685023992,-0.7887833525127215
OPP.39:255,-16.95996012326896,7.5332763319741805
OPP.39:256,23.65585991547674,2.443595682447911
OPP.39:264,1.10420697499,4.873479132234884
OPP.39:265,16.95452013949911,4.494509133425894
OPP.39:268,-5.443522721688138,0.9244320987133905
OPP.39:269,1.5657505106257914,-5.003592838469492
OPP.39:270,16.287061279247094,-3.4804363949225707
OPP.39:271,-6.8981432723296034,-9.308460691158588
OPP.39:272,21.031030930353776,1.221569833118433
OPP.39:273,21.020025545285403,12.62132847242719
OPP.39:274,21.526009777389405,20.646668769779534
OPP.39:275,11.649669010323407,-26.264952743750204
OPP.39:276,2.4701740565955963,-29.38222259376453
OPP.39:280,-18.13309936054612,17.43483012754366
OPP.39:281,-12.766369321262871,-13.875334265662799
OPP.39:282,10.179981798304777,-13.523904348467745
OPP.39:292,11.346466112969516,-26.174571776401713
OPP.39:293,13.795493060200975,-7.68205522635945
OPP.39:294,25.631633845059532,12.261314063664617
OPP.39:295,4.934708398790436,-27.82708977964614
OPP.39:297,-11.041292194010607,22.136518057092033
OPP.39:302,11.102653174097057,8.166693643222988
OPP.39:304,-6.786012934846854,-27.31149008097409
OPP.39:314,-21.808596960565165,-18.116806823527728
OPP.39:340,-22.064701591524763,-20.11961539058127
OPP.39:341,-11.333458810261527,-23.878459590571154
OPP.39:342,-25.250825227241283,10.033028575215308
OPP.39:343,0.5285413453420141,-33.867079967185624
OPP.39:344,8.128351344210428,-16.057934374393145
OPP.39:345,-3.7564914076814957,6.8225758019715546
OPP.39:346,-18.388051837652874,12.054809855714723
OPP.39:347,-7.334741957441961,-13.441969194922573
OPP.39:352,16.20522748743479,21.931177855357973
OPP.39:372,-3.1027247687639945,24.142443199359512
OPP.39:373,-8.78090045886635,-17.66342251544027
OPP.39:407,22.607077106468886,16.851375216579612
OPP.39:425,-9.664566228115365,-9.509131244250819
OPP.39:440,-4.283092824455026,18.94366445972411
OPP.39:441,-4.199825414261533,-26.508961430984563
OPP.39:446,3.9643217601644642,28.018678870805168
OPP.39:447,9.86366398328196,-23.390782963028173
OPP.39:450,21.244315204490405,21.02251867643521
OPP.39:456,-0.6370130631438455,26.413711588958108
OPP.39:457,-9.277096903577469,4.309899054894005
OPP.39:458,-16.931886658206583,-24.412888856173144
OPP.39:459,19.649180711045595,11.610953434441473
OPP.39:462,-8.758186113923847,-4.392293169142272
OPP.39:465,-12.82207748901494,-12.387654018767766
OPP.39:466,-13.932484393760403,8.054859977142604
OPP.39:467,29.128421943372366,13.323538811322102
OPP.39:468,-10.448173251666315,6.4513864672799714
OPP.39:470,18.275635163913147,-3.2456260225183606
OPP.39:477,15.518652910842011,-20.89471124755796
OPP.39:520,-5.124260366347811,19.550630554372297
OPP.39:523,8.866360889173565,-4.550855859568844
OPP.39:539,-7.798983058196712,-28.05065584554955
OPP.40:002,22.89864811015279,4.150749657770081
OPP.40:005,4.680981924722266,18.436628080884404
OPP.40:006,-2.6454425105448722,-13.481388218860486
OPP.40:007,24.65714931299255,14.406574539271618
OPP.40:012,-1.1170050601398291,18.399670146142338
OPP.40:016,12.06566220057025,13.075552073176501
OPP.40:023,3.1595617261703053,-26.02787811683905
OPP.40:025,-6.354678285172652,11.41850259668349
OPP.40:328,13.137097111583486,6.49847389394946
OPP.40:329,-9.044920662677795,-1.072712640777943
OPP.40:478,-3.712842381065386,0.1659465797824186
OPP.40:487,21.125412954554573,1.8368103528113453
OPP.40:490,19.427426767796145,26.643211022855578
OPP.40:495,-13.725175872887812,9.92759525396889
OPP.40:496,10.112342488909185,-1.0173968438474705
OPP.40:529,-0.990683039389667,-26.239062786531385
OPP.40:578,-11.079288104308002,9.659827054656873
OPP.40:579,-17.177643613435233,23.849399094918983
OPP.41:001,14.09368195947381,10.357450418279774
OPP.41:002,23.241511948038234,1.0055576697407345
OPP.41:003,8.143355194786597,13.662167351635475
OPP.41:004,-3.693363587787392,19.523331214946474
OPP.41:005,-17.696750652144345,7.104205461540308
OPP.41:006,-2.4211293936524005,-27.544388245124303
OPP.41:013,-15.44355659967747,-6.20233502069405
OPP.41:014,24.757759923763945,0.7155657603273463
OPP.41:015,17.179347285115572,2.6365013803485144
OPP.41:016,5.948267196723442,3.513224464942022
OPP.41:017,-15.705798806376773,3.632498070867984
OPP.41:018,-14.392372573312185,19.36709509486363
OPP.41:020,-20.380438073503385,4.5161625491645285
OPP.41:021,13.527146137477724,-9.00262313482054
OPP.41:022,3.718167015806377,2.804881278269781
OPP.41:023,-0.8095076063824005,19.068294627625335
OPP.41:026,17.811116862879928,23.346130069030774
OPP.41:027,22.892052815001406,14.921907759910713
OPP.41:029,2.601545195072706,5.706474728147978
OPP.41:031,12.245808962872722,23.600706757227236
OPP.41:034,6.626410989310658,2.6139794410832273
OPP.41:039,22.43641889324658,7.910562044008924
OPP.41:040,2.4091256976909774,27.57784033948039
OPP.41:050,10.33600199557056,27.986592572706286
OPP.41:051,-5.17057721086926,18.33853709313548
OPP.41:069,20.3291568974387,-24.45106967018853
OPP.41:079,10.249969125581579,1.9759613018933972
OPP.41:081,22.035407065762612,-4.083719095521148
OPP.41:127,12.28958066673473,-1.6943818291017532
OPP.41:150,8.636122879569495,13.604161175700561
OPP.41:151,-2.74291606082487,-7.517126023723494
OPP.41:154,21.500938265843356,-0.11871634502209921
OPP.41:167,26.468665038191375,5.110504725632807
OPP.41:195,23.857401214820534,1.2225112159637308
OPP.41:201,-0.3633605824489004,21.42224361600886
OPP.41:202,-11.301509483336039,20.051662496872396
OPP.41:208,-9.147390711842828,-18.158172215673712
OPP.41:210,22.502441515277248,13.142679945296956
OPP.41:211,-10.185991985943803,5.56005127320394
OPP.41:212,11.423057079217793,11.657534503010487
OPP.41:213,14.61875184940818,-25.14925219317014
OPP.41:216,-13.522010332710842,-20.897931390084498
OPP.41:218,11.948709551115446,14.16000768286538
OPP.41:219,12.345515193072996,-29.121411374733068
OPP.41:220,9.873718420751699,11.198910536218955
OPP.41:222,3.539741686671362,-25.32047585446049
OPP.41:223,7.5393393046161625,7.166213463135738
OPP.41:226,7.257510597323066,-0.39081822961424106
OPP.41:237,-17.923156784334697,-6.981406944605836
OPP.41:238,27.8706108877179,16.772425263661777
OPP.41:248,8.06828603444928,-18.52772576738652
OPP.41:280,20.482138447184084,17.710320032719896
OPP.41:305,12.043331850361024,-8.142380523175472
OPP.41:307,-1.6119853203874663,9.090158569683554
OPP.41:308,24.346094834809758,-1.5346474467637086
OPP.41:309,-15.609739557107954,6.101583495888361
OPP.41:314,0.3757135431427525,2.869568106215831
OPP.41:315,22.45927750285702,-4.878611449782153
OPP.41:326,-5.502691739935474,29.048097433623152
OPP.41:342,8.330008177703101,0.42962701007026477
OPP.41:384,-14.739183497983976,0.6162296976456288
OPP.41:391,14.064239875900851,-15.777041851909061
OPP.41:392,28.680264303534386,5.590869252656899
OPP.41:393,1.156895640056473,-17.02623167910842
OPP.41:394,16.86352079329278,-0.7171303229713404
OPP.41:395,23.749639763771107,7.877036560818032
OPP.41:406,-11.292085871923183,9.6095553661855
OPP.41:407,1.9059979627544819,5.343064929769829
OPP.41:437,-12.973907153214533,-16.823753873765337
OPP.41:449,1.4340213618463433,25.55724112130762
OPP.42:001,19.635815917891822,19.43680787841973
OPP.42:002,-22.730171611667497,-9.971138618046997
OPP.42:003,26.029120358069445,13.307170559511649
OPP.42:005,25.215998278034633,20.115435058853027
OPP.42:006,-16.217406427617718,-36.94011560077908
OPP.42:007,-21.68738112023443,15.918086415000886
OPP.42:008,25.03828812601266,7.738190710249908
OPP.42:009,-12.69711216768339,2.895258403664998
OPP.42:012,-12.332016629158296,-0.44684873458089747
OPP.42:013,-10.153428924351298,-9.082805479685867
OPP.42:015,24.921125300692772,9.553864082371627
OPP.42:021,15.461637052907411,-23.990094905075246
OPP.42:023,11.709859718284356,8.478044286375816
OPP.42:025,12.567825467338361,25.829771740774977
OPP.42:030,-7.9632079660458475,21.203738433734753
OPP.42:060,1.4143965365250404,25.336637633367875
OPP.42:061,1.953079034882198,23.581224613927315
OPP.42:067,19.38705133057121,24.38963773361173
OPP.42:068,3.971886750460647,-6.730721752537939
OPP.42:069,19.194507557762496,8.266699371278047
OPP.42:070,22.291494772511832,14.255489591134097
OPP.42:072,22.29697243016153,6.466286733077033
OPP.42:095,22.22843294067003,18.802657911629204
OPP.42:099,27.116883970408185,14.014276600604292
OPP.42:102,24.522390908021872,17.080754452259338
OPP.42:104,0.13372749774827858,-33.12285392487388
OPP.42:105,4.440839366822455,-3.2037675373948717
OPP.42:225,8.741259943356344,13.64614978018277
OPP.42:227,-9.763563852579345,7.622730228865058
OPP.42:228,-10.735938969071816,-34.12082616339361
OPP.42:229,-20.78874349976374,6.182989008506202
OPP.42:248,24.913822963794704,20.15607013386605
OPP.42:249,-18.492036366032618,-2.334888820789717
OPP.42:250,11.70521592143459,-26.14260777076707
OPP.42:285,10.744159410626382,25.74857594471701
OPP.43:005,10.110785276627118,-1.8035725951988442
OPP.43:010,-10.092350745382682,24.39470014796315
OPP.43:011,18.30952049503006,2.4712823686349528
OPP.43:012,14.194326688299887,14.378714881632527
OPP.43:013,23.103857580116046,-4.291817487531418
OPP.43:014,-4.706171508203822,1.3524689989884116
OPP.43:015,17.04284210751986,15.84526215469311
OPP.43:016,11.164913784120394,26.185280243088616
OPP.43:017,-2.094599310961943,24.385969002048906
OPP.43:018,19.415990189533613,7.955564213876606
OPP.43:019,16.446333437479115,-5.938194290170522
OPP.43:020,15.360072093432256,1.3506561920625666
OPP.43:027,-18.74461990313091,-25.301224456196415
OPP.43:028,21.175848011482092,14.092795519899367
OPP.43:032,-19.58488971524528,-22.430335997700336
OPP.43:033,-16.44746377888722,12.542624335012446
OPP.43:037,25.94402395245837,19.467422320139487
OPP.43:039,13.569917723980351,13.653193037364357
OPP.43:042,10.66131063558513,21.620374456598775
OPP.43:045,12.243439055481565,28.59798895294905
OPP.43:046,10.412663962384997,19.532505534076275
OPP.43:047,19.83807584765384,26.80619615016184
OPP.43:049,17.387256181924396,7.5306714580190155
OPP.43:050,-14.117143288672695,-17.844223951823245
OPP.43:055,8.213961855051535,-19.43801132547101
OPP.43:057,-18.211342455835446,-26.620618798251044
OPP.43:058,9.67286100781921,9.185069064515984
OPP.43:059,17.401034608674674,24.946913460620173
OPP.43:060,20.31681230164546,14.46742507985235
OPP.43:065,-12.76351195662327,-13.907866351501706
OPP.43:066,22.419298729097974,-4.728373786010588
OPP.43:080,21.137529807420773,-7.864434736002604
OPP.43:089,2.8800939397052576,20.9934518468449
OPP.43:093,22.40961644933822,7.527186959360383
OPP.43:096,21.135966099871197,19.209947550223543
OPP.43:097,21.14418108653825,16.888050009941733
OPP.43:163,22.670078952631115,6.50868170860782
OPP.43:168,-24.886826053499888,0.018178388005929372
OPP.43:200,25.32438488127265,19.93088445705822
OPP.43:201,-3.3103661820856143,32.14954049843882
OPP.43:202,22.70497797544095,7.614322572801562
OPP.43:203,-7.785295182543204,-9.982170639736974
OPP.43:204,15.1740331816599,-23.91428978700859
OPP.43:205,17.799268129257758,19.5038094158015
OPP.43:206,3.060579986567508,-26.060046406323327
OPP.43:208,15.545501417291174,-21.180244984619474
OPP.43:212,-1.7843811912470713,-31.72122330108966
OPP.43:216,-20.747876495912347,11.438029420930024
OPP.43:219,-0.08456855826772874,-13.110101172045086
OPP.43:223,7.6442094918475325,19.921718211442165
OPP.43:227,-7.557242406809881,-28.2806439370456
OPP.43:235,22.34782515055606,17.772287677090482
OPP.43:264,10.084962060722184,12.430486942694237
OPP.43:276,15.886228422104557,3.3024820584913828
OPP.43:277,16.232967547410073,-3.646685466152532
OPP.43:278,12.312606498398303,-14.313735858605261
OPP.43:290,-12.405549988950174,-17.13292661905526
OPP.43:296,14.980762344542699,24.417410249349505
OPP.43:302,-19.928299509381688,9.52991498254245
OPP.43:306,23.55133100895904,19.63067665032085
OPP.43:307,2.202274067976526,3.8523194674475776
OPP.43:312,11.619899451636776,25.371943303985514
OPP.43:315,-21.960738075169516,15.853465467467595
OPP.43:360,15.555243580268074,-1.4401290034076633
OPP.43:407,6.141402398342702,-2.0585104946757986
OPP.43:408,21.626904291479043,11.792313600813117
OPP.43:409,-11.496935140200202,-29.326850670143845
OPP.43:414,12.943838429225737,-19.094754476579503
OPP.43:415,14.108441237181674,-7.261869989367101
OPP.43:416,13.659333114953116,-23.21942294433813
OPP.43:420,3.1013515997973764,-26.110058216369872
OPP.43:448,-19.218844768042597,-27.12237867897284
OPP.43:449,-18.967389886406856,-27.092002056960034
OPP.43:451,-1.0374401921521201,11.429429169019214
OPP.43:452,13.300750791468516,-25.65727601705334
OPP.43:464,16.026301800805978,-2.9677378934572354
OPP.44:001,-15.099858253787609,4.380983738006044
OPP.44:002,-4.158065777551659,17.67807575041634
OPP.44:004,-9.866994034655283,9.076286364687983
OPP.44:005,24.049869522501318,3.0746647174707586
OPP.44:006,20.412420540857486,-5.109699321718956
OPP.44:009,-11.894862215329326,16.527397389211444
OPP.44:011,-20.246602645025156,12.921460576457681
OPP.44:012,-16.149246926395612,-27.87087209085485
OPP.44:013,14.4618180563102,-1.961989124162419
OPP.44:014,-20.217329723643633,-0.12110300846806471
OPP.44:015,10.300208374347593,5.049967359677391
OPP.44:016,-5.389833368610997,-35.72211476247937
OPP.44:017,21.278101512639022,6.019714016573679
OPP.44:021,-6.623165529515494,-12.614236241563853
OPP.44:024,-14.228107065804657,-25.024603760947368
OPP.44:025,-4.058368648354007,17.880175582613436
OPP.44:026,-14.233878727379466,-25.186810534850352
OPP.44:027,6.122494096813525,-21.426725249909442
OPP.44:030,6.84074972485357,19.987319534410144
OPP.44:031,17.924435552110577,17.304623107201767
OPP.44:032,-12.726327992724407,5.829029565597514
OPP.44:033,17.76399272346091,-0.7641669756842211
OPP.44:034,-11.608780972075788,-4.962354856742056
OPP.44:035,-17.702126135448488,-21.34920113529077
OPP.44:036,12.49807671786556,-23.839233270216248
OPP.44:037,-19.15414883177453,-17.7453844293343
OPP.44:038,-20.16331310771533,-17.341454239880676
OPP.44:039,1.059507805898552,-3.0810938623642916
OPP.44:040,5.070172964716885,-4.230593986732884
OPP.44:041,5.232753986035771,-4.3828503290694085
OPP.44:042,-11.646596421631038,-23.314485845786145
OPP.44:043,-0.6007361419954454,-8.448622540918828
OPP.44:044,23.570105949751817,7.275719210107166
OPP.44:045,7.839093542892804,-4.184194363891778
OPP.44:046,-1.7110867381306396,-21.945404747015893
OPP.44:047,-5.048907081694126,-32.162304557537475
OPP.44:048,-17.084852728216404,-25.901415444783883
OPP.44:049,-4.405711404128755,-32.622360276110555
OPP.44:050,-4.3900046948743645,-32.684529518462966
OPP.44:051,-1.4471466545000413,-22.063809546200503
OPP.44:052,12.879141692893407,8.51440347314715
OPP.44:055,-1.8948303199649097,-19.79432952580285
OPP.44:057,-16.689563882938266,-13.554187489662768
OPP.44:058,28.733496343302086,5.7406517934564825
OPP.44:060,-14.682080408241095,4.733140787837136
OPP.44:061,4.658170082060952,-16.50862854684176
OPP.44:063,15.729095458959481,18.113729546593788
OPP.44:064,15.26965221342702,15.76681237828048
OPP.44:065,7.458085894250645,-0.20730108688742047
OPP.44:070,-7.5040482285778,2.3772378831237226
OPP.44:071,-14.553493864267443,-24.964330780586973
OPP.44:072,-3.8279576536239164,33.107066929818224
OPP.44:076,-10.545282405087573,6.56012251996253
OPP.44:077,-8.611140927598859,20.22385176499159
OPP.44:080,-4.309183574720143,24.06729249409481
OPP.44:082,-10.88799013115399,-18.557638227521064
OPP.44:088,25.720801810398036,15.72305730818302
OPP.44:089,-0.9644104192019759,18.35722081586316
OPP.44:090,2.6300477911548117,-27.960680882286272
OPP.44:092,-6.3302077210339585,17.698086671151717
OPP.44:097,25.26766794703349,14.264035237952195
OPP.44:106,-8.839582749075714,-26.164679938939752
OPP.44:110,10.549705729372548,13.076615845186772
OPP.44:113,7.844947342998379,-4.168897617397464
OPP.44:114,1.8405916231527164,27.978622226852877
OPP.44:115,4.793319774514927,-5.888738330873718
OPP.44:121,14.721628133784828,-6.471941479830167
OPP.44:124,-8.477423417938608,1.3425762981344747
OPP.44:125,23.69087715928766,19.855316967590355
OPP.44:131,24.116088404281058,5.467855646166835
OPP.44:132,-2.7865643620232543,-20.27130747389061
OPP.44:135,-15.355446230213808,14.931946449184952
OPP.44:139,8.319399969043308,-12.4599408847845
OPP.44:140,-19.194972210526824,-22.06421566272749
OPP.44:163,7.319246006541696,-0.5129927580269937
OPP.44:164,1.6645507368577206,-8.028240748840325
OPP.44:165,12.204015167681513,-5.9429717305245715
OPP.44:166,13.73997564973589,0.3609168810698853
OPP.44:167,2.6331225661055426,-5.985221796695954
OPP.44:171,9.886358885107237,-14.610045626195294
OPP.44:172,17.62504299472603,9.342902307369366
OPP.44:173,4.806723467074634,-27.745018395435594
OPP.44:174,0.952383899790203,-8.137228646060473
OPP.44:175,14.306973328537572,-8.130436153954458
OPP.44:176,12.92685005160932,-26.09730692108132
OPP.44:177,-9.188188973253427,-11.26010739533996
OPP.44:178,0.834683555382474,-14.876608029179875
OPP.44:179,26.611157076419108,-0.7630961821988385
OPP.44:180,4.007420491268803,-12.58302344278058
OPP.44:181,9.39588429715317,-6.980084780083293
OPP.44:182,5.934214082715422,-5.413245105726449
OPP.44:183,5.04731206305754,-5.876807502765292
OPP.44:184,17.402476208151935,-1.5108993186169752
OPP.44:185,5.194678763255589,-5.649970453918437
OPP.44:186,3.972091804544252,-12.84234940339394
OPP.44:188,2.4093439993139163,-32.32388026712764
OPP.44:189,-0.11944969121696762,-19.273196989414803
OPP.44:190,10.09430453432662,-14.991435528283938
OPP.44:191,9.810485890527719,-5.247102407983219
OPP.44:192,-9.890900723963965,-22.836972925386178
OPP.44:193,-10.427076403262163,13.575025322193
OPP.44:200,9.302296081342032,-29.19204970147015
OPP.44:205,0.5122983420020998,-29.219679908104876
OPP.44:206,-7.348144220393463,2.6487700165213544
OPP.44:208,-7.518604426623821,2.981094434744695
OPP.44:213,-4.8574081549616706,-6.7548857248355345
OPP.44:214,-0.16569481982774276,-19.369936455725377
OPP.44:236,12.41406045818261,8.715948335176352
OPP.45:001,-16.301181752775914,-36.96488870367982
OPP.45:002,24.196809646680606,8.252931334462195
OPP.45:003,-12.90076744726342,-3.3998370455022036
OPP.45:004,17.09970339264421,17.52307449442612
OPP.45:005,-7.35956848126733,-0.9268888031604804
OPP.45:006,4.909783847155888,6.323967354073274
OPP.45:007,-6.85341192010885,-21.947775139639305
OPP.45:008,-0.798620368272814,-9.794701110726507
OPP.45:010,-17.774358961897914,19.34147230946291
OPP.45:024,0.23518415096870007,18.93497272401006
OPP.45:025,-0.46734728638358614,-9.732685805994123
OPP.45:026,-4.479125029464695,-14.353815803564713
OPP.45:027,-5.797234159205799,-12.761853949917809
OPP.45:028,-12.899275782955737,-25.012020411274865
OPP.45:029,4.778609652322495,-19.122385452139085
OPP.45:030,6.6618228204024454,-4.937507164201431
OPP.45:031,7.538417325568074,-6.035406240774225
OPP.45:066,20.794723986886726,11.017152355193293
OPP.45:079,16.210861343980532,-1.6480988309652025
OPP.45:085,-15.069429301201916,-25.238184875815598
OPP.45:088,-11.830914494590322,-4.833507882697798
OPP.45:091,3.209047394243166,-5.843492211621733
OPP.45:093,-10.312685189421867,18.977395002029983
OPP.45:104,11.269338300779657,14.2947244971415
OPP.45:105,17.105672668819302,19.827173994350083
OPP.45:107,-15.195627021862112,16.456179940600983
OPP.45:108,5.877108443321687,30.918159318408875
OPP.45:114,0.42553832332160163,15.563017175633801
OPP.45:116,3.4748410258068305,19.997906583691915
OPP.45:119,-17.744525065181072,-5.04247249951344
OPP.45:120,26.799622362091064,14.38802685959032
OPP.45:142,13.458193058152435,-7.948681714537865
OPP.45:150,4.861272521399716,-12.087290474285854
OPP.45:151,0.0393443889329461,29.8402083927626
OPP.45:156,-0.25846435784086436,-29.410194049304
OPP.45:158,-5.102700755691651,4.253107081065551
OPP.45:159,-4.660720854006669,27.420415716501516
OPP.45:166,-4.287277463608932,-5.776310238727471
OPP.45:174,4.5617663880406205,-9.328172778138825
OPP.45:182,-1.4939956043708214,-4.67810518992511
OPP.45:184,-25.7977502082734,11.14175426686932
OPP.45:186,-23.765131005035876,2.555148712583878
OPP.45:187,-1.4652518728817998,-13.271259722469171
OPP.45:188,10.085409105408093,11.099968764176797
OPP.45:208,-6.375788501294679,-20.838573824563873
OPP.45:215,2.6864600310607076,-7.862806202084027
OPP.45:216,-3.837116623637796,-2.0492625549183976
OPP.45:219,-3.27325360136563,-20.158526638487416
OPP.45:221,-3.4378999876588567,-1.6837772139455132
OPP.45:222,-2.110183287146912,-2.4506998923181826
OPP.45:223,-5.509241314984261,-5.57190411796932
OPP.45:224,-4.4780305868330865,-11.165437543112693
OPP.45:225,2.0644309749741616,-6.110226366334555
OPP.45:226,-5.150189747642894,-0.6526751666343791
OPP.45:227,9.46221472890021,12.818553440295453
OPP.45:228,4.499281308266085,-21.366901565871736
OPP.45:229,-23.123469273553276,11.708802168110259
OPP.45:258,-8.91577551804952,-1.107966608844292
OPP.45:276,-8.819210801876906,-27.53044924023033
OPP.45:277,5.049171320273683,6.295651636433263
OPP.45:278,10.389267521836672,7.868150885950906
OPP.45:280,12.488867215489833,-13.585741796914183
OPP.45:282,4.8148055182418625,-9.491088946327686
OPP.45:283,4.669065111433705,-2.330642896856954
OPP.46:001,-0.886351487750757,-5.563921980904339
OPP.46:002,5.3689062632591416,-7.027677197183241
OPP.46:003,19.51998442866796,15.845908423453675
OPP.46:004,-16.25038206331288,-26.27230873390046
OPP.46:005,4.283790755427896,-15.227654640729835
OPP.46:007,-23.778360322521575,8.373011935937525
OPP.46:008,7.249907345477497,9.671049004113739
OPP.46:009,-0.31164848097836073,3.6570747304885374
OPP.46:010,-1.050026107410516,21.47368552842193
OPP.46:012,2.870022878343135,13.020396740101836
OPP.46:029,-6.577542210023452,1.1698799339252215
OPP.46:030,8.95199773570411,4.868260631733104
OPP.46:056,11.956460583125315,-5.073942464591026
OPP.46:058,-5.036770472562839,30.77755577219856
OPP.46:062,-10.310092884896488,15.273562787292152
OPP.46:065,4.421758557317915,-3.6473958411078815
OPP.46:066,9.508267907432105,-1.5312243149840992
OPP.46:067,11.73438705396568,7.872105657271394
OPP.46:082,0.7809575650724874,-11.094099522193206
OPP.46:084,-18.374881973134524,15.541525936690787
OPP.46:086,25.262311922431117,12.869730703823343
OPP.46:091,-15.403119157530782,-31.36403414442189
OPP.46:092,-9.794660128816812,29.474189178351317
OPP.46:119,24.45950466240803,14.51088877655271
OPP.46:120,-9.305254472691152,-3.4716018657863015
OPP.46:155,1.775292780941098,-16.043488641606675
OPP.46:156,-12.545160730608574,19.78120486565265
OPP.46:157,5.955320398830774,-10.675647037806291
OPP.46:159,11.737045083149276,5.91293552069927
OPP.46:161,8.92267380688898,-13.609841927081542
OPP.46:162,-4.521774218204461,18.81711923702983
OPP.46:163,0.2241625760060747,6.689571118595177
OPP.46:164,-14.695986360520939,-2.127780543533825
OPP.46:165,24.690008884087508,15.475026729598302
OPP.46:194,4.251663476247239,1.9328906087577056
OPP.46:219,8.296363614944573,0.4513610500515119
OPP.46:220,-10.44867317771642,-28.986784512351264
OPP.46:241,-5.222560854281189,-2.1602309737171064
OPP.46:245,12.691517765229065,17.533067177090093
OPP.46:250,-7.822036419152721,-19.762578314636134
OPP.46:251,16.37742053920555,-13.438835030403665
OPP.46:252,-23.356631092664532,4.651625976007695
OPP.46:256,1.0913650593095032,31.83927452108214
OPP.46:259,9.167177317109404,0.02733258068631245
OPP.46:266,4.601239809579884,6.966193555215952
OPP.46:267,3.6144134096258695,9.748254221613536
OPP.46:268,2.2809532753130117,10.021530634216234
OPP.46:270,-9.526941307776442,-28.249939141586534
OPP.46:271,4.2152156614468534,25.367550108922206
OPP.46:279,-20.14849604915557,19.34912664750184
OPP.46:280,-17.524396374253033,5.960599402816481
OPP.46:287,10.4637357875443,-1.3511052806645152
OPP.46:290,-17.837138993864652,8.509864153889788
OPP.46:303,1.4919816445744052,11.874389681403763
OPP.46:313,-12.190662234726233,-37.545252882790386
OPP.46:314,-18.59363139672495,-14.002861693252042
OPP.46:317,2.8506760713538295,-5.552316993287911
OPP.46:318,6.114504414744445,-0.2898393202224512
OPP.46:319,5.503166749026451,-0.9564094704819928
OPP.46:321,14.331125086580341,16.809491943153375
OPP.46:353,-10.865948629020327,16.355063828517096
OPP.46:354,9.427217840840243,-9.818376145545242
OPP.46:355,-17.24750435608154,21.847960621540434
OPP.46:356,-18.725229564060633,19.400121841075013
OPP.46:361,-13.732528759170153,7.383312984345172
OPP.46:363,22.881408833047114,10.65821790284456
OPP.46:368,-3.950734327404988,16.710308485799423
OPP.46:369,-23.941452381113123,7.0215097350225335
OPP.46:373,3.031586468750636,-8.155447888702563
OPP.46:385,6.222225844275145,9.884370453486545
OPP.46:402,9.166895944227637,14.001447602354554
OPP.46:439,25.862251416374043,19.51688378848793
OPP.46:456,7.150360157554239,13.281997364087601
OPP.46:485,6.522908363096082,8.066227395416117
OPP.46:486,-18.44635024029178,15.086321922707693
OPP.46:493,-8.6445171121514,2.0274613488208146
OPP.46:536,-13.047937172225907,-29.22957525472979
OPP.46:546,23.611866259308073,0.8655976443174974
OPP.47:002,8.317138019108404,-12.54933226908084
OPP.47:004,-27.071537682578853,11.097866723223921
OPP.47:010,-18.455002743172926,-18.328375203542628
OPP.47:012,-13.12696818320875,13.912274946630898
OPP.47:024,4.860207730346701,6.636994721532996
OPP.47:029,-18.43871011160523,-5.618342292819694
OPP.47:032,-15.801012786266776,-36.42954042143612
OPP.47:071,-4.866793677913412,-23.57187261891098
OPP.47:085,16.8392366079221,4.573108862847432
OPP.47:086,-22.32911997062622,-9.872818133435933
OPP.47:087,11.690904075186838,-5.218404895814632
OPP.47:088,1.9376733424682204,20.468918348282116
OPP.47:098,12.965612442178871,8.54135866429789
OPP.47:099,-9.374545673662375,-3.340341276613973
OPP.47:100,-9.838409871915985,-9.004182903565606
OPP.47:110,-9.110137976016555,-18.336672419348982
OPP.47:111,9.831968832966073,-25.459252502537662
OPP.47:113,-6.97925751006818,-30.88014961905124
OPP.47:114,10.370694547297912,6.162080371477645
OPP.47:115,1.2393651662448166,5.447700767784882
OPP.47:116,8.326779652395507,-27.94102843214962
OPP.47:117,5.120342279264066,-9.815859225713128
OPP.47:118,-17.64068196592116,-21.31443232142905
OPP.47:119,3.0945999194978975,-6.021805310799091
OPP.47:130,-4.593740739634779,-27.156890436732443
OPP.47:131,-4.111015841349049,-30.42085694387779
OPP.47:138,28.829619621245396,6.663335438939132
OPP.47:143,-8.391956343485475,-29.91486641079137
OPP.47:144,-20.19932468589473,-17.487231235176157
OPP.47:145,5.276025668939442,5.573610997166739
OPP.47:150,-7.308328852628206,-3.066986985145043
OPP.47:151,1.8146855470050351,28.028913653822592
OPP.47:152,18.357419492299744,17.224187463594202
OPP.47:153,0.5036562370443982,-11.370077832563187
OPP.47:154,-15.625100724529517,-3.958559633974015
OPP.47:156,-17.457102118757852,-26.25530348885439
OPP.47:188,20.990799643440333,23.680390474046874
OPP.47:190,-2.146883705948568,-27.666003959715457
OPP.47:196,8.20339737354825,-16.09766641823986
OPP.47:197,8.043280509083864,-23.05698851369013
OPP.47:202,1.1613384160580575,4.147007013983463
OPP.47:243,6.834495082050605,-25.115509488573064
OPP.47:247,26.48093796708244,5.28538066654474
OPP.47:258,-8.95586271361074,12.11062055923871
OPP.47:260,12.169535965660614,10.186442729739646
OPP.47:282,-20.711776533229365,7.6002976977590455
OPP.47:285,-9.848669195872525,-11.107463832256407
OPP.47:286,27.758350897572768,16.63844078061229
OPP.47:306,-5.641475454032177,0.5684344790164877
OPP.47:311,1.6315759274543498,13.706211726807542
OPP.47:312,19.215481700964794,10.870626062428826
OPP.47:339,7.356959551021007,18.56546218183304
OPP.47:340,-12.282843736737167,15.439472224581248
OPP.47:406,1.2888221840616294,-6.262256156144088
OPP.47:411,5.082190459592407,13.424974763411974
OPP.47:518,-2.807452192188897,11.118717951245362
OPP.47:530,-7.286168889569666,-15.798869134930793
OPP.47:533,7.856396178625458,13.680055169614787
OPP.47:534,20.24893667422727,-8.35143122790233
OPP.47:535,-11.14455746836256,-26.208162980655995
OPP.47:536,-4.318807073697357,-11.916011750800202
OPP.47:537,11.079439235038048,-24.51385810366416
OPP.47:549,-16.165641246162266,2.1665881335746895
OPP.47:550,-14.996278933597507,14.035095659996733
OPP.47:551,5.657341829731689,13.25351611718522
OPP.47:552,-17.159874143942332,-0.1395891385486416
OPP.48:001,-3.7434800618934063,-22.236376220964377
OPP.48:002,18.678769656425068,0.9658663953066433
OPP.48:003,-2.962631062823663,-23.54898301294374
OPP.48:028,9.80128194351433,-12.079395116605912
OPP.48:089,13.197794659550262,-23.3442169400777
OPP.48:090,8.938191939558402,-15.390331148098207
OPP.48:104,-8.07868578161943,-29.04258312781084
OPP.48:114,-2.6362966731000923,-1.6724503827238641
OPP.48:115,15.16512534699324,-26.248042951239636
OPP.48:119,3.6751861037294575,-23.09943959213332
OPP.48:120,-15.74457795881869,-26.23470667155112
OPP.48:142,13.1718454550073,-5.042959980770516
OPP.48:166,-15.204537669537713,-26.748763794020835
OPP.48:187,-13.242026925099708,-21.24877184071217
OPP.48:382,3.465364300342927,-22.522271174166068
OPP.48:389,15.557669360899872,16.2887008895592
OPP.48:407,-19.00230249596904,3.490748443745057
OPP.48:419,-22.986221941200615,12.638701880927927
OPP.48:424,14.93480034687991,-1.1341815011731344
OPP.48:467,5.863808607561949,3.575188567452101
OPP.48:522,-3.452856645018948,-2.649670037469775
OPP.48:526,-10.809887848136574,15.093915168186596
OPP.49:001,5.270656312785085,-33.554695728792886
OPP.49:002,5.147212330152166,-33.671745063598486
OPP.49:003,-9.930502041786506,-11.202676511768898
OPP.49:004,-10.62722233841529,-32.64416286589208
OPP.49:006,3.069796491253296,-17.912327967453646
OPP.49:027,7.396027774093738,23.857057464192884
OPP.49:028,-9.77138319924482,-11.03382929486441
OPP.49:029,-0.7716375221405471,-32.17337459831517
OPP.49:030,15.622594025213356,-14.561633988657995
OPP.49:031,19.80630283066645,16.761036702919657
OPP.49:032,-6.681057992835429,-12.513495596941008
OPP.49:033,10.932391887495152,8.648231917809523
OPP.49:034,11.7015420508618,-4.249167464939441
OPP.49:035,23.760815090400506,-0.8254377140184931
OPP.49:036,20.36098961464734,21.721749884270565
OPP.49:037,-18.700070087654588,-25.094203569158164
OPP.49:038,-1.1707191920919553,3.5057867589320986
OPP.49:039,-8.572794749988201,-17.232736275973416
OPP.49:040,3.325206761260199,-22.894315891664533
OPP.49:041,-24.078535545326144,11.431533176030213
OPP.49:042,-2.111456035020701,-27.70795391415581
OPP.49:043,9.952843074578437,-12.151772323404153
OPP.49:044,-6.2488389181151485,-10.398274795906765
OPP.49:045,-5.095934883357888,-29.445510437612512
OPP.49:046,3.1482074315107353,-25.958642113761062
OPP.49:047,4.605356161480287,-19.935287233895178
OPP.49:048,3.946409619578774,1.640635987179824
OPP.49:049,10.116211819649415,-20.48368470929999
OPP.49:050,9.793350973273355,-1.9353792884731036
OPP.49:051,13.890185310453386,-8.830615811123144
OPP.49:052,11.549703851517409,7.74556971894531
OPP.49:054,0.36417456337955734,-11.938938600759666
OPP.49:055,10.266164080065996,-1.627434189850166
OPP.49:056,-2.6303646138937613,-5.669989713715065
OPP.49:057,1.2006450924073373,-7.900085160793797
OPP.49:058,4.214775447309016,1.4091612806120477
OPP.49:118,0.46744969684891036,-12.445401092064506
OPP.49:218,5.644906281316686,-17.09211182513767
OPP.49:222,24.88588739684092,9.445716831832055
OPP.49:265,10.233823850440224,-3.8938609486124993
OPP.50:001,-7.659952422269695,-31.17229962630382
OPP.50:003,6.3305947492355354,-26.423996425468737
OPP.50:004,2.473212572948645,-27.60640595231158
OPP.50:007,15.041024185791498,-14.397198760084466
OPP.50:066,-1.115820072698674,-28.71868623885703
OPP.50:085,24.147615717058947,14.296544965012295
OPP.50:112,17.60694980115155,10.032248513363792
OPP.50:113,8.92206449222447,20.681315226902452
OPP.50:168,-9.488670978674412,-33.543316346742564
OPP.50:169,1.3717835691932867,-25.099720527929282
OPP.50:170,18.275326242094714,5.62184867619645
OPP.50:171,22.09679904728183,-3.979444319853237
OPP.50:179,-10.315804144401572,-19.887434482743632
OPP.50:180,-8.22878348075026,8.819745501004615
OPP.50:197,-16.06969837940453,19.05401406993862
OPP.50:200,5.107669120052098,9.311930242546419
OPP.50:201,4.974651386083252,9.20106673242742
OPP.50:222,6.372824484032063,10.67200101538144
OPP.50:238,-23.96207979597352,11.649883099132687
OPP.50:319,-23.341098428204415,11.562956762886179
OPP.50:334,-21.203689541056992,7.462594027545986
OPP.51:001,14.052621669011192,-7.641723031901137
OPP.51:004,-11.091225861435795,-9.31790971484929
OPP.51:005,12.19580599119471,-24.722558674182714
OPP.51:006,-5.727817192336565,23.589100279320622
OPP.51:007,-8.223042480509974,-9.921006645298931
OPP.51:008,13.752123175630903,1.9405326486845103
OPP.51:028,8.953183857339884,-24.325266642462974
OPP.51:050,3.858778156640659,-15.683356826869378
OPP.51:052,4.961520402136295,-28.02313020335163
OPP.51:072,14.751656313559348,-22.696443743186624
OPP.51:077,-0.1459703755944075,-34.67192179917837
OPP.51:080,-4.428471143460836,14.782844473041738
OPP.51:086,-20.90922590778671,-4.784475113546392
OPP.51:087,19.348277891951287,4.792369836172919
OPP.51:088,2.008912030585271,1.351556450735138
OPP.51:089,7.9694469563373245,-21.841370275028318
OPP.51:090,19.22161261729012,6.730864555151454
OPP.51:119,6.476468339025503,-26.33136318671256
OPP.51:120,-10.192360514216894,-6.024446498695361
OPP.51:136,13.571915048706213,28.400307623078803
OPP.51:138,21.333754367589446,-3.4536467171957406
OPP.51:146,-2.301616152583201,3.795791248130581
OPP.51:152,9.935986759492083,31.96169030327233
OPP.51:204,-3.440124561704576,19.637085660004853
OPP.51:241,19.665415066520406,20.33661584827345
OPP.51:249,-13.996454562787113,8.419163897733277
OPP.51:281,12.338117294881997,-24.606632347523398
OPP.51:286,-2.0522735265347505,-13.416811184861173
OPP.51:297,-3.697778667350507,-19.314564986391733
OPP.51:310,-25.523062282530145,11.24793484700861
OPP.51:342,5.027673270511421,-7.2726039991504985
OPP.51:390,14.961344776201296,-13.502991360927735
OPP.51:417,-9.52859379318114,-1.7255805404434963
OPP.52:001,1.8356327962866672,-22.024384807873993
OPP.52:002,6.554741375648842,-26.208024920229423
OPP.52:010,10.841493807413853,-10.739927082526396
OPP.52:018,-12.788058600063515,-25.14293600529015
OPP.52:031,-21.851580762480797,14.579626049640838
OPP.52:094,10.64857853198147,10.099172518057344
OPP.52:125,15.415671575590085,-14.672004365043817
OPP.52:140,-13.475184697865863,-25.96301172012517
OPP.52:143,-9.940401301232264,-32.49542893638462
OPP.52:146,-2.82100562373663,-28.874334610872015
OPP.52:147,11.387682651305356,12.759031857037739
OPP.52:155,8.0331189543029,-6.808687858999451
OPP.52:156,-15.448468271847151,-6.3962612963850285
OPP.52:157,-17.47521659167453,-4.587454235913942
OPP.52:169,-12.609362269387688,-14.906345038853663
OPP.52:172,-20.7390544562589,16.197646604774665
OPP.52:184,15.394960035494954,-22.51443048140579
OPP.52:194,-5.631073083270036,-25.292139308541678
OPP.52:205,19.907775291229477,-2.9584003388755096
OPP.52:209,12.26255977253666,-25.119969514184447
OPP.52:222,12.106025851270296,-8.152012288485473
OPP.52:223,18.82783760729761,0.66858955842928
OPP.52:227,0.885090670268902,-16.528201652022474
OPP.52:231,-24.619828354597804,14.278126247480538
OPP.52:235,-20.62053827878714,9.942124730748972
OPP.52:253,-12.520142270386039,-30.880275551867264
OPP.52:271,15.141022386675672,-13.56516776261776
OPP.52:300,9.042437423164326,-14.204586939819022
OPP.52:306,7.915519176583884,14.508162778768522
OPP.52:307,-14.789321246082242,3.593267838718073
OPP.52:339,-18.99649594159315,-12.355676792664216
OPP.52:341,-17.90724671814535,-24.818490048798687
OPP.52:342,-17.803369437937505,-24.830360418384046
OPP.52:349,1.758498562130265,-21.47705393178975
OPP.53:001,8.404729292378272,-19.671902803008123
OPP.53:003,7.590720046071961,-10.551904579940441
OPP.53:004,-0.28899479617662244,-25.27474100398159
OPP.53:005,-17.57257677807669,-7.32369183181496
OPP.53:007,-8.477628677787049,-31.250645082086614
OPP.53:025,-1.1854598107186072,-23.652581108473377
OPP.53:032,-16.910144181151168,7.39554115802009
OPP.53:041,-1.3007644666137905,23.463395869306805
OPP.53:048,-17.820220046059006,4.049837784030805
OPP.53:057,-0.5256131786810184,0.0778118736485497
OPP.53:067,-23.448248217000042,-8.506785139048345
OPP.53:069,-4.081082588283061,22.175366021747678
OPP.53:074,4.068340050920022,20.83061561954029
OPP.53:077,-11.971453156043344,-10.446067531586767
OPP.53:078,-8.974539729823537,-21.364328208979764
OPP.53:088,11.38895791964159,0.8196858144134036
OPP.53:100,-4.524073053311911,-20.28382589125534
OPP.53:101,4.100202472906312,-13.489875729842705
OPP.53:104,-3.921906216767642,-25.447386240698112
OPP.53:105,3.050088807631989,-23.80386532025262
OPP.53:108,-8.534176536319361,-32.641382422877925
OPP.53:120,-17.76032907073502,-3.593641738083827
OPP.53:169,-13.766597076684711,-20.632345364281242
OPP.53:171,-8.062444243218854,-33.75457996265953
OPP.53:175,2.6188303980117555,-18.972263075220955
OPP.53:192,26.438890176630252,8.003254268613398
OPP.53:193,-1.5372147609124736,-9.984024645455555
OPP.53:196,15.379173589807337,-26.256964542357885
OPP.53:197,0.8865518908103206,-14.539357240210688
OPP.53:199,15.833224023418598,-21.958683836019866
OPP.53:200,7.459535884231524,-30.380909512606188
OPP.53:201,-11.644608724512494,-1.0244212439825922
OPP.53:205,12.246133202068158,-25.130201653946013
OPP.53:214,9.392975255819268,-27.65578281182327
OPP.53:225,24.975671279514696,2.1744739174962633
OPP.53:226,-0.08260661925761148,-0.21531279504983075
OPP.53:227,3.2406523347876552,0.10504463176119641
OPP.53:234,-4.702970744107512,-25.91247541937786
OPP.53:237,-14.995705177423888,-32.79754876774399
OPP.53:242,12.30145129044795,-14.532227081933096
OPP.53:243,-12.309507835155156,-26.691413639529802
OPP.53:244,-20.11301569714556,-20.77670633190518
OPP.53:245,2.6822346309652003,20.69212654615941
OPP.53:248,-24.330297817842336,2.4616066336560105
OPP.53:251,15.051287762261026,-24.30762888968976
OPP.53:253,-3.7101864454147515,-29.6171162305536
OPP.53:254,16.40147541652174,-13.336882290546264
OPP.53:257,-18.54521215242099,-21.41187016244223
OPP.53:267,-16.981933206617516,-26.394204250800712
OPP.53:269,23.473510883629853,7.373513991983277
OPP.53:280,-19.445744483190765,-24.93966023334645
OPP.53:292,14.758623330221901,15.456208156171686
OPP.53:300,-0.992720805548707,17.07939938164214
OPP.53:303,14.895558019190563,1.715582151254278
OPP.53:305,10.934967771940615,-15.791903396916966
OPP.53:308,-5.923898799360434,-24.900852073846263
OPP.53:309,-7.029614670856326,-13.626766717067193
OPP.53:311,-24.171036039769405,1.2066951104546855
OPP.53:312,-17.540367725185742,-25.322174140418838
OPP.53:318,-15.00207574746069,-23.107264732742223
OPP.53:324,-1.6649640306219005,-23.051172447424506
OPP.53:325,-13.644464790999663,-19.363293012740545
OPP.53:328,7.720893126642771,-8.814762567932805
OPP.53:331,-10.754917852801082,-17.294676963663907
OPP.53:354,2.265131325189188,20.475190412704343
OPP.53:359,-4.887612090056362,-32.23934324030835
OPP.53:373,24.867274673079333,13.221416527831094
OPP.53:378,-21.687548209913242,11.838080261943844
OPP.53:403,13.776859845376816,-11.975922535933025
OPP.53:404,-23.367061075993025,0.867586089135336
OPP.53:405,9.360027372000104,1.62506419577299
OPP.53:406,-23.26996977650987,0.16173336540182112
OPP.53:408,-9.22924668073673,-20.731850720305683
OPP.53:409,-11.644991573581004,-25.930895385990343
OPP.53:410,-15.049256294912732,-22.97887960886821
OPP.53:411,2.8278896606496353,-20.93275186107198
OPP.53:412,8.27867416078014,2.983651222283796
OPP.53:413,9.254969685563779,1.5589869694339777
OPP.53:414,9.95948224494126,10.769688740381774
OPP.53:415,13.355366880461931,-12.23751515758951
OPP.53:416,4.04818235460775,15.754701785661162
OPP.53:417,-1.829945941383703,7.720147239480885
OPP.53:426,10.937993880915226,-16.698976630886275
OPP.54:001,27.835048803419447,9.409305599328544
OPP.54:004,-18.07441237388503,13.76370896523178
OPP.54:005,0.1726708567094056,-10.187926227338203
OPP.54:006,-22.11977433934098,-20.294255226397887
OPP.54:007,-21.87964966625348,-2.4846811685539927
OPP.54:008,-18.824112339683484,-24.11589411432895
OPP.54:009,-11.963448502857567,13.883336820861507
OPP.54:010,9.727841758189955,9.099875960234527
OPP.54:011,10.515388915121957,9.172287852454541
OPP.54:012,-19.952178287651165,12.946521535629875
OPP.54:013,13.309743389542895,-13.153642199764452
OPP.54:014,11.111024483261598,-14.309395187720682
OPP.54:017,-14.713285759311285,23.87481481225182
OPP.54:018,-6.5956723212852095,-2.89031204721631
OPP.54:019,-6.125806441501249,-14.501846678385732
OPP.54:020,16.55669813143814,-14.107276927123102
OPP.54:021,3.858185732046619,-5.268819602064768
OPP.54:022,-19.81857688964055,13.806120748298463
OPP.54:023,-8.54540079279197,-2.823840453838126
OPP.54:025,-10.124016136544475,26.07925325824685
OPP.54:026,-18.113294162821827,15.393196826182784
OPP.54:027,27.542086110454825,9.729171680877238
OPP.54:042,-14.386187405593756,10.681396805124667
OPP.54:057,-7.488690650177906,-25.23136503289641
OPP.54:147,-8.575068887406175,-9.171646917327347
OPP.54:148,-10.793771898630576,-15.541352011458203
OPP.54:159,-11.022295975741274,-33.4847892630342
OPP.54:174,-5.114577013208358,-28.87755148493601
OPP.54:175,-8.866417065656652,-18.28408676115427
OPP.54:177,2.643176585338345,13.329966724813936
OPP.54:179,10.985644130257944,-11.879262842750688
OPP.54:180,-8.533310189188178,-29.27258576657735
OPP.54:181,-9.845083770248669,-26.146996903428175
OPP.54:182,7.684867795564916,15.933467928876462
OPP.54:183,24.348087967097747,10.247174168177358
OPP.54:184,-13.572565735261987,-9.817346761253463
OPP.54:200,-15.732684409179075,8.496482189659016
OPP.54:201,-18.09100019176481,1.629182376943897
OPP.54:202,-20.746798128113344,-9.417874401799269
OPP.54:206,-10.75857340232844,3.65641479048034
OPP.54:209,-16.975877144742494,14.958292556026741
OPP.54:217,-9.408763648004761,13.647392419364673
OPP.54:218,-12.081812122024068,-4.782394279556895
OPP.54:221,19.51335561181561,-2.960821680291773
OPP.54:225,17.676704867735623,-11.99841261497686
OPP.54:229,-19.239048883917203,-11.082675394557004
OPP.54:230,2.2461185169420506,5.522695626883579
OPP.54:293,-10.870407720510086,26.96313330486133
OPP.54:295,-21.11629576098536,7.754345233446744
OPP.54:321,-12.877479393754312,-10.042166528889494
OPP.54:331,-20.41015783912743,7.850643903100387
OPP.54:349,-0.9676307896112716,24.472921399748902
OPP.54:351,0.10002404653316853,-30.32856029377002
OPP.54:354,-18.35599171804553,-20.74194430106663
OPP.54:357,5.452253381587522,13.454307322038552
OPP.54:358,-6.694682212469018,-4.289857450831557
OPP.54:363,-4.59492765471974,-24.25832546285549
OPP.54:374,-20.290252329980436,-20.422468201459164
OPP.54:380,-17.624593564635664,-1.121443583118341
OPP.54:387,-16.44254795024933,-29.339869250528935
OPP.54:392,1.5855192606467214,27.959461648911308
OPP.54:393,-20.636475173793553,7.544654538427857
OPP.54:426,-18.785400872607283,-24.15675411135077
OPP.54:507,-6.95582770331628,24.827833073352416
OPP.54:531,12.187148047322921,-1.9799758016494022
OPP.54:533,-15.899324573702948,9.120876853407843
OPP.54:548,-20.956402782696994,-4.729399618085249
OPP.54:598,-21.119953711675056,-21.84664342750324
OPP.54:601,-0.2909121372069563,-34.58694368823653
OPP.55:001,1.4213848731706555,-22.185063055390735
OPP.55:002,1.3431755268495134,0.06659878246978113
OPP.55:003,-8.233746057825888,-18.84094422984966
OPP.55:004,0.2996903162376601,-21.733771026199047
OPP.55:005,-12.588722126247555,-25.186854438628107
OPP.55:006,1.5183018767504275,-17.803319793263782
OPP.55:007,-3.4644021974513914,32.19985053508821
OPP.55:008,4.699847391354022,-6.620715660574483
OPP.55:009,5.64574001098531,-6.478590604965425
OPP.55:010,6.4054925790191195,-5.177481768599062
OPP.55:011,3.509319176795947,-8.400115022085068
OPP.55:012,-2.8038043479622585,-1.2341855594446722
OPP.55:013,3.3864643103043592,-5.145912814737437
OPP.55:014,4.892841684418859,-7.151476149762832
OPP.55:015,6.002782072900926,-3.5598486453010385
OPP.55:023,-7.107886240902997,-4.1172434218006915
OPP.55:114,3.9047702509041655,-19.702177089051286
OPP.55:115,2.061451540073951,-22.82271314923641
OPP.55:116,-14.501446855439147,-30.17876164512854
OPP.55:117,1.0922475335398745,-13.310365347609352
OPP.55:118,-7.939699977773562,-18.747961479594036
OPP.55:119,-22.263921787584728,8.986564384013779
OPP.55:121,-13.910655229305947,-7.8278681464706175
OPP.55:128,-19.9959935951208,10.14365493402887
OPP.55:134,8.837745674265781,-24.369334965551754
OPP.55:141,12.064666164075952,-1.8106609427258975
OPP.55:202,-9.326300026372067,-24.882771305757018
OPP.55:226,7.7445460881518144,-23.656033770598956
OPP.55:231,-0.342140195745475,-4.4792836910768585
OPP.55:233,-5.380795242146226,-8.105609948840325
OPP.55:244,7.225718664983858,-17.992818812456512
OPP.55:255,-6.6042946990697455,1.3669790956427845
OPP.55:256,-20.292425022294772,-15.499910506118274
OPP.55:257,5.197535392315929,-21.9512909420711
OPP.55:268,4.237543973503032,-22.970921157692793
OPP.55:280,-9.739093461224057,-11.184874328595098
OPP.55:299,0.4368831097012889,-1.0861661484415703
OPP.55:320,19.4315321301825,-4.666494492430564
OPP.55:321,6.642039658371981,-13.826728254924738
OPP.55:322,2.723380436093473,-22.124648730614766
OPP.55:323,6.456823500126946,-14.099489184318658
OPP.55:324,12.276569518909907,-24.46312774206263
OPP.55:325,4.79207072446728,-4.986410890836371
OPP.55:326,-2.362764396848928,-19.192737089376728
OPP.55:327,8.123903826983623,2.8160768076238214
OPP.55:346,10.715507659129148,-17.851391921663378
OPP.55:371,7.039263499721072,-21.619482312775617
OPP.55:390,-0.8606360374773235,-1.565568891968297
OPP.55:414,-18.373571146889482,17.122169303975326
OPP.55:447,-16.92350685580866,-18.171912421327143
OPP.55:508,-10.14270976393351,-17.923713619526854
OPP.56:001,-21.767490538718338,8.529438215315016
OPP.56:002,-1.1341654638844114,-15.501994123975534
OPP.56:003,6.301697169670576,-12.545420212502382
OPP.56:004,-5.892367881896947,-13.52475434469325
OPP.56:005,14.976286824934144,5.6455885588756685
OPP.56:006,3.4428425566255703,-20.483826408895336
OPP.56:007,7.7779045600540595,-2.628688438678796
OPP.56:008,-11.554024040233351,-36.072983054380984
OPP.56:009,-7.182691543541437,-31.211543928513617
OPP.56:010,-12.426226102120786,7.225899192817139
OPP.56:029,2.812872385498261,-22.39671360056745
OPP.56:048,-12.884439202472928,-24.955617086227775
OPP.56:086,5.960814481071877,-15.348308105719559
OPP.56:126,29.149365766477004,13.312178163798327
OPP.56:129,11.406831147092687,8.737393903332624
OPP.56:130,-0.7224149503340088,-29.42841156872024
OPP.56:141,12.005190721261343,5.010565536275661
OPP.56:151,11.455481627319536,7.471916294337245
OPP.56:155,-7.042896393366206,-5.825906325056349
OPP.56:157,0.7128757988417486,-23.721610624610218
OPP.56:163,-14.975155515506312,-10.03234513895065
OPP.56:207,8.05203133299296,-23.849213052451024
OPP.56:213,6.552994516130534,-9.055496834348036
OPP.56:232,-12.833541111149742,17.319759746209527
OPP.56:233,-6.484661628603989,-33.395139682745956
OPP.56:256,5.674363208354525,-3.3678445293294588
OPP.56:268,-2.2024060453975274,-19.142892006553115
OPP.56:270,21.009404804536732,4.034424639286779
OPP.56:271,24.23190290166285,21.602890658208512
OPP.56:275,-1.7577197889387972,-2.1884919580690534
OPP.56:280,-18.001001732395288,12.345562817897449
OPP.56:282,0.5761481577759531,9.778867573801106
OPP.56:305,1.2461488314527323,-9.160537772371685
OPP.56:316,10.008258420193014,-12.183568047480156
OPP.56:321,5.7723176015128965,21.50986656851062
OPP.56:322,-12.65075956782101,-14.92530003369563
OPP.56:326,12.05800527745158,-10.629917131676702
OPP.56:327,-10.952660670421778,-3.5684577841380243
OPP.56:328,4.5376105593246034,-18.320283431195804
OPP.56:345,-5.335252759640121,-8.692502787773442
OPP.56:347,15.557993314891448,-22.678667471258223
OPP.56:354,26.998539426965408,-0.23457752913626076
OPP.56:355,7.568283987272404,-16.008049759824427
OPP.56:356,-13.543739058977833,3.7772510152796763
OPP.56:357,-1.4649188067789802,-23.563656179397224
OPP.56:371,5.67402673651491,-21.825242773626282
OPP.56:377,-14.86347296760277,-10.19345984990863
OPP.56:392,7.046611299555557,-8.861054575153949
OPP.56:395,-8.167829838001875,-18.176642323113093
OPP.56:396,-12.164257085757495,-20.805256509896555
OPP.56:397,-8.6519601906572,-30.852115955238197
OPP.56:400,5.216250835604125,-12.571602304629613
OPP.56:401,7.399731153594579,-3.5791041557314363
OPP.56:402,5.456661758484905,-12.044372324509357
OPP.56:403,-3.9394016701800285,-22.248099605363905
OPP.56:404,18.786382670074453,-6.749387697759723
OPP.56:405,5.383312999295219,-14.559891261526895
OPP.56:406,-12.91291278799537,-12.347789043606276
OPP.56:407,5.139146064454722,-5.092605295440391
OPP.56:408,-8.487994582845648,3.3682250343516893
OPP.56:409,4.257735402230543,-5.3695941740363455
OPP.56:410,5.195855727323391,-12.293430764011772
OPP.56:411,4.889646265166655,-5.3150937423357405
OPP.56:412,6.307092631624821,-13.105330783914896
OPP.56:416,-3.8688030365305717,16.673375272846002
OPP.56:418,-1.3165920239890834,-33.640308013517945
OPP.56:534,9.009876684640949,-5.693772650030604
OPP.56:558,0.017065523810648426,-33.142629881444186
OPP.56:569,-15.295581353471132,-30.785179987644007
OPP.56:572,-11.065742272210038,-30.569733290151213
OPP.56:596,3.535016817884272,-32.04193378311719
OPP.56:755,2.522712743515967,-14.536227740520424
OPP.57:001,5.18550331848268,-17.326697657034785
OPP.57:002,-6.221603645020654,-27.15152522479133
OPP.57:003,4.809543262035948,-23.077617148943517
OPP.57:004,5.0201692627957595,-22.968981396629637
OPP.57:005,0.31054602410577636,-1.089560994457879
OPP.57:006,-0.09567878763378597,0.185657994649538
OPP.57:008,-8.496852742122426,-36.25941791678671
OPP.57:009,-12.430444863469534,-16.65859605031574
OPP.57:010,2.593368068773869,-27.38100926882417
OPP.57:011,4.591608455419597,-22.957267994632577
OPP.57:012,9.768609411162789,-2.511119033312004
OPP.57:013,8.741807829943344,-25.192672380244616
OPP.57:036,-17.014983218171068,14.970106027349516
OPP.57:059,-8.20940131310376,7.952541387242709
OPP.57:062,-18.13988712451115,14.425707720939457
OPP.57:083,-22.13765443623991,7.077799428876729
OPP.57:172,-12.266681038701988,-29.24956489902761
OPP.57:175,15.782532731863007,3.338753579234275
OPP.57:176,1.044874253073015,-17.252831036549754
OPP.57:177,-9.885673286177969,-2.5007538336546915
OPP.57:178,-5.975404246666976,24.044595686999507
OPP.57:179,-8.79967172895012,9.865625190305295
OPP.57:180,8.199757248733446,-7.98028129153727
OPP.57:181,5.031570302060161,-22.908390926422133
OPP.57:182,8.034747036434704,10.509694622634784
OPP.57:183,-0.001133857783561563,0.9277849236318488
OPP.57:184,-0.1259194962878979,0.7115059585332312
OPP.57:185,10.129885440851655,-19.171913494117906
OPP.57:186,-12.111654736721636,-7.138270064359821
OPP.57:187,7.853645786118894,-32.476447904506685
OPP.57:188,12.351571888274355,-22.410354158716245
OPP.57:189,13.72256132503058,-23.59706775263843
OPP.57:190,4.091914815187253,-25.8458658617474
OPP.57:191,19.670740648974196,-18.101259609138904
OPP.57:192,3.7106205141571653,-24.44867836952628
OPP.57:193,24.02854740987859,2.1637066556121596
OPP.57:194,-0.10497461484450187,-28.042662015817953
OPP.57:195,13.611872198191573,-4.670029318277719
OPP.57:196,-19.972642173930403,-12.963206904816172
OPP.57:197,-19.67687872241857,-4.478825240944884
OPP.57:198,2.204807899382187,-31.050673851800855
OPP.57:199,1.9113624190784597,-31.21723049336274
OPP.57:200,12.821096862586487,-27.507888160143985
OPP.57:201,-11.909269389732527,-36.81358144748406
OPP.57:202,2.2994407931474874,-33.453032701698604
OPP.57:203,8.990656155026644,-26.071343083000624
OPP.57:204,-19.407414360177928,2.9529058180749304
OPP.57:205,0.24624397585986016,8.293508611404826
OPP.57:206,14.08572383174646,1.7010458831753976
OPP.57:207,0.9444473952386206,-3.100919330361907
OPP.57:208,-17.131210414894724,-24.825684538005277
OPP.57:209,-2.761545629254725,-12.76856337147075
OPP.57:210,18.744180885280535,-0.8903164215051578
OPP.57:211,-6.514496606092392,10.82394754778937
OPP.57:212,-16.477689930101924,13.357094074758058
OPP.57:213,3.1779957413691466,12.913674258531788
OPP.57:214,-8.684179193573321,1.917719590902699
OPP.57:215,-15.147964642837179,9.557752641593343
OPP.57:216,-13.63168547340434,13.189769916324375
OPP.57:217,-3.0821505035089727,-15.088951093384363
OPP.57:218,-3.566866922427536,6.516437197966711
OPP.57:271,-5.738344677094463,-31.73661787959547
OPP.57:272,-10.535683025922605,0.5618003202295523
OPP.57:273,-11.235294689454795,-0.8529051231822334
OPP.57:274,9.947519267252297,29.721092049152137
OPP.57:312,-20.693619145917765,6.054099897490906
OPP.57:336,-25.570983865247502,11.511884033403886
OPP.57:414,-1.7651575210528032,23.57370266885341
OPP.57:427,-8.339224392284443,-7.576101345116446
OPP.57:481,2.8147044132017123,-17.256168518881942
OPP.57:507,-19.84697127272166,17.51177968743366
OPP.57:510,-26.382900515255038,-3.910881053813654
OPP.57:517,2.1350710144102725,-9.720428262694565
OPP.57:518,-22.278473708142158,5.818692203168081
OPP.57:547,-17.767265093044927,10.343486480830945
OPP.57:620,-17.571554635847946,12.659665203849892
OPP.58:001,-23.122873698035313,7.206177526727809
OPP.58:002,7.784887920194904,-10.584762873009321
OPP.58:003,3.1698676085855304,-4.512420512203067
OPP.58:004,2.4804128548327347,2.988211540663655
OPP.58:005,13.476639167246875,-7.430878467850485
OPP.58:029,-23.893840133076417,8.681588208216985
OPP.58:057,-24.330623711878875,2.8052110953752387
OPP.58:058,-2.132992532729295,-20.40309597000605
OPP.58:060,-17.049281230357373,-26.82815623724175
OPP.58:061,-19.044724043515014,-17.457991152811623
OPP.58:062,-22.15429715444118,-2.9123029912512464
OPP.58:063,11.941796062821536,11.786936732628478
OPP.58:067,21.421053263880424,13.764652972337094
OPP.58:077,20.688047060134856,15.586220903054816
OPP.58:086,-15.957532287437939,3.4451587220115916
OPP.58:107,-4.323359869414171,-3.1122557581147916
OPP.58:114,-13.775209409157563,-7.853436807304254
OPP.58:141,19.1285526058292,-2.5670352546025823
OPP.58:142,21.357712272610023,-1.558893444089276
OPP.58:143,0.9950610644716732,-6.008601515210413
OPP.58:148,-14.971347158720516,10.219490187087352
OPP.58:149,-20.522478842617165,7.763215985631675
OPP.58:150,-22.750911025270412,-0.40879993792547314
OPP.58:151,-16.24624745041323,-5.28721811108551
OPP.58:152,-13.75410191962737,-0.3631244053382426
OPP.58:153,-15.163772776176044,-2.8932177186329926
OPP.58:154,-15.34170917230244,-3.041967371348257
OPP.58:159,4.803552118539175,-11.561383709525574
OPP.58:198,12.680358849527275,0.06408733391952406
OPP.58:216,-18.204269268429737,18.03642921708157
OPP.58:218,10.331957618229046,12.028173252816638
OPP.58:219,6.2580383495938845,-1.588241527123733
OPP.58:228,9.129117663443248,-9.76517408781116
OPP.58:233,-14.581132188540973,0.8371925308183159
OPP.58:254,6.691294079664666,9.558335278852395
OPP.58:267,-24.789681313413695,12.372333501838266
OPP.58:309,-6.350306337009061,-15.183487008357503
OPP.58:310,10.738253625750984,-3.8048881109705324
OPP.58:311,-4.13151827219901,-12.134663865838116
OPP.58:314,18.48370698575095,12.506393428399745
OPP.58:456,-0.12660999517202853,-17.04471845240823
OPP.58:474,10.242735829446252,-5.476638010921023
OPP.59:001,2.5431863276039524,-26.805404224413802
OPP.59:002,13.065373942111767,-10.972217670928956
OPP.59:003,-3.3642028052863013,20.95586831340111
OPP.59:004,-19.287898190070596,2.0330637841031614
OPP.59:005,-6.396077816189134,-5.425264307430041
OPP.59:030,-6.196944755744361,-0.8037414764613541
OPP.59:031,-3.2410402187798377,-34.665013216024285
OPP.59:036,15.985462072527323,-12.326584647261683
OPP.59:044,4.2987106541234175,-18.166288099781365
OPP.59:094,16.71089215441676,-17.62111821972025
OPP.59:102,14.493529090906062,8.448441207259853
OPP.59:108,-14.81381713864064,-10.377319993517935
OPP.59:114,4.663730169248844,-30.2490329922071
OPP.59:116,-6.741867377353628,-26.324641564436792
OPP.59:117,-14.82062705021772,-4.194269199933149
OPP.59:118,-17.494233275281825,-8.71899561408869
OPP.59:124,17.070003793159792,-19.957875066596593
OPP.59:127,-3.540140763758018,-29.215533550510287
OPP.59:128,19.994364389765224,-13.05729667996994
OPP.59:129,12.596631007268927,-7.699584225165873
OPP.59:130,9.23581013767609,24.48632191065855
OPP.59:131,-12.920566010275895,-21.010216000445837
OPP.59:141,-7.340853492174528,-30.46270403070533
OPP.59:316,6.7849367371130676,-2.1660576801645197
OPP.59:322,-3.550844471625163,-35.549824030161254
OPP.59:329,-5.66181702368616,-26.16556591601907
OPP.59:357,4.95593571239753,12.39084443877004
OPP.59:361,0.7048211199704776,-1.3525122163820065
OPP.59:362,0.9782767496625997,-2.191983444131537
OPP.59:363,15.36525786763896,28.391773752094558
OPP.59:364,-8.122659618028278,-36.79920657334154
OPP.59:365,18.438633623656383,5.903830397904292
OPP.59:373,13.855066482963418,-22.100185988457135
OPP.59:374,-12.151484140756711,-28.971886495255315
OPP.59:375,-3.7330446488921556,6.484373769415557
OPP.59:376,16.492375225866212,-10.225500976358907
OPP.59:395,-10.037494811930305,-12.34949559268162
OPP.59:396,9.160860107560861,22.56823526317899
OPP.59:398,21.935886282959785,-4.326890120801426
OPP.59:399,2.182144352752036,-18.965710066859266
OPP.59:412,22.539193382623143,17.336023008834974
OPP.59:429,5.412742960073454,-13.640549273157976
OPP.59:430,10.122710032003072,10.051868782084117
OPP.59:434,7.2094208583906045,-17.54750013906044
OPP.59:448,17.51540663505611,18.73343185448035
OPP.59:518,-0.9261100532204982,-31.710638254440436
OPP.59:519,-1.4442101819338682,-7.987535588389882
OPP.59:520,17.932483431174674,-1.4089204695796882
OPP.59:548,2.315648355035127,-20.76933964829807
OPP.59:549,-7.156140736945564,-31.25424648559529
OPP.59:550,8.956480051860002,-17.895425111595607
OPP.59:551,9.024500029585253,-17.684593233170503
OPP.59:552,6.633494298343151,-7.915911498512879
OPP.59:560,8.759330450121565,-13.615306149960071
OPP.59:572,4.138178521744585,-7.914566401587948
OPP.60:001,10.141012758392984,-13.013130080684178
OPP.60:002,3.43989232139747,-8.428321243901085
OPP.60:003,7.1949776121958715,-4.280905503654997
OPP.60:004,-16.563551272990587,12.16397945715898
OPP.60:005,-0.27761085372564226,-16.92587092217008
OPP.60:006,-3.864805506435472,-3.1917380317578345
OPP.60:007,19.546151198743402,3.3582844892362647
OPP.60:008,15.504863570104064,25.040686191290604
OPP.60:011,9.737937534542496,-6.391106409348328
OPP.60:012,19.408802476608862,-4.823554667677131
OPP.60:013,-11.7310892244845,-6.965547272219322
OPP.60:014,-12.0226279324688,-31.6082746068076
OPP.60:015,1.9392259703852546,-22.29505308528251
OPP.60:016,8.329476918231267,-2.634168627049178
OPP.60:017,0.6072574951192302,-23.13535347404926
OPP.60:018,1.6267123895669855,-17.543791640634016
OPP.60:019,-7.868725802280287,-31.748924563862847
OPP.60:026,5.369572281277372,19.66352877908091
OPP.60:036,2.0991161199358213,-5.052816416500396
OPP.60:049,-8.63372833045993,-9.002045261862632
OPP.60:059,0.4055765892242877,15.531772252636825
OPP.60:061,-24.424202182915877,1.2781523817133944
OPP.60:066,-0.05106330243399971,-16.034198032965456
OPP.60:068,2.5602782331936256,-4.614966547203907
OPP.60:074,0.5773402404508459,-19.86183319491597
OPP.60:078,19.272225068832665,-17.694557132478746
OPP.60:080,0.8613605572710034,-15.014190477366375
OPP.60:081,3.2869343757056204,-28.64318656611446
OPP.60:084,9.298742194319024,6.0629842967024965
OPP.60:085,13.879727240582259,-23.065931926593606
OPP.60:086,11.17008614336913,-11.790112853536062
OPP.60:089,6.523886540261377,-23.16595540714032
OPP.60:090,7.996293890725983,7.667303041896178
OPP.60:091,9.258927866060084,-21.437374908151728
OPP.60:092,-5.1307653830643085,-21.314479549412162
OPP.60:093,-7.40057722257102,-25.69080638581545
OPP.60:095,-6.5304628264461915,2.497948361281393
OPP.60:096,9.08954713339985,6.64366227182142
OPP.60:098,10.614660936528988,-16.175700994203602
OPP.60:125,-17.497265752609625,-19.40284065903519
OPP.60:126,14.614981175423079,-16.061406485299713
OPP.60:128,-9.914701803560728,-34.09304167571165
OPP.60:129,23.433207896104456,9.494589133854745
OPP.60:130,-15.825886773657441,5.430257860335628
OPP.60:140,-0.7539975845950099,25.606111005655574
OPP.60:167,-4.048704936263521,-19.380802290853815
OPP.60:170,-10.318893650914577,-32.86051959736961
OPP.60:189,-14.804649976671554,-22.305968407005786
OPP.60:190,9.560712968450266,-22.80113738400722
OPP.60:206,2.7127916603867646,-13.530173616802804
OPP.60:210,-19.17581042219777,-5.741048565597994
OPP.60:214,1.2620568379004495,-28.74507045396238
OPP.60:222,-19.987028935930887,-4.433065670171442
OPP.60:223,7.867603386933497,7.585189267762799
OPP.60:224,14.976305924991175,-1.4911989701534025
OPP.60:225,2.315769556878853,-29.45090454839499
OPP.60:226,2.7101661001040434,-28.922988546009602
OPP.60:237,9.645269038060047,8.297613188096769
OPP.60:238,8.323303134872997,-20.321577069151857
OPP.60:239,18.53634507934995,-6.199657877594628
OPP.60:243,-5.743963469811518,-18.66168650152754
OPP.60:246,10.69488061853377,8.2160853218048
OPP.60:247,6.548031094761674,-3.320902776772689
OPP.60:251,-19.439439547121975,8.289250915687226
OPP.60:274,14.18477036840615,5.314701586549999
OPP.60:278,10.332811938939848,6.20774077215142
OPP.60:292,-4.258366288980103,-31.969874893902343
OPP.60:295,11.841596371341135,-22.9174638770149
OPP.60:296,-17.44429289824302,1.8515625630638115
OPP.60:302,-9.047403580110847,-0.9042188000452971
OPP.60:303,23.58419100868647,15.422540156957929
OPP.60:309,-20.721370255429903,6.1046193685917105
OPP.60:311,-9.17140819200767,3.8754610526655258
OPP.60:312,8.338447149920224,-16.278778542590135
OPP.60:313,3.6557428879792093,-23.175722834211477
OPP.60:314,0.2203693922753706,15.135160385204209
OPP.60:315,16.331002850655842,-17.607011307124356
OPP.60:316,10.716957164638051,-17.974023826470873
OPP.60:317,9.144706697225505,-8.996066090311722
OPP.60:318,12.313000217073162,8.923442945119817
OPP.60:319,-17.030511919822274,-13.036034542132262
OPP.60:352,-0.3085272318433193,25.9174226527108
OPP.60:375,-7.12030783913207,4.838911994312955
OPP.60:410,23.005971858598524,3.8853182749636943
OPP.60:475,6.20058490330259,27.019812316489897
OPP.60:476,-18.058689958142576,-21.355118407269902
OPP.60:477,-16.7032592794688,-15.991780504585071
OPP.60:478,-1.1892037361328835,-21.350348784328535
OPP.60:479,-1.5856259178257404,-0.6050992575480785
OPP.60:480,10.273071034367907,-7.4365988538321215
OPP.60:481,0.8261636007313884,-16.57113408733866
OPP.60:482,-2.4658432049937837,-20.817633016927275
OPP.60:483,1.9328487619274863,-14.171465948271077
OPP.60:484,-8.97988577795116,-24.259045093505662
OPP.60:485,15.793649467282224,-7.40542449473825
OPP.60:486,7.404163085649906,-10.926647593332698
OPP.60:487,-5.460163258766058,-21.945676030366677
OPP.60:488,-2.823949737550119,-17.186418573102067
OPP.60:489,-9.772782130244323,-0.40501535520739573
OPP.60:490,-1.1144532490411347,-5.734221578701498
OPP.60:491,2.9917789067963816,-7.374157829450329
OPP.60:492,-9.862983984110132,11.403256369903431
OPP.60:493,-5.770875583172058,-36.20648040762202
OPP.60:495,-6.253140768393417,-2.883208089999044
OPP.60:516,-4.303634246824679,-14.470894565724164
OPP.60:525,-9.045348646188025,-24.339458407947067
OPP.61:001,17.264413221122044,-1.1696808498385838
OPP.61:002,-9.374120667775388,-28.715445603342175
OPP.61:004,9.35769513674719,9.283701937548352
OPP.61:007,19.716222951409346,-1.3172719527034475
OPP.61:008,9.899788811967886,-23.0244105317409
OPP.61:009,-0.5698062989922084,-10.830864652631412
OPP.61:010,-1.440419356624209,-9.912550689856952
OPP.61:011,7.170490943513668,-3.399706102426867
OPP.61:012,1.068289832198009,-18.78563046779744
OPP.61:014,-5.023090922387947,-20.94213680618834
OPP.61:015,4.919937445628968,-11.378290718861125
OPP.61:016,-5.3382715854137395,-22.40133533397794
OPP.61:018,17.42073979037651,-2.04767822004874
OPP.61:019,1.9940722087978966,-7.2730967456289966
OPP.61:043,-17.764353975500306,2.0071521347343424
OPP.61:046,-17.6128888861974,20.07218630067016
OPP.61:060,-20.74933905151119,6.184895551580584
OPP.61:063,18.944372524371257,-4.280414676878475
OPP.61:069,-21.73326064498132,1.8647013070240597
OPP.61:083,-3.7825730819312664,-27.581379415459732
OPP.61:095,6.354357312361225,-3.2728496844492274
OPP.61:096,-9.928846218773533,-17.475573108237526
OPP.61:097,-15.354411199176507,-14.761285009951038
OPP.61:098,-20.145870430141812,-14.322318010461599
OPP.61:106,-4.268500377323638,-28.827140438758782
OPP.61:129,-21.35588517287895,-3.048537879912868
OPP.61:130,-14.316006087962464,4.905257211920463
OPP.61:131,-9.362263140654674,-35.55626985395437
OPP.61:192,-12.208518898883312,-15.64862562165617
OPP.61:195,-14.00273978296868,-30.99499534119859
OPP.61:198,-17.62995820221769,6.089447044272897
OPP.61:199,-26.58293170843589,3.878252609361928
OPP.61:215,-16.635860578275636,-24.008535562513092
OPP.61:217,1.396117267910666,-22.472430876504912
OPP.61:218,0.1221194709972126,-2.645964586989566
OPP.61:229,0.8273358946857668,-19.29797837548106
OPP.61:231,-17.958929293582734,11.97367627919644
OPP.61:268,-8.915215016688498,-22.694912173942797
OPP.61:286,-12.551126550279866,21.92693586068982
OPP.61:287,6.89339012648344,26.81378687766036
OPP.61:291,-3.5585486932762143,-0.2106092854717814
OPP.61:314,-22.74240836761463,1.5749952828137852
OPP.61:319,-15.512031321325033,8.62403917090294
OPP.61:331,-8.643866410071421,-19.871763505284942
OPP.61:332,15.790835464481747,-6.481485063792779
OPP.61:342,-2.505046545444978,-30.937775969800004
OPP.61:374,-5.964456455324919,-4.337081923937304
OPP.61:487,-11.378185937857642,-27.70987671452878
OPP.62:003,-3.6060494826442167,-27.981543351534867
OPP.62:004,28.16355233927693,14.15756819850525
OPP.62:005,10.213440366717542,-23.594422754693145
OPP.62:006,-9.660014162331183,-2.767317722857425
OPP.62:007,20.220091014716292,-1.3134578169304565
OPP.62:009,-18.509678752281314,-14.054449964773607
OPP.62:010,1.6006630748013317,-23.97627721847908
OPP.62:014,-1.772689804069055,-13.297896236652464
OPP.62:016,-12.443255260568094,-32.175556053018454
OPP.62:040,-10.9450879907625,-26.561742783002742
OPP.62:054,2.3313519226607964,23.093289655699902
OPP.62:075,-14.043358301754582,-28.084994855667667
OPP.62:076,-17.432380658879353,-1.073482603048247
OPP.62:077,-18.100826799978154,-17.440579121636688
OPP.62:078,7.069352509602722,-10.435892054123164
OPP.62:079,-7.377845558505061,-21.901083934293734
OPP.62:080,-2.297363379083263,-27.323938869445247
OPP.62:081,-7.03413874830613,-17.339220097037067
OPP.62:082,21.048359510093338,-7.977670729345724
OPP.62:083,14.207769248255554,-1.2954060873658002
OPP.62:084,15.864215933094341,-22.014221902451006
OPP.62:085,-19.500811722350875,-6.437707062470617
OPP.62:112,20.064099361932307,-8.050075397259143
OPP.62:113,-20.68292135125154,-3.167535085675974
OPP.62:114,-8.891408675729355,-13.57456527301906
OPP.62:115,2.4688180977417318,-33.442853950140034
OPP.62:116,21.113778710468935,2.4361882326749744
OPP.62:117,-6.008756035719243,-14.484905246215328
OPP.62:118,-14.684841846785213,-24.450654781640512
OPP.62:119,-22.264230258974194,-11.776416980609593
OPP.62:120,1.1128153894052946,20.187559261964495
OPP.62:121,27.058638648176483,12.317673881155745
OPP.62:122,27.54272716477265,14.004695947951973
OPP.62:123,14.010459102465152,-26.917409849658142
OPP.62:125,29.361909006030206,7.869958247715589
OPP.62:126,9.113588842165372,-23.412809952722068
OPP.62:127,18.4068447456077,15.91326229970585
OPP.62:128,24.738767479186716,17.350621127850733
OPP.62:129,-22.902865121685995,14.298954961073372
OPP.62:130,19.88803267519665,-7.819379003315951
OPP.62:131,-8.822582499219275,-6.958929741791346
OPP.62:161,-0.24120660097916746,-29.577964171177054
OPP.62:173,8.370724609576415,-13.422586926827789
OPP.62:182,-2.8681756594533208,-24.284821775029755
OPP.62:278,1.3242453872738553,13.993866336156186
OPP.62:391,-7.183346300320088,0.6048883340827561
OPP.62:395,-19.620967658630157,-12.354312793396243
OPP.62:400,-21.978901707952303,-17.264625662421114
OPP.62:421,-17.296448476170127,-13.253887346883818
OPP.62:427,13.723908870503662,-22.51779439168206
OPP.62:438,-2.4294228339302206,-27.610405240160834
OPP.62:444,27.866614584668966,14.246130101294767
OPP.62:471,18.215824812268824,2.1805201554698264
OPP.62:473,14.711112421928686,-14.878116750112898
OPP.62:474,-20.849728093007656,-12.522809984945258
OPP.62:475,-1.8210868045323074,7.694574752890501
OPP.62:560,-15.964324102537704,1.7148014803743283
OPP.62:563,22.132868018380115,2.469787578122397
OPP.62:667,-18.531196326830386,-1.5929342019405002
OPP.62:701,10.632897180672622,-22.53400770646637
OPP.62:702,-1.4218778611807104,-33.889318613555346
OPP.63:001,18.80507530143157,-3.3388682637676044
OPP.63:002,12.790229702535045,-0.40043205501475665
OPP.63:003,8.289021907901489,-6.892494855253178
OPP.63:004,-0.27360682620421656,-22.986125129209654
OPP.63:005,1.5918927452083251,-24.279932358184865
OPP.63:007,0.9067295998240824,-19.509446270015804
OPP.63:036,8.99900322100692,-3.526694469939258
OPP.63:049,-7.404949530174983,-26.45050422992081
OPP.63:099,-3.9687763388999215,-23.55586623343282
OPP.63:101,-4.750877110372512,6.10741635332814
OPP.63:114,-10.320044605360374,-15.912175074382354
OPP.63:115,-7.182239365775282,-26.319261011150996
OPP.63:116,-7.573563952595587,3.3843660861287854
OPP.63:117,10.334468339964193,8.729952782040758
OPP.63:118,11.14120383649595,8.764259032439323
OPP.63:119,8.748472016947115,-5.218449628792795
OPP.63:121,4.3445613151747935,-18.902282203345
OPP.63:122,-8.1317517853333,-31.072997060892515
OPP.63:123,4.530810128533283,-19.45823698050536
OPP.63:124,10.268668163705652,14.797173715720554
OPP.63:126,-15.802600747152042,-24.58346257597977
OPP.63:128,-5.751524920450047,-18.59418132107879
OPP.63:139,11.26138007680297,-0.4493837900751081
OPP.63:140,1.4073176782445846,-11.546292582100502
OPP.63:141,14.812481150051251,-14.830200680845763
OPP.63:149,8.34411972408003,-3.64543418952437
OPP.63:150,3.873238252401496,-15.184412859883322
OPP.63:151,3.7270708653202433,-15.496643626785037
OPP.63:152,-3.651594646221658,-21.778894143561168
OPP.63:153,-3.623105648157867,-21.857654296573926
OPP.63:154,2.5218238446744032,-15.913017686580908
OPP.63:155,-2.979007872021728,-20.353250649142232
OPP.63:156,-3.080169621758248,-20.473791893741485
OPP.63:157,-3.622111460825303,-21.33089538940433
OPP.63:160,10.618693244975853,6.267778956834425
OPP.63:161,-2.6910974912458228,-22.5403153475916
OPP.63:162,-2.3318804672329785,-22.623565195900298
OPP.63:163,5.685523914312911,-13.019936026135253
OPP.63:164,3.914476543789164,-14.560764851938455
OPP.63:165,4.899916857976958,-14.125902338587592
OPP.63:166,-2.5827310555056164,-1.811703157194049
OPP.63:229,9.735407432314107,-0.8191421326202014
OPP.63:244,-2.881812213303299,-23.317935238494194
OPP.63:245,-4.518306673214089,-18.765981149240297
OPP.63:246,-1.4180255269833768,-29.311422670162706
OPP.63:247,2.7722542238988623,-11.630988165879993
OPP.63:254,-15.982656460027261,-36.65979580826006
OPP.63:257,-9.964609461710163,-31.414629246033144
OPP.63:259,-7.579104349859264,-10.808029603868608
OPP.63:264,10.12974454009805,-10.50097629423485
OPP.63:265,8.107891819540733,-12.322133176703456
OPP.63:266,3.512373976590442,-9.795356170397955
OPP.63:270,10.08646917376643,-12.723867659052017
OPP.63:273,5.023871963623195,-18.470730711263048
OPP.63:274,3.0486609075379025,-17.211153459139133
OPP.63:275,15.01237751125956,-0.9957626803450798
OPP.63:276,21.89415489607827,5.003811025598402
OPP.63:286,-5.527522327598728,-7.638171941047914
OPP.63:288,2.0403925714226077,-32.154550980389324
OPP.63:289,4.593432326182154,-9.870947198125785
OPP.63:290,6.685917536749292,-12.6253390571407
OPP.63:291,6.870325941197728,-4.896484395139718
OPP.63:292,-12.274009045647439,-7.090908208693326
OPP.63:295,3.8105732454107097,20.285651542368676
OPP.63:300,4.997080782887746,-19.893746262440345
OPP.63:302,1.1348622810683717,-15.340908655727286
OPP.63:303,-8.009019572220657,-19.15065926287294
OPP.63:304,18.12678976866946,4.240776723485903
OPP.63:309,-10.109985197206068,-3.060609489086586
OPP.63:314,11.211159169126207,6.560263712314522
OPP.63:316,4.331823684398004,-9.215317308118976
OPP.63:317,-2.2298371585938583,-2.2481417439380027
OPP.63:326,1.1526821611650129,-21.63897210341435
OPP.63:328,11.383509171158726,7.756472874798774
OPP.63:329,12.584984994994599,-27.647743133471096
OPP.63:330,25.22623021755969,13.032702774586996
OPP.63:331,10.304552442558172,-2.00845264266091
OPP.63:332,-3.3925870261781848,-21.043292842496314
OPP.63:333,2.210095278550902,-15.891219481550669
OPP.63:334,-3.158324225914195,-20.59871752948058
OPP.63:335,-0.007325839302690326,-15.954820986033083
OPP.63:336,5.35800635635335,-7.428503136040785
OPP.63:337,-9.283437729832698,-21.64792307772602
OPP.63:338,-20.407158684690415,-5.580351728093758
OPP.63:339,5.403635655586131,-14.243936426658282
OPP.63:340,2.7570424325965623,-20.037951314130797
OPP.63:341,9.891613958947486,-2.1422232830519627
OPP.63:342,2.257528218538992,-15.81802909781888
OPP.63:343,3.271423658452887,-15.474626474216963
OPP.63:344,-4.3399537993196295,-18.076583943115267
OPP.63:345,10.450212999363323,-16.453424571829707
OPP.63:346,3.555218246444353,-5.689320772835933
OPP.63:347,6.052010998855413,-11.858890452380018
OPP.63:348,27.301627353281475,12.18148658841344
OPP.63:349,5.917628577118497,-7.024363421909671
OPP.63:353,-7.88509704601458,5.042612005470389
OPP.63:354,12.162960270130046,-10.781939245104457
OPP.63:356,8.375300992905798,9.69205990643732
OPP.63:357,8.548807504334404,-1.660128725990426
OPP.63:370,-3.26265592582085,-20.869110587291125
OPP.63:374,8.204212815383142,-12.336094360981493
OPP.63:436,15.611547884758133,-22.238711080175328
OPP.63:441,-1.35095640227819,-22.264381170213206
OPP.63:448,3.234489177119502,-11.300810382452017
OPP.63:449,4.281241908759861,-9.098793243995948
OPP.63:450,-4.503458541313461,-17.869667592358674
OPP.63:453,0.6704203371548901,-11.906305378851103
OPP.63:466,-21.519218751994085,-7.526921427193093
OPP.63:467,-3.2763392865950527,-20.869895617833613
OPP.63:468,2.5159630288942285,-16.266677727018656
OPP.63:478,7.398058535631194,-3.188086727896825
OPP.64:001,-1.1479034909814092,-12.757922079753598
OPP.64:003,7.2209970488657795,-13.89290527301664
OPP.64:004,-14.011800790517698,-34.946731213883545
OPP.64:005,-5.735318000893354,-18.80016172319935
OPP.64:006,1.035044659622371,-9.394867133753769
OPP.64:007,9.41955614775174,-29.074028712477602
OPP.64:008,2.954420423285017,-16.871815756423818
OPP.64:009,-6.870059157475361,-21.964609353808246
OPP.64:017,-5.475614021022387,-27.63206830422613
OPP.64:031,-9.395509664911819,1.3744768089427681
OPP.64:040,-22.46342084312916,-9.974691297385153
OPP.64:042,-11.100757711789315,3.096710028761795
OPP.64:043,-24.524291847714906,-7.221066731854612
OPP.64:050,-11.211853234594134,1.4567636849507188
OPP.64:051,-14.9014491312665,-2.2092451086524987
OPP.64:058,0.9302424721788014,-9.439309534042481
OPP.64:067,-0.9557196271293966,-12.038560454455359
OPP.64:082,-9.317787003432882,-32.955474340444404
OPP.64:083,0.4259907017415401,-26.76428938892508
OPP.64:084,-4.309463935573433,-9.673220157815202
OPP.64:085,-11.932146351921256,-28.341116187543776
OPP.64:086,-6.260328825270791,-19.69806723552437
OPP.64:087,-5.85728501303835,-17.598862014595053
OPP.64:088,13.197904080456997,-0.7780673373866409
OPP.64:089,-8.654887955327027,15.097925960025075
OPP.64:090,-5.559171499483365,-23.724598961363963
OPP.64:091,3.8622624643161214,-7.753487904560683
OPP.64:092,7.315605893333886,-0.9478462700665943
OPP.64:093,-5.912439473069476,-13.444600068954188
OPP.64:094,-17.215702126290857,-0.9491376424391116
OPP.64:095,-3.8833747358466013,5.631246125945072
OPP.64:097,-6.371952184404523,-36.20778985744713
OPP.64:098,-2.697971896653331,-15.644654123015052
OPP.64:099,-2.9762108251029202,-17.758649399898367
OPP.64:100,6.794964925046767,4.123618373551694
OPP.64:101,-5.480815188969976,5.986880203358652
OPP.64:104,-16.077777384636725,5.377987431125998
OPP.64:105,-6.77725889884745,-6.724355709242458
OPP.64:107,-17.851343244759647,12.89144463738265
OPP.64:113,-3.46986031770999,5.900210796786199
OPP.64:117,-2.7505930733132886,-18.508521002386896
OPP.64:118,-2.6538989343832924,-18.394945967617783
OPP.64:119,-14.817488182945839,-30.25044140011218
OPP.64:120,-6.1308475253676,-19.949445876545074
OPP.64:121,5.350887401777911,-32.48447764977578
OPP.64:122,-14.45383069267514,2.609937393424898
OPP.64:125,-11.128206152325063,2.317634160223266
OPP.64:128,-16.31995629229615,4.242892721784935
OPP.64:129,4.1116952641881985,-10.629239562732687
OPP.64:130,-7.675040832888051,-33.369356073515505
OPP.64:131,-14.152563767668273,9.720679011798168
OPP.64:137,4.426871472574343,-21.433738584745914
OPP.64:138,-0.32847582404846337,-3.795433134935533
OPP.64:141,-18.22744255639476,0.6070838246920334
OPP.64:170,-7.428793091980818,-6.7687471989853005
OPP.64:173,-14.095435217970891,-15.065896650196594
OPP.64:174,-3.0407300358074876,-1.0552579929285373
OPP.64:189,-0.49786807970659464,-10.971352616280809
OPP.64:191,3.945789228884137,-8.014352039103022
OPP.64:194,-19.38680411529735,-10.563002818825394
OPP.64:197,-6.0161731560395495,-16.588972735236045
OPP.64:200,-7.4115658691196415,-1.1411659614165515
OPP.64:203,26.6749914832238,-0.4029156182793447
OPP.64:204,-7.301624463543359,-14.310246230724056
OPP.64:206,-8.941915392542255,3.817085497384462
OPP.64:207,26.923999913515328,14.058688489014598
OPP.64:212,-19.807666227015268,-30.909896559410267
OPP.64:250,-2.863114971060394,-3.4487789077712314
OPP.64:251,-17.947422282578287,-5.343875803989497
OPP.64:252,-9.465069103915724,1.2866229133811695
OPP.64:253,-5.9181388974039555,-23.688583589410534
OPP.64:254,-6.397544019112217,12.865011535768105
OPP.64:255,-10.63278736445932,2.4349069536783556
OPP.64:256,1.265460118418643,-26.953937809072634
OPP.64:257,-0.37515917249419384,-19.659382295366292
OPP.64:260,0.3251775313556826,-7.393604739366144
OPP.64:264,-2.0285240499547723,-12.865418811969208
OPP.64:265,0.09245686259847631,-29.896720538812
OPP.64:267,-9.027675159709725,1.5065710894890951
OPP.64:275,-18.278022435169827,-14.20471988488997
OPP.64:280,8.325047612889298,-12.096258754573645
OPP.64:281,-1.7191687648659308,-23.649581571608213
OPP.64:284,-4.797912660609242,1.405458794480012
OPP.64:285,-0.7741856129072745,-17.8055657596598
OPP.64:286,4.669031846443885,-25.27445184928847
OPP.64:288,3.5892269095153138,-5.012131550760921
OPP.64:293,-14.167497425559896,-16.196074663170133
OPP.64:295,12.81401095605008,-23.308190013569952
OPP.64:297,6.849033224453394,-15.166425328452075
OPP.64:300,-20.940243653762604,-10.579902715207284
OPP.64:302,3.158271299908426,-10.644974502771358
OPP.64:349,8.396763474722531,6.4627924243518375
OPP.64:350,-16.181807844663787,3.0661321151654746
OPP.64:352,8.46394946645517,-8.758451548919876
OPP.64:353,1.3742692043309164,-6.2137446842532125
OPP.64:354,-9.114590094139505,1.3621951039486992
OPP.64:355,2.219104655907895,-6.431817956231519
OPP.64:356,0.998967401854143,-5.9457437854631054
OPP.64:358,-12.297215213442934,-34.09303125665537
OPP.64:359,8.549154289512261,-1.8751847938732693
OPP.64:360,-6.6888886497961355,-6.5699185608679205
OPP.64:362,1.797548821772797,-15.218053696300776
OPP.64:363,3.556608863235446,-11.410272701545741
OPP.64:366,-5.799666211827522,-5.273314039653268
OPP.64:368,5.207133282696622,-11.383773875850398
OPP.64:370,-16.90217516744841,-9.705778603133476
OPP.64:371,-0.7356849493823862,-22.56859498234332
OPP.64:372,-16.762952273920394,8.712684083284776
OPP.64:373,1.5500877692304276,-7.440375194875668
OPP.64:374,-0.8334773963641334,-11.88638688497653
OPP.64:375,3.7024956224516807,-6.6329836454954405
OPP.64:376,8.949519472141883,-15.166709172551881
OPP.64:377,-3.214460730537282,-19.42080263669844
OPP.64:379,2.1209229544774604,-33.42831085512259
OPP.64:385,-3.083123226068383,-15.090016775284738
OPP.64:390,-7.364734189713514,-21.225119582668455
OPP.64:418,-0.4321104533864881,-14.311559788829248
OPP.64:424,-11.172822132059466,2.8356277272440646
OPP.64:427,-9.314145982102533,0.7313308428631828
OPP.64:446,-22.26892279389773,11.747999732125745
OPP.64:497,-17.730722169672145,-2.6638479731567326
OPP.64:498,-10.191111183809477,-16.406367424561676
OPP.64:499,13.578849896395665,-3.875431825233313
OPP.64:500,-3.8071690869067845,-8.76963774635712
OPP.64:515,-3.489015641741685,-8.063029701660176
OPP.64:530,4.372119850888895,-20.657633474766097
OPP.64:531,-4.592593462066333,-13.3229850748228
OPP.64:532,0.9084517741230155,-7.644805780056949
OPP.64:533,2.877389546058141,-3.596008339985929
OPP.64:534,8.288273678850414,-8.884568653155842
OPP.64:535,3.8660984048465057,-7.610070348534114
OPP.64:536,-3.5534278078951007,-8.304904641677364
OPP.64:537,0.6015996590979465,-7.589635904791501
OPP.64:538,-1.5291087729318495,-23.609398874949335
OPP.64:539,-14.867427768592538,11.414304780859759
OPP.64:540,4.535148837429285,-8.427643243100473
OPP.64:541,-13.265276519456167,4.321320654824324
OPP.64:542,-2.7046608296298835,-12.843425218793499
OPP.64:543,-16.46015945012867,7.093217862944876
OPP.64:544,1.1048896828542956,-26.92489741056259
OPP.64:545,-0.16870945890818403,-21.628093322770052
OPP.64:548,-14.964261168188987,-15.134875873181368
OPP.64:549,-14.714946716157762,-15.030616915801422
OPP.64:550,5.310034531089336,-26.464762680790823
OPP.64:551,-13.858260209795134,2.046962838440712
OPP.64:552,-14.571809900100579,11.27718836031113
OPP.64:553,-8.648683453130733,3.4641542260091387
OPP.64:554,-9.535330682119584,1.0927259610323545
OPP.64:555,-3.397190597526519,-7.7097323200671015
OPP.64:556,8.13417981706091,-26.30658066585996
OPP.64:557,-4.4429377275508815,-9.569800994946462
OPP.64:558,-5.506493500809516,-30.219027225721895
OPP.65:001,-14.056195516790902,-17.679756835178477
OPP.65:002,15.82247562024135,-7.456168337673532
OPP.65:003,-9.984581572883965,1.1774535231356222
OPP.65:004,-19.192858663933613,3.9655007344917412
OPP.65:005,1.099739699451044,-13.260504041694452
OPP.65:006,3.574588203987258,-30.669536896385047
OPP.65:007,0.8424409066267754,-3.9108904736091006
OPP.65:008,9.864412816993132,4.043860718630643
OPP.65:009,24.355374030088125,-3.1225182918789667
OPP.65:020,-12.014472061685083,2.59409889044697
OPP.65:021,-7.128802191676595,-30.911251452690255
OPP.65:032,2.7158518862512717,8.202239659497094
OPP.65:038,1.2627088195844498,-1.5801583061468691
OPP.65:039,5.630187830839092,5.535868774357268
OPP.65:055,5.1001726496828015,-32.088161926452386
OPP.65:056,-9.362266260019547,-16.83255420738379
OPP.65:057,-17.84757180920784,11.276745781192599
OPP.65:060,2.130631158525103,-25.43265230282691
OPP.65:063,-7.899755663461824,2.820444985514405
OPP.65:064,20.724598736475784,1.6540751917788414
OPP.65:065,-5.710136845944512,-15.621425504989261
OPP.65:066,-5.317288710158501,25.64964564245676
OPP.65:068,-15.734160555891803,8.625856480735964
OPP.65:070,-21.82097716640301,-6.6937612916923275
OPP.65:076,8.01511376092139,-26.271223335356336
OPP.65:078,-13.15403181519483,-11.393133907339372
OPP.65:079,4.032504499232592,-21.06558820196982
OPP.65:080,-7.40256469043818,-25.011836433804433
OPP.65:081,-1.3334663164996048,-8.128515893259696
OPP.65:082,-20.234849684241148,11.09146721273665
OPP.65:084,-3.4054956341863876,0.5570559733057976
OPP.65:085,-8.75626570323324,-16.0393105305529
OPP.65:086,0.42399937166833507,-26.68862597389541
OPP.65:090,5.478975718052945,-10.311078323694609
OPP.65:091,-3.0385328679510506,6.252918157947274
OPP.65:092,-18.479763755488325,-13.129689783456055
OPP.65:094,-19.777966842641103,16.767310877326025
OPP.65:096,25.217453738156852,13.202651859947956
OPP.65:097,-1.8378690723557138,-8.34726795444946
OPP.65:098,1.5457416853721608,-25.268538183531792
OPP.65:104,-9.387003399111665,17.991108755221017
OPP.65:105,-5.5814141961304555,-13.647763795288606
OPP.65:109,-6.225280919252283,8.159503844804176
OPP.65:110,0.9266275872948987,3.104997026351882
OPP.65:111,-15.829582225161664,3.3947917223171764
OPP.65:112,0.27005694589618934,-21.310203991585617
OPP.65:113,11.855084113311296,-17.012122785049517
OPP.65:116,-17.832171641490927,11.480725031934275
OPP.65:118,-15.879128220900014,5.732022024233797
OPP.65:120,10.740947439576317,-28.305365900928017
OPP.65:121,0.5414407994916076,-25.203110305310776
OPP.65:122,9.328697458097546,-15.660493682284653
OPP.65:123,16.276281424725433,-14.157785462705489
OPP.65:124,19.440189061411914,24.471511418044134
OPP.65:125,-2.1261420350130193,-8.612285276235058
OPP.65:137,-4.240356900903294,-3.6234037336418217
OPP.65:147,-2.210549138484614,-26.03640143168639
OPP.65:149,1.3671996846827144,-12.823283949494062
OPP.65:150,-0.6165537126194943,-0.31473965427654144
OPP.65:151,-8.665461800501154,1.8009210284024812
OPP.65:152,21.498152846763283,7.494078154787669
OPP.65:153,18.86143461581622,-0.8414277370773712
OPP.65:161,-15.801480459119002,3.780338632222392
OPP.65:173,9.779410116855646,-24.857010821558603
OPP.65:180,-13.43324858300653,5.71198104491102
OPP.65:181,-7.725447126228221,21.240984723401624
OPP.65:183,27.96552505606703,9.654352231784225
OPP.65:184,-5.052912992448554,-21.649866902555708
OPP.65:185,-0.13424990643985746,-15.692956367808398
OPP.65:186,-23.475737934864753,3.0307123494451735
OPP.65:187,-0.7516604293870202,-14.891151362352574
OPP.65:188,7.0652259912732625,-14.004614287043662
OPP.65:189,14.502342294942094,-10.358942587329324
OPP.65:195,-8.582332477947277,-15.292369560468405
OPP.65:196,-19.349136227679356,6.599561520130286
OPP.65:198,-5.249252740865975,-26.84893748096715
OPP.65:199,-0.17791826609047395,-26.908488572951146
OPP.65:200,16.281438784962077,-6.164336026472613
OPP.65:202,-19.484495577122424,9.591764926496618
OPP.65:203,-19.14571078451742,1.941677080390026
OPP.65:204,3.9076872076888276,-9.59263706389957
OPP.65:205,-19.310004382885964,9.407998123498292
OPP.65:206,-11.651999486331043,2.64849553431292
OPP.65:213,-8.398027199803774,4.171917511292916
OPP.65:214,-15.502348904727526,8.840340604973814
OPP.65:215,-8.368824281032682,4.222981711545995
OPP.65:216,-17.773796963366042,13.249244346454411
OPP.65:217,-11.215442645937136,-20.79375874819729
OPP.65:219,9.430610430042975,16.203914047077166
OPP.65:220,-2.89724335309663,-13.61921513510364
OPP.65:229,-3.8981818883201544,-9.062329086434493
OPP.65:230,3.8935690201739903,-21.677744190277835
OPP.65:234,4.9265024234694765,-31.688180635369967
OPP.65:235,2.63904188997445,-5.474816711113868
OPP.65:236,6.113126896364512,2.919428556850332
OPP.65:238,-15.419774895900275,7.9869336701710045
OPP.65:239,-5.057275571527528,19.405764365641076
OPP.65:240,-10.836065420627946,-25.64418987727373
OPP.65:241,-0.24027371169465983,-14.522268255867232
OPP.65:244,-6.4834463675072795,-15.28403759124362
OPP.65:245,-4.592784440808518,-20.567504701391705
OPP.65:246,-20.950503535198727,-10.697099291406317
OPP.65:248,-5.712554144939084,-17.863298724622187
OPP.65:251,-13.079768164161916,10.275368406144997
OPP.65:252,-6.233697512397287,-19.755791874183668
OPP.65:253,-8.239669081915038,-24.76707270448188
OPP.65:260,-18.168560063899353,-0.7610559345157192
OPP.65:264,-15.32080873384198,-2.270174992272883
OPP.65:271,9.13597970157677,-2.5717179423643324
OPP.65:272,7.815634364027127,-6.726809803967591
OPP.65:285,6.700170993609439,-23.26564953321398
OPP.65:289,-4.684975933629157,-4.570432823284973
OPP.65:291,-0.4485168188791846,-4.407381116779474
OPP.65:295,-16.631893202813735,16.16904848383802
OPP.65:299,-1.2523422996056222,-18.523576217266466
OPP.65:300,-14.496899040226426,-15.7243716906078
OPP.65:301,0.06730065236954365,-6.473780811609631
OPP.65:302,-0.2549724471366903,-30.862088065476623
OPP.65:303,-3.034520359966328,-21.631209923155055
OPP.65:304,-10.712231652641753,-25.58318518615189
OPP.65:307,-7.497388023713667,-21.731646192320653
OPP.65:308,-7.719030774111841,-25.43123752293037
OPP.65:309,-3.2655570249533663,6.455058531239413
OPP.65:310,2.1291930448747647,9.3125616724251
OPP.65:311,1.045505566160681,-30.14207101380448
OPP.65:312,-0.23809304807918005,-27.01834515906572
OPP.65:313,-14.048374841835525,-34.94496781816663
OPP.65:314,1.2552444638913485,-31.960590288606014
OPP.65:315,-2.7101232896783065,-30.545418705580975
OPP.65:316,5.06836082194122,-2.282312376362353
OPP.65:317,1.0483667506698016,-32.7341497570067
OPP.65:318,-9.60169425329785,2.3866469290258903
OPP.65:319,-0.17865011629962166,-29.50756985952971
OPP.65:320,4.36239429801683,-6.580976600853428
OPP.65:321,-23.62095548436564,-7.724218362298459
OPP.65:322,2.045093271135418,-6.542335266350189
OPP.65:323,-24.41131761615416,-7.297293954859785
OPP.65:324,-10.154251389620294,-33.50904755094825
OPP.65:325,-4.207225427821073,-4.88837288407458
OPP.65:326,2.4836422832738974,-13.757817795820099
OPP.65:327,-2.5625266301471594,-15.90525248092229
OPP.65:328,1.070334269815586,-28.71447107518984
OPP.65:329,0.596244564754267,-30.19743611081721
OPP.65:330,-5.072431132996856,2.793727061584295
OPP.65:331,2.757126734541744,-32.67176698762481
OPP.65:332,-15.184364770330523,-14.24034008962543
OPP.65:333,-5.578446323746617,-2.251966542880065
OPP.65:334,-15.258845290946455,-3.662321612721473
OPP.65:335,-17.004432365663376,-10.087814556244458
OPP.65:336,2.230838175293929,-15.074569864152632
OPP.65:337,-8.082625778133336,-30.975334347168374
OPP.65:338,1.5657470786020338,-18.080194417848883
OPP.65:339,-0.6708955840331993,-5.4473342791062676
OPP.65:340,3.477031112074859,-9.454881291501248
OPP.65:342,-8.519853329913193,-28.013112631414447
OPP.65:343,7.572986804100829,-26.84619082658279
OPP.65:344,-5.120027215372885,-19.358544485521055
OPP.65:345,-7.61714612432192,-27.61694411536356
OPP.65:347,3.346835085348695,-20.88081493223836
OPP.65:348,-5.8527312809044485,-22.412815156106678
OPP.65:349,-0.01509202632392116,-13.998624765557027
OPP.65:350,5.186853407889755,-32.17800050563767
OPP.65:351,-2.982170857530735,-8.061396610793814
OPP.65:352,7.754035257042226,-32.51588185670914
OPP.65:353,9.275581869846189,-29.35888469551245
OPP.65:354,10.310922123196715,-5.501121479108543
OPP.65:355,2.5901620318807006,-32.40922320034125
OPP.65:356,7.346367575949042,1.4568830365321153
OPP.65:357,-1.1720453768257042,-17.767167536840034
OPP.65:358,-1.0299739326434314,-17.788819007270376
OPP.65:359,-6.38231211484983,-34.51401760941992
OPP.65:360,-13.936448893245243,-32.97069560294852
OPP.65:361,-23.399083419905104,10.43060420646867
OPP.65:365,1.703614085947589,-33.79180268564405
OPP.65:366,-2.165990919002337,-31.28817399952228
OPP.65:367,-2.500833895470698,-33.0553541909431
OPP.67:001,-2.2390702602967,-31.14055228314128
OPP.67:002,-3.733278607181561,-22.48887014312816
OPP.67:006,2.5336347417262073,-4.432048114416427
OPP.67:008,-17.954491646649366,-1.0802305930169593
OPP.67:009,-0.23269749960518704,-19.686885989737974
OPP.67:010,-15.594374790972271,-14.801883058391171
OPP.67:011,-13.593612977077706,-15.360750449558132
OPP.67:028,-3.7884343236916687,-31.349658203127056
OPP.67:030,-4.290144414893183,-20.56124055151241
OPP.67:031,-9.802465393970962,-16.681950776432664
OPP.67:032,-16.334439883316787,-11.441875543745336
OPP.67:033,-7.250261418933735,-8.179385156622002
OPP.67:034,2.6954010124982104,-30.84868710121056
OPP.67:036,-18.320788596581643,9.802878264393664
OPP.67:037,-12.444027160521678,2.256618278237228
OPP.67:038,-19.51321796318225,-12.836491726860382
OPP.67:040,3.6238328942492433,-6.327556420898464
OPP.67:041,-0.2702394412168684,-2.778035727507335
OPP.67:042,-11.713220441441413,-28.851642189426883
OPP.67:045,2.180934683794457,4.0043182504163
OPP.67:046,1.8181169014610903,21.893611179424518
OPP.67:047,-9.269749433834484,-34.48025292545108
OPP.67:048,-19.411540617235477,16.11810132250319
OPP.67:049,-7.646645586618016,-6.0525707971039315
OPP.67:050,-8.247130370538551,-14.83793295911242
OPP.67:051,-1.6968393822669299,-0.7953647056362829
OPP.67:052,-16.094153979556626,-1.3644279531766168
OPP.67:053,-16.482020636639415,-9.530110818641369
OPP.67:055,-5.455030675422015,-28.057882819087574
OPP.67:065,13.247792977615928,20.959176595939542
OPP.67:070,10.928172092930243,-3.88823383607215
OPP.67:072,-23.272488325384835,-8.176409623973973
OPP.67:085,-5.5698228234350085,-13.999515629102751
OPP.67:086,-8.212163002146504,-15.695203679255807
OPP.67:099,-6.35801660814566,7.962728250216825
OPP.67:102,-8.555459748036485,-18.78563688660515
OPP.67:103,-6.993636232424899,-12.071422231323588
OPP.67:109,-3.6331842044311435,-29.627730529899445
OPP.67:115,1.3633464116437133,-36.98636934879138
OPP.67:123,-19.776881122542466,-30.9065802076198
OPP.67:128,-11.700384000819458,-27.50181221477079
OPP.67:133,-20.119139177740003,-15.513581769803348
OPP.67:134,-5.43930946603829,-28.764850852716794
OPP.67:135,-8.331676938136955,-15.945510447991632
OPP.67:138,-0.7069354799762549,-22.703544391572652
OPP.67:139,13.412229661318227,-24.855941541774605
OPP.67:152,-13.26917755550442,10.873307932249228
OPP.67:154,-17.596413600490216,-8.747579096267268
OPP.67:167,-19.508365457228813,-11.200901103371043
OPP.67:171,-18.662217468062078,-1.8072179604121767
OPP.67:172,11.052054545867733,-6.416858036192885
OPP.67:178,-10.943597772763601,25.053453137454767
OPP.67:181,0.1743048766870298,-21.746256514433515
OPP.67:198,-14.722616321845425,-21.981601249230433
OPP.67:201,-12.982947167578534,2.2882021680257076
OPP.67:208,2.0770390688437557,-16.105222507164143
OPP.67:211,-11.289978011480825,-13.494191710258937
OPP.67:212,14.474745782690654,-10.332019244774557
OPP.67:216,-7.817640370310044,-16.05816521467278
OPP.67:222,-13.191827517961858,-3.3939740297466487
OPP.67:224,0.15915062499075047,-7.523600594364645
OPP.67:233,1.6408389600465725,-11.644320821442761
OPP.67:234,-1.3439889973128096,-17.718217376348
OPP.67:235,24.77468689621676,0.9468018206053426
OPP.67:238,-9.705878725203211,-0.9317048748275549
OPP.67:240,-21.572289636377995,-2.695246648736402
OPP.67:247,-18.67343074831119,-1.0481473753071275
OPP.67:248,1.567190902969251,-1.7136999648577245
OPP.67:255,-15.219551775767815,6.210441542048836
OPP.67:256,-13.78269125968068,-15.217295532137886
OPP.67:260,2.7534431635949974,-11.515124999299495
OPP.67:261,0.6082984945858031,-26.54012044519348
OPP.67:267,-12.350342033656071,9.080392336178033
OPP.67:268,20.1727380597818,8.449595036208482
OPP.67:271,-12.317184630143748,-18.66176282697508
OPP.67:272,-15.562352499108915,3.870939643466725
OPP.67:279,0.630660899924186,23.000450570651633
OPP.67:280,-17.904891183908326,0.44588572363074114
OPP.67:283,2.977690629252761,-13.697480090027435
OPP.67:289,-14.971545021479331,22.38591705712293
OPP.67:307,-15.283397002532622,-30.789894368785507
OPP.67:310,-18.67515515370336,-15.976344943985547
OPP.67:314,2.0788385701590735,-23.953465815999785
OPP.67:316,-21.67261272999095,8.127073637504852
OPP.67:321,0.08626028752830112,-14.346913349812311
OPP.67:322,-18.210374380965778,-11.268092275576075
OPP.67:328,-12.202569908244813,19.401649728908446
OPP.67:330,-21.921905770573705,9.839316956286034
OPP.67:336,-6.422071730255512,-34.357483286392025
OPP.67:342,5.685262590747401,14.187553132362359
OPP.67:349,16.282334947622363,-6.443774445695346
OPP.67:352,7.986981877554103,1.1839829186300728
OPP.67:353,-17.98630561118197,8.195863278284312
OPP.67:354,-6.365813985274896,11.396960703011057
OPP.67:355,-9.885979384372792,-13.907056568975397
OPP.67:358,4.7553515029901785,-2.1331950461377676
OPP.67:359,-21.05062606441955,-2.971041523585794
OPP.67:360,-0.15027624622719601,-19.003772716747303
OPP.67:361,-4.633682029021475,-17.523447627134725
OPP.67:362,-10.753543730250692,17.377308013805212
OPP.67:363,2.473241530881122,1.4133379772237056
OPP.67:364,-12.281662312199026,8.669115894177981
OPP.67:365,-23.366878672664452,10.16441466276297
OPP.67:366,-13.771675146144517,-0.4727425424244285
OPP.67:367,-7.7133721826982615,-11.016139921107891
OPP.67:368,-12.195048992654726,7.189712806863645
OPP.67:369,-9.212446405903231,-15.047134080480816
OPP.67:370,-8.484119844853272,-12.50139323717359
OPP.67:371,-12.95100881576611,-27.392279562064275
OPP.67:372,-2.7158146571280395,-32.01836409970895
OPP.67:373,-4.171961963068185,-31.70888042195736
OPP.67:374,-9.096973225993182,-13.344150084934464
OPP.67:375,-4.442897489949951,-31.06851921095685
OPP.67:376,-18.43606197353476,-13.447855375175493
OPP.67:377,-0.014196394725418017,-24.865292935538335
OPP.67:378,3.4627607159289484,-5.833441022028956
OPP.67:379,1.9859485820193914,-10.218109846388655
OPP.67:380,5.652127916991698,-21.85911606530276
OPP.67:381,-9.480505896503578,-13.624524547154905
OPP.67:383,-9.454195296285958,0.5535551273609974
OPP.67:393,-9.088216425959306,-32.511249750986465
OPP.67:416,-16.310282608402357,3.0593780772782657
OPP.67:423,6.6113077409601795,-2.2874585341787985
OPP.67:426,-14.192006366307016,-26.39971015714538
OPP.67:427,-3.9048690727464326,-19.17211448592139
OPP.68:001,6.405736278672869,-19.51232953048969
OPP.68:002,-4.379041012963901,-25.68579239238977
OPP.68:003,-9.6148729557625785,-34.46301307618315
OPP.68:004,-1.264340490604775,-29.19463476931318
OPP.68:007,-4.588012916385612,-0.17391167015927417
OPP.68:062,-19.26736065179661,-10.218233033636455
OPP.68:063,-18.164249615718067,-14.32052361562665
OPP.68:096,-17.509272132010885,-11.243706819715708
OPP.68:296,28.074188933230424,14.065703060500935
OPP.68:347,16.4153016547646,-4.8659740158578915
OPP.68:368,-2.412040133608195,-26.11872071734425
OPP.68:375,18.888652464393537,8.264287819190846
OPP.68:380,11.529931936352979,-23.482696703253197
OPP.68:389,-4.1104756435877325,-30.3917326334681
OPP.68:396,1.9871494847965914,-22.77729264111041
OPP.68:397,2.8313780573486538,-29.13584525905724
OPP.68:402,-6.3983894566997686,-25.657173720600916
OPP.68:404,-7.310987472775543,-23.793741291851962
OPP.68:438,-1.2874916495189308,-25.238311413768812
OPP.68:444,-22.170699148980415,-1.3002264205894307
OPP.68:451,12.778177821009763,-19.52353467753443
OPP.68:453,8.784767778022749,-31.358773223903505
OPP.68:459,-3.978477353013732,-25.330897829009146
OPP.68:461,-19.300709614648177,9.198469307581606
OPP.68:462,-18.291156863733697,-16.376229780540722
OPP.68:463,10.372970433731147,-16.678996987286705
OPP.68:464,-11.47492408121405,-22.626946917724528
OPP.68:465,-15.455642937543878,4.154897682960323
OPP.68:466,-0.9814818918702787,-2.411931671685188
OPP.68:467,-18.716744561838066,-16.07074010627204
OPP.68:468,-2.881953938026658,13.030896960732443
OPP.68:478,-19.12441633726597,-14.771437532508894
OPP.68:495,-22.593442973661606,0.5452401569737714
OPP.68:498,-1.3547447902047265,-29.493311780609687
OPP.68:500,-5.138443887492454,-30.99637798150464
OPP.68:501,-17.86568742127996,-1.4892378542049276
OPP.68:502,0.7629500052050351,-22.601378639535987
OPP.68:523,-10.925737347223142,-8.23762021989987
OPP.68:526,4.2823254492484075,-20.20230790593892
OPP.68:527,-15.458544934007492,4.0474969054765655
OPP.68:549,-18.500487090618403,0.021320078905924956
OPP.68:562,-5.392637049274223,-27.087192376360772
OPP.68:575,-11.688442203315953,18.234002700289505
OPP.68:579,-9.777799366869884,-8.489733558953729
OPP.68:581,-13.51064515081213,-15.397665361688485
OPP.68:587,7.2302762091648365,-15.379834187292278
OPP.68:588,-5.5369485609379785,-27.20485181002152
OPP.68:599,-9.678878307204869,-32.66195027005438
OPP.68:608,-16.335490985815362,-4.230938606250546
OPP.68:639,3.9646296456603443,1.2978466270193487
OPP.68:648,-11.00393718393213,-34.46270282715198
OPP.68:659,-12.826289161583428,-33.5789317932182
OPP.68:661,-8.894982080237368,-13.551249310371087
OPP.68:662,-5.6652650825053765,-27.81804515716926
OPP.68:663,-9.582918754186691,-7.836186773046905
OPP.68:671,-18.02505372881304,15.36788944027518
OPP.68:706,-10.285606700473778,-33.6217720989772
OPP.68:707,-7.223629940933266,-29.885349677358096
OPP.68:708,-13.963214940517988,-26.97103703033884
OPP.68:709,-10.175070255164945,-19.29124399638001
OPP.68:710,-9.00614212994496,-26.30743524405768
OPP.68:721,-12.740531697484093,-27.187658703589094
OPP.68:722,-19.334472921858595,-19.237084222415064
OPP.68:723,-8.24739569716665,-34.794545179873694
OPP.68:724,-7.205767007565796,-28.966404468011387
OPP.68:725,-9.798303694457184,-34.040296616639985
OPP.68:733,-12.876239221409596,-30.75169768393105
OPP.68:734,-3.0096868733400055,-24.48629765132146
OPP.68:735,-9.80252885824056,-26.036291972513656
OPP.68:736,-13.653444759292528,-26.33249237230502
OPP.68:737,-10.513663180830228,-32.629012296044365
OPP.68:738,-6.713772715926297,-26.212912669303208
OPP.68:739,-17.589589934231224,-18.847298853515632
OPP.68:740,-5.5412888213445575,-28.95030104128607
OPP.68:741,-8.896760225116555,-23.92213147662328
OPP.68:742,-8.728133862194895,2.9779112603345483
OPP.69:001,-3.3891214533936727,-24.260341439454155
OPP.69:002,-3.660599512059162,-28.960814369952708
OPP.69:003,-3.920849172077952,-28.763263649317757
OPP.69:004,-8.862214673395318,-33.85255662612137
OPP.69:005,-4.652124722992004,-25.763669887633107
OPP.69:006,-7.016105776943686,-17.08732164327486
OPP.69:007,1.3091136940782124,-22.601250241178064
OPP.69:008,0.3499545796053254,-20.280010540992166
OPP.69:009,-18.461686510714976,-16.948203128767652
OPP.69:015,-11.088948322624196,-31.005389079571618
OPP.69:016,-11.829128220315607,-34.82312547907629
OPP.69:017,-17.646746240638294,19.43304241042649
OPP.69:018,-10.463526972716327,23.300067881625996
OPP.69:019,3.558847426301137,-29.752188321398563
OPP.69:020,-0.9780675293491693,-30.212649256988314
OPP.69:021,-16.964967892211053,-26.736227240757238
OPP.69:022,-17.493682002632347,-11.63905734668575
OPP.69:023,-2.6261008764497484,-3.2686064570012383
OPP.69:024,-5.051075382903613,21.975812444108648
OPP.69:025,-1.755882131964748,-25.285071588276583
OPP.69:026,-7.855853952865667,-9.535033513320586
OPP.69:027,1.1618756415145566,-27.695393943790883
OPP.69:028,-5.316167715190349,-11.159661011630547
OPP.69:029,-12.389488762137534,-32.63986022440682
OPP.69:030,-7.881008840042576,-14.458639046005903
OPP.69:031,-11.671513725272568,-32.66168718753086
OPP.69:032,-6.476367008773592,-27.641052995974384
OPP.69:033,-18.127471807804227,-0.8950786054525972
OPP.69:034,-5.405449259574297,-29.69528607620484
OPP.69:035,-1.563267774528318,-32.90413122706643
OPP.69:036,-13.13073512881525,-27.2235936795873
OPP.69:037,-6.2817569598292335,-27.524439168955297
OPP.69:038,-11.700770118213514,-24.304502908004018
OPP.69:039,-9.389942359804662,-32.49065255796722
OPP.69:040,-3.961666274451324,-30.278600846951207
OPP.69:041,-10.54028747608186,-29.461184066397966
OPP.69:042,5.433542572845823,-28.977641412674863
OPP.69:043,18.974748680455775,-10.240327668648236
OPP.69:044,19.0336676941706,-10.202353614529706
OPP.69:045,-11.555257671314527,-34.05413336947229
OPP.69:046,-1.6913009039600178,-16.226808359645414
OPP.69:047,-11.200024614584777,-27.72810944172383
OPP.69:048,1.582571594436658,-25.207695488518482
OPP.69:049,-11.213917566119608,-27.74822325208157
OPP.69:050,-8.174847643671823,-33.34795065219311
OPP.69:051,-8.748519769424691,-29.425106889154094
OPP.69:052,-10.394279476912729,-28.31469090504713
OPP.69:053,-4.783355178125635,-30.25563646035035
OPP.69:054,-6.44058835435639,-27.645257410780573
OPP.69:056,-3.4570610165189724,-26.037904868870008
OPP.69:057,-6.181694673579152,-29.953083176381632
OPP.69:058,-11.413137116742755,-24.06853043530949
OPP.69:059,-5.4222601769882885,-28.15851595408281
OPP.69:060,-3.9132500456254244,-22.50014820421814
OPP.69:062,-11.418594905661484,-9.80172576138427
OPP.69:064,10.578445404839648,-22.842007564016473
OPP.69:065,25.6613456119608,14.758172615033338
OPP.69:066,-11.574454441380071,-9.64193405071379
OPP.69:067,-16.264648184665695,-36.953640386942915
OPP.69:068,10.216639092025376,-28.443686082070485
OPP.69:069,-8.726134113156851,-9.45139641287444
OPP.69:070,4.039263573787269,-20.100228198359893
OPP.69:072,-2.28020787267789,-29.980699659264065
OPP.69:075,-10.25454308217524,-30.87060187399806
OPP.69:076,12.820945337699726,-23.633543018349943
OPP.69:077,-17.525080227529745,18.779077257489586
OPP.69:078,-11.560387247878122,16.380238508668196
OPP.69:079,-17.01889767461723,18.2237196336008
OPP.69:082,-17.784770251818316,-7.10195576813804
OPP.69:083,-3.580442054346729,-26.338076683989563
OPP.69:084,-8.544946827379315,-8.694520505702968
OPP.69:088,-12.852892285640188,-30.831441643984082
OPP.69:096,-4.162853686543689,24.052736841358122
OPP.69:097,-16.00472769884768,19.095489246690192
OPP.69:098,-12.832968113328947,14.32667438035043
OPP.69:100,-5.175673439757638,-29.72466308452283
OPP.69:101,-19.900043907179658,-6.429635162063142
OPP.69:102,-19.72478724856637,10.306760450477881
OPP.69:105,19.25854008357636,12.393132308766786
OPP.69:106,-8.951105898949532,-13.13129455284219
OPP.69:112,-22.930726360442794,-5.985703530394793
OPP.69:119,-15.883781944580544,-14.90508665676136
OPP.69:122,-10.202133699431696,-19.35713054599786
OPP.69:123,-0.39808107633995743,22.816242731820296
OPP.69:125,-14.671227618962035,17.17123601104872
OPP.69:127,5.163541377647949,-33.613691172965304
OPP.69:132,-17.64793387067835,-7.15057888682961
OPP.69:133,-15.004784698595486,-4.039130802383665
OPP.69:136,5.97693225987284,-27.044583743720942
OPP.69:141,11.364419475502874,-21.054638486708036
OPP.69:146,-9.547129206133276,-35.309481903052124
OPP.69:148,-8.43619817103207,-12.496646026821836
OPP.69:149,-2.5828462125559115,-29.371256487382468
OPP.69:151,-0.013860182910952088,-25.747333733979215
OPP.69:152,5.042153651128599,-24.39854781620973
OPP.69:153,-8.31111224189964,-33.30686028134436
OPP.69:155,-17.774516370878295,7.160758298440538
OPP.69:156,-4.120526264130536,21.906992697193125
OPP.69:163,1.7275589631397386,-33.49672488669078
OPP.69:181,-10.365013935970333,-19.511082237019668
OPP.69:183,-9.965387259301052,-28.856835782627247
OPP.69:186,-5.688936256848276,15.58498959397226
OPP.69:187,-20.230140927741687,16.157127658511993
OPP.69:188,-3.2371502502314597,-2.154807646299735
OPP.69:190,-8.373035829944097,-31.898436867325692
OPP.69:192,-20.634810433231948,-3.2880945846756964
OPP.69:193,-18.112608194222677,6.142301087421261
OPP.69:194,-5.694425672074161,15.667299785990021
OPP.69:195,0.8578469496844955,21.69213235570217
OPP.69:196,-18.66528222437525,10.442584097112123
OPP.69:197,-16.967018823576364,-17.70800292180421
OPP.69:205,-4.6485613270733275,-28.574473635295345
OPP.69:207,-4.991837458339549,17.132195192996846
OPP.69:213,-20.837151121412383,-15.016135135597374
OPP.69:217,10.228062859916706,-22.837302304829617
OPP.69:220,-2.3900410862681896,-26.114737837094562
OPP.69:222,6.968675778075408,-28.42399177095577
OPP.69:223,-18.79516951146949,-28.31661321619996
OPP.69:233,1.4479233050627631,-7.48303233649119
OPP.69:239,8.73130382602609,3.6811499717873537
OPP.69:243,-11.678561620403283,-36.03178384453637
OPP.69:245,-9.162643472705636,-34.559931349389814
OPP.69:251,-15.962728898803531,-20.974166977777838
OPP.69:253,-10.760761724653019,-31.206858712912616
OPP.69:254,-13.943477424061877,22.57278423487872
OPP.69:255,-18.25689473417432,-28.860898712938518
OPP.69:256,12.290470811394924,-16.644877687943914
OPP.69:257,-11.170493828830475,-33.58102938201797
OPP.69:258,6.83649800582475,-25.001214427086673
OPP.69:259,-9.716596830645518,-34.663372701138194
OPP.69:260,-8.806730754766093,-23.79842101951267
OPP.69:261,-8.649561526265668,-27.081883964341348
OPP.69:262,-8.243451266853173,-27.458866171657405
OPP.69:263,-11.506055768171176,-34.13369847543962
OPP.69:264,-11.035765149994514,-30.857392313727402
OPP.69:265,-19.767837874205295,-0.7974575860262543
OPP.69:266,-5.702731189991542,-29.40047354223285
OPP.69:267,-16.888424343778397,-17.61991360536154
OPP.69:268,-2.618066623485781,-27.388831320260394
OPP.69:269,-10.168697123807242,-36.384648251693626
OPP.69:270,-26.76257534723348,10.436374678573811
OPP.69:271,4.293155471919257,-21.749417312722915
OPP.69:272,-10.460231499724435,-32.346997120440804
OPP.69:273,7.978779727649631,-24.925510098606154
OPP.69:274,-4.878689153706416,-30.443722389571526
OPP.69:275,-18.820878758439616,-16.030313965616447
OPP.69:276,-5.052661512108697,-13.159524983524157
OPP.69:277,2.0284195827437146,-19.921038115842045
OPP.69:299,-6.762853224375385,-29.19141564813515
OPP.69:305,0.3815114481120439,20.391417207054896
OPP.69:306,-12.179530552114464,-24.44718650167884
OPP.69:307,-6.852945078982121,-29.715930549401282
OPP.69:308,-0.3195122358387073,-22.987087234801212
OPP.69:309,-18.47735822473997,-13.749791837916526
OPP.69:310,-4.379070721511544,-28.28232783357371
OPP.69:311,-10.657560179100903,-32.82468472427456
OPP.69:312,-4.290299806225474,-28.507532835575923
OPP.69:313,-6.052006269812065,-29.615628539258513
OPP.69:314,0.06707752934449998,-25.825186816242294
OPP.69:315,-0.4631106488187817,-31.03556668792525
OPP.69:316,-8.748685014226101,-28.860033054936174
OPP.69:317,14.216865127862611,-24.33247133708411
OPP.69:318,-8.613054830707107,-29.856375999296965
OPP.69:319,-3.7734914604577665,-29.608815473389747
OPP.69:320,-4.333548239156748,-30.99280290297696
OPP.69:321,-15.494475739650325,-21.365749421815472
OPP.69:322,-0.7062245755908542,-20.824813197165916
OPP.69:323,-0.9155470045130306,-25.189740983398856
OPP.69:347,-12.563486854420303,13.373567126544863
OPP.69:349,-14.61729186306358,-2.0873392320070145
OPP.69:375,24.056361284366808,-8.056763143561056
OPP.69:385,0.485451906305485,9.808396575513289
OPP.69:386,-24.298605513736124,6.668347602782058
OPP.69:388,11.327272520311654,-21.112710647184382
OPP.69:389,-19.147900586278997,2.701529418017136
OPP.69:406,-22.920660985471464,-5.962392772890243
OPP.69:414,2.3749356789464056,-32.818889316665654
OPP.69:417,-0.5041494038770181,22.86681416719626
OPP.69:426,-19.787879844682752,-7.709503851271329
OPP.69:440,-19.973167727809017,-7.444570631798973
OPP.69:441,-17.91608144812707,18.65523319064859
OPP.69:446,-20.095371651780624,13.129515308677366
OPP.69:454,-6.9976895014667555,3.9218633869020443
OPP.69:469,-20.11218835182721,-11.11437899815301
OPP.69:486,-9.215685375030729,-24.50521261646235
OPP.69:495,-9.181910696357653,-28.614632257126743
OPP.69:496,-6.858285052797441,3.842290169027109
OPP.69:497,-12.357589478463927,-13.049128981131606
OPP.69:498,-6.775928843766695,3.8411317485889267
OPP.69:502,-7.120819419132152,-33.181182509891684
OPP.69:518,1.0917347503418704,-29.65438304443305
OPP.69:521,-7.417905724205504,-34.45009887210913
OPP.69:523,0.14732560261767372,-30.201283089375636
OPP.69:524,-19.743676251938197,-7.8235207917037934
OPP.69:531,4.454641503199151,-29.86778091832169
OPP.69:532,-5.6787402229622455,-32.71771454920337
OPP.69:533,-5.715806846975614,-32.758057802217564
OPP.69:534,4.702004993453643,-29.834954457227216
OPP.69:536,-8.636734554066653,-33.43638231156059
OPP.69:537,1.7035482626727325,-33.64877127210477
OPP.69:538,8.098704401139907,-32.16099620759756
OPP.69:541,1.1479839729958676,-33.703698878585676
OPP.69:547,-5.729896743648003,-32.94019326242486
OPP.69:548,-10.002187771359962,-35.3769963405168
OPP.69:563,-1.4064671979268408,-17.748251431290537
OPP.69:567,-1.9433611895933207,-33.1250156809973
OPP.70:001,-11.048158998775314,-30.75539031638627
OPP.70:002,-6.718962101357485,-28.664987608321688
OPP.70:003,3.9816091861554046,16.026043211369004
OPP.70:007,3.3756613410530023,-29.64225083025858
OPP.70:008,-4.842878982196177,-15.586393568811193
OPP.70:011,-3.6243467092926562,-12.022675634147607
OPP.70:013,-1.1029776570051941,-27.594202784603535
OPP.70:018,-5.418470916246018,-28.863058557939606
OPP.70:020,-10.492344230712785,-21.509980651199772
OPP.70:056,-20.36779297234234,-11.089229428746807
OPP.70:057,-14.841096320438945,6.447592717143056
OPP.70:058,7.406793912643654,15.33885688821834
OPP.70:059,4.919914885252981,-24.217575223497928
OPP.70:060,-18.62420523201287,-11.284291302908539
OPP.70:061,2.4612393934842127,1.7344349504411776
OPP.70:062,-8.432286693392316,-9.434001191813634
OPP.70:063,10.881638929372118,-16.623406965328655
OPP.70:064,13.516823163243528,-24.7099161841416
OPP.70:065,-2.6304347902987346,-29.52984922277124
OPP.70:066,0.9079182928530287,-26.724286023587357
OPP.70:067,-9.477845883461569,-34.70171937312394
OPP.70:068,-0.27283267152469837,-34.73725184884382
OPP.70:069,-13.99696104312387,2.7485442259716746
OPP.70:070,11.42542912814232,-20.31431895048948
OPP.70:071,-11.939385368899012,5.4093630153990295
OPP.70:072,17.791902202660744,7.332445049050872
OPP.70:073,-7.9014453472587265,10.203295874732682
OPP.70:074,-3.156579947007119,21.99839105224987
OPP.70:075,-17.432117225661738,-9.994084293690836
OPP.70:076,8.139838648364169,7.9665133057087365
OPP.70:077,-16.598685769763133,1.497261721945465
OPP.70:078,0.5128009520289866,-29.99328956400676
OPP.70:079,21.14439611465007,2.125918522498968
OPP.70:081,0.27851799699024976,29.16545886658346
OPP.70:132,-7.375631496721461,-6.2718372835313865
OPP.70:134,-11.98956864943693,-33.05650007858682
OPP.70:135,-9.807680659550538,-14.946981919975856
OPP.70:140,-17.523558220325874,4.091873737907302
OPP.70:142,11.848940336936558,-16.713213362929658
OPP.70:143,-6.281236731235305,-10.278973690320802
OPP.70:153,-9.143509141180907,19.24080546920947
OPP.70:154,-9.389443599941941,-28.693738398318747
OPP.70:157,-14.097559063782343,14.871733013434222
OPP.70:161,-3.2225812331604646,-28.293025545798535
OPP.70:162,-19.05137639684508,-9.891044099359936
OPP.70:165,-9.829571987642694,-34.51518509002982
OPP.70:166,-4.974573062056293,-13.327963057156786
OPP.70:264,15.847668798366458,10.241254678129451
OPP.70:270,-2.9823153950759,-31.111213136759844
OPP.70:276,-0.6473054335971736,-28.885541249837182
OPP.70:277,19.53713558904756,3.370663093600169
OPP.70:278,16.04153886267157,3.26128401747068
OPP.70:284,9.287511960967958,9.095624990560305
OPP.70:293,11.66687060622328,-15.261665680616888
OPP.70:302,-13.96245750155424,14.415369159521479
OPP.70:303,-18.071223859236014,0.4870835673916319
OPP.70:304,6.316094397482502,2.9607184887720783
OPP.70:305,0.27784865004934994,-6.530869616321318
OPP.70:306,-12.434583566981686,-34.336056286073585
OPP.70:307,-8.935400891668667,-9.910046947952498
OPP.70:308,-2.221188321618608,-17.332995945086868
OPP.70:309,-9.683963638679497,-35.38964237144855
OPP.70:324,1.0890482225020417,-25.023246864621555
OPP.70:325,-12.665806789394834,-25.02445269853684
OPP.70:326,-20.45630565774361,17.456885685972907
OPP.70:327,-17.615481951284547,-25.242335917315895
OPP.70:328,-6.701062583431053,-21.702437020284734
OPP.70:329,-4.494872642998496,-33.65615377204417
OPP.70:330,-3.3995837991997937,-27.81870827161622
OPP.70:331,1.8337797513607061,-29.710634692902023
OPP.70:332,-8.658252835209336,-34.62407529846095
OPP.70:333,-9.93095462507605,-27.887182923389815
OPP.70:334,-10.942564197013638,-32.654275156382546
OPP.70:461,-12.468611776549434,0.9410179950946203
OPP.70:465,-22.598629637006713,-11.893226575122894
OPP.70:647,1.353127347755073,-27.377575526620017
OPP.71:001,-0.9990668324204957,-26.44328703567393
OPP.71:002,2.59408051409794,-27.639180695390213
OPP.71:009,14.225119442425806,-4.795806515649279
OPP.71:010,-2.5538223814751575,-27.46296533957135
OPP.71:011,22.80407085785097,-1.4370170924312622
OPP.71:013,-6.559091240563353,-32.26298952861543
OPP.71:014,-16.94789909906065,-17.00298454302799
OPP.71:023,-16.409411293291537,0.46123529198650715
OPP.71:024,-15.009660736186671,6.4316459628229365
OPP.71:025,-15.924985973839211,5.37722474655385
OPP.71:026,-15.792987545693606,-18.32721328167068
OPP.71:027,-21.03543233100251,-10.206888521592417
OPP.71:028,-6.115831037165722,-28.52279665846873
OPP.71:029,-2.2727869733110415,16.62939784558896
OPP.71:030,-7.240840740364235,-8.289717840444293
OPP.71:031,-14.158301807218772,-26.77992718955546
OPP.71:032,-12.63169789219441,-13.65354769635977
OPP.71:033,-5.438129786742173,0.7910183177342018
OPP.71:034,-9.872226570192156,-17.85045229543902
OPP.71:035,16.1026363798892,-12.54440430310889
OPP.71:036,21.909615645611137,-2.9140856483201825
OPP.71:037,-17.60710459865386,-10.035725908695674
OPP.71:038,-3.796584630649585,-12.15199373456316
OPP.71:039,4.922547256264256,-28.087759932942994
OPP.71:040,-7.589518662583241,-28.408381501861882
OPP.71:041,-7.668348603503415,-27.763132363095753
OPP.71:042,-13.734304514868581,6.178193744124941
OPP.71:043,-22.782671585282756,3.4428494731587853
OPP.71:044,-21.668952045244428,5.154225925169321
OPP.71:045,-20.313511390107944,18.005149118650724
OPP.71:046,2.142662278912631,22.946208295159483
OPP.71:047,-17.80045150209395,18.47686950676257
OPP.71:048,10.732460440905143,33.396954654519114
OPP.71:049,-5.8842193690723885,9.223849159532092
OPP.71:050,6.856448038399683,26.759691038138353
OPP.71:051,-21.196555827425744,13.399934258224055
OPP.71:052,-19.630900434586525,-11.001377813639463
OPP.71:053,-18.03821343264446,14.133444000494768
OPP.71:054,-9.319814028690834,5.797980927287285
OPP.71:055,-1.214955003263883,-31.394852881083782
OPP.71:057,-4.86101826875463,-14.98850321506802
OPP.71:058,-2.863877310448005,-26.175635787340966
OPP.71:059,-14.552750746947893,-25.997281476070143
OPP.71:060,-0.004121407249265187,-26.10260912909467
OPP.71:061,-19.01665868979634,11.875861021588355
OPP.71:062,-8.685141170002714,-12.125063255269634
OPP.71:063,-11.129309717364166,1.0227720803524938
OPP.71:064,-15.042174257542346,-22.009145507049027
OPP.71:065,-12.654902883769081,-13.409731264005455
OPP.71:066,-9.885755611583496,-34.541242335939415
OPP.71:067,-8.097704179390494,15.148098957687703
OPP.71:068,-12.214716587534733,-16.117273782449903
OPP.71:069,-8.260338666646305,-11.315341989835627
OPP.71:070,11.145054360764565,-8.813371352270384
OPP.71:071,14.98482662962526,-8.6483310860456
OPP.71:072,20.460516068497505,9.846431224517163
OPP.71:073,16.7551985720289,-5.9238492622344046
OPP.71:074,20.369731391932287,-4.928972086288544
OPP.71:075,-18.0835709043785,-23.155981110719665
OPP.71:076,-9.882597756544296,-16.252686009322233
OPP.71:077,-6.490763254768211,-4.6548668259814
OPP.71:078,19.822955283464257,11.815016511274196
OPP.71:079,-11.935154762372276,-2.2339525752819243
OPP.71:080,-9.495043753330883,-22.646400436165823
OPP.71:081,-6.282682044572094,11.758622786552419
OPP.71:082,4.845701608999085,-20.935915905936433
OPP.71:083,-17.765229543575817,4.444526010183884
OPP.71:084,-8.883189999177837,-8.872356934570194
OPP.71:085,-3.0790684498466208,8.95007876613973
OPP.71:086,16.292194243709897,-7.036677135221345
OPP.71:087,-19.00929008240259,-17.481533665399333
OPP.71:088,-9.920071939963828,-24.228748267830344
OPP.71:089,3.1841584570971944,-25.926627984933713
OPP.71:090,-14.93126606123394,-8.451502760587502
OPP.71:091,-9.811520662047078,-28.916963052172473
OPP.71:092,1.073085444439119,-13.980901847332756
OPP.71:093,15.796997562134404,-5.664310918477661
OPP.71:094,-8.277883903239132,-16.166998017795965
OPP.71:095,16.304004054966608,-10.51960591505135
OPP.71:096,22.914477542069903,-2.9599135900087084
OPP.71:097,17.10524923053559,8.19740362790173
OPP.71:098,7.543127425802998,-21.80638564464223
OPP.71:099,19.164751023901204,15.556787701428924
OPP.71:100,-12.636563779589663,-29.369952700056057
OPP.71:101,-6.1695707398824275,22.102094137280165
OPP.71:102,-18.331806934210796,-16.699648182271666
OPP.71:103,-14.091099863499101,3.3439751794565726
OPP.71:104,-6.3253322824807166,-15.239097396716764
OPP.71:105,-19.205476561588508,11.701598894958332
OPP.71:106,-19.343995547038617,-14.03553571703742
OPP.71:108,-21.08854471885127,-22.022645691816304
OPP.71:109,12.412142440047193,-27.09503633502893
OPP.71:110,28.5829805541628,10.123768906885205
OPP.71:111,-2.7013437475110833,5.4249529008764
OPP.71:112,-13.124087484450904,4.8069853561734375
OPP.71:113,-14.285477186137085,2.050936634900655
OPP.71:121,17.313399167037776,2.6405455365164703
OPP.71:123,-16.743533145469485,1.7873067798145648
OPP.71:223,-6.414596099115906,8.021177213930029
OPP.71:244,-8.728803866394548,-12.433892686637162
OPP.71:302,-17.45888045978268,-23.84849281917866
OPP.71:303,-14.802888984691279,13.30955390600095
OPP.71:304,-0.39913713846467275,-8.407492294994812
OPP.71:482,-5.9249076525926165,-32.52913863986439
OPP.72:002,-21.13899967027093,9.300704470873473
OPP.72:003,-13.937441546218658,3.321391354718095
OPP.72:004,1.372785147966979,-19.926905764512615
OPP.72:005,-17.5748643803204,-2.757256945624596
OPP.72:012,-13.059878227459274,-24.65138193823426
OPP.72:013,-2.994278605947239,-9.819305779230639
OPP.72:014,-17.59751614596607,0.5426721782354023
OPP.72:015,-0.2680531051744833,-21.822371735745577
OPP.72:016,-0.3426127012713342,-7.4998320310462585
OPP.72:017,0.17092734442523067,-26.732643199315294
OPP.72:024,-20.311507265224815,-11.875442652432472
OPP.72:030,-0.9391233281940102,3.546613520411532
OPP.72:032,-13.206333732569131,6.3895717356008745
OPP.72:036,0.3027191845790993,-30.59524232230443
OPP.72:037,-13.250901468472335,-11.354324782660838
OPP.72:038,-13.048667004029124,-22.725674413307175
OPP.72:039,-20.551091543558115,-5.183134813102291
OPP.72:040,-5.435994735111514,-30.89088881749505
OPP.72:042,1.3426120035599254,-36.987064634004795
OPP.72:043,-13.129909837258566,6.165017797402129
OPP.72:044,-10.273893779358493,-34.95229303415427
OPP.72:045,26.564286763956847,1.608029454654042
OPP.72:046,-1.0961802785796397,-31.38876619022455
OPP.72:049,-13.117694425916286,4.601367765085642
OPP.72:054,-2.554210253625142,-32.22495644540788
OPP.72:071,-0.20834691236402306,-25.31332655230942
OPP.72:074,-5.404613679984676,-27.655447374089512
OPP.72:075,-6.868903463283938,-27.915698384279878
OPP.72:090,-8.636395176081875,-15.337068473982926
OPP.72:092,-20.200663857986214,-11.556985347252613
OPP.72:093,0.48353332095644863,-21.84366097459304
OPP.72:105,8.57777028439487,-14.26580045674044
OPP.72:106,-14.515331861844059,-13.266000294962074
OPP.72:107,3.001108660222066,-30.06258385255181
OPP.72:108,-20.991223298329018,-4.818276023016231
OPP.72:109,0.7669637232786249,-31.24399247335693
OPP.72:110,-3.4074829065076067,-3.3044823971788277
OPP.72:111,4.915359564695325,6.384691838974743
OPP.72:112,-19.678205108418574,17.26049676656476
OPP.72:113,10.830620215479218,-30.545472495749223
OPP.72:114,-23.11104424056498,1.4566269311530713
OPP.72:115,-16.580612255655698,-11.382745132472243
OPP.72:116,-16.03633629261316,1.8481874260803888
OPP.72:117,13.012492957453553,-21.40005612171873
OPP.72:118,-5.113514572021062,-23.127019023391288
OPP.72:119,-10.906165425899266,-26.877896730512852
OPP.72:120,14.148012872756022,-24.4098041446119
OPP.72:121,1.1319383011360717,-34.88902402438348
OPP.72:122,-1.9345336210664053,19.447506310557443
OPP.72:123,-12.135031661486769,-37.387877620536564
OPP.72:124,-14.51845796875336,-13.23135389608497
OPP.72:125,-8.1015182661,-36.81927628420685
OPP.72:126,-2.0802925962160232,-31.25068907950044
OPP.72:191,9.571409881684096,-27.83284832267979
OPP.72:220,6.113777668164819,-11.74903435260094
