dateStart,dim1,dim2,dim3,dim4,dim5,dim6,dim7,dim8,dim9,dim10,dim11,dim12,dim13,dim14,dim15,dim16,dim17,dim18,dim19,dim20,dim21,dim22,dim23,dim24,dim25,dim26,dim27,dim28,dim29,dim30
1900-03-20,-0.9622602686285973,0.36587605997920036,-0.583953910972923,-0.40790641866624355,0.2573054931126535,-0.7694614394567907,-0.4825863973237574,-0.8970800489187241,0.8624037778936327,0.4539131005294621,0.5759505513124168,0.6419162969104946,-0.964602479711175,-0.09959441190585494,-0.23944969521835446,-0.12842038460075855,0.5198689098469913,-0.008477464783936739,-0.7639676183462143,-0.04121181508526206,-0.7724766456522048,0.2789177945815027,0.16949477093294263,0.7787412903271616,0.9095771205611527,0.6199004636146128,-0.9898207914084196,-0.07809127308428288,0.3372532455250621,-0.6728719500824809
1900-06-15,0.024201445960632895,1,0.4105604843527334,-1,1,0.2016466505376978,0.4791984318689716,0.09348680809197041,1,1,1,-0.27061686300918697,-1,0.8531306732905183,0.7149010523722549,-1,1,0.9648818359828947,-1,-0.9888646619832882,-0.7697177662693611,0.250561562009353,0.13206879288986714,0.8177285061095544,0.9029671624567349,0.7157066250745997,-0.9809541011606353,-0.016858268483359994,0.3279367967813979,-0.7037187568848091
1900-06-21,0.9977338877478733,0.012158620267633258,-0.5067742348727623,-0.012167372362518414,0.002080458580939748,-0.7607664630157972,1,1,1,1,1,-1,-1,1,1,-1,0.08398793611992006,0.06710831176827481,-1,-0.02686203627583872,-0.822241638176324,0.21703387908319238,0.2003445000976251,0.8330164078112802,0.9325290714157377,0.7192344971969298,-0.9806816641732383,0.05694142474622795,0.38366699480481126,-0.77088932978908975
1900-09-22,1,-0.9168257553488139,-1,-0.9676831240011479,-0.9313203869237222,0.20708855262322345,0.012665374867305235,0.007469899180409967,1,0.014150393656880311,1,-1,-1,0.08188982642043718,1,-0.058556138488827125,-0.9038841252865341,1,-1,0.9029662201301074,-0.7653492978088189,0.2727769898788001,0.15920525147165032,0.856563928862645,0.9636654865803816,0.7108685359517629,-0.9726749042365892,0.04639202469412433,0.29058380347313534,-0.7925648379642632
1900-10-01,0.10746889296654127,-1,-1,-1,-1,1,0.9624329945662851,-0.9293632377433518,1,-0.9119859510838383,1,-0.015213373751327697,-1,1,0.01753669599362373,-1,-1,1,-1,-0.09650361531513774,-0.7099226900299982,0.29093403992993805,0.1509149137316276,0.7164899153292943,0.9068735581368292,0.7253843154417577,-0.9860749912664629,0.07483417465725603,0.3180639047610846,-0.7912222556290467
1900-10-15,1,-0.04064591896413439,-1,-0.06103472311337366,-0.05513272128601954,0.05015325097907353,-0.03747972933916588,0.05352662347515558,0.015118270744246542,-1,1,0.9764411723044112,-0.10859824317099542,0.03725039087749382,0.9479096174689007,-0.0015443022727064104,-1,0.0016994326116975822,-0.07346744224015622,0.846610986793934,-0.7792121770335962,0.2610540622037871,0.0396575653605442,0.7106694384142539,0.8973681775042907,0.6927488505171834,-0.9867108179411128,0.08120729379996423,0.35768057421938115,-0.7659091103158947
1901-01-01,1,-1,-0.06037434692062271,-1,-1,0.9711702970356793,-0.9669162260650328,0.9884600962247363,-0.9834837401750282,-0.004596221107009302,0.006310753803520863,1,0.8394354567287755,-0.8860670671050394,0.024362644998554117,-0.9981491264193797,-0.05324953193354931,0.9487068940387402,-0.9819707489108989,1,-0.8130339772552471,0.27862116210771803,0.027824914793153993,0.7030654850874088,0.9321901909854734,0.6449471195172178,-0.9726061203404193,-0.08377380185748569,0.3540538983488251,-0.7937431374068493
1901-02-01,0.02531737627271502,-0.016388155663681903,-1,-1,-0.01526489585006685,0.020972882146118144,-1,1,-0.03933503910347791,0.9630172600710751,-0.9861649363445973,1,1,-1,-0.966359740988729,-0.0063592173098069305,0.8962265407199073,-0.015787782592914357,0.013559235150211069,0.04587352064461714,-0.8587339785866065,0.27941520703636485,0.06782655114617889,0.6750428790372992,0.9552287028683879,0.6423054052423447,-1,-0.0884994025441033,0.3297974145832235,-0.761710508186906
1901-03-20,-0.9235069963646477,0.9752967067688566,-1,-1,-0.954642949693391,0.9109721560188585,-0.005454522031100972,1,-0.98011578770062735,1,-0.030059940812088293,1,0.009660237696135887,-1,-0.003963847739770543,-0.8983233698871179,1,-0.9814593381741248,1,-0.9166547606276868,-0.9551649913322047,0.22625612684239277,0.1375001734707586,0.6514006110604772,0.9604741722533625,0.5398182714444446,-0.9761814706398474,-0.1002062840360049,0.38667287888956914,-0.7445719327405635
1901-04-01,-1,0.03352055343997562,-1,-0.039438636922685344,0.01935809822315393,1,-0.9740948750199102,1,-1,0.04575454442169791,0.9178931463271299,0.014912937106241753,-0.8378796628542885,-1,0.9679113814341762,0.028333397808591343,0.16343489414134482,-1,1,-1,-0.9867609910592711,0.15136632661843183,0.1883363642570105,0.6588161670339858,0.9580902467929655,0.6125326971237179,-0.898117611366166,-0.04617043010014654,0.3180416573631128,-0.7257142973905313
1901-04-20,-1,1,-0.10853515649683132,0.8996272961171125,0.9910382001654858,1,0.012867088277848548,1,-1,-0.8793821447388986,1,1,-1,-1,-0.005577901797587992,-0.9290275330303607,1,-0.04791861191171054,0.04561072395471033,-0.024482460021292618,-1,0.20747794729030616,0.18111178203487685,0.6148388636634811,0.9224868838750753,0.5348342626359283,-0.8903607514163426,-0.05272451133679048,0.4158507682548668,-0.7365042303814093
1901-04-25,-1,0.02040363900017006,-1,-0.09587404827331714,1,0.01535478436121085,0.98299673116508135,1,-0.04105057486613972,0.10445987547888835,0.010326053176073713,0.10832752990736227,-1,-0.010211578066012139,-0.9974199981045594,0.02822593037185228,1,-1,0.9894488215730491,-1,-1,0.20347651474254275,0.186625112438153,0.7136313311005962,0.9102750212098139,0.4910445576354066,-0.816458781381452,-0.04352300486879566,0.49484102561540516,-0.7301201075832606
1901-05-01,-0.011277793089788601,0.9849217246919691,-0.1597903376766241,-1,1,-0.9610695498206101,1,1,0.9279736747390956,1,0.9816384482990015,-0.8317966640590001,-1,-0.9787847147433196,-0.03198212001940326,0.9779383654474899,1,-0.008590452481731625,1,-1,-0.9932973365115298,0.21532713531978054,0.15316209386658336,0.6499987490468686,0.9234961728959015,0.4421874667643802,-0.8262560303897348,-0.06932150466798193,0.46930388907167686,-0.7629202171385977
1901-05-20,0.9870516940351012,0.030926982165103256,-1,-0.036790576257527685,0.03320315339705271,0.005805471427597464,1,1,1,1,1,-1,-0.023904868134137947,-0.07915878914677987,0.9385912552392316,0.062267172067189236,1,0.976139130667802,1,-0.01291218030432395,-1,0.28422959551590965,0.15345979568731685,0.6484649809705962,0.8676377720386528,0.43989316308314186,-0.8175156790744176,-0.029477590139289064,0.4800761796119416,-0.7787380541101022
1901-06-01,1,0.9564889406331224,-1,0.9527488726802199,-0.918745631062345,0.9885648834207873,0.03787776792314035,0.011403042341290193,0.009336891995999519,1,1,-1,0.9413466756982113,0.9197748479104934,-0.04250395310820754,-0.8183509069317529,0.010180584146662008,-0.017211804414060783,1,0.9842351893091875,-1,0.17542021875212332,0.15583895119148633,0.6394606174548523,0.8703079625688327,0.3937765601302948,-0.8438647735965054,-0.07140615474747887,0.4640480370653789,-0.8149103236620425
1901-06-21,0.06429010617850361,1,-1,1,0.032733378429422144,1,1,-0.9326977057265148,-0.9814737265908742,0.00870028799057676,0.013641125990377478,-1,-0.03358543114892221,1,0.9242401480537553,0.11309015875163442,-0.9480836714443136,0.9705450354484598,1,1,-1,0.19120730665233146,0.19747132234425796,0.6370824187356651,0.9209029377836473,0.5120644948698838,-0.8764960739745525,-0.08067358342233474,0.43461535439789645,-0.7948411865874133
1901-07-14,1,1,-1,0.056867507693939556,-0.8795725819631022,0.04943775542301754,0.022630590422968,0.018948021795867076,-1,-0.975873713305387,0.9714570507563395,-0.02591245440696377,-1,1,-0.06143425078921816,-0.8604128620227992,-0.03072702686570372,1,0.043338458037412764,1,-0.9105460002542792,0.16832775335902306,0.1681928635939122,0.6823402189826785,0.9930882420821202,0.46953313391990587,-0.7852612637547789,-0.04316748166723558,0.3889553554644477,-0.8018541039733795
1901-09-01,0.015662866899686767,1,-0.06612501097502577,-0.9233165782930861,0.11773419598683477,-0.8645527045574747,-0.9528136629632388,0.9489334732136901,-1,-0.030272629778372973,0.02843020949815045,0.9697758007486623,-0.012373428996326097,1,-1,0.09205777805281512,0.8811664258068431,0.019514993629247468,-0.9437455908850639,0.008601518593826518,-0.808035802673226,0.1582063104709564,0.13539485912179292,0.583354479229735,1,0.48006009408400985,-0.7417011462089108,-0.07613965315841523,0.3738186538408458,-0.7912989525066098
1901-09-22,0.9968236768402311,1,-1,0.06761309392298054,1,0.12578162546964444,0.0018686818463429233,-0.04299253553143623,-1,0.9386142390248544,1,-0.012373773937864208,0.9568077261147314,1,-1,1,-0.015424380943146576,-0.9277637690559144,-1,-0.8684241621961966,-0.8551670306476875,0.19579165472897692,0.11299239624692775,0.639940402338116,1,0.4785801295498616,-0.7739279638744193,-0.005166827610769864,0.33120526845345144,-0.7378729020201051
1901-10-01,1,1,-1,0.9609771469798242,1,-0.8702184576254525,0.9709390329589302,-0.9922975801594405,-0.0057250149344321155,1,1,0.9508575393901822,-0.008931125200762557,0.016953938782388378,-1,1,0.9600250176434357,-1,-1,0.1070542072484415,-0.7440688117095634,0.1526522871567303,0.11713162613776838,0.6347166508086982,0.996522622584451,0.45871677756740215,-0.8174851901555767,0.01723733452599618,0.2877024381951912,-0.7714983973232935
1901-10-31,0.0683737577218837,1,-0.02920252764552922,0.040216414289780955,1,-1,1,-1,-0.980644667974937,1,1,-0.021184081358018192,0.9901821123008614,-0.9788001505110066,-0.00215560947363036,0.0861685960665417,-0.02143936354776188,-1,-0.03451541660689994,-0.8359424100258241,-0.6760067085364122,0.18671186566007886,0.17760182246576794,0.7051762515014071,0.9862667530941882,0.5376059321938116,-0.8140703883440473,-0.007635936532808328,0.32616343108464857,-0.7997248118041465
1901-12-01,-0.9289469772845113,0.03678424825646387,0.9505519704064066,0.9999951343971978,1,-1,0.011419513532775483,-1,-1,0.14859212674258448,0.0018956989051521766,0.9687303172282731,0.025853301618103175,-1,-0.9881852453096094,0.9917547325758711,0.9453563582433786,-0.02456143020624857,-0.9883279118815154,-1,-0.5527306705989621,0.1995009985234876,0.16746423205310773,0.7035984357857662,1,0.5658013771124947,-0.7579432787918466,-0.08430037428226295,0.2977387273967924,-0.8360148098932598
1901-12-21,-1,-0.8787713290205345,-0.010733295640482976,0.002206558957723481,1,-1,0.960625095489418,-0.03920454183274513,-1,1,-0.8484705784484528,1,-0.94074659688589,-1,-0.02968718538162085,1,-0.031641202982361505,0.9143598317047903,0.009794191254711149,-0.02039038614973332,-0.5968595245497004,0.22570694171729763,0.2106221212958018,0.6395286316563513,1,0.6095145267561611,-0.7220423368243346,-0.11632334540126246,0.17712656401472582,-0.8279058801388096
1902-01-01,-1,-1,-0.9576799314294951,0.8890914238320551,0.0367908569046822,-0.011210072594866505,1,0.9587034488127306,-0.026073111966811724,1,0.1066930405997486,1,0.04240841828698427,-1,0.8933143918946486,1,0.9310149406067791,1,0.9795909762496467,-1,-0.5004468455938085,0.2814115426550065,0.25855719422574525,0.6203909310657797,1,0.64311319194194,-0.7512030443719949,-0.09784371036653869,0.14637552591013567,-0.7449320579299579
1902-01-18,-1,-1,-1,-0.10503663997235368,-0.960372675549958,-0.9878218426400562,0.038490425877585666,1,0.9645032542988792,0.023429848258235797,1,0.04565825329744544,0.9820056175854817,-1,1,1,1,1,0.01526094688845292,-0.051226098871967496,-0.4475833851474619,0.25014509034627613,0.3137213650743375,0.6326841198364161,1,0.6837554270467754,-0.7846151761885526,-0.09111921799632319,0.12903595489740416,-0.7597954324292627
1902-03-20,-0.06815691865094253,-0.02387676115783499,-1,-1,-1,4.129035223188193e-5,-0.9604219268593396,0.001836553203621416,1,0.9916785196040081,0.0429581325100995,-0.9289846587989011,1,-1,1,1,1,1,-0.9546459630753572,0.7545900672480937,-0.6576255684872278,0.2546346384175497,0.32942829375348676,0.6456814350873397,1,0.6575284371186094,-0.7551791306802158,-0.08863827291155772,0.19004489238459749,-0.8082885333535674
1902-06-15,0.8879443489267556,0.9080984215367351,-0.004204137689639453,-0.02431886903727465,-1,-0.9900011906523772,-1,-0.983416073337368,0.06755098745851851,-0.006930364928721344,1,-1,1,-1,1,1,0.030523820415578107,1,-7.46628076149225e-4,1,-0.47158814869987276,0.2434972064147298,0.28912646327083036,0.6241092337891566,1,0.6202425561392576,-0.7822009029481295,-0.11921376102053965,0.22410399129917977,-0.7841053800883828
1902-09-22,1,-0.0638127076714613,0.9899970160279801,-0.9803897168270771,-1,-1,-1,-1,-0.8905988663425728,0.966390140554274,0.00587794098424177,-1,0.01370375610247343,-0.04029156674421308,0.037755077832911654,1,-0.9439097038841193,0.0505597509627842,0.927562631961355,1,-0.5800170539431657,0.2886469524429737,0.2978268587950288,0.5470241127350985,0.9226490658072896,0.5596174087530211,-0.7778755457339952,-0.16577337454796473,0.22736501623387656,-0.7170679657764899
1902-10-20,1,-1,1,-0.06219251141542581,-1,-1,-0.01567937511683304,-1,0.052417455791706424,1,-0.989740636347462,-1,0.9200442137610072,-1,-0.9523510750869455,0.03167781018749216,0.011273622134305938,-0.9244849837616432,-0.04735524747437203,1,-0.4234497057320939,0.29669144293684196,0.2503720203964006,0.49762856471410283,0.930836162660353,0.5600440987713095,-0.7341514097045164,-0.2912183965081265,0.27472913850163383,-0.6575951628466624
1902-12-21,1,-1,1,0.9164207684101967,-0.01358717684127897,-1,0.9147037200940243,-1,1,0.061062171212106775,-0.06158963511092863,-0.03388705366823608,-0.0013425977200628436,-1,0.016287358308648803,-0.9433811679072939,0.97878195306562,-1,-1,1,-0.34868161432340217,0.34023432124929676,0.2202404691913395,0.45528884819452675,0.8670044514445893,0.5162199506035413,-0.7587255473621943,-0.2420311406442751,0.21473176475327083,-0.7097653530815682
1902-12-22,1,-0.02192895003275719,0.02945163625862013,-0.02286385285874548,0.9305592897451856,-0.005657993053525212,-0.06502681069116434,-0.030370434891041853,1,-0.8966434923335953,-1,-0.9636585132289401,-0.9643869144742452,-1,0.9945166412756583,-1,1,-0.01757196564317476,-1,0.014995168714351137,-0.534635996095721,0.431624584106532,0.2664641211632317,0.4134616703210076,0.7917660153311751,0.45977440527773433,-0.7066876727889619,-0.19678997319766808,0.20278182481048007,-0.6620504235235397
1903-01-01,0.022352701395889185,0.9393858395819475,-0.8812577079048518,-0.9947493768782574,-0.011860629636060716,0.9202110921803339,0.9311179934747104,0.9452456709382837,1,-1,-0.0673895827759442,0.010603027803900211,0.01930778311479131,-1,0.02609800249506311,-0.005183905963334734,1,0.9510180850149528,-1,-0.9181200057895818,-0.7252426988545224,0.3657427462562842,0.35150712843315174,0.38712968894283023,0.7808173053053545,0.469397406174161,-0.7046959370154011,-0.16770628285915803,0.30448138352553417,-0.5981838941026699
1903-01-20,1,1,0.09171269961109108,-1,0.9803565217241685,1,-0.04055939155519939,0.01897711917511935,1,-0.013667427309564384,0.9268790446177329,-0.9244418681416783,0.9651656720391373,-0.08323801784038465,-0.9707491778683532,0.9903825725227275,1,1,-0.022093862000481024,0.07126820777375042,-0.4947520858157634,0.5139682867757085,0.4387810814695222,0.522123587446488,0.7735092067715917,0.45123197563954526,-0.6561589971651022,-0.14894307765180131,0.2596171343975295,-0.5578276628063651
1903-03-01,0.012499002843228801,0.06618043951037855,-0.8803208310470877,-0.01322530402811739,1,0.07236280281565899,0.8960253955116598,-0.9490291694209532,1,0.9626821973907498,-0.040537772717167186,-0.006543867909926893,1,0.8343406380191218,-1,0.046758975473927045,0.09046030675575734,1,-1,1,-0.6642454395539207,0.4601178709801426,0.4452397528055324,0.5291916530919824,0.7091619593785309,0.4643647947163493,-0.6574400932863781,-0.12059143463689787,0.3085226884882398,-0.5659387019608001
1903-03-20,1,1,0.10122978161384699,0.9579288949076921,1,1,1,-1,1,-2.404070005179726e-6,0.9105339313715998,0.9309325817255786,0.09100688204905305,-0.10863343038853579,-0.014160461422433768,1,1,1,-0.07035953946036189,0.07256568063390378,-0.49161256326000347,0.483441653822857,0.3375266283760598,0.4903592858892953,0.6275963796186286,0.5183798242502528,-0.6474991721269286,-0.06871532517981122,0.2714787809332825,-0.6590154897696784
1903-04-01,0.10281791199222534,1,1,-0.015539145461988313,0.0014804138909350062,1,1,-1,1,0.9853987490626152,-0.08931808145194708,1,1,-1,0.9646203214792592,0.009096641699766761,1,0.03142347869995987,0.9225625048948063,1,-0.21416500629329172,0.46690753191256334,0.32813730415707815,0.5054507549413829,0.6773730364952146,0.47110782683751073,-0.6431472892441907,-0.18140901075279353,0.2909723354412852,-0.6692534141967867
1903-05-01,1,0.003796125760727964,1,-0.9825702727731251,0.9944980127941775,1,1,-0.1016772160281999,1,1,0.8906881163954169,0.023364959250046557,1,-0.06985421624841481,0.08085987023033914,-0.9313461853988435,0.04158686013267332,1,1,1,-0.5009723972073197,0.4851802156303273,0.46903186274806186,0.5649995821342221,0.6330078723249349,0.4658775139404224,-0.7287779130862285,-0.2032058870911167,0.218601227324251,-0.6648636269921463
1903-06-01,0.03524093053084254,0.8983264057787654,1,0.005568905040199801,0.03125753591734348,1,1,-1,0.0071093072233111565,1,-0.09604606920157155,-0.9524563101268743,0.023579517981509923,0.86394776097347,1,0.02182835235456093,-0.949699916261771,0.0213818355270603,1,0.04477068557272279,-0.13402639291964147,0.45651212421600523,0.4971141735896291,0.6272402014747728,0.6960514345694213,0.4913254544809972,-0.7393800236793512,-0.13929605781437465,0.2527854379916861,-0.7881922430428447
1903-06-15,0.9712282806367344,-0.09490335514017478,1,0.9958519671570187,-0.8947937946311924,1,0.04152091272433245,-1,-0.9262617916238439,0.04645135785652843,-1,0.02840845160810146,-0.9692392917024456,-0.08736488828626676,0.03251175779102855,-0.9692291165861964,-1,-0.9323993945819763,0.0012729033249606614,1,-0.4724172725997785,0.5316664951544138,0.4626918453356603,0.657008213525575,0.7054347918883994,0.4479923474197062,-0.6497738684694229,-0.13879421096752576,0.2869596770529931,-0.716822115666559
1903-06-21,1,0.8761218154957654,0.014122992720315364,0.04162474203284594,-1,1,1,-0.006130644567190258,0.025270934714271776,-0.9368507238752857,-0.035813290860591374,0.9940077256481481,0.009407412783138835,0.8401349863670425,-0.9464530958607874,0.015146583503911626,-1,0.008244080775140383,0.9664893921003771,0.048998812962300686,-0.15273541388658624,0.525446843748476,0.40863788837309944,0.6738656287731397,0.71726121292136,0.5269736965647145,-0.5666243606880086,-0.21487014427182838,0.2636896329600932,-0.6906836268920251
1903-07-15,1,1,0.988732606441818,-0.944977382903386,-1,0.008550414797651618,0.16356648787175787,-0.9419995012928215,1,-1,-1,1,1,1,-1,-0.8989034139421888,-1,1,1,-0.9203996055905957,0.10910050057824355,0.5069127856708998,0.4220205938665757,0.6880576547919949,0.6426264378272962,0.5932200210169949,-0.6018395957843028,-0.22397019932435516,0.2115302278842494,-0.7815777280428795
1903-09-22,1,0.08131949726915055,0.01918392769208599,-1,-0.051272628221505245,-0.9005827087618128,1,-1,1,-1,-0.0028210652753851706,1,0.023598354717308867,0.0011863247003778277,-1,0.049805592356501616,-0.011689964953660148,1,1,-1,-0.21259845489006085,0.49950212864130644,0.38541760476898573,0.672689385312072,0.7014123378821064,0.5759529191215516,-0.6485001425436352,-0.22586912451073468,0.20356233817571034,-0.7983314410513219
1903-10-01,1,-0.9048121058959547,0.9618219969446928,-1,0.9036999847202976,0.0450328815017077,0.035221118366738136,-0.02165015511080126,1,-0.061590466411831746,0.9676911227664687,1,-0.9499350451495742,-0.9441756071969036,-0.04486496439011012,1,0.9481191545615957,0.039744452786663165,1,-0.049376981893810123,0.1658972033464745,0.5379240834735525,0.3511286804192474,0.6535611932954206,0.6424809904090103,0.6340091105162359,-0.6869759619747714,-0.24366690710719607,0.21761792985418824,-0.7692026953046719
1903-11-01,1,0.05374270293614736,1,-0.10728935104620507,1,1,-0.9522151355733881,-1,1,-0.9774480029223062,1,1,-1,0.044862989213120374,-1,0.10979035543100257,1,1,1,0.918680123289993,0.6449573431502269,0.6036764334662528,0.34284755309090137,0.6782163633613236,0.6732959489152008,0.6642671778831402,-0.6763721573097891,-0.21340067062428092,0.2015051618459404,-0.781096719651294
1903-12-21,0.02029810645222485,-0.9383032213817387,1,-1,1,1,-1,-0.022890672214399665,1,0.01789526726212831,0.07240443060502633,1,-0.014388415680166577,-0.9164519088162164,-0.033506715409676646,-0.7807178607864531,1,1,0.012287617993148259,-0.06744095613993994,1,0.6178665308585369,0.2632459528187217,0.7158397603752448,0.6380143662174166,0.6696004247565807,-0.6975734408375797,-0.21859499601689417,0.2575211696227148,-0.7189920279749232
1904-01-01,0.9929217684503271,0.04673640905150345,0.05213273615953462,-0.057489618905708695,1,0.03944160512736827,-0.03317412024867272,0.9191905559173068,1,1,-0.9201454907772059,0.021581646814926803,-0.939734778979352,0.05003701820771245,-0.9790284821467325,-1,0.058000620537134395,0.0025912655558292252,-0.949612082626068,-1,0.5530343776809823,0.5864728617060356,0.2709229093642869,0.8260233657017911,0.5932185085976035,0.6202452052336138,-0.7125171418129087,-0.2765586163230401,0.1970337716982796,-0.8202960391816223
1904-03-01,1,1,1,-1,0.08818976145278923,-0.9531557379666402,0.9621286873921909,-0.0469448565462961,0.0373146137485828,0.04861625668807312,-1,0.9087314805832043,-1,1,-0.04951036884980953,-1,1,-0.9520285424563566,0.009921763018653551,-1,1,0.5470175415350879,0.2831791414708248,0.9338536783026405,0.6170955509226397,0.6576166376477965,-0.7768267863896616,-0.305761251135904,0.21569075427836287,-0.8259777334970652
1904-03-15,0.001224741064046797,0.005225300706977576,0.00502729457648432,-0.07356039809013415,-0.8732119449844362,-1,0.016898803539333263,0.9417311426061724,-0.9225168406758782,-0.8989620967466477,-1,-0.08502946771949815,-1,1,-1,-0.0176130640226837,0.012826239896305713,-0.015474541257872731,0.9457134432568292,-0.0029872538717994335,0.5194313013257208,0.48953256529486616,0.2935749824577291,0.9084948160531195,0.6342315261159257,0.6093385921260597,-0.8244184970447584,-0.23516753382784653,0.22457476768766688,-0.8375932486693135
1904-03-20,0.9792131469850083,0.9852420118371285,-0.9824653761723579,0.8788861321027152,-1,-1,0.9512060952712869,1,0.053982744074963396,-1,-1,-1,-0.0703331095038694,1,-0.11720565320682841,-1,0.9256183425301437,-0.9315983690288109,0.016180589019268887,0.974346732347521,-0.028510139398225443,0.5516448411951246,0.18885232921784184,0.8423704630804159,0.6994734772978731,0.5255026323766262,-0.7708521434240954,-0.25382757721088783,0.15444880998043395,-0.7169951955053205
1904-04-15,0.04023982846411167,1,0.003618189523439841,1,-1,-0.021034514507244362,0.007644511262193676,1,1,-0.007670295432900542,-1,-0.020110186245207662,0.8614372366744767,0.02066063639151494,0.7707517879832984,-1,1,0.011746359995054467,1,0.003527886401955893,-0.5433655931359457,0.5989286173601234,0.14305462878784825,0.78482555848593,0.8418876745355793,0.6255913062621844,-0.7047910064482731,-0.2398090302767752,0.12026891222163355,-0.7303257159501969
1904-06-15,0.9820731173660464,0.030636428859494136,1,0.001397412222558403,-1,0.9400145607457432,0.9604708129958843,0.08918128994361474,1,-0.9666082291072255,-1,0.9125141312475443,1,-0.9363578065535709,-0.16802677890648843,-1,6.815738085034218e-4,-0.9769422788133101,1,0.976383914955742,0.08380369422524059,0.4989437268415292,0.16222325919177816,0.6991093401880819,0.8952144501138503,0.6454783753279865,-0.7958030425931967,-0.27812599729180604,0.19128324041631473,-0.7537102815702605
1904-09-01,0.041805619340350764,0.9994577015601988,0.0729123679630751,-0.9232412489311069,-0.033456980228217637,0.0292442847413118,-0.02376940366316216,-0.87532527558389694,0.0024232931593428653,0.02054232459910943,-1,-0.056708257851484034,0.007550605168816227,-0.0015537121324568082,-1,-0.051598489830712246,-0.9512519467276161,-0.008032748861231842,0.016599132873561406,1,0.7257672028313281,0.3922383718155653,0.06797433426529059,0.7534003496930135,0.8999654553196058,0.5655875702640598,-0.7287331684940682,-0.36677579992354825,0.2649330375443955,-0.7323174203740571
1904-11-01,-0.9193732447334143,0.049624872725460234,0.9956839454726251,-1,0.9544267316034517,0.9766391530531758,-0.985819606076628,0.11870759676744536,0.9869202163957398,0.9713033262943176,-1,0.8945262376207612,-0.943688715259369,-0.9557030532157667,-1,0.8955139926453454,-1,0.9748868668244101,-0.9779948555316031,0.00517005194408815,0.09244521756029211,0.4556675598259194,0.07768840686186158,0.7651740590588499,0.8454441479958322,0.5102523340887379,-0.7960605492266637,-0.3176853379757107,0.2804991188807692,-0.7813168614015675
1904-12-01,-0.010980663049682149,1,1,-1,1,0.04508109722722875,-0.07109340770724737,1,1,1,-0.010030413362021595,1,0.01416087516188369,-1,-0.07792123033805443,1,-0.04043642719783369,0.05225336056400398,0.005968098410255029,-0.9555259122721403,-0.5562059707480715,0.5444686697679777,0.16337961559246633,0.7514608045508506,0.8826273478681135,0.5334958219005195,-0.7753395246526535,-0.4109697520679616,0.34516709584748945,-0.8253953828042794
1904-12-21,0.9792373300744724,1,1,-1,0.046769645303337826,-0.8804367186173888,-0.9638722825645492,0.03977558443308249,0.06643447492597998,0.022288369598638447,0.8761175909217681,1,0.9878922026468936,-1,-1,1,0.9399538722074351,1,-0.9548016371850341,0.033832595910078034,-1,0.5676507716217417,0.08677173220131512,0.6329818198175967,0.8641311670902955,0.5609503695836603,-0.7985051946003889,-0.33248727143667034,0.3729015939246066,-0.8064142916117143
1905-01-01,-0.0040258443620987405,1,0.02541991909191854,-0.00881589504310154,-0.9321914081863042,0.11834067747934196,-0.05953960759606369,-0.9311713306169771,-0.9235182961971637,-0.9739731139360446,1,1,1,-1,-1,1,-0.026128436592921855,0.08593664675887347,-1,-0.942958192281233,-0.3136281038882318,0.529023018651192,0.0508166907170801,0.63228253476387275,0.8850469225576505,0.5353552190972175,-0.7129080496506168,-0.31129082703839767,0.4413360427259871,-0.8423361892755518
1905-02-25,-0.9588928387776248,1,-0.9576634251985133,0.9545108384085746,-0.0076056265752635355,-0.8595935744976674,-1,-0.014669431447476788,-1,-0.06087024426593457,0.022415693194040465,0.003102090710910166,0.057946807497305186,-0.04597208838991107,-0.09776060115897212,1,0.9085427377791593,1,-1,-1,-1,0.44677988688647463,-0.013874176762582874,0.662931612631023,0.7439333722614122,0.5713705129148958,-0.7158238770766245,-0.34243750065492573,0.42633188858332605,-0.8708573406312566
1905-03-20,0.013586733323230127,1,-1,1,-0.9343383259062397,0.13102507709336697,-0.030200669580832673,0.975823130062374,-1,0.9365125052240051,0.9785285524747035,0.9326442415715719,-0.9294405838022728,0.9341951304562265,-1,0.01437413801386922,1,0.07083994949620809,-0.03350787389502419,-1,-0.22735469085271942,0.515064936416028,-0.10785747091113379,0.6480607110745438,0.7012932461418593,0.619183579355419,-0.7189122187202311,-0.38734541728035465,0.36008019361308097,-0.873126002721366
1905-06-15,0.922688803129398,1,-1,1,-0.02104446903094248,1,0.928177562961966,1,-0.05332349372170597,-0.02769107170226892,0.0048147977946360054,1,-0.026758051467785537,1,-0.044170190920773345,-0.930163148219346,1,0.9547094495474537,0.9202087145115365,-1,0.49237398441251146,0.4947547807010587,-0.11105132318792992,0.6409552820897602,0.6649913746342255,0.6112250963724387,-0.6362292398803572,-0.3705203331240893,0.35130408771101523,-0.8623539333559476
1905-06-21,1,0.005872954213679837,-0.06779776361429546,0.02444030495772309,-0.9249469989726188,0.026764615095485222,1,1,0.9342212389014759,0.954115358235453,0.9629313628599985,1,-0.9712934431850196,1,0.9212099165361396,0.04161915577486497,1,-0.02305697553321251,1,-1,-0.27728177274920285,0.4580272548429194,-0.12360831746883422,0.7009813254544821,0.6646284354603178,0.6040773794187806,-0.6795268371934312,-0.3533366831140931,0.3734307042235,-0.9460532085854758
1905-09-22,0.03875369921192007,0.975790808697105,-1,1,0.05560998505487191,1,0.008905124149455435,1,-0.01477559493337588,1,0.04210772222369896,1,-0.012762701035335389,1,1,-0.8724588076271157,0.038793993589296805,0.9372265806676323,0.04628177543937684,-1,0.48102236958029965,0.4410391910581299,-0.1428226435734161,0.7533199607201085,0.6696323458058536,0.6403138741485338,-0.6842587266545375,-0.4072738533852598,0.3427468189637806,-0.9381808722378738
1905-12-01,0.9798329025966309,0.01292640729335981,-0.009521696805299684,0.006076650882939072,-0.8809452046486044,1,0.9787148272398832,1,-0.9809087529650343,0.01342374430734028,0.9882539336568729,0.07066128485343137,-0.9854535478222526,1,1,-1,1,1,-0.9095932486359456,-1,1,0.3598655375435893,-0.13758039663139476,0.6961632921987563,0.6852629047369793,0.5775754181148273,-0.7022115405696938,-0.3723944466473433,0.3504819040798834,-1
1906-01-01,1,1,-0.9701016108056393,-0.9857999350970841,0.11183563799961571,1,1,0.01846897643515677,-0.00618752764351338,-0.9700535164027985,0.026528101273962656,-0.8997635728678114,-0.0019875248361402864,1,0.02405433740169427,-1,0.032236576558491326,1,0.03341063796503174,-1,1,0.4700407223722545,-0.22741245715851421,0.6958272885673114,0.6920664892380992,0.5194109708410513,-0.7216383418279655,-0.35470211595041795,0.3153655229051232,-0.9034727207578919
1906-02-25,0.021669234370983337,1,0.012537095558319167,0.013392788579861592,-0.798407072792862,1,0.018055293693972296,-0.9719800271433234,0.9427123737176148,-1,0.9225581511276681,-1,-0.9723348914427341,0.04054456373759163,-0.9687670236687509,-1,0.9800518534555007,0.0449398810574021,0.9683581554589142,-0.05401532032507117,1,0.5021628427211723,-0.20994819223450426,0.6562541965676668,0.6488213504106957,0.6160615444467062,-0.7041135724530245,-0.3463910944001067,0.36237045793190154,-0.8287244648593711
1906-03-01,1,0.04840307324439641,1,-0.8747039578368582,-1,1,0.9461830747236003,-1,-0.016447934020326738,-0.0046755910736748785,-0.03983605346338459,-0.10294797787772825,-0.03342004158799938,-0.9160050986340409,-0.025465398474897483,-0.061633694629045555,1,-0.8944532295104647,1,-1,0.11403968194656189,0.527045114700648,-0.2149173779682619,0.6314484847359485,0.556608840788689,0.5380164048459071,-0.7748281221120535,-0.392815577683516,0.33863339088518696,-0.8687471196700637
1906-03-20,0.06796527778563732,0.9289448142541932,1,0.10197363355635991,-1,0.047712791092982654,-0.03233682624553358,-0.06549838612097081,-0.9318210905069427,-0.9720811466515681,-0.979157972164633,0.8934351820915025,0.9418035115276843,-1,-0.9311352771598231,-1,1,0.09362048775349907,0.08254869036664247,-0.0019230266799877827,1,0.4503666420932504,-0.14633309135471106,0.6916001633420075,0.48658370316838306,0.4694134303906544,-0.8452375194187185,-0.36253208652292157,0.3549612708099681,-0.8904184337340783
1906-05-25,-0.9302126535615789,1,0.02962685046007374,1,-0.0074427847301694605,1,-0.9922738750351143,0.8961229381503936,0.0547728536687192,-1,-0.036178861744038504,1,-0.02765357742461061,-0.0628632813854928,0.050890142578462916,-0.013454636800110942,1,-0.8819278051266632,1,0.9569266277703733,1,0.4624302906622835,-0.16977956398049995,0.7983016280667773,0.4820908155936698,0.4244333725821723,-0.8288108006088186,-0.26448341708271583,0.4651901093895803,-0.9335481418089718
1906-06-15,-0.014074513205226347,0.07936178431432905,1,1,0.9602756344435498,1,-0.059349415873534817,1,1,-1,0.8736599738705355,1,0.9152760883266134,0.8932740050394871,-0.9314451996645636,0.9739305318923389,1,0.06974758288872562,0.042657395687800914,-8.832426030264129e-4,0.07657593362396509,0.41687128526384476,-0.13923991942668865,0.7665733709988991,0.557535190168121,0.45230234425699545,-0.8050393297644535,-0.2850551071114483,0.46134889575153903,-0.945559639015294
1906-06-21,-0.9546704741885451,-0.8887112892600796,1,1,-0.030141175730477143,0.030124265066979183,-1,1,1,-0.03124239017117547,-0.10569139503785485,1,-0.019858258257691386,1,-1,1,0.04634149319182512,-0.886000721286841,1,-0.9872297630449441,0.906415933876253,0.27431136026720665,-0.11828152036492143,0.7466017995136405,0.6611389923681943,0.43939329047854336,-0.7882762669577775,-0.30580387899638106,0.5636141531654552,-0.9146574943798607
1906-06-22,-1,-1,0.04993987653549825,1,-0.9715898216364828,-0.879891537097144,-1,1,0.04288195945009021,-1,0.846584161097092,1,0.9605460278841299,0.042581743148476736,-1,1,1,0.057913005198221845,0.02987020648147587,0.0011175574981542313,-0.015725290004339754,0.36522971446950675,-0.114973841930014,0.7999999135945836,0.6427738188911902,0.4346012448369229,-0.8004947284029588,-0.3124811802766822,0.5906296857425863,-0.9565260264486013
1906-07-15,-1,-1,0.9934536557980627,0.028468590351782952,-1,0.05941036523827825,-1,1,-0.9296220553214846,-0.03911609497811419,1,1,0.07712450189408127,-0.9180278996501068,-0.03810813906508337,0.01493768207226387,0.053011199243923945,1,-0.917581425257382,-0.956032385541039,-1,0.42027040164901447,-0.17538046186803993,0.8057931777021768,0.7002774426571641,0.5285528499765936,-0.7687814605227348,-0.28823480392305734,0.5523044832073554,-0.9720027983492473
1906-08-20,-1,-0.042139180570169965,-0.0020386473126889904,0.9949010066806961,-1,0.9904352512677616,-1,0.03940639821825087,-0.01717115249998069,-1,0.016502191099466157,1,-0.8515753443595601,-1,0.9268833043686853,-0.9563042453149986,1,0.0623472919715472,0.05511752010203408,0.031221527083386658,-0.10920953203462436,0.5603541458721041,-0.20275376543214688,0.8801487685121132,0.67800825867211445,0.5319890255708595,-0.6924593243122545,-0.34756244049371166,0.5345306996348944,-0.9091806000092049
1906-09-22,-0.022711367515004577,0.9323664927035046,-0.9969071665827887,1,-0.10055674217349297,1,-1,0.9919821019639056,-0.9268229926496935,-1,-0.961999710723908,0.06937970239902813,0.10160499782709465,-1,-0.05066576529135558,0.015269919834068446,0.006280641811628351,-0.9247182769920766,-0.9304607890329254,-0.8848393652311249,-1,0.6346104471247053,-0.16989871382503474,0.8228376189915112,0.646136565116997,0.46304039630215876,-0.6628562881437094,-0.2984490598836076,0.41537083682033116,-0.8845358181179128
1906-10-31,0.9667142249054975,1,-1,1,0.8306021867535498,0.08562922717493737,-0.016742394498830193,1,-1,-0.12148388521770681,-1,-0.9107641077688371,-0.8566783136831774,-0.005783042039904096,-0.9624603900725283,-0.9246444687800623,0.9551443956838428,-1,-1,-1,-1,0.8048803561806541,-0.14442192155090464,0.8511055937362916,0.5876001191744185,0.48380170102941183,-0.6442555774608475,-0.28959691173506547,0.4161298808385524,-0.8559189360824869
1906-11-01,-0.0028297403103533236,1,-0.02029651631983942,0.07734210569954669,-0.1339631788709672,-0.9052960812952509,0.9325475162154221,0.059435038355366676,-1,-1,-0.15421186008288623,0.053928407608022866,0.09323203314133677,0.9557579613993047,-1,-0.036232821244147395,0.017784889154606853,-1,-1,-0.01352035493610737,-1,0.9607800691704018,-0.1392225138365991,0.8726570446337071,0.5306524638043585,0.5513354881372781,-0.6487259011410174,-0.1965957737287364,0.4746213804897153,-0.8453011217117068
1906-12-21,-0.9252410160336441,1,-1,-0.8370701587022719,0.7397070719615155,0.0038501528226224657,1,1,-0.059526205202691584,-0.047148902412014415,0.8175647029129772,-0.9390992509960957,1,-0.016327316865225705,-1,-1,0.9414745270380138,-1,-0.06330224093572123,-0.9693721139831855,-1,0.8425118669000311,-0.10573684204639426,0.7817484031226208,0.5545382904147972,0.6253646383643181,-0.7047942674078669,-0.17030689243196676,0.48923150667434206,-0.966283186829905
1907-01-01,-1,1,-0.054292031295806176,0.16026650688363642,-0.24807236988365255,0.9076793638316951,1,1,0.9250364225365495,0.9395754805220193,-0.15697197710851685,0.008543888829758095,1,-0.9836491935015922,-1,-0.0031919040566902313,-0.05840086800675004,-1,0.9281297868775046,-1,-1,1,-0.14868697614007925,0.7488451329667628,0.5238844291988441,0.6101622399376974,-0.7083001214097723,-0.24816464573550936,0.47173708072596754,-0.9690964956822028
1907-03-01,-1.4919447340555614e-5,0.013724663060669995,0.9241509385607405,-0.7965601717705044,0.6762691641072988,-0.08670796314372076,1,1,-0.06727913980607791,-0.04615660984166792,0.7386302056744134,-0.9564958928209747,0.006382709640765705,-1,-1,-0.9636588137002513,-1,-0.0441615608917485,1,-0.005110866904281863,-0.133822515649048,1,-0.21358350866387102,0.7086889099196012,0.5504945945286713,0.6007179179542793,-0.6762872220967336,-0.23750148589883094,0.4142953427290784,-0.9419987420513969
1907-03-20,-0.949238351368847,1,1,0.1889419655595509,1,-1,1,1,0.9117680120627496,-1,1,0.011374636119615533,-0.968653993250141,-1,-0.019057767851303753,-1,-1,-1,1,-0.9084405749091726,-0.9873548301552905,0.7881646493905663,-0.24616336866686978,0.6790176078643537,0.5919035378325865,0.5589539382374521,-0.7079254609350444,-0.2577995217796431,0.45213943837916676,-0.9495708804204621
1907-04-01,-0.0011187682625386497,0.03553686405754497,1,-0.7632123177721953,0.05899507319151498,-0.07732862013057862,1,0.018441053692153986,-0.06226608696898184,-0.02325823971412122,0.012984705904166893,-0.9540501338979462,-0.043465791887946525,-0.10925313827272054,-0.994751357988104,-0.015041640612989182,-0.06877766771970795,-1,1,-1,-1,0.7386604740801361,-0.28272964567114334,0.6644258910807976,0.5400020511226918,0.5535337946914646,-0.6543402043575457,-0.24512824115074772,0.3945546042625323,-0.9283158595446097
1907-05-01,0.9843753683441258,-0.8843496283354376,0.031546098390566324,0.21322601437928068,-0.8893702999397949,-1,1,-0.9512730633167418,-0.932345383217728,-0.9321199416800179,-0.9361199663794116,-1,0.9075888246723982,0.8874166702170528,-1,0.9527371232051217,-1,-1,1,-1,-1,0.5352646511711172,-0.23561070311828405,0.668056811424262,0.5154307823383794,0.6096616911422688,-0.6533759513885606,-0.19554147971746055,0.23033825239393127,-1
1907-06-01,1,-1,1,1,0.10516233157107002,-1,1,-1,-0.012733431352594082,0.012500085351384582,-0.016610346779538765,-9.498234123900273e-4,-0.06520341025540066,1,-0.04685051604094148,1,-1,-1,1,-0.025687618835866788,-1,0.7357771797017483,-0.25536384661609757,0.7459073379047031,0.600787182285954,0.57723742202586,-0.669750175974802,-0.23646034161629356,0.23399001000144498,-1
1907-06-21,1,-0.075310281869989,0.03981810118243545,0.04361541977994132,1,-0.004691889968948648,1,-1,0.9301759166655152,-0.917914701653089,-0.9746399304606037,0.9359662617151474,0.9209886177479123,0.06558084422346999,-1,0.030493999385668435,-1,-1,1,-1,-0.034873990504372454,0.9803368700013266,-0.28184810481210976,0.7630127853231095,0.5613336869382926,0.5901055320834017,-0.7038979629943374,-0.2775934550910961,0.1919633686357023,-0.9347611702717109
1907-07-01,1,-1,1,0.9677017409106506,0.012486994471914037,0.97414300081766,0.004339630466601019,-0.028128366093518764,-0.051885755398029865,-1,-0.01559439489409331,1,1,-0.8785321996962996,-0.0047348638970207135,-0.9680870599358277,-1,-1,1,-0.028724950907815794,-1,0.6700039120976505,-0.21171843280366798,0.8249555595505919,0.5949639798362587,0.5990915845061406,-0.6794451695422342,-0.2719052206554978,0.2075622272832773,-0.9181665740676312
1907-08-01,1,-0.03840155276160295,1,1,0.9690102499781215,1,0.9655993879329752,0.8922837320568832,0.8765523508195183,-1,0.9410758274793456,1,0.018536741412897406,0.09297466862211234,-0.9891137879554552,-0.059322781209036,-0.0723402767170116,-0.06742705208478961,1,0.9651132020720997,-1,0.3274247816767342,-0.24287372001789248,0.8370843885910586,0.5924569359982872,0.6037580772091329,-0.6544687197315341,-0.2140449455028416,0.16485800242882537,-0.8749957282759049
1907-09-22,0.045119243185805846,-0.9733332541612891,0.1063006132168296,1,1,1,1,-0.06518134857642244,1,-0.015813155852939742,1,0.12106057183284213,0.934563991607587,1,-1,0.8603344512272538,-0.9557559138351542,0.8845044923615722,1,1,-0.05573458813943577,0.7019450003076826,-0.24267937420630906,0.9134106797634297,0.6201362517746061,0.6843195187108715,-0.6362138061323868,-0.0941118346915752,0.247715062725066,-0.9208170219631875
1907-12-21,0.9885998788394554,-1,1,1,1,0.014866605900367591,1,-0.9884935743793745,1,-1,1,-0.8246776323463152,0.012877254219234802,1,-1,1,-1,1,1,1,-1,1,-0.2017456747087992,0.9335164754528494,0.6227651861262007,0.6561399303948955,-0.6287091838551696,-0.14090467870452067,0.22880253997975214,-0.8580283727426299
1908-01-01,1,-1,1,0.0034334854303851303,0.06823055012982371,0.9829918697904586,1,-0.0537704955899333,1,-1,1,-1,0.9711934198364542,1,-1,1,-1,1,0.054664010629483784,1,-1,1,-0.24644104441380305,0.9091374684196779,0.6413498984969415,0.6374796332055154,-0.7273566530110269,-0.1668208435270368,0.20234298936670672,-0.8953856832878558
1908-03-20,0.0644744966093389,-0.01807481783795295,0.03009829441730205,-0.946294609989188,1,1,0.007872278044423031,-0.9835189755502498,1,-0.022157745007624796,1,-0.005790672470533886,4.654129136520968e-4,1,-1,0.01695240447045876,-1,1,1,0.06674032602966218,-1,0.5987441535209618,-0.35073185130769624,0.9565095664375061,0.6960972221210991,0.6589651013553024,-0.7423326620747861,-0.1828712478471084,0.22114458977244653,-0.8960402380981944
1908-05-01,-0.9348425901910093,-0.9792791202235084,-0.9024523170928145,-1,1,1,-0.945646357571049,-1,1,0.9239155360235385,0.029155026458820732,-0.9836107226827547,-0.9920334179079553,0.014551400486248034,-0.015867222486920296,-0.9787037309596545,-0.04715331377823617,8.322787433906464e-4,1,-0.8855377192909804,-0.010058956556718623,0.1363895666209437,-0.2744029067661467,1,0.6822526662554832,0.6967079869906141,-0.6796890094012109,-0.172588137320386,0.27379934918333626,-1
1908-06-01,-1,-1,-1,-1,1,0.02194232649018646,-0.004222313742094808,-0.004360007872290739,0.035480056219225564,1,0.9355620540364773,-1,-1,1,-0.9958099197712158,0.01323526292907995,-0.9974985661493649,0.978447197757957,0.009907680034676791,0.08472925180291702,0.8998290988502684,-0.33745473847707697,-0.32940384206065826,1,0.7048628334265619,0.7496837801395225,-0.6441158323973132,-0.21314808919952113,0.2422229781604702,-0.9162566493829595
1908-06-21,-1,-0.004252818604032593,-0.019436045521053824,-0.11483432689389284,1,1,-1,0.9581097360888357,-0.9336679902510187,3.9798884805986035e-4,0.03034188071140842,-0.08358307201273152,-1,1,-0.042012449182486256,-0.9730014937753642,-1,0.004294674431401857,0.9613550925223437,-0.9115004291062363,1,0.12995334268659559,-0.3569790019171146,0.9821039628065211,0.723186846532257,0.7105172216095584,-0.7034475214955517,-0.13301801966118976,0.2274748299576162,-0.9100381426300479
1908-08-01,-0.021040293308346114,-1,-0.9905795379543434,-1,1,1,-0.06078398962190379,-0.031057579366615684,-1,0.9324083907742156,1,0.8992847559124503,-0.00597673005527144,1,-1,-0.02571529764569458,-1,-0.9842099401526799,-0.03690546268881789,0.050680342899308894,0.05357068069726356,-0.2920371942530549,-0.43507190130764084,1,0.8061177534208458,0.7428941827469606,-0.6582471707329572,-0.20432975763018885,0.3074508902367011,-0.9574033269745408
1908-09-21,-0.9266961374825509,-1,-1,-1,0.005960510567141752,0.03020427648615953,0.8932664513232391,-0.9459170650629709,-0.03403346017507991,1,1,1,0.920527210158257,1,-1,0.9592174782603152,-0.010292172031842517,-0.0422919493439593,0.8259673933608134,-0.9117116358450935,1,0.1641103808584422,-0.37934413134606015,1,0.8011849778425303,0.7483755214697375,-0.7124044596026312,-0.1845141939729198,0.30538122189355965,-0.8713255507246612
1908-09-22,-1,-0.0658014509531647,-0.1035855922274298,-0.044676022675762095,1,0.9706545509922803,-0.09584028660044996,-1,0.9414375435773206,1,0.03287642007474467,0.041526957636519146,-0.0751101045828737,1,-0.01949488114507225,0.022870648751931344,0.8578329954479645,0.9309145492238918,1,-1,1,-0.4618323858193195,-0.3475960885776106,0.9789860143046988,0.8299837506218992,0.6928249353343391,-0.74091750305722,-0.18405030562239097,0.2850871917612036,-0.8504219565374085
1908-12-21,-1,0.9197345780925302,-1,-1,0.08772052397394081,1,-1,-1,-0.04968287920093928,1,0.9773871221251409,1,-1,1,-0.9158229256104277,0.9708257677291035,-0.07748898344753785,1,0.047806017535092726,-1,0.12024880881245825,-1,-0.3787184995032189,0.9995072308328765,0.7434094030203412,0.6997994006644972,-0.6602987952443279,-0.1287464929084744,0.35772153305216026,-0.758167802518997
1909-01-01,-1,-0.06539321263059983,-1,-0.07904802538966815,-0.8425109444786408,0.054441320188227005,-1,-0.009173149825032034,0.8346700316151862,1,1,1,-0.004285113502571769,0.03672634671925723,-1,0.04440462760940089,0.8644165330954912,1,0.9456035814685723,-0.10809492374298102,1,-0.4374449599593603,-0.3873309383572908,1,0.7782545266361013,0.669552006246964,-0.7217644660908233,-0.12722075140714154,0.3434401202132857,-0.8485786632625267
1909-03-17,-0.12948222952180188,0.9321607056672325,-1,0.8401162903304308,-1,1,-0.04061808298929748,0.8946267932553327,1,0.021344069812158195,0.020518076612481284,1,-0.9458148422679461,-0.9159374542315933,-0.028621775040335362,-0.9463244612942718,-0.1075413930787924,0.009515031786194506,-0.04470877248103944,0.868621799597709,1,-1,-0.3583915833259248,0.9726806068449054,0.7225957788094879,0.7314449573709012,-0.6561155358354228,-0.03761180228883812,0.38662062292807836,-0.7809177707474715
1909-03-20,-1,1,-1,-0.08816649140217214,-1,1,0.9469687482120867,1,1,0.995841546854363,0.962712542801063,0.02696172901107996,-1,-0.0034826828064197235,-1,0.022036706331908573,-1,-0.9400051475630438,-1,-0.10591014430285306,0.027676458924184022,-1,-0.3676673799317757,1,0.7032289848265512,0.735157375081723,-0.663648295040901,-0.0585634073559243,0.3751421640900575,-0.8529101867597828
1909-05-01,-1,1,-1,-1,-1,1,1,0.04492614101649661,0.07280259772083908,1,-0.012760383055635649,-0.9516298092956591,-1,-0.9834026545535417,-1,1,-1,9.791162719017255e-4,-1,-1,-0.9053908239813818,-1,-0.3925325347286745,1,0.6943222388208997,0.7006735882761712,-0.6383448568675777,-0.03766370325471126,0.4144625285225949,-0.8412470965963575
1909-06-21,-0.044763537551458565,0.025740281180185676,-0.09951808413097418,-1,-1,0.05193036633462933,0.08632508817193052,-0.8971918708589149,1,1,0.9231545616169211,-1,-1,-1,-1,0.0545148128291334,-1,0.9162888494797005,-1,-1,0.027001155522178966,-0.35136793474640815,-0.4340195336462901,0.9107613076662293,0.5970256967971891,0.6878282081531255,-0.6161794842766647,-0.09367220451619379,0.406964527346858,-0.8959849539294311
1909-08-01,-1,0.9719456486507666,0.7893875974055483,-0.0574433757400965,-0.004834218093735743,-0.9089331477539617,-0.8924163072142892,0.0406644222571253,1,0.01982001196202443,1,-1,-1,-1,-0.02038771107125703,-0.9146899255849843,-0.032140483541779785,1,-0.030692303176623748,-0.022894261117648584,-0.9012708282573835,-1,-0.2742468498735963,0.860072697633246,0.56817048316694585,0.6572183597475527,-0.6755032684378404,-0.07347862292555289,0.4018769437085949,-0.8263095724781311
1909-09-15,-1,0.04108989926162199,-0.14672234745366097,-0.9996181680323324,-0.9609647115451547,0.0024304604063185575,-1,-0.9445121427793294,1,-0.9252870762071586,1,-1,-0.05495919137006389,-1,-0.9947432980214442,0.03511270057070148,0.930475516741004,0.02148245925040615,-0.9772745961547598,0.9574994703224896,-1,-1,-0.19847298977044903,0.9541109996509306,0.4663794046972749,0.6535380206359841,-0.6125436282148315,-0.01114381304569722,0.46770916379421584,-0.8376562077680302
1909-09-22,-1,-0.9413001570367497,-1,-1,-0.014705097726615879,-0.9905130943667018,-1,-1,0.02178956321444292,0.045630722172519955,0.008970331262149633,-1,-0.9966557036438783,-1,0.0011865327359088518,-0.9460586716738462,-0.030992260242546754,0.983126237663551,6.38465868750826e-5,1,-1,-0.23940798733101365,-0.04684609151974825,1,0.4331800494385992,0.5786441282335826,-0.5264660130037926,0.012350198883751544,0.5129462938767864,-0.8452789352560488
1909-12-21,-1,-1,-1,-0.07977463329414447,0.9076569099721026,-0.05248941137838048,-0.06454418212230317,-0.0694047599087082,0.9171289053642813,0.9373157216107731,-0.9183801689540418,-0.06690729958480046,0.0019421884029120484,-1,-0.8679302794485002,0.005648544903197439,-0.9980283058344359,1,0.9612948552006724,1,-0.11059839735551247,0.49546011893868835,-0.05289503871480083,0.9493291585935901,0.45782078716293617,0.6084622684558632,-0.5063048394212576,-0.036183869505553974,0.5359402781444746,-0.8051398860157963
1910-03-20,-0.0035877263014764127,-0.0017085997174834944,-0.02532338076900542,0.8511840933142191,-0.03539884325525311,0.872760376047224,-0.9408460103697949,0.8713706500377028,-0.028840230251806265,-0.028406599810506084,0.06830258905525044,-1,0.9922343996659166,-0.0036058768897484494,0.11787415048176764,0.944995751915245,-1,0.03979649137441854,1,0.00723010143913605,-1,-0.23913962781085218,-0.1933934170256977,0.9148872384774263,0.5409668919573187,0.6482402959261327,-0.5088873040244956,-0.07779607733501724,0.6180669926018021,-0.774014826080297
1910-04-15,-0.9872378247373172,-0.9689803904168762,-1,1,-0.9640919138249967,1,-1,-0.0794355827009362,0.9141805568460594,0.9028300144474981,1,-0.015910674721443252,0.02192302756331299,0.973264674602357,1,1,-0.04536408149318061,-0.8921687363543798,0.013729680902621055,-0.9925702080197057,-1,-1,-0.14334031018902166,0.9421444876858266,0.5928766709884321,0.6573912883840866,-0.5274974149579051,-0.041041688588756335,0.6460324205711587,-0.7460608162563911
1910-06-15,-1,-1,-0.03461262983398794,0.06424998205253174,-0.0032853889684908433,0.08781375473110731,-1,-1,-0.06529859518710501,1,1,0.9770636369785759,-0.9273994978454106,-0.018203444720917727,1,0.020469079097019893,-1,-1,0.9665987549680528,-0.0012131921216037567,-1,-1,-0.2026335284602383,0.944407012197358,0.6412013317973099,0.7499380792755453,-0.531553039718914,-0.14016914464350055,0.6308955642981503,-0.6441352781468778
1910-07-01,-0.07547203548494263,-1,-0.9617855734487872,1,-0.9815017788451077,-0.8832762871983713,-0.01170524761754066,-1,0.891080996657772,1,0.003745727805537391,-0.019559912319297212,-1,0.9617303608563289,0.05680741774789211,0.9463865421068199,-0.06713359319755452,-0.03339128256097745,1,-0.9648728108838228,-0.08054158281475088,-1,-0.13938931476569988,0.9666137769539341,0.6075835451069961,0.8707333468279914,-0.548679198794471,-0.08652822299400864,0.6396632004818338,-0.6076359238285104
1910-09-22,-1,-0.022776236602137123,-0.007958339693380334,1,-1,0.09927239150042722,0.9831311647580564,-1,-0.0245981014425668,1,0.992609751011265,0.9740973384635229,-0.03599257780435405,0.03081488920650055,1,-0.02943683456467272,0.9313610849185012,0.9167459797164303,1,-1,0.8932235547663353,-1,-0.1703882580687031,0.9443136931553769,0.6190535339264406,0.7709322590482625,-0.552612403426855,-0.07044605034275198,0.5901717861987245,-0.577139711065181
1910-12-21,-0.0054846036591941205,0.9523864905841034,-0.9789282807458328,0.007859455783586378,-0.03455521894346292,-0.8520901857350417,1,-0.09624758035285386,-0.9504330991364746,1,1,0.021057032754669858,-1,1,0.02821954862209608,-0.9538709718037792,-0.06480737374436507,0.0042180291409850135,0.010426479091126595,-0.06931602643644263,1,-0.1584574188483754,-0.19624333453924267,0.9209586860757476,0.6591846242511977,0.7181004203760935,-0.5828630812342619,-0.020198968775985683,0.5735825164333108,-0.6310540346006472
1910-12-22,0.945264974000635,1,-1,-0.9200365356776671,0.9605489892917275,-1,1,-1,0.008737631198667661,1,1,-0.885348234450681,-1,1,-0.8696702064380989,-0.02010698715286674,0.8499731448627397,0.9544888991087357,0.9905081204817318,-1,1,0.7676914947848463,-0.06728640145990297,0.9763381904313925,0.7172493379691366,0.6235975358210571,-0.5411323456695174,0.03568550757562988,0.521980426645237,-0.6753559572055255
1911-01-01,0.013367670767703288,1,-0.006406628869250142,0.06290339623830776,1,-0.02099301481835769,1,-1,-0.9518325785605031,0.002367942385938293,0.017843621536119292,-1,-0.027695622293593902,1,0.12484875892736469,-1,-0.06826448088882942,1,0.0380261734183287,-0.07415815092753841,0.045634943393613736,1,-0.19310562663749609,0.9593059273870224,0.7298429619661154,0.6677032021070568,-0.5066106005009658,0.029769429497066565,0.6000878569211254,-0.6616539863267263
1911-02-02,0.9534394136098076,1,-0.9807275717476516,-0.8987579709658196,1,0.9036385201378124,1,-1,-1,0.9905977212292425,1,-1,-0.9674853466652734,0.03143942450765558,1,-0.08912654474696913,0.8647895849661164,0.04735501991451885,0.9987688718293692,-1,-0.8420289886368563,0.13296929252564127,-0.16334115249301157,0.9861772888072662,0.6589088305232632,0.6726291481402361,-0.44212132932854525,-0.032891231762968556,0.6051508735834394,-0.6597966011552788
1911-03-20,1,1,0.010482920177640631,0.05138558608630095,1,1,1,-0.05272711986498846,-0.04360744650193171,0.0013790459695295354,1,-1,-0.07830552510256639,0.9510425499428556,0.13151909630417769,0.8513206730839212,1,1,1,-1,-1,1,-0.13669472196294755,0.9833878989461287,0.5760451185235729,0.7218443538396893,-0.4618773736528038,0.05168207987770282,0.6672207687063558,-0.6941768894869915
1911-04-15,1,0.002644088122029986,0.955324439463336,-0.9355028918201114,0.026840793828808884,1,0.004526169327596086,0.9046514723603537,-1,0.9570139158139344,1,-1,-1,-0.02959305947641455,-0.8203666967929512,-0.14812716850102292,1,0.02597346734796624,0.06565552393822915,-0.045839795144379414,-0.04951991534113753,1,-0.018342569503402933,0.9856597250068767,0.6000030313748501,0.7378789777751175,-0.43998062026216583,-0.030532831470325136,0.7133888455542865,-0.650487165379622
1911-06-15,0.07746649230779346,0.9379125452459693,1,0.016817949110028207,-0.96471948802548,1,-0.9293786064949415,-0.09111418385470982,-0.01583106672935819,-0.017073747206166834,1,-1,-0.04828567821638907,-1,-1,-1,0.03381082678441594,0.9995802966127615,1,0.9409911512162245,-1,0.07711481705909906,-0.0381783964160758,0.9378316836759096,0.5966054255252656,0.7087411517596054,-0.5012870012761961,-0.014738875851263353,0.6539865102894841,-0.6346486058230438
1911-07-15,-0.9218807281759357,-0.02806788236919877,1,0.9797502042106746,-0.05044398792104632,1,0.03660214259340622,-1,-0.99154689158893,0.9655038906062948,1,-0.019409775584808053,0.8779582930412559,-1,-0.046140029706873587,-1,-0.9611660728239475,0.006750554076068838,0.025811932844233332,1,-1,0.9962312070841987,0.055579039569681105,0.9383095239160929,0.5940198607380808,0.7292908441060916,-0.5390871190393197,0.03854967136716547,0.7126083366890723,-0.6570620738690488
1911-08-01,0.06528506887031771,0.9603233663033973,1,1,-1,0.03297340639406754,1,-1,-1,-0.01102883127364429,1,-0.964008053140682,-0.1102378924799089,-1,-1,-0.07274997863222743,-1,0.9198324984750788,0.9549050328301941,1,-0.0011576912700850261,1,0.14954145116033843,0.925203165615045,0.6045836158539393,0.7418258087477819,-0.5603931811485009,0.061683684971025214,0.7640162869768442,-0.5496741729469812
1911-08-20,-0.9231461201093472,1,0.10479438113305206,1,-1,-0.9037905017788079,0.02747722259930896,-0.014101964924019161,-0.03715372187596666,0.9566490420591862,0.013906209640076383,-1,0.8452772131971032,-1,-1,-1,-0.07896303776735791,1,1,0.025671697784604874,-0.9361699912266686,0.01832260628378668,0.29949448951073676,0.9301597059643101,0.5711698771021426,0.746135288513643,-0.6224819202688585,-0.018574914475812075,0.712221802685484,-0.5619990495587629
1911-09-22,0.05207078100621765,0.05106202453981201,1,0.028451796203475266,-1,-1,-0.9689061579451046,0.9013787367484501,-0.9739071470015755,1,0.9720031496357476,-1,1,-0.052173075693967785,-0.0384090227661128,-0.07478419974702688,0.8913680980702531,0.06925561254344537,0.025711819799322244,0.9822624206934288,-1,0.9564546305522929,0.21513485404949706,0.9075712134311307,0.6332224765033397,0.7643873922284051,-0.576354200300303,-0.038484203807423414,0.7567674061394951,-0.5688964525988289
1911-12-21,-0.9452592302425661,1,1,-0.9311626830947543,-1,-1,-1,-0.06569277325423006,-0.03045298919162276,1,0.058342543548197456,-0.001394155396726826,1,-1,0.9348472422268851,0.9111961612011458,1,-0.85561681912315,1,1,-0.004527681538765926,-0.04080305908413995,0.08660499095543678,1,0.5719404347273208,0.7662220497042461,-0.6007380960511436,-0.09439676805639474,0.7386712613798444,-0.5703641539506699
1912-01-01,0.03273297976834688,1,1,0.03706644537853998,-1,-1,-0.018989014025436513,0.911634021994343,0.8667811102794422,1,1,0.9694800778261459,1,-0.023633737775117458,1,-0.022693709118285388,0.07437943052193152,0.08469701094575177,0.053993119355030816,0.0038783686710949228,0.9493998123362206,0.8683449133063487,-0.08433536952886528,1,0.5599206191192242,0.7095175518169816,-0.6073680742926559,-0.06562146710574754,0.81074479968687,-0.5229309545734887
1912-03-20,1,1,1,-0.9443246120548876,-0.0012535227884913347,-0.04432125849303703,-1,1,1,1,0.0429757088046584,1,1,0.9301049540763395,1,-0.9872950990231996,-0.8703253254649169,-0.8977577060652148,-0.9055781669177578,-0.9707702994209088,1,-0.09613300995211116,0.11190850902355373,0.9910003473015322,0.5468407658686824,0.7018483219694377,-0.6495832733723478,-0.03320343827459966,0.7530174511396488,-0.4962865894727264
1912-05-01,1,1,1,-0.008704964790773428,0.9250613019165349,-0.9861949417768034,-0.018166760313957697,0.043772042868850614,1,1,0.9725649100143016,1,1,1,1,-1,-1,0.06697965396550731,-1,-1,1,0.850547999449275,-0.12660408130742257,0.9242993469747276,0.5728431021850402,0.6796927488661946,-0.5965644202890862,-0.04689752244793895,0.7625178755501781,-0.4993398709343173
1912-05-20,0.0054015869894988855,1,0.08951545296580421,-0.9913740106010122,-0.056156556450317585,-0.05007815420419759,0.9163551097085095,-0.923797333337157,1,0.07241771428894939,0.021754745058764846,1,1,0.019620130719675277,1,-0.059965160108107374,-1,-0.8418062211042823,-0.01716539369854997,-1,1,1,0.0692589974326056,0.9926411834920598,0.6544960053452481,0.7220829453866621,-0.5375477584905273,-0.10293454413311869,0.7291524740074465,-0.4666299351062874
1912-06-01,0.9635553605965471,1,-0.8285222498112179,-1,0.8982586448750721,0.8389978999435883,1,0.07116067882255228,1,1,0.9465286701684968,1,1,-0.974439325379355,1,0.8966445210687617,-1,0.06771897923478187,-0.9360201683435414,-0.02580652168823039,0.02714754017640464,0.05455644285033612,0.27100526238915945,0.9927967454043335,0.6150891955935334,0.6695364983245264,-0.576800265536104,-0.1034723558839344,0.760101721429291,-0.5129779953597745
1912-06-21,1,1,0.1669669765840105,-1,-0.035436118782697146,-0.1591687553310963,1,1,1,1,-0.03208003240213675,1,1,0.01243798012366193,1,-0.07309291193792333,-0.022573698618140625,-0.9097624082440717,-1,0.9300047772633747,1,0.9447161849858338,0.08242974778499709,1,0.6037627476779687,0.6248885509867261,-0.5683966361317592,-0.20167581324271683,0.7238918933158337,-0.5351450128077464
1912-07-01,0.08951235670165725,0.030365687404592556,-0.8119990525059244,-1,0.9548985187628763,-1,1,1,0.037258908132401736,1,-1,1,0.04091130244005803,1,1,0.923478472678735,-1,0.0569820668973513,-0.09029414274610037,0.005267174143708364,0.04060893257853582,0.006579525567727007,-0.17809232560317975,1,0.6793396936637911,0.6446333288903376,-0.512538921047583,-0.1907552108737986,0.6152042388805071,-0.45697747359252266
1912-07-15,1,1,0.13481321450102413,-1,1,-1,0.008532369542072593,1,-0.9040583784926798,1,-1,0.005749511366987647,-0.8895124149267283,1,0.038635995204147955,1,-1,1,0.8218158481550452,-0.97688219545946,-0.9324366879545508,-0.9681217604821721,-0.4747362673607155,1,0.7258477679470093,0.7258247537870044,-0.5431453082715725,-0.1495391305413104,0.673995010549541,-0.550002279920317
1912-09-22,1,0.09123810770718843,1,-1,1,-0.0055963699705219305,0.9786569097583082,0.006034593923073928,0.04619801273336532,0.05390341860845482,-1,-0.8997910663639354,0.064159364347387,0.02091947209975009,-0.9611099160280717,0.01243856413090283,-0.06086117690983617,1,1,-1,0.05741252842880351,-1,-0.18407600329694995,1,0.7963897881451717,0.7478852508939123,-0.5204820917200633,-0.17808268081025505,0.6536882471668227,-0.5110636939374071
1912-10-01,1,1,1,-0.0349110951945818,1,-0.9368030710174721,1,-0.9835483990970553,1,0.9389952144128189,-1,0.014344824495459263,1,-0.9703570049354889,-1,1,-1,1,1,-0.004365283308746415,-0.9086861991202748,-1,0.20429628405411826,1,0.795726611390199,0.7545044748358384,-0.5686165319424997,-0.1687379081086856,0.6274359750336327,-0.5505791148763265
1912-10-31,1,0.032202945589340226,1,0.9040859787260948,0.045819532723798906,-0.05982732919976097,0.056838677506667934,-1,1,0.06993961064725596,-1,-0.9294784999092282,1,-1,-0.05860028698010733,0.004532726518323038,-0.01570259462968271,0.030757998592961133,1,-0.997900715081315,-1,-0.08342890342359166,0.501331382604568,0.9805688183952332,0.7996326559005411,0.8456617449786574,-0.5277942578316325,-0.23302990205437563,0.6993769378365531,-0.6195981947869044
1912-11-01,1,1,0.02595363058167599,1,1,0.9078528215648302,1,-1,0.06233662554093655,1,-1,-1,0.07507319183679229,-0.014776920817551664,0.8845720258586032,-0.9568823927334908,0.94744702982815,0.9761819196264839,1,-0.08317213588480632,-0.02878425018375963,-1,0.7901227374218125,0.8735316678461393,0.8165764887470952,0.8680905094741304,-0.5389063436976946,-0.22081774869712262,0.7158480676645544,-0.7041559620470518
1913-01-15,1,0.020139451399901365,0.975821296779987,0.022062716098645185,0.0040686675561959484,-0.07564129847989476,0.07803279592230317,-1,1,0.03447082544913993,-0.0610102603250553,-0.02852367230837738,1,-0.9944413838288254,1,-1,1,1,0.07878648260835042,-1,-0.9886223926061207,-1,0.33833096501849447,0.8173268195671826,0.8706178592834408,0.9215684479288769,-0.5805981493010467,-0.296609837728088,0.6484110741574538,-0.6954250642748155
1913-01-25,1,-0.924657196639789,1,-0.9220474401296169,-0.9067868206009363,-1,-0.8707384622209526,-0.021081071049325995,1,-0.9011452981793788,-1,0.9709821138644436,1,-1,1,-1,0.009548053184971983,0.02711465490170961,-0.8902695215461318,-1,-1,-1,-0.04699994335412422,0.9084534884735908,0.9023060387669002,0.9603708731852946,-0.6125159173918949,-0.27320595690597504,0.6402417176538372,-0.6874450478972807
1913-03-01,1,0.055485538795980394,0.03855953888370611,0.021992844963151348,-1,-1,-1,0.9411688575015796,0.09079450823198398,-1,-0.030435923518109087,1,1,-1,0.07999585968783585,-0.046877892666017607,-0.9691097302523934,-0.9649065531213895,-1,-1,-1,-1,-0.5594892564473211,0.9960803779711165,0.9300602144969767,0.9496156545855218,-0.6517317780344084,-0.25977063682705875,0.6279467880994248,-0.7146180479522111
1913-03-15,0.016656110818122793,-0.8947355098548452,1,-0.9371144840379179,-0.07209070668399953,-0.00552231093702471,-0.08839087538876522,1,-0.8706724006963296,-0.00476981493762163,-0.93945180495141,1,1,-0.028077838844508207,-0.8496758242834189,0.9102558553425049,0.00897854653618757,-1,-1,-0.040209866123812166,-1,-0.045246168913720686,-0.25050288703974843,1,0.9921663700979895,1,-0.7235304787575153,-0.1756544828761716,0.5756719055415785,-0.6998700982247502
1913-03-20,1,-1,0.07816511278640437,-0.04771187290656653,-1,0.9526923245233311,0.8891525398957366,1,-1,0.9745411745027621,0.017169858128790128,0.03285862621864977,0.06376578292947777,0.9278335728704538,0.11195159436601387,-0.07337153158644505,-0.9639045892544365,-1,-0.03362354372005527,-1,-0.1227195875953857,0.9088029507759198,-0.7184508337688351,0.9869054243637408,0.9640944444669635,1,-0.7085153394163881,-0.12482963806868735,0.5566575621617966,-0.6931330560387025
1913-06-15,1,-1,1,0.9224023346089941,-1,1,1,1,-0.0809325991804134,0.01791479197906598,-0.9273134209421023,0.9883701481134136,-0.8585389398910754,1,1,0.924214528874023,-1,-1,-1,-0.021452524112673288,0.8430805687136476,1,-1,0.9016801288095065,1,0.9799476786182474,-0.7254766261860123,-0.08422361848367332,0.589151182573627,-0.7884319005573057
1913-06-21,0.059246506318876735,-0.016789911080384634,0.02438166074368886,-0.03732678086187646,-0.013116453756798374,1,1,0.05026007346334671,0.8793605012628879,-0.9255591077330457,0.0361365994123094,1,-1,1,0.032395612208694025,-0.06151877171651088,-1,-0.021487743236285106,-1,0.9769024799266136,-0.07028795318087044,0.06609232094296846,-0.46587327982309557,0.9035228776957042,1,0.941736430126364,-0.84324578875357,-0.08298802559238838,0.5423206686097074,-0.7630481356823896
1913-09-22,-0.8906885285305943,0.9545705936659277,0.9651405177219415,0.8747422479547168,0.9345666018643352,1,0.01283713868198888,0.9672027622927055,1,0.07139939578949928,1,0.0015663137122362558,-0.0068783641200220735,0.004001843960064977,-0.9493723512371165,0.9007783492809498,-1,-0.9474365473452758,-0.05676635300941135,0.005333085961093498,-1,1,0.07591252912696556,0.8598019466677956,0.9855310410590093,0.9410040843517037,-0.7830224528389695,-0.13306098065999122,0.4878593062459035,-0.7777924001586665
1913-10-31,0.10822449123900812,-0.01657451512696817,1,1,1,0.04468649764846078,0.9804999649418352,0.014654854511903181,0.022141257211741205,1,2.8701818792453704e-4,-0.9517640770107479,-1,0.9805230175470675,-1,-0.053373638783063226,-0.027393889170117647,-0.0010000922401792733,-0.992570395042888,0.9717747123211861,-0.035703888820392216,0.019281670440964183,-0.5623106627210993,0.8487965435214222,1,0.9270370417144438,-0.7645878298463601,-0.1852457505255693,0.49195010834754,-0.8268588737723427
1913-12-15,1,-0.9984282804304625,0.053841687992859044,1,0.020146663932428366,-0.9397167873954462,-0.010777739938818032,-0.8650058857154598,1,0.058002742177903244,0.9601629517699811,-1,-1,1,-0.08362445050943368,-1,0.930948879332062,-0.9192024970966679,-0.036747365341529115,-0.025432697090978063,0.8732125677364604,-0.9536789578674078,0.03386639292678162,0.896216506248276,1,0.945829586076621,-0.7668404591600703,-0.23649209782275435,0.5037278135761788,-0.8186543201653197
1913-12-21,1,-0.013351903424737799,-0.8880806461080067,0.012656543740402149,-0.9757776434369061,0.020395869518530896,-0.9949031142953725,0.12501486586481292,1,-0.8416907798774684,-0.029825981332642915,-1,-1,0.041519411409557616,-1,-0.011423099806956771,1,-1,-0.9454215779067789,0.9407677723402763,1,-1,0.5777737659516706,0.8622645558230054,1,0.9794697283400117,-0.908059342735636,-0.26051043794965634,0.5383928938365272,-0.7457279383355627
1914-01-01,0.08006214206244455,0.9853473044831784,-1,-0.942566324663049,-0.12080745781226221,-0.9307268574839255,0.0028522007858654552,1,1,0.0967982470113452,0.9342569369275923,-0.0352169031811258,-0.05163797991909669,-0.9150450357380295,-0.025023979240164196,-0.9492787515748098,1,-0.04083956462380611,-1,1,1,-1,1,0.926844714196694,0.966231656458718,0.9775259324844511,-0.8414022878558236,-0.28288181188750056,0.5707594144704341,-0.7271373002096515
1914-03-01,-0.8794737725548014,1,-1,-1,-1,-1,0.9953814844978462,1,1,1,-0.022530267004626237,0.8780426303244079,0.9209917995424092,0.08195713886562317,-0.9391419345306857,-1,1,-0.9731524382881992,-1,0.018221069413645208,1,-0.03886484424372516,0.3457647769068274,0.9734234895201491,0.9254531791588921,0.942179654323598,-0.7894500458819661,-0.2970367753294315,0.4716289356870159,-0.7940428118767939
1914-03-20,0.10508629650975587,0.0648269579845393,-1,-0.04388007030276897,-1,-1,0.01684374725064952,0.02870100609131543,1,1,-0.9452377767916585,1,-0.07583447924322284,-0.8862965051813168,0.045095108770664916,-0.07833269659882891,0.04068734296160148,-1,-0.016468847850854007,-0.9395405426584224,0.009189549146552456,0.9302944217674495,-0.3682916070789637,0.901635819367258,0.8478391810721538,0.9015054745623239,-0.792521504296092,-0.19125165089273122,0.5217446101715387,-0.79700295631814
1914-04-15,1,1,-0.05230964985001341,-1,-0.005346369661147765,-1,-0.9446733696310416,1,0.007116913377551604,0.023241935713015915,0.04690900569895473,1,0.8521843215121425,-1,0.9556873596721188,0.9149936792074967,1,-0.01585979289639039,-1,-1,0.995633989646526,1,-1,0.9386770648899683,0.7868052577802143,0.8713008287997005,-0.7462680856483457,-0.17040168472096806,0.5160534819100452,-0.788534620594571
1914-06-15,0.020363932981393162,1,0.8626091314752292,-0.014580378045622067,-0.934470531340098,-1,0.046071667101170055,1,-0.9574117841763978,-0.9509843071202496,-0.9505996698086029,0.029934580373874642,-0.09851573906738853,-1,1,1,1,0.8799706990618312,-0.026201298853129606,-0.013357507416873915,0.008815733207024001,0.03232272267444425,-1,0.8784958948448502,0.8286356702881124,0.7995185269326278,-0.8586096813098505,-0.16665732204171532,0.48428755972114074,-0.76777218031804
1914-06-20,0.9883880950702928,0.03414360688293083,-0.10071756685584032,0.9509051064487628,-0.01463303676337202,-0.04158126156851305,-0.9081777349980402,1,-1,-1,-1,1,0.8771305473685861,-1,0.013735294082598548,1,1,1,0.9094720708001652,-1,0.9525465196431361,1,-0.27764083562015096,0.9247059947506077,0.8351236641781145,0.7422080976938557,-0.8454522111597962,-0.24584445454883375,0.4531698404215723,-0.7473765553718932
1914-06-21,1,-0.9415374710056984,-1,1,0.93570995765727,0.903444411725619,-1,1,-0.12312849969605077,-1,-0.043929925433177086,1,-0.06365992817449206,-0.054656766710079574,-0.9834942568527995,1,1,0.014688297893384217,1,-1,1,1,0.4444359422696298,0.8765207442467348,0.893045373474272,0.7255563033673581,-0.8312273291402397,-0.2561404434774325,0.3985405686022291,-0.7450528452189029
1914-09-22,1,-0.007752088554129344,-0.05791937294873084,0.03172823287238047,-0.03882463112027312,1,-0.004699694773450225,1,0.8700665274131879,-1,0.9353221629472682,0.07862935656776215,0.8939700000741316,-1,-1,0.015872384171254028,1,-0.8545521646484769,1,-0.03570067916675179,0.04158462074032154,0.03900683441911357,1,0.8946639809153557,0.8840825948914691,0.7687684190267974,-0.8485668791398264,-0.2729608414235954,0.34715086419945207,-0.7693776311496047
1914-11-01,0.019218189296984933,-0.9495902968137067,-0.9572656576843891,1,-0.9744338219109285,0.006505931823693856,-0.9851804967786242,1,1,-1,1,1,1,-0.0862697086677483,-1,-0.8830013318928743,0.15153357570080284,-1,0.07126784115159235,0.9236279919119212,-0.9060167565857169,1,0.19482059770424853,0.8804135915277965,0.913698781067826,0.7784239655903448,-0.840109368231524,-0.248376060776307,0.30795868780583524,-0.7917896014040426
1914-12-21,1,-1,-1,0.041370633613286745,-1,-0.9503285372383443,-1,1,1,-1,0.04464743107482816,1,0.12486554664438243,0.8361390738153035,-1,0.07240706105523709,1,-0.025314570925229263,1,1,-1,1,1,0.9873793445903244,0.8730017870277083,0.7815130837512113,-0.84850943101219,-0.22304459863888385,0.324818462928698,-0.8460944526420008
1915-01-01,0.04447928479842922,-0.03260747710153267,-1,-0.9115390968226802,-1,0.015126130385725634,-1,1,1,-1,1,1,1,-0.09304467860244614,-1,1,1,0.9560507135349566,0.029707682804629765,0.0031782402432403156,-1,1,0.13821004238673684,0.9049583275605405,0.8621656520220247,0.7398201706328014,-0.8566422429138906,-0.31751437251666426,0.3126669639646906,-0.8588364695385619
1915-03-20,0.9908151626371524,0.946641159338612,-1,0.08411735054104996,-1,-0.9674115374157058,-0.0032357102216643563,0.017918269614617066,1,-1,1,0.07937917491483681,0.03646110342949771,-0.9962248918185749,-1,0.04509128108936933,1,1,1,-0.9583762411920882,-1,1,1,0.8924374532562696,0.8305344100523944,0.7341910479556172,-0.838670638253911,-0.2891648564382961,0.28243710060333066,-0.8583349616414842
1915-06-15,1,1,-1,-0.8985206477695439,-0.08109855771275676,0.02512242351992422,-0.9905680842404055,0.91597383926947,0.011331653629012006,-0.031774034486544034,0.05364551009912788,1,-0.9172079489520163,-0.00928399248268641,-1,-0.844620832911726,1,0.06367760229758956,6.238768578783471e-4,-1,-1,0.034917953568750826,1,0.9855313388295375,0.8926893710216699,0.661245297709148,-0.9211264771774973,-0.3166256760756971,0.2559726260257464,-0.7962706294705296
1915-06-21,0.006375018432920876,1,-1,0.03221439069772736,0.9126347360132554,-0.9196375742938914,-1,-0.06868475092541015,-0.9479458521348986,0.8840811913047596,0.9354196661272758,0.01766555128850289,-1,-1,-1,-1,0.01672518793900979,-0.8772051459338346,0.9784312195572704,-1,-1,-0.9178506289464629,0.10911210414742278,0.7495561533989366,0.8402655022577211,0.6072249476822712,-0.8624699043138795,-0.34829070696603015,0.28184912261758455,-0.870316168151958
1915-09-22,-0.8865058097543931,0.030296953524240444,-0.1076517474626385,-0.9598214588365278,1,-1,-0.0371922262649953,-1,-1,1,-0.025659942549870807,0.9895966803007995,-0.06625208059475551,-1,-0.007282349179724035,-0.03771078554638907,-0.9620151866525503,-1,0.04481583570801018,-0.04359593142591711,-0.09452525396573863,-1,1,0.6168265617170356,0.9048625927399631,0.6485938949575228,-0.8697093906079534,-0.31072073657900784,0.22801408588097288,-0.9184917228525437
1915-12-21,-1,0.887592563256916,-1,-1,1,-1,-1,-1,-0.030649450543209333,0.08052986710598753,0.9521599333172922,0.034252688237526696,-1,-0.00886514395372362,0.9661765848799615,0.9475662444501449,-1,-1,1,-0.9462218249945049,-1,-0.03567398981843084,1,0.5390737255242443,0.8751886105491095,0.6073895062646804,-0.86137801438078,-0.27034864424439653,0.19097428150679685,-0.9093626095885029
1916-06-15,-1,-0.05328380963353396,-0.04787093536220144,-1,0.04223128294943901,-1,-1,-1,0.9193193188583338,-0.8881105142290697,1,-0.9601737545011082,-0.028835228043401107,0.9684667554252465,1,1,-1,-1,1,-0.013938927479871133,-1,-0.9924654373735146,1,0.45764292518767463,0.9452448147420749,0.5896046427027954,-0.9292408123905422,-0.34967999800833927,0.21418300922604774,-0.8776940161495804
1916-07-01,-1,-1,-1,-1,1,-1,-0.08559060395187212,-0.048953442039944006,-0.041906422894455786,-1,1,-1,-0.9958275556119383,-8.930068459575002e-4,0.03403130540320509,0.002315535262714885,-0.029847160988628496,-0.018402036017858836,0.024288112231596548,0.9008608731495953,-0.06351260212596843,-0.005517662527939837,1,0.3328673532511739,0.917600982525228,0.49807592252943333,-0.9650493605547819,-0.31121625860037766,0.25354621889615925,-0.8257499436566902
1916-09-22,-0.021072863239850026,-0.05693204062514989,-0.03836477149242523,-1,1,-0.01333063908733323,-1,-1,-1,-0.038407010015329424,1,-0.08122927293229076,-0.024763553895099988,-0.9847699357713141,1,0.9526231228305101,-0.9456995115608791,0.9211139136370816,-0.9362362583399174,-0.04525852203225522,-1,0.958403734762171,0.12079076546655099,0.4037345176682628,0.9117236385066867,0.5943725813453999,-0.9896277810405261,-0.33423789345694127,0.24201386724489107,-0.7872867592444608
1916-12-21,0.9093900548788575,-1,-0.9277099116966613,-1,1,0.9515995080954035,-1,-1,-1,0.9411432579774318,0.062082392976281375,-0.9910657081015086,-0.9520047154214775,0.011400191286548234,0.07691921240044597,-0.015190077844018934,-1,1,0.03948794474537609,-1,-1,0.006638749163767055,-0.753028350786885,0.5610634639018759,0.8755998061250695,0.5681024045720964,-0.9062159662640954,-0.35842332572887897,0.2649682047262818,-0.8093938006228627
1917-01-01,1,-0.011876675219673283,-1,-1,1,1,-0.02897732337190162,-0.024800286808092098,-1,1,1,-1,-1,-0.9757103485485095,1,-0.8327092715930837,-1,1,-0.9165554606190696,-1,-1,-0.9020443938942494,-1,0.4941728844519917,0.8578623144584594,0.5739065137267577,-0.8367343845394027,-0.33713974089883025,0.334081188651726,-0.8867154503093858
1917-02-20,0.015944844156949967,-1,-1,-0.016190209719578852,0.045330416043161126,0.12569700539844786,-1,0.8968238275655813,-0.08743653999903067,0.03594355516391745,1,-1,-1,-0.0027248316280743534,0.01930875340550675,-1,-0.02695089109130422,1,-0.03765405258447507,-0.020199725190125806,-1,-1,-1,0.3064490318239478,0.7898430061317613,0.6378976418548308,-0.8569954197370001,-0.2704096061560783,0.38205311446166385,-0.9082283342104122
1917-04-01,0.9533375967670672,-0.06492242588347796,-0.07627848745709664,0.9418327196167737,-0.9070161051283352,1,-1,1,-1,-0.9438001745813741,1,-0.12229531516382675,-0.015971691419552125,-0.9781613102033627,-0.9078342972744443,-0.021103154197873564,-1,1,0.9266933346623683,0.9615274556870952,-0.10088201014681852,-1,-0.12382523679223512,0.384813455210826,0.776811106094224,0.6924359969566138,-0.8273298104295842,-0.3257451565498891,0.42319441072471037,-0.9400834950824587
1917-06-01,0.011619141680378586,0.8917437406906632,-1,-0.01874428757929303,-1,6.730018755394251e-4,-0.016816354993330118,1,-1,-1,1,0.8576109910234483,-0.9816545577829542,-1,-1,0.9384054794275484,-0.028135136155416074,1,1,1,0.8506081624864825,-0.11027312347645202,0.7684979749132211,0.2395391296638853,0.7941125555225108,0.7043297928069752,-0.850883884902035,-0.23889190823467488,0.386451969910449,-0.9369912679031551
1917-06-15,1,-0.08308950614653965,-0.025098567396749427,-1,-0.07985009554878442,-0.9604174057154525,0.863451805455013,0.04324961745415701,-1,-0.08142594022112715,1,1,-0.08438819889261728,-1,-1,0.012621654349766476,-1,1,0.024472684970095027,0.04364890904107843,1,-0.9886749363095053,-0.1584187977281235,0.057208089521698646,0.7408311301120775,0.6430567360974732,-0.8594973134635834,-0.2140127752230345,0.3372200264214816,-0.9915135355767855
1917-06-21,1,-0.998805740940162,0.9541530364404076,-0.09318712301513143,-1,-0.03798743200697463,-0.1243235445258205,-0.9028064229379349,-0.004202469731649283,-1,1,1,0.8649970314389845,-1,-1,0.9345902312081527,-1,0.03951349148836458,0.9887485720936081,-0.9021032272561292,0.02746021056833281,-0.0744724739720054,0.7538075599659314,-0.1630267809017514,0.7280981347212827,0.6292299851247564,-0.8101394916806659,-0.21080616288038384,0.3801384765996738,-0.9911212229570269
1917-09-22,0.038288262871421064,-1,1,-1,-1,-1,0.7497535131461075,-1,-0.9829937468880781,-0.013107586702504337,0.02615034428677543,1,-0.04919644252110844,-0.03361675523659602,-1,-0.004351258870175512,-1,-0.833387359804963,1,0.07080671897688418,-0.9722965327255284,0.908535292060353,-0.146126584489625,-0.01185515007957838,0.6680831817528999,0.635980819641209,-0.7715539217755438,-0.25392485780863183,0.5375549106018241,-0.9819479277256575
1917-11-01,-0.9452934246301388,-0.0597163640420022,1,-0.03974141947469734,-0.04344062316283814,-1,1,-1,-0.031293309008830095,0.9333659020055816,-0.9616097318607384,1,-1,-0.9798096981240183,-0.09232457953314821,-0.9560348939755476,-0.0834692994747922,0.12437562902664068,0.011227667600872349,-0.8748741516393221,-1,1,0.839786919446746,-0.17907370063056202,0.7054486415252558,0.66099566694217,-0.7479513377919578,-0.2663275549936381,0.5113921312745817,-0.966670134970976
1917-12-01,-1,0.9214704461148161,1,0.9100900302535305,0.9386165700632593,-0.07934490206771672,1,-1,-0.9854468588484145,0.01394288654931275,-1,0.020493176368324706,-0.07411679314603514,-1,0.8382886025345965,0.03541042038537856,0.8624911793813517,-0.8609905976141055,-0.9248301901931767,0.09405306776860312,-1,1,1,-0.3965573301796428,0.6052303678930764,0.6348656190410152,-0.6540812072503239,-0.2511061230878,0.5654622775444875,-0.850830255551837
1917-12-21,-1,1,0.031184194018752165,1,-0.040414105844627124,0.7879300915296082,1,-1,-1,0.9404026524058671,-1,-0.9688693246463431,0.9102403717743041,-0.05554060036994324,-0.08826143507046291,-0.9433152983168381,1,0.13680620480177075,-0.011948728502262695,1,-0.04631415822106588,0.008299264185285926,1,-0.10598739011500558,0.6461142236614057,0.6705177372244782,-0.6445174347771302,-0.2708830680359496,0.5817009499797152,-0.8143283566968804
1918-01-01,-1,0.0521622840838154,-0.9561918701131076,1,-1,1,1,-0.022085066254319163,-1,-0.016299062971127487,-1,-0.04146366720914518,-0.021885490356080672,0.8694579219220245,-1,0.04628862141160761,1,1,0.9139133805254507,0.04261714654364579,0.8141484859064294,-0.9626254041335223,1,0.2177141484535598,0.6473291788790589,0.6986067542820825,-0.6093191423972671,-0.28670709025083924,0.5906317590320234,-0.8069703456330487
1918-01-27,-0.05140082198625662,0.9599229795240714,0.012754594055796264,1,-0.014883367350377652,1,1,-0.9598868434585478,-0.03608318592835558,-1,-1,0.9059219839826577,-1,1,-0.10251459602990254,1,0.009749265110371774,1,-0.0729719710148119,1,-0.17055022911282391,-0.055898347349983,1,0.4486540169164177,0.5793919371483212,0.6117884599644665,-0.6444776356717816,-0.24928979907710402,0.6052689987916563,-0.7898104125546114
1918-03-20,-1,1,0.9869591009852942,1,-0.9883419792140302,0.009231422022745295,0.07916600996076384,0.026281622240810543,0.9376432556747863,-0.025559208618386786,-1,-0.010159007972547318,-0.026627396385155766,1,-1,1,-0.9419257545926321,0.060452962841239355,-1,1,0.760362814610982,0.8589543508995626,0.03337853348671982,0.11443434510536876,0.6203853688969786,0.635839121569109,-0.6040664303271658,-0.21887274651768696,0.6054934919316208,-0.8267926747229329
1918-04-15,-1,1,0.040745841087413526,1,-0.03880297410655287,-0.9784015378328911,1,-0.9623609930493606,1,0.9644631764758362,-1,0.9787952148298302,-0.9258637488587844,1,-1.5768608676369755e-4,1,-1,-0.9338194566333625,-1,0.08343920485134926,-0.1866276295851803,0.011594356231783176,1,-0.20424843694934935,0.560585105641352,0.6566772814233709,-0.6723846225553971,-0.22291633490197954,0.5915218832929198,-0.8621511743341138
1918-06-15,-1,0.05234396125327734,-0.9449723883429706,1,-0.994747594161229,-0.08117488345880641,1,-1,0.025406566073607584,-0.031523927213804925,-0.0496454855338323,0.0059675156122235284,-0.007075622751596233,1,-0.948467754882291,1,-0.06585170881726399,-1,-1,-0.9125723079967727,0.7777686205087692,0.9845965315601432,0.09450940748148207,-0.5280346437401124,0.5823394850641032,0.6488332855090266,-0.6939781290774508,-0.17627120106408298,0.541792588579675,-0.8410616027138967
1918-07-15,-0.01497522931439177,-0.9391970469257431,-1,0.09060190750204156,-3.859262741481295e-4,0.8940987725670833,1,-0.03988747727316522,-0.9084527354862968,-0.995767243339844,0.9275165019834102,1,-0.9806760629655138,1,-1,0.04023802183624947,-1,-0.02682246848279357,-0.03718596664492302,0.046684162042777366,-0.17964433886903108,0.051749066719491754,1,-0.18747460558774354,0.639117496674244,0.6032403991575565,-0.7210540507249146,-0.18143835755922444,0.6346751531968594,-0.8296750972712671
1918-08-01,0.9466719197797892,-1,-0.0356015589659211,-0.8771468848605507,-0.9745774223368003,-0.005329166307679989,1,0.9537362847004187,-1,0.002667496011275694,-0.013331937657981907,1,-1,1,-1,-0.9117933050269614,-0.05368635444835668,0.9540754962105589,0.9467106511332467,0.9338114258105074,-1,-0.9434022210147686,1,-0.653652624454989,0.6345066878622544,0.6133846237389939,-0.7159222865370378,-0.2633183316961244,0.7290630007576,-0.8711668376241946
1918-09-22,0.05143616346900193,-0.05491556346962245,-0.9978409094471004,-1,0.02536460983023392,-1,0.0318967413117327,-0.036978538567518426,-1,-0.9630973934709819,0.9671299200177699,0.022995562581102136,-0.011805655394202863,1,-1,-0.01330377774267133,0.9252416861905549,9.140488574655992e-4,1,-0.06070547159943962,-0.0648404792428634,0.027797041380739906,1,-1,0.5398553514328684,0.6565286828108158,-0.7265398666242889,-0.21665380352877545,0.7124904922796167,-0.8915425198106953
1918-12-21,1,-1,-0.04288736569611851,-1,0.9987022966954677,-0.02095457641940024,-0.9564351706748028,0.9627985827897161,-0.013818193337328033,-1,-0.007876880002910869,0.9697560423343824,-0.9892075477783814,1,-1,0.9755410514351835,1,0.9812343810898979,1,-1,-1,1,1,-1,0.5875619712020322,0.6784589562462431,-0.8145941898361229,-0.23387752400005898,0.7263658909724587,-0.9553264618118641
1919-01-01,1,-0.09086999100638882,-0.9942162874750967,-1,1,0.9458014110917904,-0.02410560663247252,1,-0.9990334211439962,-1,0.9902978056429134,1,-0.0028203602083615165,0.10856401373346847,-1,1,0.013773076484738356,1,0.008546378880752048,-0.03709918804649015,-0.01429265005456537,0.007382898400864035,0.03761643613881971,-0.5048632250255022,0.5625966396471981,0.698917032702879,-0.8594168446672816,-0.3377359624721779,0.7285939215726065,-0.9880513093276302
1919-03-20,1,0.8362174709127893,-1,-1,0.01643800011672103,1,0.9742628186085466,1,-0.04092177722320001,-0.019040518344052515,0.04534570804808058,0.030376209557874345,0.9874826854366114,-0.8696231044682067,-1,0.02811249285681261,0.9791552957823784,1,1,-0.982475795321382,0.9375827585789396,0.9929160507084683,1,-0.003936972420020668,0.5826418168781478,0.6949611066418367,-0.7555701132764334,-0.34990652832518104,0.6187803004763095,-0.876959249241097
1919-05-01,1,1,-0.08628678651119337,-0.13706152086185697,0.9833298591122773,0.02840340979398326,1,1,-1,-0.9754155394620191,1,-0.8136946322079921,0.02589325549449828,-1,-1,-0.9579355259921747,-0.01892366355080133,0.10070941004701184,0.051436307012963534,-1,1,-0.0040307739174259005,0.03735038747629915,-0.45969891980497546,0.49260488779727185,0.6790596067308213,-0.7770503291440265,-0.3747935016092466,0.5904378140651881,-0.8571959138187324
1919-06-15,0.06787708316867658,1,-1,0.8172881060788851,1,0.9618661146440616,1,1,-0.008734004601695378,-0.06592660918084814,0.025964966411839874,0.15934286147458876,-0.9630088250251236,-1,-0.04852028858597057,-1,0.9337368988890105,-0.8927386497353968,0.9454882260303057,-1,0.03988611071936765,-0.9622395722410774,0.9125916797463398,0.12747150231797622,0.4568176136310569,0.660493162333284,-0.7888564663078051,-0.41708700281656697,0.5387159191843385,-0.9803334938457404
1919-06-21,-0.8972241021803461,0.054552798571266714,-1,-0.14871602084401558,1,-0.02209887834403479,1,1,0.9587459078226793,-1,-0.948169655385254,-0.7795295946193298,-1,-1,0.9411486516559575,-1,-0.04015514036074863,-1,1,-1,-0.9210831743247301,-1,-0.06005206702524046,-0.42449824740898723,0.4815960227466146,0.6526984125673498,-0.8154538231852645,-0.3542133133834692,0.46163010798149573,-0.9390594482196261
1919-07-20,0.09079013301007055,0.9790357294230241,-0.037797318913832756,0.8409983284857997,1,0.9488284784486831,1,0.02046619302146102,1,-1,-1,-1,-1,-0.020963087688987248,-0.006166083142898238,-1,-0.9799300842256764,-0.1335103368315006,1,-1,-1,-0.0033234054792673495,0.9079105485052094,-0.957839680497548,0.48322564436273274,0.6957112258664437,-0.7662760481828869,-0.3879192074373576,0.438601123820879,-0.9983007795319007
1919-08-01,-0.8996509504789364,1,0.9560109569912597,1,1,1,0.009296675063952597,-0.9486122030880774,0.0031960416658564084,-0.035912593771154855,-1,-1,-0.0681125872981696,0.8836470856303019,0.96427935610935,-1,-1,0.8610626547594307,1,-1,-0.1251087663665329,-0.9818204858798188,1,-0.3813344979679941,0.4508131299618554,0.7463449798222511,-0.7191075081898056,-0.4387094266640504,0.40679793776638495,-1
1919-09-01,-1,1,-0.025659958734284283,0.025176864817734845,0.027069821478667877,0.04554056110002391,0.9198110734596289,-1,0.9113989194188895,0.929388445801679,-0.06873631162036975,-1,-1,-0.11375725523987712,-0.026300484494901744,-1,-1,1,0.07232014470907167,-1,-1,-0.03316836144047364,0.025433508348328027,0.20861441507123712,0.5857913203570164,0.7309008435869805,-0.7101241935457507,-0.4573218865204941,0.46451341797505635,-1
1919-09-22,-0.009423106035213347,1,0.9580215452325731,-0.957336072345835,-0.925911186637607,1,-0.0795189458445914,-0.04936001325773387,-0.04328511247570754,-0.06296078132280114,-1,-0.0014281456352555066,-0.020770368245438986,0.830466435080971,0.9037682974700182,-0.10038834009732212,-0.04121743391302668,0.002990421866924886,1,-1,-0.09893619026712985,-1,1,0.8456165156700597,0.537545954152469,0.7621360261943254,-0.7753480524664698,-0.41450909668438873,0.42845210620665664,-1
1919-10-01,0.966443710785963,0.05351055291903539,0.059206444627704524,0.025731044035539385,0.013800915535371105,1,0.9059357341073369,-0.981584200745405,-1,0.8909066858716925,-1,-0.9428480951445245,-1,1,1,0.8240463898687377,0.8978003699859356,0.9910013867910584,0.054454786773599384,-1,-1,-1,1,0.25492043531810227,0.5449955340553012,0.8101310188447308,-0.6774678510911614,-0.4546772467119135,0.495664684950367,-0.9949580894270392
1919-10-31,-0.012977173819947674,1,1,-0.8625618759798964,-0.9820593790229137,0.025683355508231753,1,-0.06077677595094688,-0.02009343811849218,1,-1,-1,-1,0.018239017162616777,0.024379988982930922,1,-0.098354219958949,1,0.9459874704715323,-0.06161914510587274,-0.013619615132863583,-0.10708258284804584,1,-0.3613860505958022,0.5245630544487753,0.7865933595532745,-0.6528158573448725,-0.4274894356724725,0.4074826019006877,-1
1919-12-21,-0.9922341908000328,1,1,-1,-1,-0.9704095103564204,1,-1,0.9628879592061768,0.07350216756321748,-1,-0.02377827883280148,-1,1,1,0.06607666304101667,-1,0.010338779274946641,-0.02660831046739809,-1,0.935467523907896,-1,1,-1,0.5258168265691266,0.8229095863550845,-0.6390965597355938,-0.3681346914909758,0.4606145507049746,-1
1920-01-01,-1,1,1,-0.03359420009922576,-1,-1,9.604657611828049e-4,-1,0.0022842291635235545,1,-0.09125283252091976,0.8759995189775845,-0.03904126273541397,1,0.016209995984850067,1,-0.07238664378336612,1,-1,-0.0726546020066603,-0.059936440677277325,-0.02014162004082154,1,-1,0.5927386593886618,0.7669855043315085,-0.6995487736142891,-0.22314090354784052,0.4760653395633305,-0.9904296365690203
1920-03-20,-0.006259291408494905,0.016698717874665037,1,0.8844784494295487,-0.08183163996368803,-0.008224883665987504,0.9954102535097934,-0.0034856853582362346,-0.9563415647830593,0.13160612276597106,0.8527053527690206,1,-1,0.010528900699054211,1,1,-1,1,-1,0.927278407931406,-1,0.8537898226304729,0.019869505620332406,-1,0.6141090737308668,0.783488433067568,-0.6668177589974902,-0.13498637667910043,0.4555598305614431,-1
1920-06-01,-0.994350009631559,1,0.02858972026779627,1,-1,0.9487402643705541,1,-0.9897251394359122,-1,1,-0.11625691837492724,1,-0.06450232852637117,0.912272124793461,1,1,-0.014159963689835964,1,-0.03696634564438739,-0.063341871819249,-1,1,0.9858195023911619,-0.18270142831971015,0.6683929731315196,0.7886683289620057,-0.7502423701284544,-0.09256875690803432,0.4426734951406284,-0.9794447934966096
1920-06-15,-0.054865397997321264,1,-0.9435078458248943,0.11622034644103518,-1,-0.043564289351635255,0.033276149390492504,-1,-1,1,0.835772668184808,1,0.9127611885294298,-0.018195842678620955,0.015224782740689169,1,0.892653883009399,1,0.840917342437619,0.850420835037877,-1,0.007881199821896723,1,0.5274650237997409,0.7094093636692994,0.8055607377588175,-0.6960116058947586,-0.17578098942527917,0.4658070882311647,-0.9580466876576264
1920-06-21,-0.9832603966267476,0.04650988724069671,0.030330543840730195,-0.865919812295719,-0.04298247944615696,-1,-0.9507542242430761,-1,-0.037907712958545,0.025521541652594903,-0.10572575713745758,1,-0.06641477967989473,0.928669944358829,-0.8930986475811525,1,1,1,-0.08894962578400467,1,-0.005062317684791595,0.9807481978308777,1,1,0.7803874162223128,0.7798905952822507,-0.6444151498852768,-0.18644895816514612,0.475416910659675,-0.9884351398663264
1920-07-20,-0.013390285063280216,0.993107832138975,-0.8889048622318528,0.0353459201955717,-1,-0.01213981828678845,-0.015895877319743956,-0.01716302332512687,-0.9679982937608361,0.9909806756124994,-0.9955177956094029,1,0.9166419897085072,1,-1,0.00421367339180434,1,1,0.816256582258394,1,-0.9611334088368514,0.02336602487497552,0.026449335327797252,1,0.7007116514139297,0.7562295672997693,-0.6444813300202491,-0.10753722918969683,0.5096718682883432,-1
1920-07-21,-1,0.015026088000157256,0.06385332088645401,0.9934866020475198,-0.048952794354238494,-0.9866990397050609,0.9511163134810093,0.9289663782579602,-0.010154248860548165,0.055517163785373635,-0.07509883241460347,0.03375615806503818,-0.06317610574626675,1,-1,0.8648416441615681,0.04398720441512216,1,-0.12393027208033713,0.042746358226810055,0.020349092695823412,-0.9628504334223447,-0.9499054284221775,1,0.792641152675437,0.8898783232650898,-0.5803341526325309,-0.10992956207165555,0.536366002839807,-0.9455106597810263
1920-07-28,-0.04870917266939234,0.9353531078610372,-0.8166942539211429,1,-1,-0.07380904790620402,1,-0.023950833553864403,-0.9925318082152225,0.9376051081759572,-1,-0.9584796849421271,-1,1,-0.1247138757152142,1,-0.884940742601842,0.02584911179137961,-1,1,-0.9569940866078088,-0.005015502413151185,-1,0.18337085158433453,0.8658470505608223,0.8380162291050894,-0.5331720927828849,-0.10964573002245157,0.49245555832403776,-0.9140131304615869
1920-07-30,0.9170677461371424,1,-1,1,-1,0.8654079289451541,0.012385056617076118,-0.9075094075199872,0.003866768252551833,0.023223286828551903,-1,-1,-1,0.01694067707006852,-1,0.057685401549235626,0.057993230388341144,-0.9464230637767289,-0.012767322852897944,0.0019876709308347396,0.028542638013414723,-0.9137058972412653,-0.031193356789328774,1,0.7963749359627266,0.8753267040558073,-0.5162681591706423,-0.04008786195519405,0.45950357237787426,-0.962538749750734
1920-08-02,1,1,-1,0.05483636951181492,-0.035162763453501555,1,-0.9332725899134946,0.09194904925895886,-0.9406700713029162,0.9613522275623849,-0.13627857657409492,-0.07233943227089734,-6.186028418765366e-4,0.902479332327409,-1,1,-0.8721014609170401,-1,0.9429575921528079,0.9675786178659446,0.966992389593694,-1,-1,0.09652868550391713,0.6784905870037622,0.994208950360065,-0.44253650028356495,-0.04809635732716555,0.4727863248706711,-0.9491327288071587
1920-09-01,1,0.007185969018359439,-0.011697631162642996,1,0.8584075653689172,0.00447976012578688,0.05336376955764366,1,0.011367305867012623,1,-1,0.8637046345631796,-0.9675727461176565,-0.04343973915327204,-1,1,-1,-1,-0.03927000097641342,1,0.02640335472458344,-1,-1,0.9866305037548757,0.855296193112018,1,-0.3634071821231595,0.018595521367628293,0.4927847314926958,-0.9417581466153139
1920-09-22,1,1,-0.9351880070389728,0.03553286789825605,1,-0.9934009124913113,0.9744514749617236,1,0.9557440355576451,1,-0.046322220064077824,1,-1,-1,-1,1,-1,-0.07268506445859702,0.9098898484967016,0.0891110491939755,0.9737999179631126,-0.07258178175143115,-1,0.06894074783499637,0.7542572249484942,0.9690997138876326,-0.32989767763262545,-0.008884100967495784,0.4562253059857833,-0.9730809405493009
1920-12-21,1,0.003928169917945645,-1,-0.926870882022222,1,-1,1,0.04459451190680919,0.02166028597243852,1,0.8914926223480222,1,-1,-0.05295732886169702,-1,0.008557310902428283,-1,-1,-0.07167243720062477,-0.8904697891145184,0.023613007207694547,-1,-1,1,0.8600974412171452,0.9815520150782111,-0.35867563390603785,0.041221272197788754,0.4444620634509079,-0.946065039945136
1921-01-01,0.005157701829415107,-0.9164406247473323,-1,0.061737432463232045,0.07801769766732547,-0.05765444978199419,0.023975608608196253,-0.9348036743798587,0.966448156004013,1,1,0.01260025443503332,-0.0149006156653404,-1,-1,-0.9742086405976059,-0.09656324731056987,-1,-1,-1,-0.904296601814899,-0.003207601583864017,-1,0.031019677943920243,0.9276072622544818,1,-0.3773587272744257,0.01297990171281355,0.45255080979804974,-0.9422119249802062
1921-03-07,-0.9513897796253574,0.07273405288067614,-1,-0.9200350762232696,-0.8694121607797064,-1,-0.8911684739490605,0.013113369357718785,-0.02278319400734108,0.014362893972135415,1,0.9860734555501288,-0.9386884084706014,-0.05393022737204756,-1,-0.1290989243844648,0.828099236805638,-0.001470914941793633,-0.016563498722978798,-0.026849486244353016,-1,-0.9640092257860606,-0.15181801378221138,-0.8793028494304523,0.9632671427621978,1,-0.37323667782067627,-5.212925268006062e-5,0.36418699643486896,-0.9237259152213626
1921-03-20,-0.01083331796921072,-0.9246989410518146,-0.02557840235327835,0.05409868801158202,-1,-1,0.06825416230761427,-0.9631717311972253,-0.9692493406873867,-0.9270974180932334,0.03697152527383252,1,-1,-0.9681157620296187,-1,-1,-0.1274851621015063,-0.9135992608403941,0.9769228715160688,-0.9970440319298512,-0.033040371832733895,-0.0858249510346012,0.7441070929804605,-0.03341046449874863,0.7390265501913003,0.9131537460505754,-0.45676919652840386,0.0427082141961901,0.34628385481946317,-0.9624622378801917
1921-04-19,0.9767277764179287,-1,0.9640883347192536,-0.9404961665995529,-1,-0.07233003427687246,1,-1,-1,-1,-0.9455728147237132,0.03156800221091827,-0.00520770765951073,-1,-0.06686226925422034,-1,-1,0.05709353393681116,1,-1,0.9321959183748875,-1,1,0.9543844332305104,0.6123993066200766,0.8672783763889715,-0.44787633609222594,-0.05071820463771856,0.3399212928282674,-0.9238623221307228
1921-06-15,-0.01684766260378423,-1,1,-1,-1,-1,0.09354702910773238,-1,-1,-1,-1,-0.9448354360443987,-0.9266912675376748,-1,-1,-1,-1,1,0.030418486124927924,-1,-0.009525176829140225,-0.02183907005826935,0.02396978374861991,1,0.6388124019945525,0.8470069501493733,-0.497344408093923,-0.11676454299366726,0.32324035283501434,-0.7829389937938861
1921-06-20,-0.9740498569129902,-0.05203968102411971,1,-1,-0.050977424886277545,-0.021601592840812756,1,-1,-9.292549620586454e-4,-0.052847996956547516,-1,-1,-1,-0.038667811188937584,-0.009207264048160857,-1,-1,0.028845411156367406,1,-0.026489519771122128,-1,0.9495413277544258,-0.9496366661724935,0.016539857417103954,0.5062048192343971,0.8592535018669981,-0.5483457933028897,-0.19198478999698373,0.3152713451343224,-0.7735487599421778
1921-06-21,-0.028962451649595877,-0.986590510470871,1,-1,0.9340985119707599,0.9232251655406781,0.029563358951156138,-1,0.9982382684103126,0.9363596751558276,-0.004499515170199864,-0.004229344781590649,-0.00782606605856584,0.9129877431627538,-0.9881584530979031,-0.007682132007671871,-0.0028850071780596176,0.9969064274308416,1,-1,-0.0016442425258827997,1,0.028915146181800466,0.9183267201678372,0.41132904874491444,0.7982656444434075,-0.5658280349733054,-0.1893075142315243,0.3082044321220091,-0.7789085759957295
1921-09-22,-0.9683545877437741,-0.06206162268723581,1,-1,-0.03641808910983113,1,-0.9380385550884132,-0.07671201943890427,1,0.02433634840370058,-0.9636024472010468,0.9740921068595417,-1,-0.07229797508459868,9.93642469456324e-4,0.9869106254274911,-0.9796416320239244,1,0.011810687219273808,-1,-0.9710352223764638,1,0.9877394214850734,-0.05365402326836377,0.2518715426443767,0.7676820138364179,-0.5546707824899625,-0.2001964586724588,0.39723275381632833,-0.7784269656103158
1921-12-21,0.022199952699093473,0.9227516650716832,0.011100704631100022,-1,-1,0.05872335304324827,-1,-1,1,-0.9401680206412065,0.03557176158251185,1,-1,-1,-0.872688400379825,1,-0.027922398315054386,0.012221179433115514,0.9962625309896262,-1,-0.00551511234212021,0.05394941204711401,1,-0.9681417463833227,0.3963282825764385,0.8348152773591992,-0.5665925462553235,-0.15745325403212068,0.45127096781542303,-0.7419588256727138
1922-01-01,0.9794259016071112,1,0.9751035321141359,-0.022028339719669,-0.02751460229938063,-0.90751258015242,-0.05608558217527104,-0.05331835229413806,0.008495768382781876,0.05591017265224907,1,0.060118345889660696,-0.043702344391221115,-0.03172012866882945,-1,0.08007316325768199,-1,-0.9356161151520248,1,-1,0.9468589353458751,-0.891423132728761,1,-1,0.5294925957821762,0.9204808638699701,-0.5006732857010211,-0.12323818890396046,0.4884510081945993,-0.7906482463694052
1922-01-29,1,0.007299614928454656,1,0.9708290382681887,-1,0.08331514608277846,-1,0.9359103255196953,0.976693427213738,1,0.04875106115288552,-0.8731873494617566,0.9080370287391624,-0.9921090529232599,-0.04776884020181227,0.96472159558923265,-1,-0.045738334079057585,1,-0.016471982608764923,1,-1,0.002559516487501523,-1,0.7891815345250865,0.8883821519241804,-0.4983511691543889,-0.12207935736802872,0.46294356042857204,-0.8100399151026149
1922-02-04,0.020284790714185097,-0.9489482197216078,0.06450609301627364,-0.021162105675494702,-1,1,-0.019089056490126932,0.08965672664106228,1,1,1,0.034008144697200926,-0.05809064373357575,-1,0.9480678721880174,1,-1,-0.9853068458660301,1,0.9057402549425257,0.05145417252043483,-0.02120246133259529,0.9752472008077689,-0.05638381263375947,0.4652118587167649,0.8487890805282083,-0.4553331550215401,-0.15460074260999274,0.43757906317471523,-0.8319913332102827
1922-02-10,-0.919679956025362,0.04001927537424066,-0.9194567192700155,0.9453715210782283,-0.019274682281510302,0.04937723984713416,-0.8852599135176852,1,0.05682073466851245,1,1,1,0.9050342145389212,-0.03939507969293421,1,0.007074324186281844,-0.053019887937188814,-0.043930596948539624,1,1,-0.9123086243171386,0.9512049031423697,0.0024560548408883998,0.9091364935883788,0.7641955476164481,0.8672439687869993,-0.49394947649540694,-0.16706045116278792,0.479461469875497,-0.8060363989123815
1922-02-13,0.07836880902063281,1,-1,1,-0.9265789359534119,-0.9256810376051721,-1,0.01491373310281019,-0.8658066473821951,0.003160011518656858,0.029879874381210092,1,-0.0656762575115637,-0.9420427325519473,0.00473429347027754,-0.975824080470374,-1,0.8995531899711374,1,0.016425727801948176,-1,0.04776615917321325,-0.9415113086650174,1,0.5880527338655488,0.9117474556593008,-0.42630266019266394,-0.21376549139004292,0.41069326523730976,-0.7473540422956843
1922-03-20,1,0.06163422311369715,-1,1,0.009434437997692502,-1,-1,-0.9285124727669719,-1,0.8881427668835399,-0.9584921227230911,1,-1,-1,-0.9868193999350753,-0.029271012455960865,-0.05386348265460905,-0.061022744364171544,1,0.9784994688061625,-0.010190586811238633,-0.9449198584014917,-1,1,0.8534166530115025,0.8455558752004778,-0.38130273747944193,-0.2664051112898473,0.40474217573019616,-0.7745495321926154
1922-04-18,1,-0.8937941450272665,-0.005775282570892548,1,1,-0.0365008960508687,-0.00967495461119916,-1,-1,-0.09040799758164564,-1,1,-0.08509439061510338,-1,-1,-1,0.9239639234967254,-0.994165694866868,0.023510957786892273,0.018635088798279242,0.9445932981777269,0.04780682618613774,-1,0.012615167016022166,1,0.8288522369850128,-0.3548120487049168,-0.1979303993550267,0.40228779435319445,-0.7846706175751466
1922-06-15,1,-1,-0.9747555114477534,1,1,0.8692649962116703,0.9733898745341167,-0.060332136099413014,-0.021341874538794103,-1,-0.001594754739351889,1,0.881853342408725,-0.009339365862897187,-0.004571079510252485,-0.03391077233529749,1,-1,1,-0.9665735272455458,1,1,-1,0.9442279018744556,1,0.776250511199109,-0.34661031150582294,-0.1845130121185812,0.3866143365881466,-0.7394642492334301
1922-06-21,1,-1,-1,1,0.07444545399190095,1,1,0.8770820532446688,0.8679427630581511,-1,0.9794854312875511,1,1,0.9562900143902857,-1,-0.9959685688552135,1,-0.1120550603940037,0.001395326902690286,0.005377361620911403,0.057485630287445355,0.016622101085080554,-1,-0.033433389760491594,1,0.885167594367562,-0.3473561450985699,-0.22716977613234807,0.3956391125991751,-0.7141004625863552
1922-07-15,0.0301630752454346,-1,-0.04342222073054591,1,1,0.0014099765849909796,1,1,-0.12125406583591902,-0.047387901359411067,0.028892929881356166,1,0.0017033790846324726,-0.004203899050764903,-1,-0.02843274651955585,1,-1,-0.92879214204484,0.9723830389377845,-0.8759055625666988,-0.9521341735633151,-1,-1,0.6899917225850966,0.8445353699792739,-0.3251994195968418,-0.19292525979951503,0.4126329014854977,-0.7569346502972525
1922-09-01,1,-1,0.9376499769294083,0.05593547347657524,1,-0.971175072272977,0.04591560783220805,0.04066833690737892,0.8297970010539972,-0.9876038473775807,1,0.02407047146578789,0.94407658046321,0.9790066623647584,-1,-1,0.026493983581648006,-1,-0.005875384603364897,0.020854273035442294,-1,-0.008100014941548994,-1,-0.01190554904217378,1,0.8080180407153175,-0.423385465703936,-0.18643960327599343,0.4240374574847099,-0.8143031124858151
1922-09-22,1,-0.07249629666584889,1,-0.8598222850670554,1,-0.014608098853848839,-0.9105990770279394,-0.9446256990854202,-0.14056701621268775,-1,1,-0.9005130945836626,-0.025470754017758335,1,-0.02745194067535839,-0.03839245029447769,0.9663245902526157,-0.03499588978218893,0.9459420203034964,-0.8786105155432304,-0.06742779088199669,0.954141571480711,-1,0.9614103366523216,0.6092103145094789,0.8335419254200516,-0.4011908111314033,-0.24317216195811978,0.3558185006517933,-0.7598041269878206
1922-10-01,1,-1,1,-1,0.06104497718302726,-0.8922148717720769,0.08528143681824207,-1,-1,-1,0.0041861530256105395,0.05580549575026705,-0.9980444698556994,0.030973415001477544,-1,0.9614697029049492,0.006413706481095294,-1,-0.04991454671705686,-1,-0.9876598254027451,1,-0.013157093272336606,1,0.09171261191857882,0.8215808306616589,-0.4349551912255633,-0.2632385181069948,0.3364407761508624,-0.7751156940225136
1922-12-21,1,-1,0.023966151653057377,-1,1,0.10753057308518421,1,-1,-0.0031210118749228632,-1,0.9772352805773673,1,-0.014281385593911455,-0.8996722964211534,-0.004294589618748512,-0.02634231420396127,0.9954774869556333,-0.03058566320486289,-1,-0.054339468631175336,-0.007068655223053,1,0.9332067875647861,1,0.5782618472203509,0.7737142692637655,-0.40333718855997835,-0.293007330521188,0.2981343945555436,-0.753373725247285
1923-01-01,1,-0.05509144509715613,-0.9470561787603651,-1,1,1,0.02124044739593922,-1,0.9667286540684326,-0.004131952482293144,0.11015441550905658,0.0017535229649913164,0.9235836289351778,-1,-0.9290488359767457,0.9022915694775796,0.02036314258708094,-1,-0.03007133266681583,0.8911751298177363,-0.948556577801747,0.007076904589425115,1,0.0019600212750139345,0.08339805394945093,0.7619550972754341,-0.30498566833823715,-0.28212707693530265,0.2607970276217738,-0.7900682985742571
1923-02-01,0.014118255686113246,0.9068125337050054,-0.015220295634788772,-1,1,1,1,-0.010451246177299311,-0.01647751399483932,-0.9913529618403755,1,-0.9554788110111682,1,-1,0.043358323661239484,1,1,-0.01149153723792995,-0.9603455662289385,-0.10646792707692498,0.049643438065235856,-0.9325012661813532,1,-0.978688681079545,0.5232215362048435,0.7884371156096195,-0.2863447259696418,-0.2644973456966716,0.16659918579873884,-0.8305236498488096
1923-03-20,0.9649028815104526,1,0.9829099160525631,-0.060409761145716834,0.045288135022316434,0.019743381518048553,1,-0.9406029425861568,0.9415897580745552,-1,1,-1,1,-1,-0.9536235354799685,0.015928419685194872,1,-0.9774088640271968,-1,0.8777154924273164,-0.9210057752152926,-1,1,-0.022721225375853638,1,0.8853648104476151,-0.31830177308008917,-0.28718646832264094,0.18563522687183007,-0.8358930184684717
1923-04-14,0.0014652840448874382,1,1,0.875610210902341,1,0.9620756874649096,0.01494168319926803,-1,1,-1,1,-0.015864725338103347,0.0411788557450099,-1,-1,0.9448419669006973,1,-1,-1,1,-1,-1,0.0677616920789964,0.8679826604980778,1,0.8442465727267421,-0.28839083958925277,-0.2558541964209127,0.24208032617026487,-0.9368349723303291
1923-04-15,-0.968560429928651,1,1,-0.10829888474995819,1,0.03725105588066413,0.9116381974942358,-0.01809733970471683,1,-1,1,0.9758241605857405,-0.9564828687246697,-1,-0.03345317357325761,1,0.00983377277623787,-0.015707744729862916,-0.10095744595833644,1,-1,-0.00925061724589793,-0.8852006850973775,-0.0910254222465613,1,0.8860351402237048,-0.3581379504231325,-0.25642994662497987,0.18577138511492547,-0.8573521106446602
1923-04-16,-1,0.02177607487509836,0.0038941049536860284,-1,1,-0.93699777055162,1,0.973146995437516,1,-1,0.07251981361504523,0.04677133674514422,-1,-0.05935264507279969,0.9102401510456837,1,-0.953919690180488,-0.9369111687097789,0.8769213679286977,0.158796484536613,-1,0.9171831593484194,0.03965598143188498,0.858640062390412,0.3479087532148859,0.9608445301107095,-0.3475091727166921,-0.32505420689241304,0.20527152139939292,-0.8302628652504561
1923-05-01,-1,-0.870821278948824,-0.9624512618340343,-1,4.517170947322402e-4,-1,0.02982868042356912,-0.021252604602454372,0.03392198881327957,-0.08628343579540021,1,1,-1,-0.9793706612122647,-0.02834379564564793,1,-1,0.051100962174571496,-0.1121423779421844,1,-1,-0.054532193838658594,-0.8409422855483902,1,1,1,-0.3174731469584976,-0.3544077227822682,0.12533138048256603,-0.9023919129184574
1923-06-01,-0.0028778319744131586,-1,0.0065025931674626,-1,0.9067075405286082,-1,-0.9251038102410923,0.9147789209137885,-0.8676000660992418,0.805015361410441,0.04891946459448626,0.04398161610501805,-0.05534412985797743,-1,-0.944978089651931,0.044919256773287786,-1,-0.852315157005978,-1,1,-1,-0.9992707818482903,0.13356044492810282,1,0.2927319951898435,1,-0.2926937645465031,-0.3934642354686628,0.1534974513967608,-0.9122754288762984
1923-06-15,-0.9810511408480924,-0.0024641408907957185,0.9954271319438175,-1,-0.08527792355756436,-1,0.0723561838371477,1,-1,-0.13743808049138295,0.9512152104492945,0.9996929192600903,0.9376259514701564,-1,-1,-0.9236450090981358,-0.08308658371189692,0.12999133944477848,-0.05626627128350914,0.0439897112767319,-1,-0.01550060854782298,-0.8399346608346494,0.05649026895741349,0.8880960029348149,0.940411655216057,-0.20200423921255578,-0.39044210465441914,0.16622761444920756,-0.9497331263926613
1923-06-21,-1,0.9593577653196835,0.0837712094634927,-0.035053724653357765,-1,-0.005397944807500665,1,0.013158216517571986,-0.0292386183982718,0.8160781298445204,1,1,-0.027010782322743898,-1,-1,-1,0.8247370070868545,-0.7684063946938026,-1,-0.8976139660332827,-1,-1,0.11477724894255914,-0.9200371176320107,0.15234772609276304,0.9292777856511861,-0.12410505424992795,-0.3410933369416991,0.14696531620692876,-0.9088276034362414
1923-08-01,-1,0.014261089095747748,-0.8955666940972636,0.9610252359012513,-0.036227843460203135,-0.9074500190371912,1,-0.9529606112655151,-1,1,1,0.10131400271015145,-0.9970650970054065,-0.041046797291106496,-1,-0.046622525102988255,1,-1,-1,-1,-0.11782306742488358,-1,1,0.003472110310409282,0.8581734808120751,0.937115999159243,-0.11782383686062868,-0.3547049681504905,0.13840356014931782,-0.90310097126396
1923-09-22,-1,0.9740275489974106,-1,-0.024813997264108822,-0.9739686103961523,-1,1,0.010143513373785717,-1,0.0717113700862052,0.003965032103400712,-0.8616743672073505,-0.013691595183441874,-1,-1,0.9200582937148288,0.057794402962884184,-0.015027005744503663,-0.0586364808282025,-1,-1,-0.04315678165213377,0.04631827684597645,-0.9769333402085181,1,0.9555996582992379,-0.19905962699876856,-0.35291205160904354,0.15071487549313894,-0.909976576762771
1923-11-01,-0.02499977376959761,1,-1,0.8493646298236704,0.0012326217584526233,-0.0852336459959907,0.0350660319702637,1,-0.06674280265676924,-0.8738893357337015,0.9712740726399365,0.1058553550637048,-0.9908809683041372,-0.06310320345412479,-0.02311912443910369,1,1,-0.9716105608101924,0.9215343675102563,-1,-0.004840473830511338,0.9549835847828374,-0.8589664166599544,-0.03661823187974489,1,0.9717560228045911,-0.12454069749085345,-0.3928286272559195,0.13036452035581603,-1
1923-11-07,-0.950994442481854,0.02770892888461307,-0.07256489817576939,-0.11109683360658307,-0.978083411809005,0.8716798749939023,-0.9153229089653525,0.04008202561160146,0.8837071140389133,-1,0.04762649853399736,-0.8728135117844734,-1,-1,-1,1,0.024051377031288346,-1,1,-0.06045904871245655,0.99400260055136,1,0.09249584463611904,0.9010559201260616,0.24061097523607666,0.977297366959633,-0.11157841144754033,-0.417453913135112,0.15715926177285752,-1
1923-11-09,0.027826832575986837,-0.8651157045076898,-0.9888636908539021,-1,0.002273382048042394,-0.1046794946994064,-1,0.9460005242988397,-0.086459586621901785,-1,1,-1,-1,-1,-1,1,1,-0.049908483003733406,0.03747676840462155,-0.9762855580102671,1,0.0517557457989154,1,-0.08858413048637592,-0.6252878776042098,0.902042813862376,-0.15203474101715284,-0.4438308188714688,0.17721485672141118,-0.9752218644436389
1923-11-10,1,0.1315519786030216,-0.03663724225101528,-0.05407556236530342,0.9993744561610624,0.877087028522829,-0.039501695900378,1,-1,-0.09820901174557484,0.05540355840226707,-1,-0.020751366266613225,-0.025453138094908123,-0.04153700279176087,0.08330996086242004,0.05908713924453157,-1,0.9235710803856565,-0.004729069410586373,1,1,1,0.8350939782089803,-1,0.862448253626306,-0.12551820207015715,-0.41932534135815247,0.2158823611825175,-0.9229548229971234
1923-11-30,0.03446011337704724,1,0.8596430480388463,0.9053366107636639,0.06149698481034904,1,0.9168836594515242,0.008371087704989177,-1,0.8700311923154451,-0.9214193802101469,-0.054630644425893604,0.9281334375933029,-1,-1,1,-0.924142325029844,-0.06693852557046742,1,0.9019663084860117,0.02692771030647012,0.0024520143623446566,0.004297613706999326,-0.13212736932778513,-1,0.8590240546221471,-0.04878803030235186,-0.5101299667506323,0.21220937418840208,-0.9257163817600397
1923-12-21,-0.9268021790803231,1,-0.1199630295802333,1,1,1,-0.05217790407821177,1,-0.0030838835586775026,-0.06969892822041479,0.07575734842291404,-1,-0.029597199625013837,-1,-1,1,0.07515980851079784,-1,0.0534954853077223,-0.02904077341609823,0.9994928170325509,0.9938854450738253,-0.9528475963232205,-1,-1,0.916134988190156,-0.0557836917745214,-0.5226662110575896,0.22682116491567944,-0.9091731298543249
1924-01-01,0.04217698175625928,0.022224065278593996,-1,0.06573322725249697,1,0.031444563493143174,-1,0.06913874121906771,0.9568097412223184,0.889618789210548,1,-1,-0.9678940131803884,-0.020152918665561126,-1,1,1,-1,1,0.9642582353506729,1,0.03371102306541507,-0.08992413681643396,-1,-0.08481400868122058,0.8534985219006842,-0.12197815775411902,-0.43891924387847525,0.21316422765542462,-0.9911385597255875
1924-03-04,1,1,-1,1,0.023732062518113328,-0.941987216945856,-1,1,-0.0288977056569093,-0.08920890160104189,0.025803213323656538,-1,-1,0.8903832443680837,-1,1,1,-1,1,1,1,1,-1,-1,0.7218690149488844,0.9070043578641439,-0.1281616926155603,-0.4232812034035653,0.18792816863800987,-0.9286757725263385
1924-03-20,0.006309031751754346,1,-0.09194567464500314,1,-0.8742231162314832,-0.010456720652224027,-1,1,-1,0.8197439910127042,-0.9437607719268987,-0.09566635199238349,-0.013441552949183255,1,-0.015083815951089652,0.03374563560397781,1,-1,0.01932429456183027,0.009670368313616229,1,0.02859839511752249,-0.03293156067091674,-0.013445800774792738,1,0.8769000790560794,-0.060077134805871235,-0.44376198173324555,0.22762469413312714,-0.863479977867265
1924-05-16,0.8932289739895853,0.03303930211235184,-1,0.036362543459515506,-1,-1,-1,0.03848905747757625,-0.05622663623153801,-0.12072152820253823,-1,-1,0.9314744212035582,1,-0.9912541523987012,-0.885305102717315,1,-0.0729725335293252,0.9550031609733829,-0.9698812555788162,0.023545534188143757,0.9954954059350827,-0.9870279227429358,-0.9943233827132061,1,0.9300790347813224,0.005087023181394673,-0.3786542781832394,0.28683446998982703,-0.8955016316954449
1924-06-01,1,-0.9392569747396439,-1,1,-0.049986580933810476,-0.07499932756599148,-0.06245188342011354,-0.9567779750330075,0.8582288588806746,0.8555190363840394,-1,-0.055412161506452895,-0.030605236454685936,1,-0.05571612439368123,-1,1,-1,1,-0.022084531478325786,1,0.026538024096148582,-0.032916012298489394,-1,1,0.8377311841200398,0.05377123542437969,-0.42667794274533577,0.214835229891508,-0.889376527065082
1924-06-15,0.03870262178355932,-1,-0.06781136306080948,8.259391061217203e-4,0.9425953025740086,0.9099873613317837,0.9287324356562952,-1,1,-0.09815296347806901,-0.018890605728253407,-0.973544683738794,0.9629772798760519,0.012487423525459729,-1,-1,1,-0.009845770321360359,1,-0.9159551531030408,1,-0.9265736404842253,0.9582337549552357,-1,1,0.9318459550021108,0.0863873464986869,-0.37926426462822665,0.2791890107655127,-0.8535097995218152
1924-06-21,1,-0.04499161079300851,0.9096973019002619,-0.9625367683102852,-0.04934275298918944,1,-0.06168840580604773,-1,1,0.8733350822755751,0.9375455393235639,-0.02026555462965629,0.03562664580937469,0.9750507893188392,-1,-1,1,0.9515776708156656,0.06123079166949208,0.01574283455617098,0.03741393505874657,-1,1,-0.0198283232233325,1,0.8165761932579751,0.09398540959928846,-0.41124434064697324,0.18462236595310466,-0.8182030665539781
1924-07-25,0.013567207815003868,-0.9757901369893729,1,-1,0.950620664410398,1,0.8667650319872586,-1,1,-0.053385579171832176,-0.051972734165272594,0.9038547455062232,-0.9499323544912751,1,-0.08126612031733094,-0.005997586744884709,1,1,-0.8732906533927688,0.899126220214064,-0.9307407480368961,-1,1,0.9494381348229115,0.18854162660263096,0.7551675213222613,0.09378839014257698,-0.43551934719946417,0.16257358222938528,-0.8450044051051199
1924-08-01,0.9988882896022357,-0.01410127192234989,1,-1,1,0.07277767323320272,1,-0.06931290622041097,0.05963965250488168,-1,0.9400675830482631,-0.0027847877297664247,-1,0.049666013162455114,0.8959087527040036,0.9762727338950546,0.03398093204738972,0.03643702584249087,0.10083078765789144,1,-1,-0.02288825609169487,0.029672394843947014,-0.01645021246249201,1,0.8110301919522767,0.13495560827616004,-0.35605811712936625,0.12385084785314884,-0.8477442384989392
1924-09-22,0.006854724159526926,-0.9874876480302797,0.17272237664177414,-1,0.014626440598335289,-0.8942641743020165,1,0.8366477068810001,-0.8785366942839485,-0.021295442448691526,-0.04737931953651264,0.9771189150944453,-0.01359356248517729,-0.9284699921776092,1,-0.01728138672521018,1,1,0.9916199191062645,0.04519299217072115,-1,0.9416536751780273,-0.892625962376062,-1,0.06666041950045809,0.6906331871064977,0.17232827880073118,-0.27862616096755255,0.1571871984817108,-0.8559272486685569
1924-11-28,0.9769678905967144,-0.06554769059206811,1,-0.08988821166620775,-0.9328047956389992,-1,0.06251966888281779,1,-1,0.9581628292940881,-1,0.05628178601994338,0.9280884395541839,0.03671758682168025,0.03712155825812946,-1,1,1,1,0.975898645150846,-0.07700033787522342,0.02014727695029339,-1,-1,1,0.8932967700087571,0.1706917321954335,-0.2615468739953945,0.0459823516237132,-0.8524352822319321
1924-12-01,0.06362567340888703,-1,1,-1,0.038629592398479407,-1,-0.9154965189210814,1,-1,1,-0.0012665501376279975,1,-0.008853762798656906,-0.9507875952620223,-0.9108429789920323,-0.031237553468377532,0.08140268994845135,0.08008246434315158,0.06390361433905933,0.01775647491748855,0.8994316369555232,0.9155839168825354,-0.01888033525330235,-1,1,0.7519404200134264,0.22646356111011534,-0.23349416530972414,0.04531953146324119,-0.9331875417465684
1924-12-21,-0.832703336171677,-1,1,-0.004055965180855936,-0.9252174241865286,-1,0.02035959923592745,1,-1,0.016843441268159953,-0.9457752502076449,1,-0.9900216933546209,0.04496189373630988,-1,0.9653677100832039,0.9963444040893789,-0.8253861188352156,-0.852514180232046,-0.9051099219558798,-0.042271425541756,-0.07751828124713134,-0.9310513930174151,-0.02034846687147085,0.052999817548796124,1,0.2326557073333671,-0.30359238873595906,0.1714919635148103,-0.8987804929812381
1925-01-01,-1,-1,1,-0.9183021680201171,-1,-1,0.9680761814968419,1,-0.05622450387376854,0.983864842719309,-0.020156222657178202,0.053216724609568056,-1,-0.9365283982546552,-0.03754973901629244,1,1,-1,0.10760050843716651,-1,-0.9940572481344657,-1,-1,-0.9944907150564163,0.9581474508783042,0.837861365946746,0.13092675402672546,-0.30381700761972336,0.17288850310096038,-0.9150349879225691
1925-02-01,-0.06794114131929396,-0.010825039574237305,0.022426879857289084,-1,-0.05375020310117251,-1,1,1,-1,0.08236216539494146,-1,-0.8992529524791247,-0.0070083413132489,-1,-0.988438185446133,0.010472214825342996,1,-0.028503065230722213,1,-1,-0.06100893019933562,-1,-1,-0.043039911219469706,0.0032006044433978698,0.6506401493537358,0.10284472507430115,-0.30906574409857446,0.18910254910222307,-0.9750147880645159
1925-02-28,0.9067319183971339,-1,0.953047645247613,-1,-0.999253649896454,-0.0030415528275460346,1,1,-0.09335819542350698,-0.9082156074147192,-1,0.05757597367048761,-0.98466937070223,-1,-1,0.9960664299776492,0.04594620518840309,0.9509538552763037,1,-0.003390234740066389,0.8809719008604022,-1,-0.01823950092314164,-0.9632313604664302,0.9778146313919837,0.8160286740190539,0.14864893310433272,-0.34048720595258214,0.1353236918159454,-1
1925-03-20,1,-0.027226724187548013,-0.02737508129025734,-1,-1,-0.9437926962935617,1,1,-1,-1,-0.06407519471495604,-0.8910152517719337,-1,-1,-0.05418434604893063,0.0016596993191446696,0.9708094791691709,-0.014630346896476798,1,-0.973720434893555,1,-0.06429701168632851,0.9636076618718222,-1,0.020006461671092768,1,0.08571996873748607,-0.38966573458144205,0.11559232946619422,-1
1925-03-30,1,-0.9298192311229271,0.9630359559799191,-1,-0.07299145670154383,-1,0.10123343344550806,1,-0.08528205457422122,-1,-1,-1,-0.011730943533126093,-0.04540215548256321,0.9195229273869882,-0.9860761142995657,0.01115768497270464,-0.995274450282207,0.06573846258956584,-4.225144958960314e-4,1,-1,0.006180580399506974,-0.013572053497625913,0.9351071754577432,1,0.08692963850448643,-0.33441826301248084,-0.028281830686725573,-1
1925-04-04,0.008343307409814704,0.04096404225033179,1,-0.09177741588730992,-1,-1,1,1,-1,-1,-1,-1,0.9447012722069353,0.9542408253644835,-0.002455918257412981,-1,-0.9666581710567544,-0.03654876719632605,-0.8622807060101901,-0.9796568702290231,0.03958405823386224,-1,0.9969456853196825,-1,-0.04722033568588857,0.758607958301122,0.11401963283121158,-0.3061149989578057,-0.024934675611323454,-0.9850764496057518
1925-05-15,0.9465559378413018,-0.9225030419770927,0.007078879986597286,-1,-1,-0.08799692420110872,1,1,-0.08198966979039801,-0.034031264866151933,-0.06494046432766976,-1,1,1,-0.9344172865515955,-1,-1,-0.9787905400408856,0.1374478921254687,-1,0.9844163343908874,-0.04616317348388521,1,-0.03189258204539647,0.9179388529341072,0.48136113979785516,0.15157205400953577,-0.29583798727924887,-0.07584132218505626,-0.8954464345586055
1925-06-15,1,-1,-0.9134000886535257,-0.015780275081246575,-1,0.8963889255996905,0.04054819720074665,1,-1,-1,-1,-0.02717152227532149,0.07206037942933463,1,-1,-0.05444266195934844,-0.0010867741493092442,-1,1,-1,0.030453788563815087,-0.9478168106256852,1,0.9410650781743987,-0.011966682448108057,0.2938372109328655,0.13540795507755354,-0.25679372770262604,-0.16845905087064875,-0.887557649133168
1925-06-21,0.048813714355688376,-0.031487559753242356,-1,-0.9687494154834627,-0.01954532371268025,1,0.9788896192057446,0.0674761980675066,-1,-1,-0.0339146860877072,0.9344951427016258,-0.8752511102006977,0.0032893607132491454,-1,-0.979602226562933,0.9661981877885373,-0.018459691286380697,1,-1,-0.8891590954137248,-1,0.0023230337052367878,0.011682406693689695,-0.9235070877753565,-0.0523123100634198,0.06993004267546361,-0.2168165829808835,-0.21852877873400314,-0.9043477307379848
1925-09-22,1,-1,-1,-0.016166191246407613,0.9424436059283269,1,-0.008286647376755107,0.9550056303964048,-0.045589924353475975,-1,0.9113197059591042,1,0.07871817627923383,0.9405490120710823,-0.09940873163165542,-0.03170286843932524,1,0.918660059012403,0.055376994068523255,-1,-1,-1,0.9938429439132799,-0.9468757492193901,0.06423911497995893,-0.36992227791956594,0.04847069773248072,-0.24694366074102028,-0.2155563222273351,-0.8852733656147767
1925-12-12,0.010263486026895974,-0.02150825982676907,-1.334211431819332e-4,0.9349136289269567,-0.051749542743681154,0.02076796926771829,-0.9148890603588085,0.007309860552287328,-0.9692420398661344,-0.03821610633119188,-0.08179479824133029,0.03432015716579395,1,1,0.8999046837736293,-1,1,-0.07808701174022703,-0.9131217892944119,-1,-0.01068455612996444,-0.010019950046060933,0.014666133696505823,0.006345562706690178,-0.9077637675810494,0.0030072310383615908,0.006259974563143117,-0.29380577413770964,-0.246045024296477,-0.7997787070798801
1925-12-21,-0.8889516610360247,-0.9840877608377812,0.9372189591440766,1,0.9110401843441822,0.9894150224055431,0.036372356119661386,0.9395989497643706,-1,0.9515842287537533,0.9051339952272988,0.998932979703074,1,0.036340162710654655,1,-0.02254733063147818,0.0054857761911001335,0.9082345792613454,-1,-1,-0.997350432567881,0.9835966229380619,-0.9097338070455548,0.9438432946620022,-1,0.3086660012624989,-0.011826351762283333,-0.23955777048012195,-0.23909327205531827,-0.8070344657107129
1926-01-01,-1,-1,1,1,1,0.028253741745260852,-0.8822289363145,1,-0.06445610590217732,-0.015993350535644435,-0.09031062247502286,0.023211515362511537,0.08598708580632963,-0.9448617086267815,0.03094284618207388,-1,1,-0.033012806683173856,-0.028665097489807057,-1,-0.006753743785636868,1,-1,-0.005301679958662153,-0.030227189068290694,0.6744012153710564,-0.03585744217706476,-0.22470256840542532,-0.294995016585489,-0.8261969174706345
1926-03-15,-0.06648633055689823,-1,0.03365618751762822,1,0.06425561464315233,0.9674906740888074,-1,0.08982295835052079,-1,-0.9702438984653583,0.8965954538509334,-0.9413883922159154,1,-1,-0.9289444792986363,-1,0.038492486154817485,-0.9656253413058681,-0.9687680890744971,-1,0.9672421638329658,1,-0.08117531739627137,-0.9950607687635956,-1,1,-0.06891416060607748,-0.1661556520658526,-0.2760117018671024,-0.8495185876951912
1926-03-20,-0.9772344115415265,-1,-0.9474067705851128,1,-0.8443772818548527,1,-1,1,-1,-0.006793779885966966,-0.09128057905849463,0.04515422117298917,1,-0.021458237282679815,-1,-1,1,0.013019497209394215,-0.0021611327543525904,-1,0.0051117420009993975,1,0.8749802323002916,-0.028781220124557638,-1,0.5723474888872562,-0.12333290013089127,-0.16726891000949942,-0.22414972047870785,-0.9250359002238949
1926-06-15,-1,-0.010683855997092317,0.00785523034556701,1,0.0802075874980046,0.16579847444071116,-1,1,-0.016496934059068713,-0.9871323560877456,0.8912064678091737,-0.9498772415149954,1,-0.9562272271014153,-0.04285793079524869,-1,1,0.994142120626975,-0.9841707754715738,-1,0.995867161970746,0.028924785466771796,-0.10450817817950186,0.9307795117670149,-1,0.06179124529601243,-0.18732695558096443,-0.1328073647500075,-0.27551347654974084,-0.8997130178869439
1926-06-21,-1,0.9288389386618736,0.9983903040464768,0.05373796387466245,1,-0.8269449280728759,-1,1,0.8886918126801842,-1,1,0.010493913896620355,0.035383037763135006,0.012163131427909035,0.9360477559043258,-1,0.05211103810757156,-1.5979741543203918e-4,-1,-1,1,1,0.8545850016591514,-0.02783310124470495,-0.047277402185180284,0.636903336975584,-0.31598381507674456,-0.07969556726804963,-0.23243618113377706,-0.8914183545023363
1926-10-01,-1,-0.05884518291309215,0.01432417498870786,-0.8746540091768181,0.039260012061175686,0.14071530598453585,-1,0.0242019598260641,1,-0.02293994633291352,0.005111523362393622,0.9673713567574325,1,0.9865219740738997,-0.048761211893228795,-1,-0.8726145236788001,-0.9883158215595124,-1,-0.049525732129832245,1,1,1,-1,0.9121660077751856,0.09908329480608202,-0.2472893219220867,-0.05058676163017571,-0.29296392415406936,-0.8024178435533089
1926-11-01,-0.02311505501550215,0.84748515126478,-0.9777238336480404,-1,-0.851170438468117,-0.8082848587250367,-0.031619184011045354,-0.912948421616533,1,-0.981578198934614,0.9922705365113382,-0.01956089903829672,1,0.0011655679093743876,0.8976103477071626,-0.005110423790147034,0.0805691362675709,-0.07945484479427634,-1,0.9244910581892017,0.015557223168567558,1,1,-0.04505304344388228,1,-0.3366885458720574,-0.23170898685387006,0.006650719546580322,-0.29541866603358086,-0.8323622148990267
1926-11-20,-1,-0.12957498286126934,-1,-0.009297992614521022,0.09999613424983111,-1,-0.9804178994023511,0.028699329047069955,0.06232303288416796,0.0127310805824985,0.04252736351698261,-0.9775724243498292,0.021256487794268697,0.9562814381520685,-0.09449663669044817,0.9259162491033142,1,-1,-0.05444121437066651,1,0.9724258845202414,1,0.039522160286197705,-1,0.08056874971900951,-1,-0.20283033707326503,-0.05192020986314717,-0.31613902338479677,-0.8319123507431045
1926-11-25,-0.06382336776734376,0.8606921879202446,-1,-0.925507474840951,-0.8890429435777661,-1,-1,-0.9686162830491583,-0.9249033814555124,-0.9497655034500037,-0.8754809626226733,-1,-0.9428856405872059,1,0.9026296271922509,0.030983895560840802,1,-1,-1,1,1,1,-0.9471598973058939,-1,1,-1,-0.14453039663362155,-0.06279909433025985,-0.26782105236005765,-0.7708128454347921
1926-12-01,0.8122459413995377,-0.11388345670608546,-1,0.05613269647454855,-1,-1,-1,0.0032941243253119534,0.034595790981077235,-1,-1,-0.028860240663765246,-1,0.03326675609856389,1,1,0.0933106118404412,-1,-0.030790387270397956,1,1,0.02047473174926495,-1,-0.0011823198521366818,0.011691999209521242,-1,-0.07466805710087426,-2.2918362663722214e-4,-0.33259909588368486,-0.6707643585295918
1927-01-01,1,-1,-0.05672194292548449,-0.9144637345727418,-1,-1,-1,-0.8983635277318553,-0.9542939546705599,-1,-1,-1,-0.03673355511597365,1,0.05032535160111018,0.022304357807703235,1,-1,0.9637170983773135,0.028244915537850246,0.006068844144795471,0.9929288866356047,-1,-0.9770817485674883,0.9389064819738722,-0.271455578085652,-0.06640824039389794,-0.06299311702380837,-0.35078482159228846,-0.6698555125148001
1927-03-04,1,-0.02613535838681369,0.8888726844028328,0.043215002916345835,-0.042015420348879506,-0.05083078485435677,-1,-1,-1,-1,-1,-1,-1,1,-0.947623909192039,0.9834830158729513,1,-1,1,1,-0.961540737125292,1,-1,-1,-6.740092266841469e-4,0.3941798389069193,-0.16487615907954228,-0.05752554738456578,-0.2894039827824332,-0.7058454280397363
1927-03-07,1,0.87906443229840725,1,-0.9297403406943685,-1,0.9212336756210883,-0.006317750665419841,-1,-9.896654861419885e-4,-0.05838071814638457,-0.03521264872024077,-1,-0.12007376098402378,0.02236273496181429,-1,0.01049142920144841,1,-0.0028148997668799858,1,0.0982334171602488,-1,0.038244952605380966,-1,-1,0.9403724292965052,1,-0.23034153791654582,-0.01971710119443655,-0.28171677326619676,-0.653167639416208
1927-03-08,1,1,1,0.024852584721010373,-0.05374829066710829,1,0.9584911233676269,-1,0.9538612621532914,-1,0.8772688452629838,-1,0.8767433218718659,-0.9595080205015478,-0.08062339234439164,-0.958687723554489,0.02840119382120898,0.8808150279417604,1,1,-1,-0.8779398733140339,-0.031100647905873524,-0.03142264038095044,-0.010352308782829667,1,-0.20826931733785756,0.04368383867830215,-0.26960192386670145,-0.5550493394493684
1927-03-20,0.006385860833116541,1,1,0.9745263884364214,-0.9984755553005866,1,1,-1,1,-1,1,-0.01996149963667415,1,-0.04410387224644885,-1,0.030511043502250534,1,-0.09184918022776922,0.040416231875128994,0.0753149366042648,-1,0.12113087894793007,0.9644592564650633,0.9445401753191247,-0.9824652156337853,0.2528954287797477,-0.22465152622072262,0.014921583406230197,-0.23735036046064262,-0.6031793865408955
1927-04-27,0.969862820705489,1,0.055915040384051484,0.025773608574485185,-1,0.12388114880628132,1,-0.027433703012470834,0.0661221635054674,-0.09159491089621619,1,-0.9656148303899872,1,0.8726718630853852,-1,0.9210975362684709,1,0.8830549307244621,0.9923379059000038,1,-1,1,0.08788408142929627,1,-0.04670190178760991,-0.42608712500477053,-0.1381303253201897,0.033206635364689915,-0.3179305336622657,-0.5840507975608797
1927-06-08,1,1,1,0.9781200320996225,-1,-0.865781219957051,0.051988000332503725,0.9495957153370697,-0.8657591158622181,0.8253544716204355,1,-0.011314259460857623,0.0715163600757851,-0.10623707749900535,-1,1,1,-0.08544829280106947,1,1,-0.1529106199687318,0.045047396974497333,-0.8237621683431255,1,-0.9850322171663305,0.33766877206539847,-0.16206427821851838,0.029683521412814485,-0.22062665553157523,-0.5863607019400247
1927-06-15,0.04339467464250524,1,0.0137194099981236,-0.007007779024414074,-0.09168855853446534,-1,0.9973731898597771,-0.03128164352496132,0.09016865035926991,1,0.06688743182694745,0.9677379860898252,-0.9139519742317121,0.8204407758930811,-1,0.0023908355280893856,0.00507877420792302,-0.9936800387897856,1,1,-1,-0.9286434157186185,0.16913078377640156,1,-0.010091748175248827,1,-0.1455949875363613,-0.030197546997752272,-0.17975344010792535,-0.5795345600896604
1927-07-17,0.9847904457854338,0.0329464559420074,0.9410322998535469,-0.9316437081847098,0.8876322970863842,-1,1,0.8914982265776996,1,0.006188333635044674,-0.8877750886384905,1,-1,1,-1,0.9774765582196845,-0.9681203111290815,-0.010158063489550506,1,1,-1,-1,-0.8112108910571841,0.048006425019184285,0.9843041293349976,1,-0.24212433625825214,-0.10514595984166637,-0.1705551684732599,-0.49279881662805514
1927-08-01,1,-0.93653128881891,1,-1,1,-1,0.09725914879668274,1,0.009021494484924508,1,0.02674946744320361,1,-0.07480260472617106,1,-1,0.0025780025008385055,-0.01152010252442126,0.8737741001565283,0.056369878393678574,1,-1,-0.08883946732965298,0.15675817201217757,-0.9164569224078185,0.09854448597672483,1,-0.30366855486391386,-0.07259424530944963,-0.1817644658306218,-0.4525423957677207
1927-09-22,1,-0.04236743010370203,0.011530108998733524,-0.02700137390586499,1,-0.041931356576628276,-0.8936659783430954,0.025287038993665134,-0.9609907087342515,1,-0.9022042919231834,1,-1,0.027237214488524786,-0.035930759717898386,-0.9581802975905852,-0.9737291688271112,-0.1136775766065149,1,1,-1,-1,-0.8347114786954081,0.06750197012388814,1,1,-0.38339741809370154,-0.15833038252908987,-0.0749222569224701,-0.44851455672634577
1927-10-31,1,0.8668758756686059,0.9458348881496431,-1,1,0.862046688390734,0.08173967759883694,-0.8340537323244136,-0.03804511565485125,1,0.05368667172288599,1,-1,0.9584580224145932,-1,-1,-1,0.8694768362432113,0.0026050821900788224,1,-0.009586929950793799,-1,-1,-0.9177149952446041,0.052781490512282425,1,-0.32577346064469265,-0.10733462815377157,-0.10700968960518187,-0.40181433139923245
1927-12-21,0.03602889029469225,-0.0906431312635898,1,-0.032221146781081345,0.003889279381066868,1,-0.8479991897988015,-1,0.9302081767091241,1,1,1,-0.07415280719627337,-0.0202894558421417,-0.036240253623832985,-0.03163185440850225,-0.07883504600960634,-0.04731212367266302,-0.9655132131256223,1,0.9809171067293159,-1,-0.002256446387859934,0.047807180420851525,-0.9425081846864694,1,-0.22466022110720485,-0.09077514000640083,-0.0838035951417663,-0.29983736811592065
1927-12-29,1,0.8729989364147029,0.03588137518571721,-0.9830622944522586,1,0.04672137329632231,-1,-0.056481067886514635,-0.02955175413151878,1,0.03305220721515345,1,0.8970359304193758,-0.9911413409699067,-1,0.9100077925193962,-1,0.9069544451691461,-1,1,0.02052483719919085,-1,0.9886186262068614,1,0.004152160736216048,0.06781845377519935,-0.19594466592638474,-0.09035610488742507,-0.05573633981296339,-0.28314261670433827
1928-01-01,0.028450982291324922,-0.08479917146557603,0.9697049710723924,-0.014947020843342318,0.010350463948184174,0.9624241883393541,-0.01811800072420111,-1,-0.9753511588082101,1,0.9432577851606252,0.020616577796990443,-0.020049451770271065,-1,-0.012958588104688418,1,-0.05812175330201019,1,-0.02905560689072606,0.03207190814439487,1,-1,1,1,0.9933793143502941,-0.7771131014076793,-0.1551638407308199,-0.08192030673985218,-0.08201392796075502,-0.3825352536545954
1928-02-01,-0.8362716519176517,0.8102906630253287,1,-0.9878449296317533,0.9792328257268835,0.016962085857363918,-1,-0.018051475727388744,-0.017265088366684167,1,-0.04780466491107438,1,0.9237378197109228,-0.03535729240792829,0.974947304563279,0.03659596180783953,0.8920058462223154,1,-1,1,1,-0.0653860414591163,1,0.005309641669992038,0.019265460588616334,0.06750076016102202,-0.10967207685788832,0.00212064745068688,-0.10017079781427636,-0.3245191231122938
1928-03-20,0.14398843197182176,-0.11178715694286268,0.05558638118682524,-1,0.004838430355080692,0.9992423927964879,-1,-0.9928438658249116,-1,1,-1,0.06587833545781852,1,0.903776624706641,1,-0.9543785811612333,1,0.050486556710662156,-0.005621703958037627,0.0675896894409127,1,0.9197809473875949,0.04504864571630762,0.9445202676291434,-0.964516599119603,0.9394091745756332,-0.1310239521884369,0.0060739995024646585,-0.13847734465211778,-0.4074292866681724
1928-04-01,1,-1,-0.9227649778894462,-0.08787758226537146,-0.8758787549235579,1,-1,0.0027128089179745407,-1,1,-1,1,1,1,0.08878962808141033,-0.01251677289412767,1,-0.8861558811000272,0.9119814368673548,-0.8721406197170976,0.02545115951403809,-0.0505760343146211,0.9260486778261894,-0.006884299366510027,0.018418801460038714,-0.05020141481991547,-0.19622047943097687,0.024736148524490402,-0.17885200038546906,-0.4246073559838734
1928-06-10,0.021859478722439096,-0.040273290522884864,0.05863132722779407,-1,-1,1,-1,0.9356059077277871,-0.006315106292538841,0.03182141662076776,-0.061547022431724385,0.04561603689184357,0.009441054769415369,1,-0.893891918370708,-0.9290261795535412,1,0.09450331897087905,1,-1,-0.926009539961395,0.9099156027661888,1,-0.9476891862337441,-0.8753397550931195,-0.939461412452255,-0.12550640431942864,0.003025497249065031,-0.17774201102255366,-0.35876094893177435
1928-06-15,0.9758153379056581,-0.9275068117384093,-0.9141542223155489,-0.011466897914412244,-1,1,-1,-0.06011841943467733,0.9654440850047178,-0.921277249421671,0.8942392309423228,1,0.9749606050760699,1,0.07825623793770864,0.06224365492819184,1,1,1,-1,0.01603977552772018,1,1,0.01676630992436512,-1,-0.060056244475749865,-0.2907486055087553,-0.002929361741849033,-0.27443729047226906,-0.4002927414318955
1928-08-02,0.027460054887500585,0.04859286581159383,0.057791258143889634,0.8929763590024649,-1,0.037671907184065545,-0.09043858776058955,-1,1,-1,1,0.07996455736806052,1,1,1,1,0.020915319566359614,1,0.051859774933720404,-1,-0.9001479350056544,0.041803463757595916,1,1,-1,-0.9879433078100806,-0.42388038616001555,0.008546189458663887,-0.3368070715989439,-0.3657782394955213
1928-08-05,1,-0.9421080635108413,1,1,-1,0.9885369184954425,0.9035449070452108,-1,1,-0.11154754337950479,1,-0.8288487673886258,1,1,1,0.019445446844454817,-0.9734970726757967,0.03056158055653302,1,-0.026766237057974762,-1,-0.9394967390121993,0.04358367952233899,1,-0.026878373471000083,-0.08730234532385173,-0.5445616551515428,-0.012589128560448394,-0.3517447117627686,-0.3391480651934463
1928-08-06,1,-1,0.06604781710213325,0.008834128736999403,-0.058665713279264176,0.07963544653591281,-0.037284978872209384,-0.00834637408193617,0.005301318444295933,0.8165605653446731,0.002511464720979295,0.0932755566958483,0.054378351488491905,1,0.06639544217548099,-0.9329701179287417,-1,-0.8914480007736917,0.05152107061856381,-1,-0.055668076150811485,-1,-0.9067042935238849,0.09926764617408357,0.93358517977663,-1,-0.6762046067430927,0.008947543164611157,-0.3362999031209476,-0.35491546484702113
1928-08-09,0.007857025133258366,-1,-0.8998742546799896,1,0.9310872643000964,1,-0.9619253357660915,0.9890437771992611,-0.9699631371834782,-0.17314974587104992,-0.8915077924989396,1,-0.9335178179620299,1,1,-0.0021174890360304843,-1,-1,1,-0.03863615151967037,-1,-1,-1,1,1,-1,-0.8611730982832273,-0.05374148773641842,-0.33372614800955946,-0.34790621662005944
1928-08-10,0.9955143686928611,-1,0.06101323043698581,1,0.003991962776476399,0.1051851047913952,-1,1,-1,0.8248195416447255,0.009334199678798782,1,-1,1,0.0157700374270221,0.9078804908778799,-1,-0.02023073123268193,1,-1,-0.033024371443130085,-1,-1,1,1,-1,-1,0.013153172705191105,-0.3012929383181726,-0.32101203100615217
1928-08-12,0.02784537635792006,-0.034236948463950645,0.9834456249234128,0.02826014830275947,0.993887799191814,1,-0.10155484769928425,0.0858302248207845,-0.0073677733287970115,1,-0.9542859828131679,0.09161244331217255,-0.03748081033295203,0.0022984177765157376,-0.957245161659564,-0.08166809012538101,-0.015735339805938553,0.9523504323786482,0.04777084490324357,-0.08013019510668762,0.9179523768328002,-0.015858310314410207,-0.052326154929631885,1,0.013299015604133713,-0.09581701291101319,-1,0.0018740681724838323,-0.43780718525780105,-0.32081068666439083
1928-08-13,-0.900514330323414,-0.9842349363954671,1,0.990757773445192,-0.0022326493071248565,0.05835999891927646,0.8767167548011712,1,-0.9626604879781098,1,-0.018474893779943824,1,-0.9908906273009286,0.9756729885723954,0.025108780224452176,0.8424514292661384,0.9655230286969119,1,1,0.8479906317134192,1,-0.9188552381212955,-1,0.024030778461924585,0.9686588186842473,0.8362237229684443,-0.8513226884050434,-0.1398066301027466,-0.422589257095315,-0.2089459406518286
1928-08-15,0.0480134427671719,-0.03637826080325035,1,0.044980540999051466,0.993294744291179,0.9522225215230951,-0.04071790309897416,1,-1,1,0.9754752130294763,0.0442994107477227,-0.08836308048565777,1,-0.9146564663967697,1,0.004856938362219343,0.0028848037205220223,0.03370940463334271,1,0.119356362936762,0.06586923148084856,-1,-0.9678487375228172,1,1,-1,-0.15633337251611318,-0.41011693814495864,-0.16709612695619872
1928-08-19,0.9918960138716019,0.890959601243954,1,-0.887468527933377,1,1,-1,0.05036462702511091,-0.023791328312758098,0.08834695456741803,1,1,0.8957749479655718,0.014846910959723458,0.05954239372558612,1,0.9859704243768954,0.8941455833942061,-0.9232295797590253,0.08998830539910574,-0.8599791909928087,1,-1,-1,0.06391303412321414,1,-1,-0.2606165864837192,-0.38906381007543633,-0.1421021362107857
1928-08-20,1,1,1,0.06331388841006869,1,1,-0.055799693515911186,-0.9192884742030798,-1,1,0.05752067037061981,0.0014064205779934502,1,-0.9653698600099545,-0.8440799065420468,1,1,-0.0858045252843157,-1,1,-1,0.014349282298631527,-0.014645385423973534,-1,-0.9305365343018925,0.10412738338591043,-1,-0.22329899272888107,-0.49807966712986007,-0.15176884870479276
1928-08-21,0.07898923343280562,1,0.08482430034786381,-0.9178165002812447,1,1,0.9089543934550876,-1,-1,0.06964174862465933,1,-0.9813012323150644,1,0.024603691217574886,-1,1,1,0.8253662398978764,-0.0016870363685150824,0.09440477445837359,-1,-0.9540978034824179,0.9546127764667797,-1,0.04070825289349855,-0.8706865296799589,-1,-0.19215738041010888,-0.437386919707763,-0.14888146196760363
1928-08-23,1,0.10738420936594728,-0.8584668209808233,-1,1,1,1,-1,-1,1,1,-0.005963683507948181,1,1,-0.003443999061941372,1,0.046747855087849066,-0.06787419433293063,-0.9628431667759464,-0.9040652660082299,-1,0.041650472145290274,1,-1,1,0.08138267984697323,-1,-0.20440046361009737,-0.4438557754390693,-0.2291547619577876
1928-08-24,0.03143824214477686,1,0.11964446243913995,-0.014399547325249173,1,0.012339341465597675,1,-0.011668168484124997,-1,1,1,0.9596325330259403,0.016071522801338056,1,-0.9595711916194201,1,0.9576972516323735,0.9199340598857138,-1,-1,-1,1,0.020109627520265017,-1,0.004575208896748895,1,-0.6297321841740746,-0.17082695802703746,-0.29455472750374223,-0.19931661283371999
1928-08-25,1,0.09444809344794813,1,-1,0.04495305415593853,0.9421116765448818,0.014073673893292282,-1,-0.01577159740877454,1,0.0022901451148239493,-0.003334832223880424,-0.9535911448789991,1,-1,0.046067674657013,1,1,-1,-0.048809355997641024,-0.05223960891483004,1,0.9598200086179365,-0.04631857143505824,0.9327698722712369,0.04310026025433822,-0.24165781196908342,-0.1961443677750663,-0.3466318667024415,-0.18230758043182005
1928-08-28,0.0556525653171267,-0.8888346945226566,1,-0.01007621383359203,0.9902229401674565,0.009219645826846201,0.9825299233939747,-1,-1,0.08709207369000393,0.9484324949427456,-0.9982652580404616,0.006345441919838324,0.00464668238079291,-0.018189420836911996,-0.8395537020949133,1,0.03529994006153603,-0.02149060712027362,-1,-1,1,0.025481940481129284,-1,1,1,-0.5581989693430284,-0.2560518218588449,-0.24549320473952937,-0.13012973781429052
1928-12-07,1,0.06558789719008751,1,0.856853114007249,0.0033408574687050496,-0.9356874502273436,1,-1,-1,0.9907422480771307,-0.03162444730822256,-1,0.9851313050518209,0.9870338749223667,-0.963499233195811,0.1260516262248249,0.02008221279008804,-0.9340651013242156,0.8496137352977107,-1,-1,0.13753253559642675,1,-0.03447258414280374,0.05018464731860228,1,-0.8902948630888015,-0.2597547575163059,-0.19081971671991588,-0.23722864113081363
1928-12-21,0.015581048181558366,1,0.07632261203353896,-0.11021472318959491,-0.8968106553256311,-0.00429579236943356,1,-1,-0.05107603806253924,1,-1,-0.02458660719275274,1,1,-0.0119583134662814,-0.8107004709227279,0.9913708594418985,-1,1,-0.037173340025264956,-1,1,1,0.9533562597077178,0.9603587786359933,0.0719019431468414,-1,-0.24941604639449583,-0.24659881729377037,-0.20148685271244166
1929-01-01,-0.9825155998656783,0.027167939806867603,1,0.825793184493902,-1,0.965153570525408,0.016056460407015027,-1,0.9200639171991588,1,-1,-0.9263929608814754,0.049276904337695826,0.07517625686841234,0.9687048891108243,-1,0.02965689654693826,-0.02737005884321464,0.03381716679382707,0.961945907791128,-1,0.09727020684127097,0.010789956779408638,1,0.004519623362917002,1,-1,-0.17794940917708446,-0.26539699139543277,-0.19615513320032543
1929-01-20,-0.05639463386570032,1,1,-0.09734091322416005,-1,1,1,-0.0828216911886126,-0.044985144158463775,1,-1,-1,-0.9245274676681391,-0.8356986757016347,0.018530554514192277,-0.07474102822848261,0.9894342138578378,-0.9901311542689766,-0.949590585808493,-0.03334895475381894,-0.010483600682633987,1,-0.9726989829386821,0.007594563004421295,0.990226850310211,1,-0.4958177086703016,-0.17375575371111832,-0.2916908085762548,-0.1615690400492205
1929-02-01,-1,0.018159575624362656,0.06386521414620294,0.8785863458341145,-0.007537396339977631,1,1,0.91174224025133,0.9407668088446567,1,-0.002238264575244342,-0.0590087527381713,-1,0.09058782026549184,-0.9605813845559591,-1,-0.008095878736357975,-0.012351769990817107,0.020829724466120192,0.9345717293093684,-0.9655362736940226,1,-1,0.9292142705796331,0.04256532266225099,0.016321750229529197,-0.9144790840193242,-0.1688301078007629,-0.3202485893165767,-0.1953929381335129
1929-02-10,-1,-0.9786616610046855,-0.8753232033752593,0.017782791866609138,0.9006439045867047,1,1,-0.0574574301476779,0.015344694270862491,0.04376083798398367,-0.9998252286731583,-1,-0.055130661385459634,1,0.03384439632274461,-1,-0.9825766945198695,-0.945123854710889,-0.9469810865896324,-0.04348547899428612,-1,0.014247185644494564,-1,-0.008607242377648427,1,1,-0.4306966111340856,-0.1831133265975468,-0.30327189293710793,-0.1787468303156315
1929-02-11,-0.08633636546645806,-1,-1,1,-0.005748674203652437,0.012766008883863034,1,-1,-0.9613520812906583,-0.8399575149670644,-1,-0.1146242560482722,0.8888412420083985,0.003559989838903266,-0.9270812880116933,-1,-1,-1,-1,0.9112563703855182,-1,-0.9047604096805815,-0.042217566901242454,0.9841476330603296,0.014084040108814144,0.017954155679048123,0.07266134234963934,-0.20820821177112642,-0.34413671296779624,-0.12986170495522473
1929-02-12,-1,-1,-0.051524827405033946,0.0564499085081126,0.9380258285916048,0.9902062818951566,0.017999243112577612,-0.039105150061389815,-0.020712087421468572,0.15608164146385195,-0.012680342107790898,-1,-0.052634047701346276,0.9917802457494329,-0.011809682783335718,-0.05177072571514052,-0.010109974150640633,-1,-0.001317538495419046,1,-4.682526775464657e-4,0.014961848661262711,0.8957652916490579,1,-0.9520449625665474,0.9870481845513385,0.6414086432986181,-0.08380840851028508,-0.4092023398336211,-0.0915094798821964
1929-03-01,-1,-1,-0.9979436320437343,-0.9425416916748329,1,0.008463921568027666,1,0.9266487545841817,-0.9688969664472662,-0.741168459293242,0.9170999828870794,-0.06252224848592325,-1,1,-1,0.9400516253006045,0.9727467626049571,-0.023892997931994175,-0.9993365566831545,1,-0.9648912898535792,-0.9281163437561711,1,1,0.03513150740371018,0.04955643890871175,-0.012284401477275386,0.0478799740362645,-0.3982007303419691,-0.06148166574750066
1929-03-02,-0.018168837841013752,-1,-1,-1,1,0.9880475040624683,0.022079820805861572,0.007639590542231067,-1,0.2519722152381072,1,-1,-0.01534037187103321,0.06398575384693661,-0.003932319121232819,1,0.013136775960600922,-0.951053815436578,-1,0.07176765179050837,0.02061114065436065,0.018055195868399765,0.023767612632516033,0.013629036345775503,-0.9329671053547541,-0.9000829200911938,-0.5879650355328602,-0.006496788474759707,-0.3783870010392492,0.012570956997406318
1929-03-20,-0.9819469744596685,-1,-1,-0.041833332862448946,1,1,0.9825312767386652,-0.970029838143751,-1,-0.7166440508687859,1,-0.01206147681860481,-0.9033194510684762,1,-0.9824243433907056,0.06251571016597368,-0.9375701540179048,-0.13378118725608112,-1,-0.9175398113832248,1,-0.9639796024070117,-0.9485134020642929,-0.950237913915165,-1,-1,-1,0.03041429242777667,-0.306775478013131,0.07874045858757345
1929-04-01,-1,-1,-0.04762222422521567,0.9042698146548321,0.026765956859964857,1,0.014114467797438857,0.021787271537887953,-1,-1,0.03418178827540652,0.9607723794907297,0.04584731150137433,0.005696153367997225,-0.042570768684954796,1,0.05299115291963774,0.8291048028763728,-0.12154288603808816,-1,1,-0.05148478235647047,-1,-1,-1,-0.03779812122425785,-1,0.007893180575332875,-0.2981782372088124,0.06861317651354423
1929-04-03,-1,-1,-1,-0.07981100289747045,0.985623472093956,1,-0.9666232025655566,-0.978138101387539,-1,-1,-0.9458386364065028,-0.0335546793901067,0.9733095565001294,-0.9913608716280076,0.8856701470275239,0.030780138011957225,-0.9340379835084901,-0.13015701390944634,0.8432243027052205,-1,0.002775943184727181,0.8370445565418768,-0.002554813424852087,-0.0787692540524102,-1,0.9274260121286876,-1,0.04539531993496916,-0.28815170052274774,0.11170011578143721
1929-04-04,-0.04036766362357369,-0.0716323873141308,-0.11086365292332001,-1,0.037261212824805656,0.03779977645205068,-1,-1,-0.03418238670657092,-1,0.017244866529931735,0.9024315385444077,1,-0.01944569568347354,-0.0764570917438131,-0.9476391425862926,-1,0.8576467741677073,-0.15141594074632647,-1,0.9970720894183658,-0.08436509265216874,-0.9803651415108333,0.9041094944459115,-0.04093969573429734,1,-0.3228962704961579,-0.020464053929201684,-0.2773657959360557,0.11644613136822411
1929-04-05,0.9038528357142801,0.8396808665527692,-1,-0.03146308815905208,1,-0.947630108763925,-1,-0.01395857225563335,0.9258616989155622,-0.009639447341683094,0.9963699926987563,1,0.049612239782381606,0.9649424042648054,-1,-1,-0.07790565871664867,-0.13123831127894725,0.7982943987889014,-1,1,0.9003618053795147,-1,1,0.8870441594662168,0.03376559934694767,-1,-0.039732732067876406,-0.2227540942319374,0.1324977566003408
1929-04-06,-0.085059185942015,1,-1,0.9194410745346919,1,-1,-1,0.97020597311242,0.041706144679362844,0.9674745803564501,1,1,-0.9178030157297569,-0.015108777401076967,-1,-1,0.9200930067286819,0.8492582251222934,1,-0.0978995048488891,0.03186856596865151,1,-1,0.007311740964884184,-0.037765340839065464,-0.8710721156285137,-1,0.028689074397024325,-0.21541411579253453,0.011960293674251693
1929-04-07,0.851278987222895,1,-0.041886277126248594,1,0.039924324929656474,-0.006732382728972142,-1,0.013876939996912308,0.9809418711132762,0.0395207908355969,0.03581824379060938,1,-1,-0.9625162824772726,-0.03732495472823172,-0.037142435842603905,-0.07717903098272427,-0.14744310860773324,1,0.861000827751765,0.9753042500476861,0.057327979660187545,-0.05247458816232631,-0.9242979099763126,0.9558079424926272,-1,-1,0.12414958955439913,-0.17603425680718993,-0.027616942781689316
1929-04-24,1,0.058092662306300835,0.9491208244359757,1,1,-0.9425189239424367,-1,-0.9270306429611376,1,-0.9086564932112011,0.9770464779478917,1,-0.03991167355427139,0.0015005635524373284,0.9459194957871331,-1,-1,0.8510340913892533,0.04300238940899015,1,1,0.9937692768079337,0.8988699636216445,-1,1,-0.03061709309818661,-0.16242622994851286,0.15980170255066384,-0.2521914713106256,-0.06758597273777335
1929-04-29,1,-0.903328912702053,1,0.047400057386952965,1,-0.018508399656698704,-1,0.03281656679662004,1,-1,1,0.038628816798738974,-1,0.9696209848651061,-9.231936374781702e-4,-0.027168648920665617,-1,1,0.9733763073604056,1,0.01567495472309499,1,1,-1,1,0.8695079949284388,-0.9716793497694575,0.16410007023968912,-0.20791946962512997,-0.08916776885552621
1929-05-01,1,0.09653199463193529,0.07077616957829314,1,1,0.9676644366357819,-0.07375692686887192,-0.9589017373879669,1,-0.018310578081534912,1,-0.944483830061363,-1,-0.02482213689086421,0.9474083995765603,0.9455947693346098,-0.07610511278069165,1,0.04035732199767883,0.09964386571674244,0.9175704082918219,1,0.023269407185895652,-0.07331316168153268,1,1,-0.12542669362694703,0.26428357773909705,-0.18358380406385894,-0.14636974466921143
1929-05-02,1,1,0.978419099779526,1,0.08628822698771221,-0.012355318147757699,0.9040450864249387,-0.05199434018431237,0.011932344684006058,-1,1,0.014834553055816158,-1,-1,1,-0.022154531218226525,0.8587711108932616,1,-0.8899687957673171,-0.838417967125048,-0.056060004872684255,1,0.9609630795239048,0.8719269338161982,0.035913801692132985,1,-0.9741610603264081,0.30980291770136853,-0.21275581165565463,-0.19416932631382153
1929-05-05,1,0.019516266647170877,0.016312854389001208,0.029864278358694096,-0.845180961068344,-1,1,-0.9857675337806975,-0.9084613532801693,-1,0.03523579442177538,-0.9846959024633817,-0.010014353648411412,-1,1,-1,-0.12825208327146098,1,0.09844167203007992,-1,-1,0.020275813187393132,0.082177840515685,1,0.9560992568131086,1,-1,0.41035679251610246,-0.27112623621424414,-0.19242632454942096
1929-05-13,0.006415343070927615,-0.9751944093028678,-0.9566825813564083,-0.9085248510615801,-1,-1,1,-1,-1,-1,1,-1,-1,-0.028728917540392307,0.01576937914426757,-0.022201985439194938,-1,1,-0.8282958127434739,-0.0072573153920924005,-1,1,1,1,-0.014079042138891329,1,-0.151092119348893,0.42210596222843944,-0.314872005438596,-0.19362987546407198
1929-05-19,0.9886839250668926,-1,-1,0.0814576278506538,-0.20324938191359287,-1,1,-0.09193793536348804,-1,-1,0.016539367305145602,-1,-0.009025143659621704,0.9602159130679231,-0.9659667777047491,0.9590071712862638,-1,1,0.1270414232321615,0.9503442837141085,-1,0.06811036899298739,0.033494631897707405,1,-0.9886627913431448,1,-0.9949950175601545,0.47194808694444057,-0.3373567581893639,-0.17016445651724588
1929-05-26,1,-0.04631308226128317,-1,-0.9122847539763781,-1,-1,0.007889087005490958,-1,-1,-1,-0.9811790768916147,-0.028061025012936613,0.9638404769579368,1,5.483105316782533e-4,1,-0.0312569870308147,1,1,-0.02115824268522859,-1,0.9964697529694648,1,1,-0.05906718322445981,0.04570384581199838,-1,0.5507370730449761,-0.37483452297710895,-0.12245665939464667
1929-06-01,1,0.9370002373406093,-1,-1,-0.06333496737027222,-1,0.9088813108447666,-1,-0.009242588810777441,-0.12465153544837615,-0.04623671584181688,0.9337612147062176,-0.005419389728249402,1,-0.9846965974032662,1,0.9243104606258515,0.020811400105194777,0.05325536959454569,0.9514221980475535,-0.013039239951600168,0.01771407062444752,0.0027173728916637385,1,-1,1,-1,0.5403495369322582,-0.3996319619920921,-0.08117288184214634
1929-06-11,0.01778835408493229,-0.057092913119995314,-0.050391836462274076,-1,0.8818880290293243,-0.006129668471201555,-0.009803476182132842,-1,-0.9971190205832225,-1,-0.980987439835008,1,-1,0.02006622992165208,0.010346019985216781,0.08325927688295465,-0.05634670475986703,1,-0.9375059826504228,-0.027230169652834202,0.9543822435597972,-0.9451661321005398,0.9552183207896392,1,-1,1,-0.07701387974930052,0.4486123019740038,-0.4662545841580254,-0.02913679514369439
1929-06-14,-0.9511729822937988,0.8926296867014301,0.9249539844263754,-1,-0.09982135556123195,0.9642295356128607,0.9716967968049873,-0.012466017626785009,-0.022527079646724957,-1,-1,1,-0.00900832296699805,-0.9268566305401902,1,-0.8884044318243833,-1,1,-1,-0.9771995523418733,1,-1,-0.019457116883282888,1,-1,1,-1,0.5273514666401544,-0.4879330449514959,-0.05400637315109112
1929-06-15,0.03055128084998493,1,1,-1,-1,1,5.677378411890199e-4,-0.9335347618436565,-1,-0.010722153602548246,-0.02189303287643618,1,0.9803198047531058,-1,1,0.06673769432738219,-1,0.11467263265507766,-0.023390624278110672,-1,0.01590745628610124,-1,-0.9863639049264349,1,-1,1,-1,0.6161267373281447,-0.38136928843872897,-0.007399414047607675
1929-06-19,-0.9602777753923271,6.200272772596271e-4,0.05398688878409863,-1,-0.0339340968739682,1,0.9517118485300331,-0.0037190327971977633,-0.04474029716358274,0.9760268345220968,0.9569295250723027,1,1,-0.04641790992021433,1,1,-1,1,-1,-0.045409733681600506,0.9026545108540331,-0.00763782035890237,0.0012495057194162884,0.005651530247600123,-1,1,-1,0.7119807630014892,-0.38523938862282076,-0.05880336010718232
1929-07-12,-1,-0.9206107229983898,1,-1,-0.978198738512943,0.01179029746555793,1,0.9438971340633463,-0.9085045342737681,0.053234821377313724,1,0.029102213017520806,1,-1,0.02162953155906633,0.027448424723053866,-0.017470355089626688,1,-0.017802315711563987,0.9358935057994895,1,0.9765732874325351,0.9859284754322325,0.9459466476127121,-0.049505715522613736,1,-0.08848670709304984,0.5590232639101917,-0.4069351877747862,-0.05364546248439803
1929-08-01,-0.10513394345744598,0.07484719318473754,1,-1,-0.05197983019692698,-0.954364267603862,0.041468099660218805,1,0.029652837714269853,-0.8234839736777453,1.1663984932042126e-4,-0.9478851710599369,0.07419821162063078,-1,0.9438634032935415,-0.9240413584797986,-0.9860996595932671,1,0.8939973195020681,-0.05611421310894282,1,1,1,1,-0.9747214366341276,1,0.8603769961442674,0.46251076668613567,-0.2948526309597757,-0.007008166530871711
1929-08-16,-1,-0.8935985830832378,0.02985681341345292,-1,-0.9540929902717042,-0.04133057599482248,0.9971701048410518,0.04227429332132837,0.9654187010277561,0.08623632789320379,0.952944647924293,-1,-0.90650256612479,-0.03084351205052316,-0.027913028942050833,-1,-0.038939857123412636,0.037403090603439826,-0.08008496425713629,0.9051410377052777,1,0.0030850958820197727,8.629641646744624e-4,1,-0.05518338851336313,1,-0.07087491408708246,0.585976520275001,-0.343651467135732,0.016554205970048315
1929-08-18,-0.029409049440780932,-1,-0.905229091668337,-1,0.003354298689100532,-1,1,-0.9247826081078399,1,1,0.007512113633847739,-1,0.019210853372368608,0.968457679096267,0.9675096892118283,-1,-0.992940003082094,1,-1,-0.08848114675651209,0.017766068367986554,-0.9542554434078074,0.9450733762921154,0.007368174769491143,-0.9946048545652728,1,0.8608426777367263,0.7037394269511574,-0.3894070365765157,-0.016472263542285898
1929-08-23,-1,-0.017879733995865843,0.04523388243815685,-1,-0.9623810547858452,-0.027335347454458536,0.06961471265121966,0.06250281562412408,1,1,0.9856319240608643,-1,1,1,0.030775888900768877,-0.010556174778345362,-1,0.026936709858343844,-1,0.8851954240314778,-0.9803043782375297,-1,0.03213477195412595,0.9857973835721604,-0.02311287525327499,1,1,0.8043131069082229,-0.43762278098554175,-0.038881314199023194
1929-08-24,-0.02662879234535298,0.9776085322423773,1,-0.05431942445800908,0.008299131097683654,0.8671748509379608,1,1,1,1,0.019857318750258757,-1,1,1,-0.93468275830697,0.9482364321744486,-0.004116284575886087,0.9698603589826627,-0.024050589587249815,-0.05945539794378707,-1,-1,0.9468468240792892,-1.6987355405462257e-4,-0.9424691978187008,1,0.08443802742322615,0.988764193525604,-0.36089513725503125,0.011076443736983015
1929-08-25,0.9604401525244436,1,0.09599736293070038,-1,-0.9566392401681664,-0.07994149578574905,0.002391270352139818,1,1,1,0.9535302367800153,-0.018286428416673606,0.00171316217339057,0.05099798406118938,-1,0.0032820709021117445,0.9138695279183869,0.02051091557014506,-1,-1,-1,-0.03439975503972992,1,0.9891318950029633,-1,0.11682685851783414,-0.8880798755455355,1,-0.42302114719094414,-0.018587315843049526
1929-08-31,1,0.10779653695184233,1,-1,-1,-1,0.9520635205627423,1,0.049910959464167126,1,1,-0.9963962550796338,-0.9313769797336917,-0.9003687141075296,-1,0.9661522665370809,-0.05683576644454791,0.9797790589831765,-1,-1,-1,0.9596149036498721,0.0224854883241159,1,-1,-0.8653407344882147,0.04551607083860365,0.8340848431202286,-0.42553782331439516,-0.0075986385022793704
1929-09-01,1,-0.8697363557296538,0.015447384147134757,-0.06542335349086414,-0.09834405733068252,-0.07488421304335302,-0.04154604642843296,1,-0.9312519115937936,1,0.018720457899241594,-1,0.018306071372139687,0.07364366275032375,-1,1,-1,1,-0.028041394734324654,-0.02016832501289756,-1,1,0.9615573140155782,1,-0.0861984422955977,0.08301050497512152,-0.8307265720573279,0.5859353576928631,-0.41493920545264545,-0.014440461238012348
1929-10-15,1,0.1203145671578888,1,-0.9738273053506259,0.8800996447394661,0.9224214670255471,-0.9977292744808117,0.05846783663789634,0.06559422980696561,1,-0.9803449605708561,-1,0.9975662177548388,-0.9209208791602562,-1,1,-1,1,-0.9952610160626415,0.9086768440358922,-1,1,1,1,0.9037410579240207,1,-1,0.38565195886394094,-0.40976173564003054,-0.04992057265509664
1929-11-01,1,1,0.032797433360840955,-1,-0.06036284404500747,-0.0387522027941023,-0.05511831735273298,1,1,0.026936277164476885,-1,-1,1,0.061990489272821914,-0.019627208780073846,1,-1,0.046815170199813516,0.0035097148802728517,1,-1,1,1,1,1,0.03617014239553695,-0.057396840603684884,0.7210716545154499,-0.2944142742596206,-0.11726591777638688
1929-11-22,1,1,0.9626918844236523,-0.042997958203775166,-1,0.9393167479933053,-1,0.029658897137451734,0.08162570946573144,1,-0.015015526335819152,-1,0.03939537025135642,0.9998152457177801,0.922368450199302,0.026268102703881024,-0.03874985333761338,-0.9258704154911034,0.9685397142364061,1,-1,1,1,0.05616895906704489,0.022119581321667803,0.9167617751931284,0.8927355780700029,0.9738987003089387,-0.32943338250664495,-0.12710565941595653
1929-12-27,0.0018055096521142344,1,1,-1,-1,-0.05580357891334731,-1,-0.8843987085320555,-0.852882503902529,1,0.9756863927635442,-1,0.9816551532852612,1,-0.06525344060850435,-0.9364201138446607,0.8538822248954365,-0.014362175931482146,1,0.10249886066572289,-0.007928893263591474,1,0.08398559779569892,-0.874745567473382,-0.9733030606272699,-0.04891533395305436,-0.08205242615368535,0.6231562237917087,-0.3496320768605022,-0.1249545876069545
1930-01-01,0.9948219872570027,1,0.05442743184758614,-1,-0.10580368451980915,0.8801887419692709,-0.07042704059311988,0.060548027171693386,-1,0.05478229517742639,1,-1,0.023661536362171942,1,0.8871864873716224,-1,1,-0.972671447736215,1,-0.8877646710021655,0.9446998755237566,0.05142480043347197,-0.9103220776835286,-0.015881034418174234,0.020860361968083052,-0.9377609080032372,-1,0.8832006804695494,-0.3868420212681581,-0.1275117649498119
1930-01-04,1,1,-0.9138692581242588,-0.01185681701295127,-1,1,0.9031094435646684,1,-0.003970939207301516,1,1,-1,1,1,1,-0.034957185053357764,1,4.2851559443479736e-4,1,-1,1,0.9870931679743258,0.052500611938816166,0.9691529758495344,-0.9757596810979535,-1,-0.010331005566774798,0.6082452032409822,-0.38418997148390854,-0.06201126380214181
1930-01-12,0.04764838394913862,1,-1,-1,-1,0.020121145763447035,1,0.010532687542136543,0.9166598635815455,1,1,-0.016214271171692607,1,1,0.013253423971452793,-1,0.020423858834567987,0.94499538060846755,1,-0.028165184126756837,0.08247852065026973,0.06220552921388911,-0.8887663125070304,1,-1,-0.026257905621274502,0.9613504509971609,0.9354129193670805,-0.31566428063928986,-0.08841710308939008
1930-01-18,-0.9309200974861519,1,-1,-1,-0.04974575326694963,1,0.029781482037015694,-0.9311901779486196,1,1,1,0.9274095484826085,0.025567691680891014,1,1,-1,-0.9774518429326631,-0.04082290208433148,0.07397957276166145,0.9078902444401822,0.9937580552998161,-0.8776418946056088,0.10946083337992307,1,-1,0.9301396972716679,-0.03519544333412883,0.6032217663806352,-0.32864361879450715,-0.07223074317602335
1930-01-19,-1,0.06330089788286009,-0.024817087747364353,-0.06583559522568361,-1,1,1,-1,0.023365283701046846,0.047524491205736985,0.018021380057553715,1,1,1,1,-1,-1,-0.9911713525762028,1,-0.030202180591449412,0.09717226355533182,-1,-0.8542714109506435,1,-0.02338390260358969,-0.02949413058191319,0.9187816555834407,1,-0.3197341480544664,-0.1448406524097894
1930-01-20,-1,1,0.9413410312255514,0.8729349809880548,-1,0.04726388876156273,1,-1,-0.9726869491669831,-0.920809115029853,0.8876170754401597,0.07008744977742398,1,0.013477526807564866,0.09599332358445067,-1,-1,-0.0455442763329752,1,0.9696265764374135,1,-0.03000793770930188,-1,1,-0.9796524974941229,-0.9597568286636984,1,0.5859744708150053,-0.26782903409069264,-0.09575843474323226
1930-01-21,-0.02677583194272759,1,-0.048315343052716564,-0.031141866363492254,-0.004514749224137193,0.9835447851114291,0.04853519761958858,-1,0.003353965536319281,0.0738960090330183,1,1,0.03135166064659911,0.9918468859483665,-0.8424714631520007,-1,-1,0.9484703055427316,0.04726511446191539,1,1,0.9598174548780175,-1,0.09084496627384842,-0.049332431720447434,-1,1,0.9958170996946779,-0.21381190023842395,-0.06572902098872675
1930-01-24,0.9295313600990026,1,-0.9732311478499623,-0.9252359899580646,-0.9260470804330373,0.11330199663578688,1,-1,-0.9761426259796334,-0.9198253608966919,0.08989119880051599,1,-0.9084468469882224,1,0.031980612386302454,-0.11578489051599195,-0.03882925251440539,0.028763224474937843,-0.9173245252105283,1,1,1,-1,1,0.9118327918451333,-0.010765946295861362,1,0.5777289753711352,-0.17489097435567885,-0.14810050475008385
1930-01-25,-0.0666516072519111,1,-1,-1,-1,-0.8499150243362207,1,-1,-0.029358022797057126,-1,-0.8783034024386394,1,-1,0.01485483603706128,-0.9212654587603744,-1,0.9144935203359794,-0.8781073123434622,-1,1,1,1,-1,0.025777942944615106,1,0.9491342376136216,1,1,-0.1947265827436772,-0.12318316954110899
1930-01-26,-1,1,-0.102793751364744,-1,-0.11004193083520497,-1,1,-0.10068105155732021,0.9462546250191831,-0.049846348043384836,0.10302273312967325,0.072093968338345693,-1,0.977383928245946,0.03434720680790593,-1,-0.07789009390388713,0.07813439287963153,-0.06277571768544898,0.03642093527296608,0.05792598591240716,0.059625874544823265,-1,-0.8899764333548035,1,0.014959240781640126,1,1,-0.1087368165495822,-0.12194089808606025
1930-01-27,-0.019402250855744874,1,0.8676119195399113,-1,-1,-1,1,-1,-0.04048847763452601,-1,1,-0.9239724606686639,-1,1,1,-0.00880150453306039,0.8764443157006346,1,0.9355970291160071,-0.8965409659057098,-0.8506996692483633,-0.9199609980400841,-0.04125525712358624,-1,0.01137395006898323,-0.9622712348036316,0.06746701208681749,1,-0.1401948249952143,-0.08939540046653885
1930-02-01,-0.9763048129783869,0.03214049389471074,-0.10681088418807394,-0.09376103686422366,-0.033003305211985245,-0.032004044796861586,1,-1,-0.9749484326450261,-0.027836375851859496,1,-1,-0.07323357551479692,0.004798366758387962,1,0.9839422014535446,-0.09273812050719188,0.04553768093264077,-0.04427418761112267,-0.03613569108458603,-1,0.040212133380825854,-1,-1,-0.9277489242423334,0.024910280464259915,-0.7877043774947744,1,0.00728227993140293,-0.20190167948602877
1930-02-02,-1,-0.9162299464664788,0.8906521767969536,0.8754671189942009,-0.9381624348098982,0.9496869804209577,1,-0.005680112025556183,-1,-1,0.08406333739683003,-1,0.9109354512138627,0.8793566672203906,1,0.038808743061817585,-1,1,0.9110989619820211,-1,-1,0.9841741762748893,-0.08538216899414319,-1,-1,1,-1,1,0.006192402724866281,-0.21428076689912787
1930-02-07,-1,-1,-0.10717972632260575,1,-1,-0.025167949789181798,1,-0.9907484773907035,-0.02876829294955685,-1,-0.8643751295119438,-0.06765390980521868,-0.03911764717176691,-0.076319299068497215,0.07347413708185924,-0.8540600856063271,-1,1,1,-0.04495735963074954,-0.004163637406249143,0.0035499798396081417,0.8495242103336021,-0.018991450659542553,-1,1,-0.12060606435584154,0.4119338059417301,-0.1741072488060335,-0.21925981118084253
1930-02-19,-1,-0.003132655873759993,0.8270845569037817,1,-1,-0.9936455083273228,1,-0.12092171498593984,0.9617031046295866,-1,0.11153115042591644,0.9016943024280961,0.9425264814428758,-1,-0.8854145095069079,-1,-1,1,0.015212843582015356,-1,-0.94308412644017,0.9968869256764584,1,0.8653819442292601,-1,0.04614292456575064,0.8788626025760713,1,-0.1641485213373159,-0.4006353751335231
1930-02-22,-1,0.9291456417720693,-0.07642414691316468,0.055175570439621846,-0.021155685126703294,-0.013653004409636349,1,0.8034312934207776,0.012268662275286002,-1,1,1,-0.02143736251295203,-0.07701810468702497,0.0794087599217661,-1,-1,1,0.9664666661628962,-1,0.028088170612555863,1,0.045172811453827455,1,-0.012864814919477885,1,1,1,-0.26460504583417566,-0.41936474998773293
1930-03-16,-0.06621760883794336,1,-0.9804940990531731,1,-0.990902882912521,0.9431165831307691,0.01027248632837141,1,-0.9697550907846041,-0.0063645265086725855,0.008893377645472489,0.09388561657383643,0.9707535552538691,-1,1,-1,-0.060340975301284794,0.013761202122962612,0.04754213269737584,-0.007774073572003992,1,0.0011882608501316838,0.9904620354243453,0.02679374805760093,0.9794956621039513,0.019119442963580924,0.014048723206404268,1,-0.32959400296625874,-0.38562314528933017
1930-03-26,-1,1,-1,0.0823717236780408,-0.040443204954017986,-0.020167758195128282,-0.9853249680229501,0.03557538715561548,-1,0.9300007834280187,1,1,-0.015890466377869616,-0.044047403008599884,1,-1,0.9064639923841648,1,1,0.9376645690838742,0.020956827248093002,0.8954412889088796,0.033485620246321846,-0.8962282638948172,1,-0.9155534040842734,0.9954499484357003,1,-0.3480462974963634,-0.4343437091454427
1930-06-15,-0.006533210789959942,0.047801906122828974,-0.05886413456984907,1,0.8785176587787585,-0.9930330606977369,-1,1,-0.017821583213401437,1,1,1,0.95184239399318,-1,1,-1,1,1,1,1,-0.8940533940491371,1,1,0.0751602033949017,0.08717380215069903,0.0794796832117004,0.10199742633144815,1,-0.32672599931491203,-0.5332289257486363
1931-01-09,0.9648105868185748,1,0.7729985265938801,0.02414531691280908,-0.04162607755564729,-1,-0.02658991656206433,1,-0.9817969146561729,0.08751517856350455,1,1,1,-0.0043385240404723024,1,-0.0588635468452301,0.034064708708436586,0.014667482891567274,0.002273662998523829,7.39945389445329e-4,0.09130699239572826,0.023403204488577245,0.07137214597197183,-0.89216712315513,-0.9057644427764815,1,-0.8817776136495519,1,-0.3591618930780141,-0.5578718981943336
1931-01-12,0.006005244101160212,0.06496036430330288,-0.12280636302224934,-0.94068461495777,0.899076216839175,-1,0.9206260107299414,0.004766577370388436,-0.05658746388243274,1,0.006580625697446774,0.042589064719601666,1,-0.9537307730429564,0.06353136127748749,0.8717767901064878,0.9935031787546654,-0.8689761082161916,-0.9946938735923471,0.9558651935183293,-0.8718427876364334,0.8971122617610552,1,0.04052008066182966,-1,1,-1,1,-0.34253719907208147,-0.6388921133243122
1931-01-21,-0.922533873453881,1,0.7937339070117315,0.052071545398266195,1,-0.044434456560067837,1,0.9253617448844319,0.9087124466960199,0.012718054428694447,-0.9109882678065175,0.9858318143861441,0.027360593925961574,-1,-0.923030628908099,-0.10206468837225524,1,0.07007501682159256,-1,1,-1,1,1,0.9798621310213359,-1,0.07112333379868274,-1,1,-0.3031598402684847,-0.6334319812366769
1931-01-25,-1,1,-0.1384227779237488,-0.8664644556593651,0.05707333009628379,0.9120571736500703,0.04949088550226788,1,1,-0.9540305217259417,-1,0.09485457401913122,-0.913523905854998,-0.09053996230063577,-1,0.8389987209561593,0.09977206291427743,-0.8816183420902769,-0.05109307073814129,1,-1,1,0.07552576633271402,0.019669949524913966,-0.02473002509271016,0.9841340257035436,-1,0.23933696444126562,-0.42184838740263786,-0.6231223389111864
1931-01-30,-1,1,-1,-1,0.9609329739801689,-0.08345546641393453,1,0.019561511390823183,0.010153966054655683,0.03450095484930438,-1,-0.9030953927792069,0.024509876945144726,-1,-0.03154785343518807,-0.1573249691546702,-0.8981068227639423,-1,0.9160042446342559,0.03875692998632485,-1,1,0.9498619827536595,0.9558686424892634,-0.9712322570962545,-0.0021856271827193074,-1,-0.5897735868032757,-0.4905479283238238,-0.6404999620210441
1931-02-04,-0.026735299190715267,0.061643560842383316,-1,-1,1,0.824181505682135,1,-0.9635582269619656,-0.9401699691645664,-0.9153194743533759,-1,0.06981124841966313,0.9689229851111977,-1,-1,-1,-1,-1,-0.05272939875082261,-0.9541175724955269,-1,1,1,-0.025657564989511772,-0.09265220266749541,0.9960686457106165,-0.0025375146857938846,0.23888381888489407,-0.5418837647720305,-0.709863927427128
1931-02-11,-0.9455374802365956,1,-1,-1,1,-0.1073937090770799,1,-1,-1,0.02064381082096145,-0.02619534436427895,-0.895014482313769,0.09497921746471849,-1,-0.027980015689019533,-1,-0.04446633400667743,-1,0.9360209803194157,-1,-0.0328116924382843,1,0.07217884169605615,-1,-0.9951812946313436,0.008501036138085283,-0.9852440196297554,1,-0.5956178947883927,-0.7416387766684422
1931-02-14,-0.08547190669801519,0.061188774506243826,-1,-1,0.0017503180738139834,0.8683200006554,1,-0.051065896003486655,-0.02415743699346584,0.9548092616076416,0.935310128190728,0.08843577001189484,-0.8227030422980296,-1,0.9183680996809442,-1,-1,-0.0010883487628466915,0.0405246068239169,-1,-1,0.006616034893300982,1,-0.05364557074560061,-1,-0.941818241220202,-0.09093556009661374,1,-0.4633174027166779,-0.730907547229211
1931-02-22,0.8990706244318969,-0.9324276267542205,-0.048619853594708995,-1,-0.9852676998571676,-0.07227894240110522,1,-0.9834935811582808,-0.970512401307647,-0.014851379237386997,1,0.9933555869112602,0.14747272511211795,-1,1,-1,-1,-0.943574201672431,0.9917668722106023,-1,-1,0.9713450889996342,1,-1,-0.017543656731874968,-1,-1,1,-0.3851296006241967,-0.6355068131963071
1931-03-08,1,0.06060533775955712,-1,-0.0029802909959678603,-1,0.8999842071923819,1,-1,-1,-0.9461053896071746,1,1,1,-0.056236222376803036,0.0024973969075076097,-1,-0.10186529610636263,-1,0.016388949174446332,-1,-1,0.012287887535235908,0.033309096378081215,-1,0.9080564873732289,-0.05006915245237609,-1,0.09860169665085528,-0.270654097476016,-0.5752120756199567
1931-03-11,0.03618099395455099,1,-1,0.9718073490894268,-1,-0.08511804148021429,0.007945112090187889,-0.12714101951103174,-0.006482514427492259,0.051114712527650874,1,1,1,0.9349628311326248,-0.8869286398196212,-0.04241175511225648,-1,-0.011072241266250615,-0.9615627105433681,-1,-1,0.9833101162332197,-0.9477665218700478,-0.11323933876808512,-0.07021308257323577,-0.9812935642419884,-1,0.9798218765283835,-0.12544658858588373,-0.4920048382766635
1931-06-15,-0.9182329892654215,0.00869401741628928,-1,-0.012538937398384076,-0.060706705122675286,0.8995805524312858,1,0.8482290030553857,-0.9947363382492576,1,1,0.06185904624380234,0.018327123938782885,1,0.10001432566370205,0.9318553917351797,-0.04999996788735417,-0.9237328480758078,-1,-0.03948173442946712,-0.05441643636800264,0.007125446575209637,-1,-1,-1,-1,-1,0.09958413971639524,-0.21802931211310891,-0.5268581842102847
1931-06-21,0.03540745551243196,-0.9788576895710973,-1,0.947782569135743,0.8231258203877383,1,0.0643042770636143,1,-1,1,0.10653734485662836,1,-0.981036754316469,1,1,-0.03138876385068268,0.9254882846202666,-1,-0.011948169685957799,-1,-0.9754993665142836,0.9454590811740778,-1,-1,-0.02113576643098869,-0.09293473714060196,-1,-0.8111096621722601,-0.19905005649644072,-0.5844176177387599
1931-08-01,-0.9202560476948235,-0.07495731656096927,-0.03787949120841583,1,1,1,-0.9110447552102646,0.09292288393776194,-0.0199719916040223,0.06595043308582449,-0.884651279412672,0.01644410617187908,0.0025108256505532722,1,1,-0.9749437169333165,1,-0.010793094074757703,-1,-0.06332501984716732,-1,-0.030794225100966965,-1,-0.05089527490998147,0.9536925035022696,-1,-1,0.16359321212657651,-0.25821646935579917,-0.5759897220852443
1931-08-17,0.07863625871166002,-1,0.9422051069378838,0.04568631715055704,0.004118260388963568,1,-1,-0.8729883706814515,-0.9889137314920358,1,0.09389848638876785,-0.91249415041015,0.9622239674491871,1,1,0.011261054487688438,0.026801268945055523,0.8991710569818739,-0.050882057272952474,0.9039053103794976,-0.01741290554835162,-0.9507008130122839,-0.002141391314002483,-1,1,-1,-1,-0.7620411771015241,-0.19297800221734257,-0.6181536527823926
1931-08-18,-0.9100909088709935,-0.07110631717862714,-0.04704323562956669,-0.9371151035196275,0.9554655463035746,0.029941122184896196,-0.00736583734424201,0.030819691332404586,-0.015019254461611453,1,-0.842723834678306,-0.027918307368137385,1,1,0.05084572655855124,-0.9591875060397232,-0.9250896262702286,1,-1,1,0.9793231378076722,0.03327821235840178,-1,-2.331922772553785e-4,1,-1,-1,-1,-0.08749729003720867,-0.6128901300256162
1931-08-19,-1,-1,0.8566838029364966,-1,1,-0.9089144075304516,0.9657799403148358,-0.9563293488401144,0.9762595550446498,1,-1,-0.9826988673093962,1,1,1,-1,-1,0.016340496876989796,-1,1,1,0.9905752766152698,-0.018825947013453304,0.9606102552615814,0.07545573394887617,-0.030845786802892183,-0.05197125748927356,-1,0.016337615822575632,-0.6052165264923158
1931-08-27,-1,-1,1,-0.07357729160299697,1,0.07344482820125608,-0.013282740831558004,-0.024054929068332842,-0.020741689258681917,0.08959464019628594,-0.06861755109138168,-1,1,1,0.05016031059345938,-1,-1,0.992048985797066,-1,1,1,0.04455457721659528,-1,1,-0.8808556065062159,0.9624085900977979,-0.9831898947168429,-1,-0.08326278890240951,-0.6469008337976891
1931-12-07,-0.04655010740333665,-1,1,0.9091138345031089,6.450519300749136e-4,1,-0.9788230264354539,0.9323464511543398,0.9150044426992635,1,-0.982452904038618,-1,1,0.019651820720661406,1,-1,-0.02707325378108405,1,-0.01911356329123237,0.07504218400754237,0.051887078673381826,1,-1,0.019793486684148487,0.10432570381510242,-0.033039387790203434,-1,-0.023345442059537147,-0.22852679372261733,-0.6222239893119818
1931-12-16,0.9510523437493201,-0.04415134260022979,0.07429907539273506,1,0.9486179853952802,1,0.020732797492868715,1,-0.04076206225214829,1,-0.037889449140978804,-0.0015768689653007373,0.044961790214158026,-0.9494919798953618,0.03016439559727291,-1,0.8759017050376028,0.015355281089168948,-1,-0.8955287382725229,-0.9471117265145687,1,-0.10026641406982173,0.914051187439194,1,-0.9692673163158083,-0.05064516974291544,-0.8922946037061279,-0.4868156795823999,-0.6409542121764084
1931-12-19,1,-1,1,0.03351461767011277,-0.03964346248595785,1,0.9367865771962051,0.01905243043872573,-0.9955966582305122,1,0.927212176568129,0.952400026774791,-0.9416775484925091,-0.006691012908883409,1,-1,1,0.9442529078076852,-1.7959353658247856e-4,-1,-1,0.04603018278461313,0.8673009600029828,-0.08163891716148619,0.1315270347105445,-1,0.9300961986416594,-1,-0.3796528336721509,-0.712105869892298
1931-12-21,0.047598899816757356,-1,1,0.9914228131139097,-0.9963811109884873,0.0050961286776661785,1,-0.9759167012348783,-1,1,1,1,-0.0010652388135228286,-0.9675984405818586,0.020140516281001886,-1,0.029005960619022053,-0.0427935400227637,-0.9905955153774016,-1,-0.0687094912551991,1,1,0.8401603483531765,1,-1,-0.0624809393417991,-0.06261351154900274,-0.26386492399199035,-0.6577410438700092
1931-12-25,0.9643570606863604,-1,1,1,-1,0.9801626858148803,0.03938700299908149,-1,-0.0703615350022957,1,1,0.0613991794202412,-0.9559791489940688,0.017742029651227287,-0.9161417538574713,-1,-0.8760483029822748,0.9239315859808841,-1,-1,0.8508797896832772,0.003991914556358278,0.09096292614355872,1,1,-0.055411071924009514,-0.9715673848282477,-1,-0.3763481246452808,-0.6567777275028193
1931-12-27,-0.017481445124672312,-0.016250225208254032,0.02093163064389636,0.0046065653758046166,-0.08119356011382695,1,-0.9337300535808443,-0.01852805410990732,-0.9986790180024863,1,0.027403133745933506,1,-0.02692991479112483,-0.9347287205182119,0.016052006582198186,-0.05782997435650861,0.01671911813753213,1,-0.08307616540823004,-1,-0.05679875181516114,0.9702158972291908,-0.8686908851677211,1,1,0.9235218260322274,-1,-0.07629614927619865,-0.20148071992799144,-0.6170978458317783
1931-12-29,0.9815117177306525,-1,-0.9397030505175177,-0.89081120980356,-1,0.008240134982076652,-1,-0.9917141424142267,-0.04064123237723061,1,-0.925816648379451,1,-0.9806144166208401,0.046776003228610086,-0.8924341524457322,-1,1,0.004015855578111016,-1,-0.025091039811827476,-0.9204788074841712,1,-1,0.02404763469343596,0.012924633821220999,2.006573232493647e-4,-1,0.8400821957798176,-0.5337072030719879,-0.5641591909837345
1931-12-30,1,-1,0.029932028286206447,-1,-0.00743882805044449,-0.9263381177153932,-1,-0.05111548062648186,-0.9467450214404651,1,0.013322972330082394,1,-1,0.997777321945387,-1,-1,0.019977247097827444,0.9268267123022315,-1,-0.9269573879158656,0.02935531909162925,0.05592521047936616,-0.05555777887266666,0.9823057234110265,-0.9565249663578279,0.956874527717695,-0.08815451110134864,1,-0.2750696934269656,-0.560337331501391
1932-01-01,1,-1,-0.9471345810514316,-1,0.896386349187245,-1,-1,0.8999543253605388,-1,1,0.9516973350623235,1,-0.01626752488980676,1,-1,-1,-0.967077972412314,0.017836782019835407,-0.06974547024061095,0.038038520566454515,1,1,0.9333373528689654,0.027350522096772134,0.04207424703631013,-0.026729603476713604,0.9061667606133745,0.09942932884258782,-0.5626573950086129,-0.5280628798562857
1932-01-02,0.04087639711529156,-1,0.052446716270107885,-0.0041025375915333395,1,-1,-0.018514230540173093,-0.05735073223170817,-1,0.054065103336592424,-0.04160931998321504,0.021367709713704053,-0.9997823006504404,0.06717835823547613,-0.03717009862833687,-1,-0.004525182245004977,-0.9479554014675188,0.9014883943466059,-0.9154417204414732,0.024972718768136448,1,-0.01763674851607966,0.9617909948148745,1,-1,1,1,-0.7831190986332948,-0.49807692836882866
1932-01-06,0.98799824491555,-0.019823239313207175,-0.9156054391666606,0.936157004516817,0.09213140898233174,-0.08490529833922844,0.95281112970175,-0.9549584272084414,-0.0038841817307705417,1,0.9279192287466427,-0.8983878563314788,-1,1,0.9051695463231169,-1,0.980357674705792,0.04039626441415067,-0.055958570140747343,-1,0.9834710639637553,1,0.9376751298872299,1,0.09763839570671029,-1,0.002405562306800335,1,-0.4950224479769372,-0.509805096351312
1932-01-09,1,-0.9141402396975141,-1,1,1,0.8690723334451054,-0.005173191046179637,-1,-0.8826393611126293,1,1,-1,-0.026846994654198486,1,-0.05158099186776344,-1,1,-0.9297480525163584,0.8925135756455538,-0.01378474373588201,0.08791129227257066,1,1,1,1,-0.01465458096717076,-0.9689374381869015,0.0431706058253285,-0.8005336743493408,-0.5176093948994723
1932-01-10,0.025586934421672702,-1,-0.03961067930436135,0.04531279208949912,1,1,0.9740525156400746,-0.0133936767432421,0.0416083658731059,1,1,-0.027648499888881184,-1,1,0.9026269812297033,-0.020391784281032166,1,0.05233520325714158,-0.0843520565154331,-0.967438661949499,-0.8788908083161494,0.04900441237464148,1,0.07256076915459997,1,-0.9524173231106179,0.01185668699543807,-0.8660947720609117,-1,-0.4902972887985403
1932-01-14,0.939355620249117,-0.01785364295474745,-1,1,0.022595894941814576,1,1,-0.9587504892759824,0.9863058659800283,1,1,-0.9924176569741121,-0.05104041393041869,0.03220676980249848,1,-0.9869281967026677,1,-0.8796027262495778,-1,0.003746644061442761,-1,0.9693339052072287,1,-0.892483234473783,0.05787828371902903,-1,-0.8074690874293023,0.08188641286782872,-1,-0.4958872026631962
1932-01-18,1,-0.9921210104796804,-1,1,0.9585079200021717,1,1,-1,1,1,1,-1,-0.9782713335631207,-0.8916194263447109,0.09658916032632892,-1,0.11367712787829054,0.10166929407597136,-0.08934643045664203,-0.9019582056281065,-1,1,1,-1,0.9627207556606077,-0.0674604903984225,-1,0.9663343000494522,-0.5599070162473896,-0.46282220754495945
1932-01-22,1,-1,-1,1,-0.022916858319854794,0.017485841316759232,0.021015656478444833,-0.020540170157564264,1,0.026758481507398457,0.015132851215119092,-0.056817165093592026,-0.09197723410475978,0.07653416266528723,1,-1,-0.7884803119319541,1,-1,0.0863710869477402,-1,1,0.04837817847745951,-1,1,0.9177444925537596,-1,1,-0.15997920567653157,-0.5068720623355913
1932-01-23,0.037297996346514206,-0.031140939612495644,-1,0.04248148055185619,0.8798886132919663,0.9695383021681153,-0.8973491569050335,0.9391125680279994,0.015003031891392515,-0.9353038753821862,0.9257220292029467,0.8401527064764114,0.847870704504043,-0.8474502981096853,0.026578279302995944,-0.008366268132265597,0.11577340863270447,1,-0.011551234137818334,1,-1,1,-0.9086886054466106,-0.044376651053641636,0.03724939627827406,-0.052278322462501636,-0.013450140591791171,1,0.28296245340593656,-0.5150541785977647
1932-01-24,0.9701541624880651,0.9228186290099899,-0.010003321318746594,1,-0.04804370772934363,1,0.09190986476300322,0.0072125329692535045,1,-1,1,1,-0.10994648752541136,0.05117777344555208,0.9931626812600042,-0.9492926446455149,1,0.10338236582445226,-1,0.02729630747807188,-0.08437445594018622,0.05908656867777562,0.05767518246243175,0.9088106263235305,1,-1,0.9423535567515786,1,-0.20963671710687898,-0.5053293110096448
1932-01-25,0.011955615069562997,1,0.976871440563288,0.029028780055970538,0.8713639180448223,0.05889175351509335,1,-0.9751633873142901,1,-0.023101089093230165,1,1,0.8777082777602417,0.973456910822582,1,0.04638577277542277,0.06851550405997009,-0.8893291213857384,-1,1,0.8809266514648202,-0.9341613289638565,1,-0.07611400957196446,1,-0.07080116694524763,0.06025800203557097,0.02550250860131531,0.33489413868115553,-0.5194739516200475
1932-01-27,-0.9840686235916536,0.04320127173382349,1,-0.9555429449439445,1,1,1,-1,1,-0.9905520370024034,1,5.068901520036695e-4,-0.07482514119063899,1,0.01649627644149565,-0.9435360503576452,-0.9245626473952896,-1,-0.07606675899124571,0.0293165037011901,-0.11465822721180174,0.021953908689546386,0.005774094811319186,0.873865071923317,0.017057445016935957,0.8696494182499906,-0.8624524967707428,1,-0.24816225790019258,-0.45980601774049545
1932-02-02,-1,-0.8711859782707074,1,0.04060389239056983,0.05888173158918231,1,0.005971062221521994,-0.04529297786143027,1,-1,0.07873483513628077,-0.9692528373639253,0.8857717285722757,1,1,0.019233798662315116,-1,-1,-1,-0.9411177730729198,0.837410858549398,-0.9590879532709993,0.9815901436865485,-0.12549979816668022,-0.9365683413088198,-0.09628781838480482,-1,0.010227284440745166,0.352876835749194,-0.5355307407827449
1932-02-11,-0.10290216776264627,-1,0.014040442245866203,0.9803039168047425,0.9453384607243231,0.014903072058148448,-0.9815111662162114,0.9231684926139357,0.013168451072121612,-0.024676488856398726,-0.8892374272287848,-1,1,0.02131045946417942,1,-0.9654278676143448,-0.020582730882229727,-1,-0.025754550097613627,0.03804097695993769,1,0.031146785579493685,1,0.8127763263479727,-1,-1,-1,-0.9506225950910667,0.9817293217478695,-0.44017507144146323
1932-02-13,0.8510596489457383,-1,0.9050044790236095,1,-0.015846573737424596,-0.9668596918606656,-1,-0.007873709919201222,-0.9460567993629345,0.974955520241916,0.0935144421328985,-0.02334139118601697,0.10600442922171904,0.9892305113996605,1,-7.020599100056035e-4,0.9351683396598728,-0.016767134527872485,0.9374308274275838,1,1,0.9931046533947757,1,-0.18245472848952282,-1,-0.04829423734074423,-1,-1,1,-0.48198147436662364
1932-03-01,1,-1,-0.0928950859364247,0.09176441157355653,-0.860388380809411,-1,-0.039947860151209214,0.8366910890200892,-1,1,-0.8777707068313148,0.9599353902778508,1,1,0.033816382883025686,-0.9396589317863384,-0.03915841422203925,-0.9669474299481641,1,0.03193122932452874,1,0.054255956393950755,1,0.8017576838139944,-0.01872963501419611,0.8815170214973256,-1,-1,0.3856084611040883,-0.5347308959224055
1932-03-02,1,-1,0.9018534650526429,1,-1,-0.0016928181168740508,-0.9427222862900922,1,-0.026414209661831833,0.019843014886934962,-1,1,1,1,-0.9401944400169026,-1,0.9292421423746301,-0.034693054542100255,0.020762523247658482,0.9662173374265137,7.818424217662656e-4,0.9867983982447149,1,1,-0.9873150955791503,-0.08145515544006376,-0.06491137335678909,-0.003464038145740478,-0.3174551420987336,-0.48851923726667995
1932-03-03,0.10323383778419548,-1,1,0.030239813571088736,-0.007209459555731046,0.9627346617888872,0.037872269250167956,1,0.9100947184407349,0.9811002995499165,-0.05546599687598652,1,0.04344476304306999,0.01320049597247741,0.01891067747189268,-0.13614743171207533,1,0.9288725734401188,0.9906236079111754,1,-0.9909383210403092,-0.004982213835343585,0.1237879128857623,1,-0.04763889656078635,-1,0.8811758655405958,0.9147308761839993,-1,-0.4035905643491793
1932-03-08,1,-1,0.03999388458597686,-0.9078961712281707,0.9589698241462112,-0.027437443465535782,-0.9180937996637754,0.06759499219753096,1,1,0.9175136097088032,1,1,0.9155084937208756,0.9833954764818357,-1,0.04570629583604946,-0.014310915031017446,-0.007515320872128584,0.10277112223887186,-1,0.9729554796471356,-0.8146610118177257,0.0420666032723932,0.9389773184856763,-1,1,1,-0.3817368622340698,-0.467751799001631
1932-03-09,1,-1,-0.9019480781843277,-1,1,0.9496523539127508,0.057276133231788595,1,0.03457826335788672,0.11721113570954755,-0.07899948205659657,0.0062096383826942825,0.06843678000325903,0.01507194724753802,0.061124179638388565,-1,-0.9489583733502129,-0.9970197050384387,0.9912646702408581,1,-1,0.015462789804457922,0.13502435106035315,-0.9387611943235367,0.012668550533363576,-1,0.061068039085081405,1,0.3926503729582771,-0.5419286946381818
1932-03-12,1,-1,-1,-1,1,1,-0.9054393508415997,0.0297288693103287,-0.8716075248118805,1,-1,1,-0.9158005240956216,-0.9401123475264023,-0.9132355142192845,-1,0.011689944117818762,-0.08880831616678586,0.054073740464692044,0.04501034674199955,-1,-0.9267031475768294,-0.8614132085375494,-1,-0.9467461520101947,-0.09201441876468353,-0.8857236780376148,0.012343218140263623,1,-0.5568031253859083
1932-03-13,1,-1,-1,-0.042741232698039755,1,1,-3.5797317055330513e-4,0.9885496379190752,0.11755969733069416,0.014604059466291397,-0.04876975310174325,1,0.07983199412004094,4.247205221008521e-5,-1,-0.04585109361315587,-0.9882115972078606,-1,1,1,-0.09389714930501003,-1,-1,-1,0.0029621505794070746,-1,0.1100132237792305,-0.9084774066145911,0.21161086820791164,-0.446099893599062
1932-03-14,1,-1,-1,0.9275108664991824,1,1,0.9908606327723677,0.06459780446671837,1,1,0.8774907264258466,1,1,-0.916772945854894,-0.028111148627887772,-0.9835433267490249,-1,-0.040219852633186726,0.07380225706894905,1,0.8906207933655106,-0.08384530925274691,-1,-1,0.8906799619733334,-1,-0.8793789813698618,-1,-0.5761360016190574,-0.380981348517657
1932-03-20,0.02070828139775205,-0.08716883271662357,-0.04308284202120294,-0.04379590916027265,0.020722081372914536,1,1,-0.8972004300087774,1,1,1,1,1,0.06509407342305396,0.9685888462196903,-0.006832784633343469,-0.05539447766529082,-1,-0.9123519283791781,1,1,-1,-1,-1,-0.10372911763968462,-0.031588623910171476,-1,-0.08729297859089225,0.23449171459340834,-0.41137490334275034
1932-03-25,-0.9695488751240888,0.9024453640130093,-1,-1,0.9499055771800309,1,1,0.10151100827522608,1,0.031855272028005976,0.03762539234516604,1,0.04776891800955363,-0.9286911114263708,4.4336836713754213e-4,0.9323538922898967,0.8844283834895696,-1,-0.006352625672995216,1,1,-1,-1,-1,0.8537240422246786,-1,-1,-1,-0.5329228483034709,-0.31535164722009695
1932-03-26,-0.0370148258559051,-0.07389554419725952,-1,-1,1,0.07042268167088195,1,1,0.03754711916252895,1,0.939374015936037,1,1,0.034695094115375746,-0.9823388340048723,0.0015746938184326709,1,-1,-1,0.02186556060170941,1,-0.055194718166081236,-1,-0.03724614402544457,-0.13275226424662012,-1,-0.05776709393575408,-0.040764929082543144,-1,-0.3249760487925235
1932-03-28,-0.9956314024215585,0.9131692776829848,-1,-1,0.07142759093312201,0.9204190411007511,0.043289334817854574,0.004694566272830936,1,2.450597520819997e-4,0.0192298793012321,0.006217336237459237,0.054592201952943564,-0.924967545632942,-1,0.9795526802471107,1,-1,-0.05987027509748866,-0.9021670158907708,1,0.9197004357914254,-0.0753873225999645,0.9232470902230208,-1,-1,0.9328260314555477,0.9323483501719548,-1,-0.37798550229069433
1932-03-29,-1,1,-1,-0.12163737424799315,-0.8812062545344954,1,1,-0.8849179865524347,0.036679015360166156,0.9489400003835367,0.9637688611247726,-0.9161651368486151,1,-1,-1,1,0.029760219239194363,-1,0.935589478948239,0.06214124612041516,1,-0.03778277886957215,0.9106423448916144,1,-1,-1,-0.022276060738638748,-0.03212226432223331,-1,-0.2461065611997834
1932-03-30,-1,1,-1,-1,-1,0.029207468401498904,1,-1,-0.9362921416332115,-0.02689513182761205,1,0.0827181713789904,0.03973333822957292,-0.09420019037695793,-0.026012035659491728,0.07128695845558009,-0.88326265057662,-1,1,0.983783205959073,1,0.9617826612399463,-0.051951336293585615,0.014848449189112878,-0.05967885460166844,-0.08701942377826521,0.9130489703724705,-0.9889322442291669,-0.12585935553998617,-0.08240156359456036
1932-04-01,-0.06753313788377224,1,-0.005333122612443342,-0.02235714956374335,-0.04818906283786728,-0.9613337133849942,1,-1,-1,-0.9493244711284728,1,-0.8806945359857602,-0.8849388528442331,-1,0.9423216585305881,-0.8847140224322302,0.09003609662861611,-1,0.03313209624132063,1,0.08946299681422798,1,-1,0.9535557766813374,0.8616667275523098,0.8532773729648235,-0.028072584346996665,-1,-1,-0.1663124638726439
1932-04-02,0.9104671091365454,1,-0.9653774477054022,0.9025069162311112,-1,-0.016354408862821246,0.022986676967964526,-1,-1,-1,1,-1,0.07657446942295676,-0.0994710315896028,0.01096275339754238,-1,1,-0.027147417157971865,-0.9486468992034999,0.011410465823977867,-0.8899380670137953,0.09211383447591148,-0.04364436436743957,1,1,-0.0899765021459743,0.956689877597485,-1,-0.057116310329454856,-0.15503082091681095
1932-04-04,1,1,-1,1,-0.0883247401280628,0.9701336555892413,-0.910518070823705,-1,-0.039870802583622855,-1,0.010992892269023224,-0.04486518580789456,1,0.8603373566540168,-0.9841674101843689,-0.04870565908909996,1,-0.9155429473789826,-1,-0.9569083120460221,-1,-0.857194821447686,0.914236778513009,1,1,0.8444614007894526,1,-1,0.8505327100565708,-0.20119361853375706
1932-04-10,1,0.019094394827970373,-0.061350905046042126,1,-1,0.023670382200254636,0.064756560691756615,-1,-0.981254222810826,-0.057843557060984985,0.8926827581804222,-0.9980763383608053,1,-0.10853104063343888,-0.053192608147620724,-0.9902823190875023,1,-1,-0.03311778751248384,-1,-1,0.10804939137132497,1,0.02185058005725149,0.028841113538378704,-0.1469637026569509,1,-1,-0.0345581150548494,-0.07793585745284456
1932-05-05,1,0.9981007188350683,0.8992309948037117,0.01779049323496329,-1,-0.8987183233168681,1,-1,-0.004063647444141227,0.9096573331263569,-0.0957274644879964,-0.04025521008877819,0.09704274123301959,-1,0.9345361892492338,-1,0.020702710954813686,-0.035994845006902865,-0.9947122639565095,-0.016212899771621547,-0.05276749333826336,-0.8887413682946992,1,-0.9202014448891613,1,0.8161714359241645,0.05589293258833827,-0.08390874441423568,0.9140790121753584,0.08302864516716821
1932-05-06,1,1,-0.0859570817647175,0.9846089231298487,-0.005444272802527572,-1,1,-0.028335723971052218,-0.9948712574293854,-0.07152340607146968,-1,-0.990572850541944,-0.8959149409831264,-1,1,-1,1,-1,-0.09714549895942415,0.9827138182257734,-1,-1,1,-1,0.05262017361197324,-0.13560590054602684,1,-1,1,0.018335649412718688
1932-05-14,1,1,-0.990576406357165,0.06255519448594293,0.9604071382787889,-1,1,0.9392351662778267,-1,-1,-0.004198262753059123,-0.06874796623181889,-1,-1,0.09519953809484383,-1,1,-0.018277089246003464,0.883078176790273,0.013985230182139485,-0.043467150140855115,-0.030090475817680318,1,-0.0023636332544647587,-0.8775199143043436,-1,1,-0.03381327036974935,1,-0.13158665561317934
1932-05-16,1,0.009780046271848364,-0.0457162117624661,0.995393537336722,1,-1,0.009577354511679848,-0.03903386857569224,-0.06814831244427177,-1,0.9529398277666611,0.9159728920699378,-0.06478183208465671,-0.01846250897224022,0.9966152082126049,-0.024874074867529683,0.07450423184787947,0.9286011055296494,-0.08903168249368187,-0.8811745310291899,0.9006433360912817,-0.9448501588471798,1,-0.9455378724136055,0.08940397775831277,-1,0.026470795193070606,-0.9643478017335468,0.09638677968007126,-0.272516434915292
1932-05-17,1,0.9793036763622641,0.9072569239587602,1,0.09157404286765458,-1,0.9235572221028064,-0.9869194020220706,0.897854419094467,-1,1,-0.07123101077010252,-1,-0.8616943870342172,0.06896276578511784,-0.9370078770507463,0.948971029422158,-0.048674916625109144,0.8719482820320931,0.1072840085799921,-0.08872487720958666,0.014499210826734887,1,-1,-0.809007704295707,-0.049954995389624,-0.9239294640492876,-0.020984776884663936,1,-0.4599928226738046
1932-05-22,0.02183973015163465,1,1,0.014866389110523293,-0.8425902236970974,-1,1,-0.006482066036651135,1,-1,0.005836575806932531,-1,-1,-1,-0.828453590623267,-1,1,-0.9602663647276087,1,-0.8680095006546255,0.8737659493120096,-0.9579506369992974,0.005489563567601885,-1,0.12659616298347365,-1,-1,-0.9620755315012911,0.04558260993609964,-0.6382141000597705
1932-06-04,-0.935747902175035,1,1,-0.9615369590132167,0.11282156226974838,-1,0.04190618033726179,-0.9555115158180971,0.015895343699317777,-1,-0.9762951572918948,-0.008373691197870903,-0.03549041007533704,-0.008462363476503088,0.13431703104456105,-6.927403696670442e-4,0.052948140767832386,0.022300110607211376,0.03225773893884398,0.09348576225461791,1,-1,-0.9648494348949204,-0.019892141761780335,-0.8260383930045803,-0.00825928644002405,-1,0.031429788755707455,0.9382238160680056,-0.8248984850133548
1932-06-15,0.015350122550281786,1,0.06056168336307266,-1,-0.8776145152280191,-0.01154719800942794,1,-0.023518477670261495,-0.9839689270819796,-0.11382914446326975,-1,0.9712377034961728,0.9197013357165353,0.9569101367022977,1,-0.9975912238322999,-0.9167561646607247,0.9945785864203064,-0.8904825264799213,1,0.023850521781006884,-0.025004908093803513,-0.0033944840844616353,-0.9591958071798892,0.14920339767031243,0.9088098417773682,-1,1,1,-0.9841384840481788
1932-06-18,0.9895260558114991,0.027803562204737453,1,-1,-1,0.9676655107757756,0.001734637552171292,0.9015776898511828,0.010273776759710751,0.8642330998214305,-0.047110172352412216,0.04151865649000075,-0.06301938567412235,1,0.021020145411790425,-0.004358606343650817,0.02753871877316494,1,0.07317334711370183,1,-0.9436122957672554,-0.9289701243349406,-0.9811779469878877,-0.038466764224240446,1,1,-0.02166357017141196,0.008408241909920067,0.12638066054252417,-1
1932-06-19,1,-0.9555532921010442,1,-0.09460132361765394,-1,1,0.9229751298961909,-0.08800810807019477,-0.9413083114824589,1,-0.9479651433063373,1,0.9361979717454425,0.08934149586536955,0.9770657598124302,0.9557242005354392,1,0.07357203124050893,-0.8814759093089571,0.005431422122349816,-1,-1,-0.0626794632598261,-1,1,1,0.9209396384097556,-0.95786148842283,1,-0.782900672102646
1932-06-21,0.0039485718171961,-1,0.03280217088263204,0.8923490911317892,-0.010595581885886163,0.06254234416338433,-0.07384551949044793,0.8862272369588216,0.052135792564178995,1,-0.0894388868607413,1,-0.030067141044656576,-0.8134966357352,0.016728666639653222,1,0.013148344836915515,0.9507057712150829,-1,-0.9404026602968807,-0.09972257313104904,-0.037945900358059226,-1,-1,1,0.02706880152633162,-0.00872059604863551,-1,4.620146768662403e-4,-0.6127963259770037
1932-06-26,0.947860540391289,-0.033343083736632084,-0.9593304479109859,-0.06975889448852712,-0.9880872271261281,1,-1,1,0.994157803358041,0.06359950283060511,-1,1,-0.976365101665095,-1,0.991223490252932,1,0.9801638879477386,1,-1,-1,0.89418213153588,-1,-0.03009457933124926,-0.03148541534943672,0.015640781439380635,1,-0.9367399511033494,-0.0787057242731033,0.9547527578844658,-0.8563948187484159
1932-07-15,-0.04337285843347771,-0.9751866811222241,-1,-1,-0.004205446623526843,1,-0.007485606933339994,0.053621481260609394,0.009617578166689622,-0.8841643885534023,-0.06085357273619629,0.0431753940394749,-0.004021550198734514,-1,-0.007167801206044877,1,0.012469137811353725,0.036696308223600815,-0.0036279865973251058,-1,1,-0.062309849608887524,-0.9714562627439208,0.8450764223042063,-0.8828596059504283,0.0471980905744791,-1,-1,1,-1
1932-07-25,0.9373939531246895,-0.04450351461098245,-0.007958093436719604,-1,-0.9698219008945793,0.1680220840498381,-0.9975234419787791,-0.8459711287156655,0.9737531080999492,-1,0.8843787835457543,0.9977202466485979,-0.9673415393417566,-0.0516378579042448,0.9865875239553373,1,-0.9867115770216924,-0.9426155002357921,-0.9133027445499634,-1,1,-0.9878828102295538,-0.013881973596062025,1,-1,0.9662783965883877,-1,-1,1,-1
1932-07-27,1,-0.9779907285172502,-0.9496441501929199,-1,6.331172351384806e-4,-0.8181224257098856,-1,0.12343475292810835,0.024045124305744014,-0.035117464642021146,-0.08667716183807217,0.001497170581172158,-0.012451977329015484,0.9426734263828355,0.020563895625247186,1,-1,-1,-1,-1,1,-1,0.9844929911876931,1,-0.03851715341008033,0.026507011657390667,-1,-1,0.058017483619853594,-0.7176230092120631
1932-07-30,1,-1,0.03777302986571707,-1,0.9466438211522255,-1,-0.026187866437070162,1,0.958474804089887,0.95751594794037,-1,-0.9906016988204002,0.9681344308139521,1,0.9402305518372436,0.005212271339629759,-0.012405929090703927,-0.030490907004801837,-1,-1,1,-0.02172904424017774,-0.002625792990013198,1,-0.9785108883055065,1,-0.02109191468535132,-0.050683671011907294,-0.8661809479142675,-1
1932-08-06,1,-0.07512049663051656,-0.9187602613154713,-1,-0.034054627130720494,-1,-1,1,-0.02927086183825045,1,-0.06105788167363402,0.008107596109423132,-0.028595870125905698,0.023920940418514558,1,0.9270627623795009,0.9484377296251584,-0.9975546651935334,-1,-0.07563083448463792,0.026542331161022337,0.9042944428610384,-0.9615087098831187,1,0.0195506399736054,1,-0.9498461799915299,0.8724135291303833,0.11150275766859519,-1
1932-08-07,1,0.8807840054894079,-1,-0.022526895584723095,-0.9815062755847438,-0.014153746545204071,-0.005996856755423274,1,-1,0.08298282561592629,0.8942725736575653,0.9778924996307679,0.9710504009254874,-0.9137731658044944,1,1,1,-1,-0.15392974773418322,0.8289659150252642,-0.8805900933464924,1,-1,1,-0.9349795384656427,1,-0.018615586052137645,-0.1056117617006096,1,-0.6306744316999175
1932-08-14,0.09502825874430221,1,-0.025137811456484416,0.9571182568883024,-1,0.9592263920899239,0.930256394483565,0.012504364252752143,-0.031198273451851333,-0.8190226150366955,-0.10057764323601603,1,1,0.009067923834696012,0.021221681902227507,0.02625951789567449,1,-0.023699435799859336,0.7894614851211544,1,-1,1,-0.048820686641071975,1,-1,1,-0.9704287805587078,0.8335891674961317,0.057949510931581516,-0.264462368195011
1932-08-17,-0.8874322794294586,1,0.9730797475961227,-0.028997680460789765,-0.039923329122928175,1,1,0.9669027393245265,-0.9386675466221958,0.1675657452935777,-1,0.03938580484288967,1,-0.9314762180256673,-0.9748792274501465,-0.833235070842827,1,-0.9565692056271473,-0.0733608049000305,1,-0.005150395781758688,0.05728530143277322,0.8227762417233383,1,-1,0.05756329483356637,-1,1,-0.8791794513789066,-0.7394650797913362
1932-08-18,-1,1,1,0.9486073536227911,-1,0.018057097918872778,0.027356273572418877,1,0.048000129117775514,-0.7992052988302523,-0.027829279810060115,0.9766696055856785,1,0.059678088936102824,0.024615782747024806,0.06039851083447545,0.0025464515932702714,-1,-1,0.0027801482621263585,0.9753792432145391,-0.9101211413028176,-0.07164288403877761,0.04444556884548012,-1,1,-1,1,0.10282334512560587,-1
1932-08-24,-0.08715659991847002,0.0015585308401883102,0.05455196304265886,-0.04735682033978528,-0.01693152151687083,0.9700117448518587,-0.9389496141075813,1,0.9866616863945037,0.15048618005885872,-0.981913774954029,1,1,1,-0.9403316975373066,-0.9000725127585116,0.9943431651177971,-1,-0.06831993584920137,0.9938053636544477,1,0.08269692279128527,0.8624162836272974,-0.8718814537704831,-0.07279423944438013,1,-0.015350989399941839,0.006231515743870819,-0.8452269280604431,-1
1932-08-30,-1,0.997720958771416,-0.941391445190739,0.9338107166671772,-0.9085142164572074,1,0.02461424178433258,0.013627301886621312,0.07104747866119465,1,-1,1,1,1,-0.010708079650080471,-1,1,-1,-1,1,1,1,-0.13000513288968318,-1,-1,0.009107904302770864,-0.9703642242739967,0.9336956048679999,0.08577062353825526,-0.562712944786969
1932-09-01,-0.03290709027432548,0.04946981632029923,-1,-0.037053972019577275,-1,1,-0.8683607801263588,-0.9631220477620249,-0.8615619178664635,1,-0.11364558264973312,1,1,0.010461982867259079,-0.9404220673928665,-1,0.08680879696160493,-1,-1,1,0.010511283795167858,0.03073468201311469,0.8330149116293942,-0.04793393441433724,-0.007329742647442239,-0.9105784841293053,-0.011982128860293262,-0.057759158927969345,1,-0.015626484273831176
1932-09-04,0.907656311554273,1,-1,0.9456381634970725,-0.012350774744325999,0.05453250611463978,-1,-0.021292815086692674,0.10956587549542418,1,-1,1,1,-0.897306372439136,0.03839002350115639,-1,-0.8310045060078646,-1,-0.05504925080080525,1,-0.9026389686183667,0.9904946301741945,-0.1553447810451879,0.9088042092890037,-0.9535809613656477,-1,0.9563520769601764,0.9159951253484756,1,-0.5290166341383922
1932-09-06,-0.047098189684996905,1,-1,1,0.9598423096734756,1,-1,-0.9711373861382337,1,0.005428711317849277,-1,1,1,-1,1,-1,0.16096299086279608,-1,-0.9253446108519894,1,0.02537798897090726,0.009504235198951272,0.8090740971672487,-0.06418408167566314,-1,-0.006889489600290233,-0.031839520421547696,-0.02970062695603537,1,-1
1932-09-15,0.9360613081410953,0.09381236061878839,-0.04154388374487683,0.10705343068591544,-0.015041138608869464,0.09366751256960137,-0.07189654080528163,0.027220558764725067,0.055802995207937744,1,-0.10764366273409931,0.016564392635468494,1,-1,0.00842269499529158,-0.08407366401522598,-0.8138087054795167,-0.011690019840811527,-0.058300885223165455,0.010118373887604615,-0.9030792452832733,-0.9696653893496,1,-1,-0.04842804933938538,-0.9944001958521876,-0.9741028561956177,-0.9997992388013872,1,-1
1932-09-22,1,-0.839979616517659,-1,1,0.9152384875831634,-0.8729423498933906,-1,1,-0.8646830827387678,0.07249701516216078,0.8773967581539889,-0.9760907586878681,1,-1,-0.9250393497365821,-1,-1,0.9044762166027328,0.881631169485019,-0.9186200463636339,-1,0.02152158042243546,1,-0.010316503340488059,-0.9890434660046835,-1,-0.014560092954093995,-0.06832601835074015,1,-1
1932-10-30,1,0.06495634955111229,-0.0266833864685162,0.014658487658439134,1,0.10173296538637644,-1,0.08955060683948624,-1,-0.9241742007934941,-0.06318931174672282,-0.019757807641102465,1,-0.008812786269197015,0.023123605110768275,-1,-1,1,-0.0650118300530268,7.14909565442623e-4,-1,-0.9722332827239861,0.013923256365223402,0.9697348020406578,-1,-0.020616791461198547,-0.9884185147732217,0.8724052867121573,0.02242324638736437,-0.3919752352189303
1932-11-01,1,1,0.9324282048571249,-0.9035476618961943,0.043928238112765916,1,-0.0010481988435039336,1,-1,0.04121427544723599,-1,0.9147502159915466,0.08776909801892885,-0.9943678498692229,-0.863135207325276,-1,-0.04034615958367338,1,-1,-0.9946335450449193,-0.02396761379154122,-0.00594819610398134,0.984020358064012,0.048595125454307886,-0.038196924294317425,-0.8926278131695523,-0.08914448817342213,1,1,-0.9532015164113633
1932-11-15,1,1,1.5763200415486178e-4,0.052462254280074894,-0.938558954318529,0.05021056092932219,0.9835667937936003,1,-1,1,-0.03080540315745328,1,-0.8871395626447451,-1,0.036619838454903575,-0.004748728708467653,-0.9519236406267588,1,-0.014675611506322128,-1,0.9619938753023046,-0.9888200307991453,1,-0.9378654779825897,-1,-1,-1,1,0.002274195287728875,-1
1932-11-20,0.019240053738648677,0.024984398447779554,-0.8705042032112196,-0.8811502003682045,-1,1,0.00760808060594953,0.003935396419481152,-1,0.049910396730926454,0.9485102244058637,0.024109574210713802,-1,-1,1,-0.9172496565095873,-0.014311553080733841,0.01571614907136043,0.9288978537308875,-1,0.05007408671061542,-0.008264333730001017,1,-1,-1,-0.033116840843515405,-1,0.0566590981971129,0.994139239634537,-0.3615703836155114
1932-11-21,0.956462962251568,-0.9441532747191871,0.12409797987778104,0.07230341660193351,-0.0642642009348302,1,1,-0.9298109070679726,-1,1,1,1,-0.04656676040263119,-0.04768263362227654,0.016985403470645477,-1,0.9290554472683411,-0.9406982771840479,-0.013846870477811857,-0.05197402762653136,1,0.9537456349561266,1,-1,-1,0.9558161995538212,-1,1,0.035303801238886434,0.44956708399100487
1932-11-28,1,-1,-0.805570438317631,1,-0.983204982158237,0.02752282638943837,1,-1,-0.10651676799757326,1,1,0.0068935545870019155,0.9185743812131982,0.9144424631240408,0.9710782617168571,-0.08598487509323638,1,-1,0.9245947086913986,0.909063957514308,0.005767202397699567,1,0.021334184100337494,-1,-1,1,-0.039808942158740424,0.0631943812478003,-0.9494218649973754,-0.21878940091885002
1932-12-04,1,-0.010262421425969892,-1,0.017554580306351597,-1,1,1,-1,-1,1,0.0855106366411107,-0.9918323955660368,-0.053575136073587326,0.0038865885682251022,1,0.8703668577932376,1,-1,1,1,-0.964661444475341,1,-0.9427484909224353,-0.021870885233420068,-0.013061304083852532,0.033103563478892095,-1,-0.8551124067761552,-0.0054268917018163165,-0.9317419581642422
1932-12-18,0.09133254527749868,-0.9606555322933372,-1,1,-0.1078106021403823,1,2.6407568621533706e-4,-1,-1,1,-0.9072145363496628,-0.028149759783652417,0.8495510309309441,-0.933765123672747,1,1,0.10236454642688153,-0.04621569066029818,0.030293805485374636,0.011420152680948537,-1,1,-0.02358708068807558,0.9555037359187711,0.947956443825691,0.9985920382101372,-0.001486432673343252,-1,-0.9884126539676005,-0.17945300477292625
1932-12-21,-0.8224588836244799,-1,-0.05873732984191948,1,0.8549396720079169,1,-0.9641190300634721,-1,-0.008404837756620043,1,-1,-1,1,0.048200591918970526,1,0.07353677677732284,1,-0.9943382535115527,1,0.9637962611212577,-0.11493498816108927,1,0.9554870588829057,-0.02184159553091114,1,1,-0.9368173488802408,-0.04470855450923428,-0.035370464143194225,-0.9537216836235745
1933-01-01,-1,-0.016916773567270615,0.936894669245767,0.023167645136655812,-0.12761198034566978,1,-0.02949953979615083,-1,0.935710440909216,0.001064174075930957,-0.007040201800213586,-0.004250788568360919,0.019830276390240154,-0.9234461499384727,0.012172319837071233,-0.8470701721528454,0.07727332346166182,2.079246570541038e-4,0.06535649982799252,1,0.8780382273372841,1,-0.0012864998976138686,0.9252902798807128,0.018916384129137875,0.0039712210958803285,0.0326870052822531,-1,-1,-1
1933-01-11,-0.0337203312218648,0.9706826447585205,-0.05731900519938926,0.9862863715925096,-1,1,-0.9738293548684663,-1,1,-0.9981554491406813,0.9014714365760175,0.9792951683702803,1,0.06402301147475775,-0.9644036604032779,-1,0.994872163224457,0.9841683483082164,1,0.027420774083402488,1,0.002663400686836459,-0.9896184840518508,0.04501379686905993,0.9721960600646844,0.9448606432107458,-0.9208283243070103,-0.059524681870297025,-0.031287968172039826,-0.1764285120935959
1933-01-15,-0.9948693714170758,0.08009603405004351,0.9124351605439177,1,-1,1,-1,-1,0.002203344985001743,-0.015551434051189084,-0.0610933770238582,0.002951855392314129,1,0.9389004902029853,-0.00943985019361282,-0.04200318758544774,0.0717617050488053,0.03669735329544077,0.048563272671838686,0.9217039026913492,1,0.9423791055091353,-0.06612673998358798,0.976365467290032,1,-0.01697415233207855,-1,-1,0.9682660298868266,-0.9057916254159745
1933-01-29,4.6118244800075203e-4,-0.8990158982243251,1,1,-1,0.026271166787866784,-0.0030661216851008977,-1,0.9560070399811578,-0.972960968835644,-1,0.9197042206102511,1,1,-0.8918626922969135,-0.9648663286469196,1,-0.9505366077354152,-0.8934158098142545,0.016550693413652562,1,-0.005145936273439178,0.8920148045732635,1,0.06094671632059401,0.9827530739366732,-1,-0.0025236983477539,1,-1
1933-02-05,0.9948557325970839,-1,0.01855264690672176,1,-1,-0.9501123618691575,0.9614541490604005,-0.03438150074788182,1,-1,-0.004899838924848465,-0.030124822714660215,0.09673461315023635,1,-1,-1,1,5.330923673233512e-4,-1,0.9362550709825618,1,-0.9993655458043644,-0.05610083112230757,1,-0.8912197425009517,0.01794568697035659,-1,0.9499671527569569,0.031027822925363324,-1
1933-02-06,0.058106005517550074,-0.003635355866576928,-0.9593123854915924,0.01766430464764246,-1,0.0412361817814636,1,-1,0.05554458763411663,-0.0685080028689048,-0.959619158007696,-0.9797456978088487,1,1,-1,-1,1,0.975521452256623,-0.012208629933335713,-0.006486554282654877,1,-1,0.9046258880994331,1,0.10017111151873848,0.9744652651414828,-1,0.04240780449511938,0.9657885538434006,-0.19716885673016815
1933-02-20,-0.9345298785390668,-0.9735451112975918,-0.03612526814248884,0.9510121557136915,-0.055544165042158866,-0.8880734722888596,1,-0.02552372506003353,1,0.8713988313759413,-0.08570677560443152,-1,1,0.00584189874662433,-0.016755695039255558,-1,1,1,-0.9834732354690592,-0.9888066180665409,1,-0.0378905556712934,1,0.04759485001447783,1,-0.01569427513898536,-0.004155208957740464,-0.9491028428929829,0.04641047621952288,-1
1933-04-10,0.033595724909918245,-1,0.9591911889819625,1,-0.899372052824969,-1,0.06491330267697237,0.9047761413357794,1,-0.12296506485425374,0.8587353812100142,-0.003646739440700153,1,-0.9862193431489259,0.9490015181270857,-0.008742031855796584,1,0.044570193806753644,-0.06718034901782599,-0.002365472543177316,1,-0.9739543619343258,1,1,1,0.9750454072438545,0.9511213478413935,-1,0.9490875774586714,-0.15136080861287293
1933-06-07,0.9379842076103009,-0.015414237732589098,1,1,0.06806784495450802,-1,-0.8718023858392282,1,1,-1,-0.10348006641540575,0.9808618509829858,1,-0.005516645377510954,1,0.9387645573634545,1,-0.8754373938990037,-1,-0.9605304663700799,0.00141619951330052,-0.010301958699579172,0.024575173502619063,1,0.010588152986015342,-0.011173863834341713,1,-1,0.021426693135480623,0.6461672358516978
1933-06-18,1,-1,0.0132942873708497,1,1,-0.04936167919913803,0.11677469369838267,0.016593427295612417,0.04752263272632529,-1,0.8362710834878798,1,1,-0.934136921036213,1,1,1,-1,-0.05303129573447096,0.010996572971473162,-0.9393674001487933,-0.9835883486050547,0.9937115676837821,0.08275420718908644,-0.9818116050469801,0.9516493627487864,1,-1,-0.9751599915188645,-0.20644193538912048
1933-06-28,0.0159762445211441,-1,1,1,1,0.907596564542489,1,1,1,-0.03526988220450877,-0.13101403235833953,1,1,0.008649931303977287,0.020597615290706472,0.018377704865380706,0.01564371102700668,-1,0.9198536587098904,-0.8965655190090478,-1,-1,0.019838892939981423,-0.9162995081693439,-1,-0.03309445890496199,1,-1,0.009099133871084297,0.6817017794755288
1933-09-06,0.9898619437529417,-0.02116867015420365,0.04829660828775528,0.003758357753092967,1,-0.06125616603086337,1,0.03217327578786011,0.030301431523939604,0.9605223664562391,-1,0.12622167507455728,1,0.9995610244676816,-0.9009645169375291,0.9863763783371191,-0.959466366793289,-0.004010100645698067,0.03841575112151374,-1,-0.017736381632129206,-0.04281134522878549,0.9413546598379826,0.029823044696942524,-0.015868729216265587,0.905216622908634,1,-0.08925782775321589,0.991508544161784,1
1933-09-19,1,0.9673826947054246,1,0.9305739576102235,0.03195657240662109,-1,1,-0.9301048224171827,-0.9232986249752365,-0.0034919125710968224,-0.08808358477663936,-0.8665053017686507,1,1,0.02368763430714549,1,-1,0.990234195902769,0.946280955418253,-0.053285763864406865,0.8799177706237146,-0.9909358675213596,1,1,-1,1,1,0.9055064597587519,1,1
1933-09-22,1,1,1,1,0.9538453133912839,-1,0.014587785287833,0.06962000323840889,-1,0.987934955347939,-1,0.041573536016433654,1,0.06387385811446067,0.9604023760979986,0.034747850305011596,-1,1,1,-0.9333188375385135,-0.1042735788932152,-1,1,1,-0.015245525799914783,1,0.011090335856309474,1,0.03776996888824902,0.1579163795875025
1934-01-04,1,0.027385260957898394,0.04687989917328517,0.014409264290563994,-0.036170483328919034,-1,-0.9145731466095416,-0.9088760439760315,-1,1,-1,-0.8938578942959133,1,1,0.07790093594115388,0.947876647747211,-0.008012853491360494,1,0.0645163417188449,0.017424922447477953,-1,-1,1,1,0.9125378262940702,1,0.984072511083512,1,-0.9191213861906206,0.9623406234227376
1934-01-21,1,-0.9711475730669075,1,-0.9766844400205426,0.9389961419502251,-1,-1,0.04960877267137065,-0.031707009658328955,0.05358697297555137,-1,-1,1,0.002773561312368611,-0.9126436993342122,0.002695672060765486,-0.9170193471979757,0.005827431674057415,-0.9062531868845526,0.9860490156858893,-1,-1,0.022911522399087003,0.05278406731975038,-0.07944398467448577,0.05898925840764724,1,1,0.02220911470856135,1
1934-03-01,0.04791567360872817,-1,0.14570932735626596,-1,1,-0.046288061410492354,-0.06253675919171031,-0.9176366727146525,0.8216693021871175,1,-0.0952369675547603,-1,0.016010403770569837,0.9172693432241014,0.01906199795744634,0.9887148684370928,0.06335484209622633,1,-1,1,-1,-1,0.992219176986377,0.992007760039708,0.9015757552457911,0.9479215224818862,0.004382303136256871,0.04454302252733866,1,0.10336598040311595
1934-03-20,1,-0.00888368616559676,-0.8081585828281309,-1,1,0.9505282259151137,0.8698105578437281,0.07946951185838258,-0.12094360483105826,0.022874648857226787,-1,-0.03718347996478599,-0.908138225314065,1,1,0.03715381036877996,-0.9320813947594805,1,-1,1,-0.06151843771135923,-0.004674574931318509,0.028983080915065518,1,1,-0.03647315608234214,0.973456161097906,-0.9551473294466565,1,-0.8229479766735996
1934-03-26,0.04840803675537686,-0.9856818819141602,-1,-1,1,-0.04281637583894371,-0.10528812336251381,-0.8679379665010984,0.8610277336567874,1,-0.0019849220069018125,-0.948909511257958,-0.006689555918394485,1,0.05039643650806347,0.9964082935054586,-1,0.012947182808587643,-0.032610126924146,1,-1,0.9823363188398405,-0.9092960475713828,1,0.026207201746613507,0.942630199889724,-0.01630848344051372,-1,0.010453328693966646,-1
1934-03-27,1,-1,-1,-1,1,0.9176906725354547,0.8295899998702541,0.08794917569161298,1,0.051008354008202916,-0.9124077553584401,-1,-0.9979966259374529,1,-0.9317195848508639,-0.002630063838022334,-0.07417638248479053,-0.9023157288244136,-0.9969855290185545,0.010375317235318704,-1,1,0.07772688474117528,1,-0.9606366474733958,0.03971005231943092,0.9761613457904483,-1,-0.9694692655375193,-1
1934-03-28,0.017956743991921154,-1,-0.06746044286964459,-0.004876439117843301,0.0923080289989281,8.967267313431115e-5,-0.13107770733550972,1,0.07254903731668716,-0.9165431592049531,-1,-1,-0.07403274562132767,0.012631986127897066,0.01847972498915751,0.8925751481835223,-1,0.08562357883854921,-0.057596584863427114,-0.9464887905067805,-0.05235924906457856,0.07652658433368098,1,1,-1,1,1,-0.02475549488951234,-1,-1
1934-03-29,0.9326767919720915,-1,0.8919896641977848,0.9406031497438784,1,0.9454426083747383,-1,0.01671549703444908,0.9866749611401364,0.06449987747144326,-0.04711540299123562,-1,-1,0.9595311749352288,1,1,-1,1,-1,-1,-0.9940882976972462,1,1,0.003312183128183377,-0.0023332453303567258,0.058822622298845606,0.011775542132708372,-0.9052617328661419,-1,-0.04850237123574608
1934-03-30,-0.055797079618649215,-1,-0.10795129237723866,0.029383612754873,1,-0.026624068639236165,-0.00875564088774039,0.9849963353457735,1,1,-1,-1,-0.01691202416708215,0.016418217509685307,0.07379812983563927,1,-1,1,-0.030985673359122723,-0.001567006515099223,-1,0.09747193711951163,1,0.952386992624747,0.9845799232068658,1,-0.9656308639064556,0.08552059343206542,-1,-1
1934-04-05,0.929750570479862,-0.013419526280298189,0.8125929857439311,-0.9398359764088908,1,0.9574549917766431,0.9808484458504543,1,0.08000330022716773,1,-0.12194319894844263,-1,-0.8906317345199032,-0.9689547353515781,1,0.0018380418744364801,-0.03587425751051032,1,0.9072184927761442,0.9231818341009577,-0.00554261381695631,1,0.04116343004668899,-0.02223587064790422,1,1,0.005057422137142109,1,-0.05824584609095207,-1
1934-04-07,1,0.9809710337502934,-0.13465545750476482,-1,0.07309552136758601,1,1,0.08120043009347067,-0.9117392483600101,1,-1,-1,-1,-1,1,-0.9854883047091502,0.8778596435839444,0.0321719787253717,-0.0773904169523123,-0.03050209840485152,-0.9804459894462417,0.044198631873271665,-0.9135405127488201,-1,1,0.048562498745796434,0.9474745076143785,0.01523502357179829,-1,-0.10480526360373332
1934-04-08,1,0.06413211042387978,0.7880585667210798,-1,-0.9189565322377697,1,0.022170119892751083,1,0.05564301069564592,0.08201167960838196,-0.014903931235604295,-0.08614581377589592,-1,-1,1,-1,1,-0.9187410944076269,-1,-1,-0.03519541428856654,-0.9290022898677825,-1,-1,0.005694196671168439,0.9923757429839822,1,0.9844905093627709,-0.01849146197420437,-1
1934-04-10,1,1,-0.2081846976580568,-0.08637794253674236,-1,0.063371297749924893,1,1,-0.938872010739544,1,0.9601270742334597,0.8093288160729453,-1,-0.06797456108281097,0.03530379779164794,-1,0.01989647153131724,0.06118836119021498,-1,-0.025627842973147796,-0.9675952858403783,-1,-1,-0.09161033743154146,0.9946873668563071,-0.006838398327052797,1,1,-0.9709384845216193,-0.023782397868385652
1934-04-14,0.04759123882366967,0.002727039983841495,-1,-1,-0.02122857283605084,-0.8393139476814077,0.0018990524174657963,0.06130825976804599,-1,1,1,-0.08926566852482032,-0.035357323859639855,-1,-0.9152669100039911,-1,-0.9366840682562527,-0.9315043593330725,-1,-0.9836741252361425,-1,-1,-1,0.8306366621855179,1,0.9352856088721067,1,1,-1,0.9393567811438075
1934-05-09,0.9760356241212178,0.9650919816083365,-1,-0.04580841440774597,-0.9815282412750846,-1,0.9941225858575189,-0.9276768699599286,-1,1,0.023455411198881393,0.9075002083077142,-1,-1,-1,-0.0873876027720798,0.045677721871470456,0.019814232344039673,-0.021048833476557394,-0.017843910547683306,-0.05246438336877568,-0.08980847941059356,-1,1,0.07385486464070168,1,1,1,-0.03886102959868898,1
1934-05-13,1,1,-1,0.9373117386006526,-0.022975217057843333,-1,1,-1,-1,0.01588393781485009,0.9649843895018236,1,-1,-0.038002610668725234,-0.062160867091920924,-1,0.9539835802192619,0.9878389966896857,-0.9869332160444061,0.9763360104455397,-1,0.8885848787897241,-1,0.012575454178629375,-0.9022807531595486,1,0.049940973416739864,0.029526409532079856,0.9605136170951709,0.020451286568785032
1934-05-22,1,0.06655033261390841,-0.026285642961154765,1,0.9149865558964836,-1,1,-0.035919546032233685,-1,0.8883257035990102,1,0.03819742103279866,-1,-0.9761868180266802,-1,-1,-0.01186366480928236,1,-1,-0.00990172468977124,-0.07493401134168531,-0.08402058423908032,-1,0.9962524154919593,-1,0.0247404264111849,1,-0.9135422311277861,0.03207109635326311,-0.9793971711403862
1934-06-16,1,-0.8919910862671473,0.8960341262873708,0.05460500829468984,-0.04783871122589278,-1,0.0077545656416477815,0.9463652135480166,-1,1,1,0.9996618133711741,-1,-1,-0.08556994942173146,-0.028554495143254477,-0.970135974572724,1,-1,0.9683355593681152,0.8810910418448806,0.9136327686769135,-1,1,-0.014741356253619942,0.9513553974262325,0.05850585464004454,0.07379517225225607,-0.9404128698996141,-1
1934-06-21,0.009020590343552626,0.058488158282272495,-0.10046193226315947,-0.9386087690885743,0.9501248321161397,-0.03647269176552914,1,-0.024932896696450824,-1,1,0.046058493551556,0.036278567079815804,-1,-0.041937307916196986,-1,0.9544326226388995,-0.0018483265381155078,1,-1,1,1,-0.07975951283202809,-0.03643668424752655,0.07300713878807008,-0.9809586031059712,0.0385298938201355,-0.8899654535349977,1,0.03198036316510999,-0.01631000869491317
1934-07-09,0.9706158577692531,-0.9201773002228659,0.8497086347032725,0.03932328750095371,-0.03788810857032465,0.9547759793478318,0.05378109604267578,-0.97915130142681,-0.08878851717396041,0.0077660726621017195,-0.9350700515987481,-0.883799323257646,-1,-1,-1,1,-0.9512555890462747,0.010972083709157143,-0.015567933785643695,1,0.011978852212129465,-1,0.9428697211082532,1,-0.09230764139978642,-0.8892245001399938,0.05861615387539121,0.04576059291651702,-0.88574320807657,-0.973765002951287
1934-07-12,0.010196316656461923,-1,-0.14060149557662227,0.895866805349534,0.8909368359525192,-0.021916555459917553,1,-1,-1,-0.9893486671694501,0.03167164128004274,-1,-1,-0.05122788263489053,-1,1,0.02647763646980461,0.9852409985590481,-0.9894909329287627,0.02105178148069209,0.9753240222181127,-1,1,0.019420674984150232,0.8860620570143802,-1,-0.9385563115997264,1,0.10317203231376071,-1
1934-07-16,-0.9306884031140321,-0.060365362922930044,-1,1,1,0.9101515505064205,0.14676163678941057,-1,-0.06299732197028829,-1,-0.9062550883133587,-1,-1,-1,-1,3.2847772117583496e-4,0.983410268921768,0.006386498694500253,-0.016431256482697942,0.977105630878674,1,-0.11831778967717466,0.018277195356281473,1,-0.03077294540598019,-1,0.020089435006226952,0.025703150810778674,-0.8867062290479852,-0.006044786331959262
1934-07-17,0.05926686163721695,0.9068837450424068,-0.04891569036188481,1,0.02465329791072135,1,1,-1.3846892846924863e-4,-0.9826816257253,-0.03607960889554196,0.02120129918709035,-1,-1,-1,-0.03326211584437755,0.9783200649603624,1,-0.9717636663613165,-0.9860364784328914,1,0.12251871256313218,0.8421143589884174,-0.9110851530509384,0.06730652715531105,-1,-0.036443296454086394,0.9964570286039671,-0.946222702411645,0.05088811125060999,0.9410562708007262
1934-07-18,-0.873515192063455,-0.04843513547326539,-1,0.019772777308350142,1,1,1,-0.9983791066442074,-0.05931242476637666,0.8874482436060971,-0.9641424428049788,-0.015495824003063374,-1,-0.012896641454081204,0.920346781940633,0.021678924337111827,0.04747827394649584,0.009057995883023029,-0.04651781319208004,0.03140630316386872,1,-0.14826258943647064,-1,1,-1,0.949806432184244,0.0013518723110205189,0.03033093405920073,0.9299860133475002,1
1934-07-19,0.07968199599973802,0.9065731851347223,-0.062335554522293335,1,0.0609767994003072,1,0.061233130417905235,-0.07142285655439007,-0.950060037543686,-0.06225648762100666,1.8228906658845911e-4,0.9271254084539504,-1,-0.9719388161941844,-0.07164505450927683,1,1,0.9192047523966946,0.948225658246404,1,1,0.8500100694712577,-1,0.05119665707475396,-1,-0.007960171985648357,-0.9811130064491316,0.937716967797941,1,0.019290087720194915
1934-07-22,1,-0.08926285943907875,-1,0.02760729767634018,-0.9239566107872008,1,-0.8987294550336645,-1,0.038892740781459434,-1,-0.9285573165222342,1,-1,-1,-1,0.0031430262532468056,1,1,1,0.06439387016209586,0.02406790705989137,-0.12131853812548199,-1,1,-0.05824086894429059,-1,-1,-0.05009972815298147,1,0.9787198627729325
1934-07-27,0.07892228672360668,-1,-1,1,-1,0.03019499856751129,-1,-1,0.988449413033024,-0.003038722429953067,0.06741482522534548,0.02581422106038167,-1,-0.06576074286039879,-1,-0.9426260699090293,1,1,1,-0.9284037461699871,1,-1,-1,1,-0.9532412134995197,-1,-1,-1,0.10285477241290364,1
1934-08-01,-0.9131190971531893,-1,-0.030937635733696123,1,-1,-0.9490006134375905,-0.04654513314467423,-0.00914773123729673,1,0.8780305843620089,-0.8996451345907535,0.9951290707265391,-1,0.9296824664157134,-0.03734862496461966,-1,0.0612353258708046,0.026503312442900162,0.01611634599958145,0.04203443025513409,1,-1,-0.00199454754933992,0.03661640747878503,-1,-0.0694830688175041,-1,-1,-0.829703117308016,0.006404533032016602
1934-08-02,0.07867035980390846,-1,0.9414993560379454,0.002407055140664305,-0.0697701303082161,-1,-1,0.9307911686093533,0.061448588441839314,1,0.04632855618025533,0.0026760049332164026,-0.035518545648702715,1,-0.9835778274672069,-1,1,0.9367955931949099,0.9282253720548316,1,0.022515622696952065,-0.024671637863267204,-0.9776211763430099,-0.883159207704182,-0.049073257242298274,0.9089072574243954,-0.08037835779665636,-1,-1,0.9924786231887804
1934-08-03,-0.9206178387138003,-0.07135049909403879,1,0.9769798379934668,-1,-0.005733429192018247,-1,-0.018376475975716344,-0.9082913670188856,0.04044637064299195,-0.9119030458377388,-0.9753421219743654,0.9205662081170867,0.005875569473118625,-1,-1,1,1,1,0.01690397512882058,-0.9143358906722772,0.9662016506859389,0.01728109307778225,-1,-0.8897155913721986,0.03267565197121847,0.9012026826735007,-0.042367206778062494,-0.04968104035897902,1
1934-08-04,0.016257876826551998,0.9247735547239158,1,-0.017736928220894788,-0.07468324298272166,-1,-1,0.9769452423088819,0.005909547739108567,-0.9015761578204453,-1,0.014541906169364682,-0.06006064023391511,0.9592634950324828,-0.03404728241097388,-0.013974947026213491,0.04129468404995418,1,1,0.9861354639215859,0.058095538505534394,0.04948326134586767,-0.9535347831718008,-1,-1,0.978922885901863,1,-1,0.8571005819518464,1
1934-09-09,0.9588622729314216,0.006688181360010814,1,-0.8856997396720163,-1,-0.03255755522866832,-0.02631947606953733,1,-0.868855501807444,0.08299522535910842,-1,-0.9118978429728871,0.9212483532109734,1,-0.97250221174366,0.9136676881365174,-0.9528116425791238,0.004068213558562461,1,0.0961880997466048,1,1,0.03021598724510577,-1,-1,0.05684424117641451,0.01952146097311791,-0.01257918993323659,-0.08512146700156864,0.10976330001882773
1934-09-18,1,-0.9427508491354323,1,-1,-1,0.9270836799726376,-0.9645476349716238,1,0.09200636502224613,1,-1,0.05060184013820446,-0.03661114050395842,1,-1,1,-1,-0.9745653250459017,1,-0.8519556335898429,1,0.0015103500826461058,-0.9026212765622343,-1,-0.0041245023633397215,0.9657194794121031,0.9421937114841715,-0.9759849150793294,-1,-0.8814112917268135
1935-01-01,1,-1,0.12611750144587042,-1,-0.050722002470952265,1,-1,0.037890707975060445,-0.8556708301329177,1,-0.027916750806225132,1,-1,0.10005699748192554,-0.061752540744838824,0.007913969099160534,-1,-1,1,-1,0.04465265170361943,-0.9800091336292753,0.07966661259188679,-0.040472656843168364,0.9783808855684702,-0.019316271974761268,1,-1,-1,-1
1935-01-09,1,-0.027041661751243784,1,-1,0.9158423754273359,1,-1,1,-1,1.0853433071966734e-4,-1,1,-0.06122551674408516,1,0.9380487267415125,-0.9816570297733844,-0.03465642903573629,-0.07661582006287926,0.01260435357065015,-0.06699937227165675,0.9823767970261863,0.010449950839977462,1,-0.9814214662756547,0.07823088931622979,-0.99283575156439,1,-0.025610365866005402,-1,-0.0313540685504381
1935-01-17,1,-1,1,-0.054156081528917155,-0.08279952855146122,0.07203543396310175,-1,1,-0.050115492381158644,-0.9812472054400323,-9.729308995642949e-4,0.004963165715325846,0.9231456451388452,0.01364356681166734,1,-1,0.9509189837005634,-0.9950657168275125,0.9804697200280665,-1,0.01893933611648191,0.993076583101827,0.05065979776793983,-1,-0.8284212525534663,-1,0.018909848090095993,0.9536098317030687,-0.09639028642223968,0.9175891674181205
1935-01-21,1,-0.0028282125587310025,0.043650749584620674,0.8835375765575696,-1,-0.9172426494101077,-1,1,-0.9365527160571732,0.00867775864167275,-0.9665236950119837,-0.9534917236008876,1,0.9673285655481128,0.0700375742997632,-0.05770657720404804,-0.03795670048088573,-0.0574528308781842,1,-1,-0.930595278518165,1,1,-0.0070388097189085785,-1,-1,0.9488291008982409,1,0.8665992392811042,1
1935-02-03,1,-0.9407163924943692,1,-0.051446362486627484,-0.04023666402936288,-0.02840884560107415,-0.09920306573208659,1,0.030683472581472193,0.9960728625524431,-0.027841570004401794,-1,0.04265774999401617,1,1,0.910934979280804,-0.9804723396164273,-1,1,-1,0.009907292833622572,0.01383479800912013,0.02558811667014471,0.9674243784987375,-1,-0.06945505945023778,1,1,1,0.008718941812988823
1935-02-12,1,0.042458367674225284,0.0086829364841291,0.9317600743155982,0.9503334704074514,0.9030938399480714,-1,0.012078588676803337,-0.9620329574646662,0.09731080230491451,-0.9690099387279116,-0.021649613906215448,1,1,1,-0.06785678427176345,-1,-1,1,-0.05052655396003647,0.9651492899425999,-0.9551722571083837,-0.9457113544360436,-0.017649457634767107,-1,0.8688334602251685,5.03071948824263e-4,1,0.09357520069782321,-0.8808883531551402
1935-03-01,0.056048851456756865,-0.8787011946976305,-0.91056436222166,1,1,1,-1,0.9436125742294806,0.01263188808110638,-0.8583291645512225,-0.02240059855040022,0.9430533639615651,0.03826455490473213,0.07656298380788873,0.01041524275241612,0.8825789428317603,-0.018019080558414613,-0.014237361417020478,0.005213789597140028,0.8928487386647049,1,-1,-1,0.922973237632447,-1,-0.12784419557316484,-0.7994541289914404,0.05426138505460942,-0.8521840741452907,0.09430462450176291
1935-03-09,-0.9386848335587447,0.11438482852443543,-1,0.04632835128386681,1,1,-1,-0.04016411317377899,1,0.14117771606744567,0.9229240948532518,0.03221280414468064,0.9192228001998174,1,1,-0.0551917036480436,0.9818729877810015,0.985366151529487,0.964229798826274,0.009954582572122894,1,-1,-1,-0.001537103710373966,-1,0.8317078204157935,0.1827450676536777,-0.8810001019710827,0.0476100009821786,1
1935-03-10,-0.007360903259129636,1,-0.03781852439683819,0.9493449130226772,0.030529942848500746,0.029794480498181786,-1,-1,0.049357910368161284,-0.8135988502663246,1,0.9600140845407686,1,0.02568087157560006,0.04975932906670222,-1,0.03954514253025432,0.002995879373217214,-0.030216975802864976,1,1,-1,-0.039957395102332094,0.9794127390895109,-1,1,-0.7966819286264353,-1,0.9871234445969207,1
1935-03-12,-0.9692168417442024,0.03028939706626943,0.9328755335175255,1,-0.9151257706581369,-0.9691058846200483,-0.03443683348122728,-0.03832868513428944,1,-1,1,1,1,-0.9406378623331572,1,-1,-0.9331898523660419,-0.972744465977793,0.9455438986953354,1,1,-0.04028346323681453,-1,-0.009398450440532558,-0.08805911869062188,0.006122858614243443,-1,-0.04156327789581582,1,1
1935-03-29,-1,-0.9306142881558236,1,1,0.06177035294599842,-0.009984478453861856,0.8817311799016092,-1,0.07791604891360515,-0.0333152393992715,0.009889586964296537,0.07309186213432428,0.021777549762731274,-1,1,-0.001664569876652311,0.014707398221108559,-0.026680537296126072,0.014879482513353581,1,1,-1,-0.11026889496927983,-0.9889816614655281,0.8649960549842789,0.9902333563253485,-0.01766886197118478,0.9083936478831912,5.309874978726148e-4,1
1935-06-15,-1,0.044827810254380096,0.002708418297127646,0.07082971333210819,1,-0.9995201653889786,1,-0.08043260416699283,1,-1,-0.979893890367812,-0.8806965602363034,1,-1,0.09105653160829708,-0.9659058536327174,0.9774964080452136,0.9620110298176536,-0.9407129513745172,1,1,-1,0.8434489998694727,-1,-0.12504899820314475,0.02310884531713442,0.9469850687297809,-0.06332112783154753,-0.9944676685374298,0.021635228004580953
1936-04-02,-0.050826014329408586,0.9980311940881942,-0.9260993341018517,-0.9003455671794295,0.07269908003434422,-0.052726379246353594,1,-1,1,-1,-0.034238274054431694,0.06849164351451187,1,-0.03446595730311508,-0.9052903352243127,0.006715668468382785,-0.003065899279869777,0.028662784370183658,0.035203282885577836,0.08271156384062861,0.06004066664540453,-0.016271146164051897,-0.1535728989362768,-0.04763366621641474,0.8289460283333437,1,0.010370420529121849,-1,-1,0.9864448288642862
1936-04-03,0.8633475077432583,1,0.04589292217973451,-1,-0.8483667739543473,-0.9828840860220012,1,-1,1,-1,0.9615654514810459,-0.8387157760398415,1,0.7983128220520839,0.01647061840279873,0.9748805353676938,-0.9461866746405917,-0.9518056018544184,1,-0.9104731305044094,-0.8252387844412425,-0.9745359433735227,0.8183235270779844,-1,1,1,-0.9827896735027424,-1,-0.03205770581948286,-0.004184086896284467
1936-04-04,-0.09070034292022922,1,-0.9139712382389164,-1,-1,-1,1,-0.029284628214212294,1,-1,1,0.11634603882910044,0.021526067799123694,1,-0.9124517851174763,0.08237850726668405,-0.024763865347563252,-7.132336823978402e-5,1,0.08450912179556369,-1,-0.050258021401526354,-0.15406138576980244,-1,0.05546104738336699,0.0706589682363139,-1,-1,-0.9871249231791269,0.9372738995743651
1936-04-05,-1,0.035442793242116744,0.056964765722503974,-0.06242193820190545,-0.08702826185418822,-0.0193421872044367,0.015904000807709484,-1,0.0036054315073709153,-0.030930083887111937,1,1,0.982693824748786,1,-1,-0.8871181905558254,-0.9540452216271578,0.8910040725296747,0.09936639083439214,0.9900546393963927,-1,0.9176324318627852,0.8249182652529751,-0.08277289666503818,-0.9384941810361447,-0.8774323580421866,-0.04030689356288675,-0.0726268447473637,-1,1
1936-04-06,-0.013291160053853668,-0.9356130470447125,1,0.8822488439371999,-0.9715849719047445,0.9206232577560474,0.9896756412181086,-1,0.9611601528934615,0.9215794832077292,1,1,1,1,-0.00108423490835452,-1,-1,0.02393986432986761,-0.8458018172282219,0.07040610084427645,-1,1,-0.16840347803148814,0.8403907023867501,-1,0.046317836660590306,0.8884983960925783,0.9119388851209725,-1,0.04532169020398247
1936-04-09,-0.9652158011910782,0.043081348485527804,0.018038820064695815,1,-1,-0.014196386423275253,1,-0.07616404883168015,1,1,0.050097119403704315,1,0.03662789777364872,1,-0.9812038282730855,-1,-0.11374972286013352,-0.876528459602799,-1,1,-0.0052933792823443016,0.033766055673997375,0.7714085499513187,1,-1,-0.9382993953717125,1,0.02272104692301835,-0.008136934553310882,-0.9412945723474057
1936-04-11,3.7499487144976307e-4,-0.8481257454708042,-0.9236978644591859,0.09695476772199751,-1,-0.9612501208936857,0.04469142466529208,0.8327638649847706,1,0.05854545897561303,-0.9498251228609369,1,-0.9272511590321926,4.656134186932226e-4,-1,-1,-1,-1,-0.031121451978142423,0.03912161617080656,0.9697842639886487,1,1,1,-1,-1,1,0.9856728987317163,0.9705939446297668,0.056325864275418636
1936-04-13,0.9234381432060821,0.1304303805036362,0.06689852134362462,-0.8635394980637231,-0.04114579247879335,-1,1,-0.10673652864418515,1,0.9968571678769593,-1,1,-0.004830550034662595,-0.9497465899888201,-0.16553376736744463,-1,-1,-0.035384022256161884,0.9121523368651185,-0.9074555839519481,0.02124286956394128,1,1,1,-1,-0.04918794456757425,0.1413710855435305,1,0.07322559872731838,0.9974367399397601
1936-04-15,1,1,1,-1,0.9086012943597683,-0.051843089286817245,1,-1,1,0.0556455507382293,-0.04274274580539006,0.02921069515642105,-0.9285140382278352,-1,-1,-1,-0.04653423850174765,-1,-0.08143102503800093,-1,-0.9711795867106489,0.1217630655507923,1,0.033258653661481064,-1,-1,1,1,-0.9068407234887674,7.357550492514964e-4
1936-04-16,1,1,1,-0.010836956601594783,1,0.8992894467894487,0.034709103351108106,-0.05664319631860448,0.09460993496782,-0.8995305161339499,0.9488541886413654,0.980422928809498,0.07041972727691848,-1,-1,-1,-1,-1,0.861493815809504,-1,-1,-0.8663255274967583,1,0.9866851541568762,-0.07093706272566869,-0.0367120332610672,1,0.056824122241876496,-1,0.9954607121122376
1936-04-17,1,1,1,-0.9613748095640132,0.0567067175978101,1,1,-1,-0.8766270720590729,-1,1,0.07069072821510225,-0.9132038485457424,-1,-1,-0.022293729724851108,-0.025290758841305605,-0.055341891756679806,1,-0.016457773638039908,-1,-1,1,0.0014790514050285752,-1,0.9611664968841416,1.134738555799153e-4,0.9795703918946672,-0.08452916310933567,1
1936-04-20,1,0.10089897312413099,1,-1,1,0.019584072941713493,1,-1,0.0572182984661036,-1,1,1,-1,-0.02548099357689404,-1,-1,-0.9699221971978076,0.8114750970681918,0.1075096203993412,-1,-0.07777989104774696,-1,0.0037260107512837592,-0.93251264900256,-0.04054220026870414,-0.01979769817992394,0.9932134406330891,1,0.9079353209671113,1
1936-04-22,1,-0.8882027308221391,7.83518423097096e-4,-1,0.01597068009391822,0.9657049402104518,0.01928911240283737,-1,-0.9310417417523922,-0.09323756477274525,1,1,-1,0.9574690073180159,-0.07719084742370219,-0.009623051067148447,-1,1,1,-1,0.836858526323469,-1,0.9620953433526815,3.80869691672836e-4,0.9039613871939504,0.9593822817993014,1,0.028527423365887428,1,0.03189963567049958
1936-04-24,1,-0.018475300459734556,0.9928890567839088,-0.04836944657689746,0.981654463271629,1,0.9383668275632318,-0.047131741879753664,0.010995931942709425,0.8829538038688397,1,0.026803633689169493,-1,1,-0.9709630129102496,-0.9776509715002594,-0.00963235385806005,0.05379496672123607,1,-1,1,-1,-0.02958776267472496,0.9719761828925808,-0.04718391172085701,-0.029622982539465492,0.035929756429119664,-0.8226143834114634,1,0.9480328336032475
1936-04-25,0.0290653683512071,0.9447623636672917,1,0.9428687104676795,1,0.02727162303846975,-9.883681306237513e-4,0.917421773623263,0.972540541122097,-0.07712493452984581,1,0.9906207413472581,-0.029093736444460228,1,-0.029423157619189455,0.021863619873303097,-0.9847826877303335,-0.9056105189387738,0.004039110287557102,-0.03135184481347986,1,-1,0.9236855661882907,1,-1,-0.9321087563607521,-0.8830493720026932,-1,0.0028019501540821334,1
1936-04-26,1,1,0.05035554844865331,1,1,0.9944360918227612,0.9781572593328813,1,1,-1,0.03665464374259586,1,0.9332264200440139,0.01692374589011414,0.9537325908190437,1,-0.07254734917427341,-1,0.9636894962086355,-1,1,-1,-0.0022475925187204204,1,-0.002416663064507829,-1,-1,-0.0899798108907165,-0.9821668929797213,0.06030149682775754
1936-04-29,0.0030023119455716563,0.04196976005913566,-0.8592957016950329,0.021224653284969364,0.08803283420516772,1,0.007126603468980863,0.019214285955196475,0.029018276365568196,-1,-0.9240280412612192,1,1,0.9943176739634323,1,1,-1,-0.09026631855050404,1,-0.013471266252400471,1,-1,0.9654339923394477,0.05512759071099438,0.9832479919442441,-1,-0.011544347853764902,-1,-1,1
1936-04-30,-0.9320259185068657,-0.9472300683610185,0.11654304956716777,0.9708036994885965,-0.8782489647964243,0.010835078453582225,-0.9625199700446669,1,-0.9005698067837647,-1,0.037121792755406835,0.0712432777330747,0.07683867380155496,1,1,1,-1,-1,0.07989163226907325,-1,1,-0.035216951030442534,-0.03303958480886149,0.9707089792998174,-0.009764566839961852,-0.028986966288701677,-0.9809353015382507,-1,-0.019519873219618455,1
1936-05-01,0.047490050717175825,-1,1,0.03810008271223497,0.06535963648263066,-0.9503856084058697,-0.0590049284082621,0.07786896751226813,-1,-1,0.9491070986636575,-0.9186942658690228,1,1,0.03445015930308415,1,-1,-0.01768597354821322,-0.8877185952623106,-1,0.011360936868201277,-0.9996729986880541,0.9205698597337085,1,0.9817570064290639,0.9584368355759852,0.0038135530407396034,-1,-1,0.06710839243447764
1936-05-02,-0.8243485496684254,-1,0.10758717371184623,-0.9333005855320605,-0.9247248878051548,0.025274500055280535,0.8681619142520759,1,-0.10287629033796042,-1,1,-1,0.04633372164095473,1,-0.9021175873103986,1,-0.06718878467355682,0.904895715517653,0.0926079209203603,-1,-0.9705238300318723,-1,-0.056350824876607475,0.03383936463628168,0.016766192559845017,0.01992640101025489,0.9517406673050778,-1,-0.010778270458382755,-0.8646666559951636
1936-06-05,0.0830992046163278,-0.005645658964194777,1,-1,0.059152961383973635,1,-0.09796359723535553,0.046428020898994116,-0.9893766031934427,-1,0.09785701154817739,-0.020073878453286786,-0.9434707301832164,0.008986403630284467,-1,0.024188077852518086,0.8787212968429077,1,1,-1,0.01825644112382052,-0.08256961875826552,0.8904415844451263,0.9857941665229653,0.9879351820153094,1,1,-0.04764676508747823,0.9446134939579445,-1
1936-06-15,1,-0.990009046841401,0.07945546495575428,-1,1,0.032100366207956865,0.8666637381693872,-0.9383573135794516,-1,-0.019702014224336928,1,-0.978658759112721,-0.0303279048745162,-0.95419216891041,-1,0.9904413630484356,-0.09299937190236218,1,0.06182352415667003,-0.028375596875753084,-0.960780708069614,-1,-0.07281314525022153,0.06699064307947944,0.09141248538937996,1,1,-1,1,-1
1936-08-12,0.04429881623551746,-1,-0.9132629513846131,-1,0.0031712195333861715,0.9410087628148938,1,0.045233160942972805,-0.07970652732070105,0.8883192554382403,1,-1,0.9335260071997143,-1,-1,1,0.894028740769352,1,-0.8786619241289862,-0.9973247303316598,-1,-0.008276196793247426,0.9029027529424741,1,1,1,1,-1,1,-0.06939039875251052
1936-09-22,1,-1,0.06743944959127102,-1,0.9677483142246187,-0.03380071252282646,0.08208960743562066,-0.9086831953839125,-1,-0.04977118520955892,1,-1,0.007743224816164962,-1,-0.024289800003159057,0.009649892778095581,1,1,-1,-0.03933331678942942,-0.0766748302308069,-0.9376057852049343,1,0.03837145591947122,0.04461918001631682,0.04718472263237328,1,-0.011215439957465878,1,-1
1936-11-01,1,-1,-0.8769456333938407,-0.03960643356936111,0.034394273416995635,-1,1,0.042566150564779526,-0.039207552561505765,-1,1,-0.11156325128452804,-0.9790610051436067,-0.0654593756035966,0.968825424198135,-0.9271101174739101,0.08703869995601599,1,-0.08002768467211674,-0.9766448808484964,-1,-1,0.007055392501269964,0.9447766654218699,1,-0.9301700989665616,1,-0.9146134571559849,0.07879773376444554,-0.02475335210354379
1936-11-07,1,-1,-1,0.9565433360066361,-0.9634436181803315,-0.007930532182939709,1,0.951771060844708,-1,-0.09278736293297962,1,0.853311640250325,-1,-1,1,-1,-0.9019724672402355,1,0.9008180085391849,-0.019241423020465054,-0.0036192301027582197,-0.08108395256745604,0.9840539094340828,-0.04751882720202505,0.019725115527206127,0.05116338897807071,1,-1,1,-1
1936-11-11,0.04263191244061826,-1,-0.08952647843963557,-0.01892037041478345,-0.05957920325605215,-0.9948149605922367,1,1,-1,-1,0.04739370685037214,1,-1,-0.07786577829684638,0.054420060518215796,-0.05785701179476377,-1,1,1,-1,-0.9859553988358704,-1,-0.01322175898430411,-1,-0.9567457443024681,-0.914432626766596,1,-1,1,-1
1936-11-19,-0.938287137013738,-1,-1,-0.9963249154820082,0.9323853642238555,-1,0.0893520289132611,0.018327469356116732,-1,-0.017106339782094304,-0.9465436118710434,0.06849440208651048,-1,-1,-0.9206725635374723,-1,-0.011311695651138098,0.014684093258213515,0.0027308834627394196,-1,0.008304427606148468,-1,-0.9574998010638898,-0.011971464028475265,-1,0.059873254718297075,1,-1,0.04295035691580129,-1
1936-11-24,-1,-1,-1,-1,1,-1,1,0.9848642547887998,-0.023838359284204524,0.885290372948984,0.04095582231188366,-0.9129168366995006,-0.017835703151383053,-1,-1,-0.008527130139618033,0.9386112499545449,0.9530586568500549,0.9685270599921446,-0.044614292341997874,0.9520442807234911,-1,-0.01576604287426142,-0.996175771631601,-1,-0.9380097731198225,1,-1,-0.9075990660780251,-1
1936-11-27,-0.04947375829119793,-1,-1,-1,0.018379440624023302,-0.08806615792428352,1,0.009713975833087307,-0.9713261884673638,-0.0156614110088672,1,-1,-0.9234832062529178,-1,-1,-0.980379107123847,1,1,1,0.9046378522908824,1,-0.029387440736801884,0.9324164261449749,-0.02439280471254124,-0.03571382128304845,0.02242305171615233,0.0874485305687227,-1,0.08117072785850976,-1
1936-12-07,-1,-0.009389633837585398,-1,-1,1,0.827486874995654,0.007313661754044465,0.9824082510744478,-1,-0.9979211659012466,1,-0.06804857179162971,-0.016120702163745726,-1,-0.03478765304592146,-0.050458359829145594,1,0.022463867882873356,0.01012669637344532,-0.07656780841753652,1,0.9455721736643442,1,-0.9908457442550493,0.9618866963017746,-0.9736118862878077,-0.766648417604332,-0.024258533077182842,1,-0.010169852342138519
1936-12-08,-0.05089739978785901,0.9838706072457271,-1,-1,1,1,1,1,-1,-1,1,0.9221655594069761,0.9382463714930369,-0.030292844043650735,-0.9857825457959221,-1,0.06469858631938652,1,-0.9328657022781538,0.894420269668472,0.07009671738075285,1,0.004788931351326853,-1,1,-1,0.20525990385324366,0.962379523231164,1,-1
1936-12-14,-1,1,-0.01064402830401967,-1,0.0043096028158868815,0.041226813483212776,0.06492291081578139,1,-0.01013751354994652,-0.05249377561680746,1,1,1,0.9646524369396657,-1,-1,1,1,0.0227658206490553,-0.08228603364174791,-0.8594127138702843,0.057454194981633844,0.9913228209775372,-1,0.036324831423180215,-0.026139013981841153,1,1,1,-1
1936-12-15,-0.05917476137524336,1,-1,-0.04162074471336641,-0.9586941993947701,-0.9246686681334382,-0.9213469653969861,1,-1,0.9059510105814069,1,1,0.03041322964795523,-0.03447915432378701,-1,-1,1,0.06365683627805385,-0.9742942377619394,-1,0.08018204520623284,-0.8538712523836488,1,-0.007936521802536678,1,0.9587747693051176,1,0.0927540030325621,1,-0.03853909729193905
1936-12-16,0.850861463867801,1,-0.052307982090973426,0.9497952944481178,-1,-0.02933226803682265,0.041405921020665204,1,-1,-0.06579842590224338,0.07346984535691126,0.02920905184370781,-0.9488852905564986,0.9048361338146241,-1,-1,0.04325363126001602,-0.847180720278849,0.024402878353734003,-0.06898780206876542,1,-1,0.07227438976670375,-0.9842113506945062,0.0025821711125451063,1,1,1,1,0.9437281385786154
1936-12-18,-0.11250909288489286,1,-1,-0.028197281359031878,-0.09705646759567388,-1,-0.9289541157359915,1,-0.014156087372505177,-1,-0.8969470306429933,1,0.04966127292004474,-0.08471237155266909,-0.04826107510264799,-1,1,-1,0.9329228323978138,0.8953474237019358,0.04177873794361964,-0.03528727428208811,1,-1,-0.9724953008304654,0.01533343436777257,0.016322387193694166,0.018720470093273933,0.03848795250796677,-0.016937542008666817
1936-12-19,0.8104623027671768,0.028124402955888472,-1,0.9548440546722005,-1,-1,0.010319089086507138,0.02781079777101647,0.9781297530545329,-0.11176797572473685,0.045687859976641154,1,1,0.8961465642339514,0.8523923400859409,-1,0.004422607844539739,-1,1,-0.02834875523122382,-0.9218895254785732,0.9418824815196971,0.0890613981753885,-0.0782616020271304,-1,-0.9356706982042596,-0.9750328098456091,1,0.9964828547069143,-0.9763728480689933
1936-12-21,-0.1719834393078975,-0.9346831465745843,-0.016584491729934037,-0.042712784146717975,-0.0017299889230840693,-1,0.9839195064710183,-0.911565299646987,1,0.8007824516753876,0.9877130775761662,0.01146007584075348,1,-0.09445398222044343,-0.14712311768149022,-1,-0.9883199284032369,-0.0075933543643786905,1,-1,0.028306994241082406,-0.03884369062078341,1,0.9088613978326613,-1,0.017453834046698424,-0.026270701137202535,1,0.0027509604214709382,-1
1936-12-22,0.7967785521999952,0.04661102809245343,-0.9848397446203722,0.936992027436159,0.9353432109845391,-0.05922754924750262,1,0.03528514222761281,1,-0.17929252174855825,0.06797339743598474,0.9564039558802478,1,0.9006326594154699,-1,-0.012858970356913302,-0.017853342584269183,0.9427321102128625,0.027055175795164588,-1,1,0.8714923498014857,1,-0.04337271606037352,-0.12206124451903577,0.9633380455961735,-0.9824680958692522,1,0.964175807847291,-0.015521157441018674
1936-12-27,1,1,-0.05393414988378287,-0.0581071330297358,-0.044724429811718425,0.8188425893952164,0.02429749652429003,0.973425629101848,1,-1,1,0.03926327443576727,0.06637478007262798,-0.06548110386030281,-0.028357701471333208,-0.9997636584423973,-0.9829930194836501,1,-0.9667693971190147,-0.009676965698255824,0.05543594150989817,-0.08965173243437385,1,-0.9541177110171346,-1,1,-1,0.029253012285834656,1,0.9410547647031859
1936-12-29,1,0.04331938558328963,0.8861597436690569,-1,-1,-0.10787271223365802,-0.96155891052851306,1,1,-1,0.03745329834354183,-0.8873145092741797,-0.8615126901959572,0.9056725080817608,0.9426469352230882,-0.0011583371516374896,-1,0.004173977080627944,-1,0.9784371705511036,-0.9350453530218542,-1,1,0.03768496468026006,-1,0.06150427253969004,-0.03304842291696852,-0.9459748436601382,0.011091349937925932,1
1937-01-05,1,-0.9172137813772884,1,-0.06904909746501642,-1,-1,-1,0.10692563249676024,1,-0.013434616073596639,-0.9431914944793641,-1,-1,-0.0684501237621512,1,-0.9392318561627788,-0.03280038242796013,-0.9780255966048458,-0.0158158242599431,0.04212987994666051,0.04301697954750061,-0.015024534531532185,0.005294476180860319,0.9514641117240238,-1,-0.9340581433713526,-1,-1,-0.9788896205177593,0.010515878293285819
1937-01-06,1,-1,1,0.8914333235710271,-0.045198496926853515,-0.05479826133594923,-0.06351728741970597,-0.8784000645191219,1,-0.9602416070381095,0.039975274321538246,-0.013061587687748455,-1,-1,1,-1,-0.9987665977206914,-1,0.9699733730559614,-0.8805780399540211,-0.9441941817344753,0.9422458146782728,-0.9081759917522615,0.01736802713464447,-1,0.032362595438249375,-1,-0.04397633051797689,-1,-0.9097257781475205
1937-01-08,1,-0.01040899147286034,1,1,0.889443855562638,-0.9883202592856328,0.9028780611428466,0.055176034693049325,0.047863628694705396,-1,-0.9286274224673421,0.9816541708136304,-0.047844132861472266,-0.0607417545868143,0.08942284980635062,-1,-0.0062353827545371665,-0.011013860250255525,0.034589710015502595,0.08797542310297646,0.05383003085576199,-0.041491505898780146,0.0575140593621869,-0.9081398001249437,-0.026060383382061847,-0.963980186968106,-1,-1,-1,-1
1937-01-15,1,0.9848134261495949,1,0.0496364094925974,0.004226368252922663,-1,-0.08669516233643859,-0.9279802550100391,1,-0.01205913501174194,0.039466114290930165,1,-1,0.9096426989675934,1,-1,0.9551380178268025,0.8641165798542851,-0.9569793555378906,-0.8969368993901894,1,-1,-0.926648406236735,0.013010598484244018,-0.9983899565219295,0.012431783398954455,-1,-1,-1,-0.06843738423576284
1937-01-16,0.07093070252843048,1,0.019846867128584744,-0.8883343450414382,0.9687567142242197,-1,0.8822391633665244,0.008348143590539925,0.017903622064410762,-0.9803353325540927,-0.8891082972433554,0.04175880985893177,-1,-0.05122855120588399,1,-1,-0.005921656389302532,-0.061211099262708735,0.020595162007629786,0.08195404065720668,1,-1,0.03221630363828465,0.957290635954455,-0.04571116598159641,1,-1,-0.032567667916627685,-0.02316541024379759,0.8411308985595806
1937-01-19,-0.8870412383553042,0.043320787672369354,-0.8904075478268919,-1,-0.030574756517775525,-0.018987320845991307,-0.07800348626222786,0.9830357015525033,0.9916261005172475,0.002851130482033448,0.07624612200238223,0.925252366390909,-1,0.9147991071146202,0.01594647878686628,-0.011884726029827375,0.9317945522729673,0.8821768162272136,-0.93670506440267165,-0.8300883593413573,1,-1,-0.896858129259664,1,0.9318062315020444,1,-0.045505962614595274,0.9192256551350355,0.9314180621758913,-0.09710565051730025
1937-01-20,-1,-0.9342699639072086,0.03200627957564961,-0.016154318076492147,0.8522116606018894,0.9575969593933685,-1,1,-0.006559787914278248,0.9525416482710417,-0.8844397170097797,-0.004776633091862825,-0.0195018232724834,-0.03158025903829598,-0.9402614959533208,0.9623925556917107,-0.01682558336137785,1,0.053999945625094026,-1,1,-0.03131384127999781,-1,0.03163362108217349,1,8.026892563588461e-4,-1,1,1,-1
1937-01-21,-1,-1,-0.9530718806375885,0.9774961452389545,1,9.915866083155533e-4,-3.6132782549946896e-4,1,0.9390824096827763,-0.012025062003746756,-1,0.9597341244910698,0.9315762516922524,-0.982277984925475,0.010203572196737398,1,-1,0.038506038015549415,-0.9160186752007203,-1,1,-1,-0.020404236740389048,0.9639882687929621,1,0.9661348083541969,-0.04266519819201631,0.05072821324480936,1,-1
1937-01-22,-0.008889194585974258,-1,0.043599858059208074,0.06170962245749667,0.05702607490875189,-0.9257145155255347,-0.9699945251023299,0.012703629860452481,1,0.9005578315590155,-0.07196475764049426,-7.741868497956883e-5,1,0.006162167876599289,-0.9458602811056726,0.028159892070224513,-1,-0.8907337695330813,0.07313088428741821,-0.09721415408882561,1,-0.0018586960068667224,-0.9816476084397678,1,0.038330305697863776,1,0.9566612668389163,1,1,-0.12219433914505773
1937-01-29,0.9746904316712748,-0.03225129855380948,-0.9473269407712771,1,-0.9181445542316952,-1,-1,-0.9308399741164248,0.06730024267496093,1,-0.9875817316441124,0.99594922817561915,1,0.9900882432459103,-1,1,-1,0.05524398976450717,-0.9135375830431128,-1,0.02120761190243048,-0.984504498076862,-0.035146070263524676,0.024540159708643094,-0.9374684646099275,1,0.0919887793247336,1,0.008112017902085489,-1
1937-01-30,0.0093947341523416,-1,0.015635125941969585,0.03591078290718153,-1,-0.039450945277914706,-0.058534858334938655,0.05626695226876999,-0.8333012886293487,1,-1,1,0.013477211758867291,1,-0.00965633327888804,0.034345757332261195,-0.06882604485080801,0.9991373557052019,-1,-1,-0.9102325169350256,-1,0.955858171528834,0.9470411690660424,0.06194878524672032,1,1,1,-0.9595911020822093,-1
1937-02-03,0.9701573273068691,-0.05260036326549222,1,-0.9313482708432826,-1,0.9044390179755876,-0.9756778210475948,-0.9032362075354244,0.10923603368512236,1,-0.043254837089293785,0.007383025949360356,0.9653857468421759,0.0033549351132521332,0.957344772560742,-0.9608391739073997,0.8853439983258516,1,-0.0024129410987622224,-1,0.08177457864697424,-0.009735563176876627,-0.028664143727298086,1,1,0.07421818718126127,0.03374197958583047,1,0.035416899670034585,-0.035166423659956036
1937-02-04,0.02491186618026897,0.9470383621262654,1,-1,-0.03864132396056785,1,-0.07285949091905342,-1,1,0.006206104750249408,-1,-0.9810149581937955,1,-0.948200227326782,-0.03565950155723485,0.024546672217675813,-0.11009689515160737,0.04322143991749772,0.9615241840710456,-1,-0.9038972187923758,0.8856672015009482,0.907457118862524,0.03717495587877517,0.06383729646133585,-0.893011324365635,-0.8638986171193039,0.044317483453510165,1,0.9639558019791002
1937-02-06,1,-0.04459895281175963,0.02527018825681404,-1,-0.9801220555440939,1,0.9059833374727314,-0.05540485350437574,0.08891120793836171,-0.964822682974546,-0.12333278115279911,-0.107837191439483,1,0.0075662956442382745,-0.9695618862956142,1,-1,0.9989474640364586,0.003580627787546753,-0.01754837691049349,0.01902863376819519,1,1,0.9765826733905725,-0.8587058835085757,-1,-1,-0.9495700914017998,0.0026593490762628624,0.020690483305726093
1937-02-07,1,0.8845016027782455,1,-1,-1,0.02476620598191559,-0.08407601570188739,0.8788216997396382,1,0.02448875692570518,0.7825120248044215,-1,1,0.9810764032504402,0.015810061189279634,1,-1,1,-0.9819355330827882,0.8668322867485921,1,0.05421207492879998,0.029275066595262578,1,-1,-0.06738355418114406,-1,-1,-0.9339688497327686,0.9920602662527317
1937-02-10,0.02721497378613158,-0.09825312532096064,0.0016389456034687777,-1,-1,-0.9583411504774866,0.9031820613352172,1,0.10068914304436549,0.9401842409510145,-0.20394559775903243,-1,0.05028095402103061,0.045019505252816394,-0.9096017073452718,1,-0.001442439970456233,1,-1,1,1,-0.8866881857047965,-0.9242357057258009,1,-1,0.8824484086877931,-0.012350407921599693,-1,-1,1
1937-02-12,-0.9188025277056795,-0.9957257563637316,-0.9171504526792812,-0.03735519183154712,-1,0.03970377722275986,-0.07357653779115847,1,-0.8968849185837221,0.013131533632918968,-1,-1,-0.891542596161914,-0.8697998310044925,-1,1,0.9770063451741126,0.017117870293900217,-1,0.006686576563928792,1,-1,-1,1,-0.04614648243844888,-0.0845977094416761,-0.9906666284047477,-0.055585238528605196,-0.02047695161835761,0.010230301863446312
1937-02-16,0.00965413143534799,-1,-1,0.9407738642538288,-0.042934377451139705,1,0.8724613821793802,0.05406937614181706,-1,-0.9359085220144145,-0.028593187207687776,-1,-1,-1,-0.03155543700062946,1,1,0.9815052057384862,-1,-0.9408792538690601,1,-1,-0.05082308649659295,0.07190381663439882,-0.9090263905518,0.8388802697318637,-0.01780697906173878,-0.9751708864149304,-0.9047677300883343,-0.9534637071752688
1937-02-18,0.9265077487114489,-0.03328112015109097,-1,1,-1,0.007726694595206918,1,-0.9135217585861067,-0.10437267780590975,0.023198071862130853,-0.9804511538363124,-1,-1,-0.008670503512603789,0.9165897386919961,1,1,0.009951824654274133,-1,-1,0.05817906649204552,-1,0.9262869659959604,1,0.04139409658052817,-0.07419479737951129,0.9332113191175843,-1,0.06468143009498784,0.03065258181586683
1937-02-28,-0.03593412798580631,0.9411535093497252,-0.011733454341813165,1,-1,-0.9687818820824415,0.057532225340156895,0.05238467583499318,0.8672214725424509,1,-0.0935433515015367,-0.05662277893461609,-0.07571984407088317,0.9891497083942922,1,0.020490572908057447,1,1,-1,-0.0987773016636242,-0.9024237808577562,-0.00374010979742756,-0.056559997915839766,0.005892850098152547,1,-1,0.02692776904522487,-0.0593293102919874,1,0.9673261217079179
1937-03-01,0.92152826993328385,-0.02020867207227761,-0.9373233070046018,0.017095022342138333,-1,0.01986973963444194,1,1,1,0.059639630206145045,-1,-0.9736374189347934,0.8378512166432425,1,1,-0.9638708172710821,1,0.04134089010647013,-1,-1,0.04323363011736536,0.9908573985669022,0.9096284669823064,-0.9891204484257479,0.09939075282824028,-1,0.9779237512305501,-1,0.005623259518351853,1
1937-03-06,1,0.9754807141197114,0.0503136272030813,0.9785876028239416,-1,-0.9645829650660932,0.06449158188725201,1,0.06664780798212233,-0.9006625528888154,-0.06707340674879503,-0.1445388795589474,1,1,0.039480776084878655,-0.03538436378488574,1,-0.88597021797694675,-1,-1,-0.9491921576924891,-0.008532667600804622,-0.08686802384598502,-1,-0.8643210905473442,-0.022785651150176278,1,-0.054956292563619336,0.9399517869211215,0.04946349342689449
1937-03-11,0.008801654659428726,1,-0.915399754887071,1,-1,-0.004094344882091372,1,0.06342285238807133,-0.8974153932851779,-1,-1,0.8331697863106174,0.0981899715023643,0.010997414368499658,-0.9536439855104253,0.9580281712841708,0.006631839281655116,-1,-1,-0.010859091018282419,-1,0.9349221054125194,0.8900074940814068,-1,-1,0.9486078358630284,1,0.9132759694340674,-0.04876946486924394,1
1937-03-18,-0.9070622020209139,0.13083216324939573,-1,0.027058757311496207,-0.040788954120618226,0.9578715455802724,1,1,-1,-1,-0.038982394554328836,1,-0.8613731920799013,-0.949736875572061,-1,-0.035252019064359374,-0.9571800287766764,-1,-1,-1,-0.07050432914553173,1,-0.09092153558892935,-0.06417015689884131,-0.0665620434668387,-0.036794740066841136,1,1,0.9225296328709762,0.025822867852563602
1937-03-27,0.08228602830723675,1,-1,1,-1,-0.0414260536851655,1,0.040900852736015514,-1,-0.010431042313392647,-1,0.06458286923953249,-1,0.0031576447506432848,-1,0.8774908547808999,0.03242260134438102,-0.03186718973522695,-1,-0.0684948536244745,0.9026425553015082,0.1113693655664022,-1,-1,-1,-0.953410206725068,0.02436939928413584,0.007394831791897816,-0.036115659519502574,1
1937-04-03,1,1,-1,0.10637816731790428,-0.007907962699762905,0.9442159848219942,0.026645871433606527,-0.9448665093570512,-1,0.9338304610974756,-1,0.9828804171210148,-0.020387126604062944,0.9992405433454238,-1,1,0.9887991963069893,-1,-1,-0.9459785422736484,1,-0.863391775527946,-0.08209258851900614,-1,-1,-1,-0.9731853400679901,0.9947979287437186,-1,1
1937-04-19,1,0.029951024225656653,-0.04416394909677923,1,0.9463168948258501,1,0.962429403064857,0.017722756066003154,-0.012704185126503287,-0.050996584955761426,-0.006138368439031594,-0.0063661424375134334,0.9616473601198187,1,-9.669673126626588e-4,1,0.030312693170372662,-1,-0.01773913501946911,-1,1,-1,0.9013357569606127,-0.0043627878897725125,-1,-0.05017514784960553,-0.005196758035702631,9.386205371664236e-5,-0.055108352938576854,1
1937-04-20,0.0246277115717225,1,0.9026178243549848,0.03226637995837589,1,0.0423795618156344,0.030917718533009952,-0.9698254334427633,-0.9569044103357355,-0.96841245539178,-0.9145239816946092,0.9609037318891069,-0.016936788424479432,0.05580050468370712,0.9198318828593056,0.020847802517468095,-0.9645471857180269,-1,0.9751211172215953,-1,1,-0.03518402179878899,-0.07188267961680794,-0.9786538984328689,-0.06680720585689204,-1,-0.9037636939201676,-0.9803826719359866,0.9386659699942457,1
1937-04-21,-0.9254556455580746,0.03522040602664456,-0.0919387178334865,0.9972147320736736,1,-0.9339421191714228,-0.964771435507755,-1,0.01225794968679983,0.0200873209766268,-1,-0.015386856607580324,0.9143065442752537,-0.9151055806189986,-0.0792321333272421,1,-1,-1,1,-0.02987787663520569,1,-0.9649897200289631,-1,-1,-1,-0.0836871950525242,-1,-0.023709283380203727,0.003332710093734037,0.058985449796267075
1937-04-25,-1,1,0.8696249369366291,0.06592149790191748,1,0.04900638704037319,-0.07041556846066255,-0.02859306669118844,0.9986142848846318,-0.9762761880519276,-1,0.9389760832456002,-0.058920307735000454,-1,-1,1,-1,-0.053576866777694354,0.02747172995063263,-0.9774046910872614,1,0.012610180270521965,-0.0465262487612943,-1,-0.0254441213431702,-1,-0.008050901487453355,0.8856352148690616,-0.9790027597249215,-0.9368594970023711
1937-04-30,-0.03551966999829237,1,1,-0.9314787798630735,1,1,-1,0.969053548812494,1,-0.03394136695759342,-1,1,0.9334294005905066,-1,-1,0.014093206409573789,-1,0.9162794485931849,-0.9650842106840412,-1,1,1,-0.9671009391411027,-1,-1,-0.008631563138646214,0.9348472374813305,1,-0.017463702149319915,-1
1937-05-01,-1,0.06767297353685175,0.043393669634017695,-1,0.007855251482921322,1,-0.09408599596599687,1,0.024626934966756386,0.8864551922193352,-1,1,1,-1,-1,-0.9676294672818694,-0.028634169063715298,1,0.006111622406539952,-0.043465920982686646,1,0.029671453888298838,0.017248326658748203,-0.006489899559433021,-1,-1,1,1,0.9762861259465662,-0.029658679285686995
1937-05-02,-1,0.9976140139036693,1,-0.002199905708876182,-0.9861752472434391,1,0.8902628750935998,1,-0.8961795438513883,1,-1,1,0.01617445992852551,-0.04002155266309182,-1,-0.053132931565509356,0.9156773941683182,1,0.9064860578411544,-0.954831603110356,1,0.9619288494749322,1,0.9262735619089623,-1,-0.002026034131441534,0.007624242796211433,1,0.0058553670125508495,-1
1937-05-30,-1,0.00986537121427511,1,-0.9513134293717129,-1,0.013114897741758558,-0.04815204356354763,1,-1,0.0010460233982745315,-0.05763538065336571,3.6272461586428495e-4,0.9634189355975291,-1,-1,0.8464936649632335,1,0.08473240957043271,-0.07506098349229062,-1,1,0.03236330328182502,1,-0.06251226080388084,-0.003091799162934006,-0.9886842871753476,1,0.08398224663036691,-0.9878670695379247,-0.0059570752352624545
1937-06-04,-0.0765346021873885,-0.8979109276687554,1,0.04646061413274105,-0.1274670776438388,-0.9380227856992236,-1,0.037317938515383675,-1,0.9239207005862914,-1,-0.9228217219574987,1,-0.04183709756932408,-0.0689800687510469,1,1,0.9836845579018327,0.8700257771687303,-0.018957123155820654,0.06808835910427835,0.9366850871789928,0.08187953085524258,0.8617107187114195,-0.9544979815367075,-1,1,-0.855904410332272,-1,-0.9852668840521928
1937-06-15,-1,0.0813188630622772,0.036461557139157774,1,-1,-1,-1,-0.9507295298853881,-0.009412117999254122,1,-0.04016549359161736,0.05885132992848119,1,0.9391042096000443,-1,0.031691482078402,2.9954658412711943e-4,-0.01620534024914222,1,-0.9914174812382114,1,1,1,1,-1,-0.045710271888800835,1,-1,-1,0.0021255971858904488
1937-06-18,-0.0681147672965079,-0.8961179820965421,-0.8690201499291488,0.07217556916658152,-1,-0.06997958692414485,-0.05574962673252626,-0.03322097710658667,-0.9412959140956876,1,-1,-0.7926118317431617,0.04981408237764973,0.005566042625644418,-1,-0.9052414136856656,0.9782890743053941,-0.9786578554028184,0.019021088794206942,-0.05119893242830231,0.03493981445000971,0.03656918242710683,1,1,-0.06049773030964767,0.9299482006816193,1,-0.02598006331946001,-0.009028235166948062,0.9638871524050998
1937-06-19,-1,0.09809647904091368,0.09608673417749658,1,-0.018889287551754008,-1,-1,-0.9679428065875139,0.056643388335992806,0.038572536810004165,-0.02790821238737795,0.15025884356794206,-0.9471301116450603,0.9488157377582808,-0.01252310408840207,-1,1,-1,0.9632768922205274,0.8325852086948162,-0.9372032263411716,0.9712002060759162,0.0021101743857185884,0.010249218026136098,0.8962767162142053,1,1,0.91688072660445,0.9720279321063918,0.01736565731589912
1937-06-22,-1,-0.8773793378106792,-0.8823077643357126,0.061987450376706166,0.9579988024443115,-1,-0.031784564612049815,-0.10526126147476078,1,-0.8832362759439955,0.8777120193470935,-0.8216164002599855,-1,1,0.9752752782963393,-1,1,-0.0260304888787547,1,1,-1,0.0016947556446187395,-0.9244490110131873,-0.9779860717000561,-0.052094379183549644,0.006431776929980204,0.014736820575628973,-0.07839224883755458,-0.02345450229353163,-0.9069738525476133
1937-06-24,-1,-1,0.04948593962895542,-0.8771915946328073,1,-0.03381646147843376,0.9530001612351515,-1,0.06881851899361735,-1,-0.09000955425342161,-1,-0.011911481050454142,0.13616379714225835,1,-1,0.05802184235747887,0.888584253803856,0.07243175032360649,1,-1,0.8713077762864336,0.031791556768745344,0.004552916305468946,0.9284941721888905,-0.9654209026960452,1,-1,-0.9055682147310349,-1
1937-06-26,-0.006111835727675596,-0.03140673233116087,1,0.07116727181760829,1,0.9480042313515628,1,-0.06869193558427078,1,-0.042299174521769234,0.8771375422162622,-1,-0.9990749387474515,1,1,-0.003958778931772322,-0.871285795556014,-0.05775939619779791,1,0.08906534238583441,-1,-0.12628436143001265,0.9319103416231648,0.9888920490609652,0.05696504424909932,0.033406511589959664,0.09003971386854104,-0.04411366402465433,0.05977353400920604,-1
1937-06-27,0.967744532350454,-0.9773581790968034,1,-0.8187635785141838,1,-0.019407942802932343,0.06155391267771526,0.9248631059995608,0.05647390770125971,-1,1,-1,-1,0.0067894149818710225,0.0017716696014977718,0.9520673397931986,-1,-1,1,-0.8881736571356349,-1,-1,1,1,-0.8923735933173467,-0.9581793719822926,-0.8964631980758536,0.9206772005900867,1,-1
1937-07-15,1,-1,0.06756976370922141,0.17756787276965147,1,-0.9769910008647577,1,-0.05390483440044014,1,-1,0.04228590023647871,-0.04164169259413497,-1,0.9644358274780076,-0.9769318313500384,1,-1,-1,0.01688927943188212,-1,-0.003908089225339806,-1,1,1,0.08695821002606186,-0.009902419286525022,0.07579335091644457,-0.05296935270232339,0.0025280782725578543,-1
1937-08-01,0.033225428071543495,-0.006221653479702383,0.9827388439570907,1,9.153523238892847e-4,-0.004183925269764077,0.03604002066036405,0.9058653056419832,0.009274830162613767,-0.008949894434526096,-0.8795981960384883,-1,-1,0.004545152017838228,-0.09587424628214591,0.07824256713368394,-0.053763116261841715,-0.001390582034151655,0.990699425077091,-3.492866422701857e-4,0.9277551845465988,-1,0.03410914821524624,0.05980742828050134,1,0.9590148637253768,-0.9076257021247737,0.9253319481950555,0.9952261933234717,-1
1937-08-09,-0.938598778330893,0.9380227869520431,-0.0027442368958450203,0.022247508633828184,0.9300752987839256,0.9300050452353892,1,1,0.9965308188916293,-0.9683931372715769,-1,-1,-0.01128488545155315,-0.9519051140541137,-1,-0.9141559221578784,-1,0.9644605108909501,1,0.9760774878392783,1,-1,1,-0.9102232812619067,0.020981033765887114,1,-1,-0.02135222626366673,1,-0.0057069772862441415
1937-08-10,0.05482825850186801,-0.04443022571180644,-0.9993451027899893,0.9782967692532714,1,1,1,1,1,-1,-1,-1,0.9299351992266103,-0.01226797294863391,-1,-1,-1,-0.021862973442111633,1,1,0.03748092070320286,-1,1,-1,-0.9503534075716807,1,-0.03543315657032842,-0.9823342634352914,0.0067672047798645885,0.9823921256652453
1937-08-13,0.9295302837521182,-0.9747872056317753,-1,0.009395073858851966,1,0.015280804094390366,1,0.004662652034526871,1,-0.01897914612116014,-0.0803327156646827,-1,1,-0.9502609992825852,-0.08678767299233592,-1,-1,0.8684168440917742,1,0.08219250337587025,0.9484441251368677,-0.013150033262015803,1,-1,0.0275172550624998,1,-0.970235713581469,-1,1,1
1937-08-14,1,-0.030096493175085337,-0.045158327659992614,-0.9891232077779415,1,0.9834419774904449,0.04156280258525513,-0.970232924159543,1,-0.9378076995620616,0.8641184956001198,-1,1,0.006320931601760393,-1,-0.03793017226452522,-1,1,0.1058534708371135,1,0.03580255187695858,-0.9944730807486015,1,-0.011468555046647677,1,0.00570128452813945,-1,-7.609566766582088e-4,0.0565689749332019,1
1937-08-15,1,0.9414518711124379,0.9415662235613392,-1,1,0.005858267363116565,1,-1,0.05486414910173765,0.04930552722368098,-0.1025455884027221,-1,1,0.9785588252002648,-0.06672228288754722,0.9239221008936193,-1,1,-0.8798442692988924,1,-0.8941241974563123,-1,1,-0.9774684129297695,0.07367678826936819,0.9917791856192718,-1,0.9962348086059574,-0.916656032160065,1
1937-08-28,1,1,1,-0.023310091118934784,1,-0.9710356385373627,2.3831998437584545e-5,-0.011066953449367478,-0.9217683983630816,0.9756308463748463,-1,-0.031508102416121786,1,1,-1,-0.03793493122841629,-0.010615806262388672,0.04509162630468688,0.11585214919465736,0.0032048862388142085,0.08794423286496789,-1,1,-0.040009967426536175,-0.9073207032074502,1,-1,1,-1,1
1937-08-29,0.013892720419303006,1,0.017218421043965426,0.9349067705504711,1,-1,0.9394970196730901,-0.9489843605215185,0.06298266257441598,0.0330491152973299,-1,0.9369663622797887,0.005285582818245094,0.04539427894481918,-0.07415779503270836,-1,0.9722422299647515,1,1,0.8838706001556945,1,-0.02552519118446306,1,-1,0.07269633037225498,0.0063154978887682844,-1,1,-1,1
1937-08-30,0.9304757973170585,1,0.9322213790730769,1,0.057700946750566584,-0.024593344487718105,1,0.03295956493726804,-0.8776219236778784,0.9870571678971741,-1,1,-0.9267711540466039,-0.9434762696307176,-1,-1,0.018588532469929198,1,0.07575215647540501,1,1,0.9053230320238039,0.01098894669151218,-1,-0.9266695502566991,-0.9047497556712979,-0.10894184275594498,0.05577107038162732,-0.007210797832225446,1
1937-09-01,1,0.032899920756154444,-0.04253010622879272,1,-0.9400280523087663,0.9329008122628005,1,-0.9053709587127987,0.09692296131506084,1,-1,1,-1,-1,-1,-0.08705730707416859,-0.9421968693859263,0.060915576296370455,1,1,0.02245046367307235,-0.09408078639233375,-0.9737884161147162,-0.05793120773317262,0.062014781854785594,0.022050920377052252,0.8805809451019719,1,-0.9681630920268662,0.02022618081462446
1937-09-02,1,-0.9312322624852754,-1,1,0.021913754349385584,1,1,0.027363253645092178,1,0.012742951742418573,-0.09855113423230988,1,-1,-1,-1,-1,-1,0.9807898705680547,1,0.05626225426969311,-0.9283439448657294,0.8823857636318672,0.0022156016319772043,-0.9918940121646598,-0.9210796037352206,0.9981939817743651,1,1,-1,0.9663240904863895
1937-09-04,1,0.009213969704516933,-1,0.04675984764961427,-0.9690434228559565,0.0754184865915204,1,0.9904489220670362,0.044595391475047985,0.9879156502514733,0.8658696956872048,0.06888771984839182,-0.021278701257104182,-0.016810266129644647,-1,-0.09343696860419692,-0.00847974903617943,1,1,1,0.06388357309083692,1,0.9647792952901296,-1,-1,0.005411729401676224,0.03347589401731754,1,-1,0.07139298848926712
1937-09-06,0.1534242941613665,0.9597454750452494,-1,0.9565236791404945,-1,1,1,1,0.9878188653007148,-0.003188935286284722,1,-0.9048620322469308,-1,0.9202992918556839,-0.017948694678985633,0.885900542149572,-0.963761259966722,0.08726399324529421,0.036226040800281245,0.018114939870753632,-0.9195113839845013,0.020814254256695364,0.016145097005176523,-1,-0.012009354079747236,-0.9696294383097767,-0.9645210893724973,0.11288749203710313,-0.035180286054608545,0.9989460923924116
1937-09-08,-0.8416979687734698,1,-0.06881400874637855,1,-0.004203950866196182,0.014928485702619954,1,0.06271965451162775,1,-0.9651992694867365,0.026516459213017374,0.005143941062073942,-1,-0.013411004157023232,0.9548049375476173,1,-0.003485306985834824,-0.8825026291096462,-0.9581413965855688,-0.8980225017446832,0.056454766552111124,0.9505687159454854,-0.9442828436991363,-1,0.9682386660068419,-1,-0.005760498586010354,-0.8393572611947239,-1,0.002706230469593729
1937-09-11,-1,1,0.9213358115020222,0.13123226408950406,0.9664062061841133,0.9504976612930001,0.036343381450111956,-0.926718557586464,1,-1,1,-0.9406498356162009,-1,0.9594185883411982,1,1,0.9811903966411955,-1,0.024030650180758784,0.07093893523121964,-0.8952094808362417,0.007636167378383574,-1,-0.06311603500744223,1,-0.09896705493041047,0.9264065693598161,-1,-0.0023240196808165248,0.986139593477288
1937-09-20,-0.031180923025222684,1,-0.06127610075096368,-0.8079355751612582,-0.014845775089675883,0.03238151344452378,1,-1,0.0104584316017724,-0.08069734179122567,0.08052822077162758,0.040804724978206086,-1,-0.014496112702010122,1,0.04990756210551062,-0.007816897393578048,-1,1,-0.905397927336727,0.07800797353831146,-0.9542439321019457,-1,-0.9747470789503864,0.026364697878091814,-1,1,-0.05540014354495193,0.9216415796607564,1
1937-09-26,0.9330002456211505,0.019535423349271275,0.921505537953237,0.17498825790551664,0.9462769814305518,-0.8788590908093541,0.012300478722738428,-0.025095663544687397,-0.9686465309881972,0.888388911479604,-0.8928325781063657,-0.859634882841947,-0.02511575646857034,-1,0.07275928747860572,1,-0.9897743598073379,-1,0.00903559678418353,0.04431242608456021,-0.8692745532471897,-0.08879728526538688,-1,-1,0.9929983306577113,-0.1472090205437725,0.005069542057444254,0.9295819984325366,1,1
1937-10-01,-0.053769949453120636,1,-0.03680650654889994,-0.7969302370336474,-0.018388879205886943,-1,-0.9452698511118393,0.9393835712690896,-1,-0.08265088884360816,-1,-1,-0.9991109886516886,-1,-0.9242675777765039,3.520069706667295e-4,-1,-0.062445009810414454,0.9917955433275785,-0.9400198415954291,-1,0.834351460734621,-0.005163352408375621,-0.04920828740344074,0.026729366225461515,0.8388586985780653,-0.9718400760510415,1,0.13798464907400732,1
1937-10-13,0.9352954651074945,1,-1,-1,-0.9532237722775471,-0.06860767438675353,-1,1,-0.018640092791645912,0.8846091013501349,-0.06483775533428948,-1,-0.033710728433192116,-0.041271420184283314,-0.0010549420562697698,0.9853675541523045,-1,0.8195759000709584,1,-1,-0.08135390510060347,1,0.9446357465036216,-1,-0.9387632920572729,1,-0.002547566291073111,1,1,1
1937-10-17,1,0.039011084580157784,-1,-0.01189978787210677,-1,0.911238576000534,-0.04060515168293577,1,-0.9956992093281082,-0.10826264830106191,-1,-1,-1,-1,-0.988507850693374,1,-0.005817828408829606,-0.10527465866856656,1,-0.09531592278713719,0.8710805157393849,1,0.08735725185293186,-0.04523460242081767,-1,1,0.8962227905492428,1,1,1
1937-10-18,0.007667028203348636,0.9859439687468059,-1,-0.9836545106582825,-1,-0.06542833096033907,-0.9923973766801714,1,-0.007759339914732877,-1,-1,-1,-1,-0.031623654777194976,-0.002415490125777575,1,-0.9981757334619326,-1,1,0.903335783701458,-0.11961056330998532,1,-0.9038499644943193,0.9307598075904879,-1,0.014484942060897565,0.0024920495469825665,1,1,0.023898133422618928
1937-10-22,-0.9919127226839758,1,-0.037727520281444105,-1,-1,-1,0.005313917503853238,0.020813322622027952,-0.9922485890241304,-0.021907597321038863,-1,-0.041484521217452386,-0.03751598501252473,-1,-0.9948961681109952,1,-0.002281185132150365,-0.05275830417513294,0.01700267227079799,-0.08692959267290545,-1,1,-1,-0.0450518516413142,-1,0.9810148404664539,-0.9832346749869357,0.07202531689987757,1,-0.9729750612212024
1937-10-26,-0.117043401823684,0.002955543509313374,-0.9796925733503901,-1,-1,-1,0.931868313242553,-0.9264131019862594,-0.11579350481148065,-0.9696386334689224,-1,-0.9950892512431363,-1,-0.07105673621919995,-1,1,0.9596294463305312,0.9245182841014863,0.9887839068830708,-1,-0.024707486995569683,0.032672230714366424,-0.06608269559425217,-1,-1,1,-1,-0.9139517707914465,1,0.024884602635365294
1937-10-31,0.8289002059193318,0.8888528143671101,-1,-1,-1,-0.0249051749498016,1,-0.00903959655091513,-1,-1,-0.08101288353855096,-1,-1,0.8822936273373333,-0.03735220663272154,1,1,1,0.027830872624614034,-1,0.973966200137518,-0.9492064149381578,-1,-0.04397151820521894,-1,0.009642684106435206,-1,0.08407338844887302,0.06425003781754302,1
1937-11-01,1,-0.06860739209241618,-1,-0.02122129346449564,-1,0.8911515550351488,1,0.9578539324607546,-1,-1,-1,-0.08621478995537624,-1,-0.07138881386254359,0.9462235217620166,1,1,0.05373199080204716,-0.9498260846567285,-0.014227731225819662,0.030822766273982616,-0.0253552163801114,-0.019625101413273005,0.9262058691020995,-0.025384583481464884,-0.9598998419596564,-0.029309857583442622,1,1,1
1937-11-20,1,0.8700343945534224,-0.03763878408203525,-0.9824263446525224,-1,-0.09461254905731242,1,1,-1,-0.06508251493573824,-1,-1,-0.01751343872229716,0.9059492352068278,-0.040330078071939446,1,1,-0.8996965958617299,-1,0.8928267968180994,-0.939371868996663,0.9437491272711196,0.9626164793605623,-0.0107278916577358,0.8942512010048488,-1,-0.8886214885438813,0.03816298712941246,0.020915066729733756,0.009611475031150785
1937-11-22,0.02832723001997861,-0.12753714105702718,-1,-1,-0.02822984093273284,0.9008708376129851,1,0.02963678242443124,-1,0.8528871955145028,-1,-1,-0.9602084671870488,1,0.9562118754192453,1,0.061225380450787736,-1,-1,1,-1,-0.04624354754630511,1,0.9790471538632886,1,-1,0.03859890208486949,0.963515049527964,1,-0.9638655218509902
1937-11-23,0.946350541089352,-1,-0.03528468762445025,-0.01604124072836577,-0.9926317575175242,-0.05001857436000323,1,-0.9141615813906822,-0.0023659968940804577,1,-0.048106210695388785,-1,-1,1,1,1,-0.923918132671647,-0.01570757719749072,-0.027182430323934303,0.04595962747832083,-1,0.9453882439445276,1,-0.0029562038448117667,0.06132955737018819,-1,0.9783261383299332,1,0.052184407874317995,-1
1937-12-03,1,-0.08798886012063867,-0.9977261514322509,0.9802393407409582,-1,-1,1,-0.014659670179609674,0.9487021879031842,1,0.9449548821584758,-0.07442934083542063,-1,1,0.04134909810685461,0.06005237410594466,0.036153665975055094,0.9640841135970538,-0.9849818595504506,0.9782074956299834,-0.08094132680274824,1,0.11996546430593513,0.9161122944642948,-0.8680415380855736,-0.03854428390177922,1,1,1,-1
1937-12-04,0.05949353363879195,-0.9587439878142491,-1,1,-0.020243667457453207,-1,1,0.8884061888291809,1,1,1,0.878240471292481,-0.010545923747866004,1,1,1,-0.90923405550819,-0.025708800230453632,-1,1,-1,0.024150465958452605,-0.8736517557925446,1,0.07021665095551599,0.9499362698982667,0.06660954684000098,1,0.0784646358565666,-0.021911723632457636
1937-12-05,0.9903290684094325,0.034243635201650635,-1,1,-0.9281610085774642,-0.015819558424251978,0.011901899425620144,1,0.09399089028537366,1,1,-0.11051158462623234,-0.9794778121479455,0.05954528321673658,1,1,-1,0.9235842528530146,-1,0.013384632470381796,-0.033492042107680975,0.9534841287509921,0.10740628733070956,0.01909227858771667,0.988581263424089,0.0268472254547506,-0.9187689757851493,1,1,0.953304734341536
1937-12-08,1,-0.9304978176523477,-1,0.018790982517626453,0.020656720584002142,-0.9978037223087719,-0.8871356681156062,0.007553706830356943,-0.8690899937824974,1,0.05278914102486021,-1,-1,-0.901722115928388,0.013900838065453613,1,-0.022727215530217837,1,-1,-0.8902040820697131,0.956233296850822,1,1,0.9913288069202819,0.0010046548974799174,-0.9682507171563575,-1,0.03620290564079165,1,1
1937-12-10,0.02108880446737582,0.05183866024847317,-1,0.9947600832873065,-0.8904450227304316,-1,0.0978719179382278,1,0.11990909937494265,0.07309179815569677,1,-0.055632869935545615,-1,0.040390213916353224,0.9927953906619572,0.013455155773424154,-0.9921507456252192,1,-1,0.09783067499062714,0.15801089304637683,1,0.07313101931147448,6.715537653431136e-4,-0.9452589080385433,-1,-1,0.9954983955557611,0.023764571552259195,0.04546692769155025
1937-12-18,-0.9502002072221586,1,-1,1,0.03781551986709475,-0.0476733374196584,-0.7954598539267658,1,1,-0.9189217890210287,0.006638931357679678,-1,-1,-0.9329625751607152,0.07317807330834603,0.9858683881607041,-1,1,-1,1,-0.8261119144450719,1,-0.8499045654634836,-0.9696089885509789,-0.041255982925294865,-0.00562126924420725,-1,1,1,1
1937-12-19,0.022562346964038915,0.016445457806831598,-1,0.054875098623699325,0.9525065615500519,0.9073125135584376,0.12057835457588695,1,0.06628205458931569,-1,0.9951822402161382,-1,-1,0.045493682651335465,1,1,-0.0447050875007573,0.110628928356305,-0.029454919897914267,0.03137157204743257,-1,1,-1,0.02322450428708822,-0.9840442108274544,0.951851311830735,-0.0173085057704101,1,1,0.05694434355779199
1937-12-21,-0.9281842755344875,0.9986990909154205,-1,-0.9154048534714362,1,-0.06162315659948181,-0.8534528605631261,0.08112241868285275,-0.8746644496211308,-1,0.007906008928755925,-1,-1,-0.8994979938513803,0.04972436654430401,0.02680583188801655,0.9414508492143339,1,0.8844422610307078,0.9713999989888034,-0.013158499049070405,0.029150086261928165,-0.04312721888573268,-0.890585541904571,-1,-0.01147882071972084,0.9659969473598438,0.023331377390794827,1,-0.9132422995044521
1937-12-29,-1,0.010952019373352773,-1,-1,0.07246768101574186,-1,-1,-0.9183158055770503,-1,-1,0.9685472763496512,-1,-0.040930053477062245,0.06897369130030462,-0.8873619463447326,0.9598338863827364,1,0.02521787874828929,-0.09233540341893687,-0.022159737130551305,-0.9642167527735072,-0.9620798760817834,0.9191684508406078,0.047095226328838335,-0.04823853383219601,0.9620888024495055,1,0.9842932452074993,0.053018268186381334,0.05590518707653891
1937-12-31,-1,-0.8951765530859688,-0.038112167281301845,-0.0517890557802978,-0.9221911413618367,-0.007759949414786527,-1,0.05591089244855041,-1,-1,1,-1,0.8980991862464652,-0.9251081521000536,0.09850128999268559,1,0.008760898575162823,-0.9325072529551217,0.875329181804029,0.9593792314699332,-1,-0.03478702496144992,-0.08059269900824695,-0.8954890922554634,0.9399749235880455,1,1,-0.005418618622368809,0.9864484572948342,1
1938-01-01,-1,-1,-1,-1,-1,0.8973043828130087,-0.026072399300198446,1,-0.0637538965279062,-1,0.04094988560283919,-0.05600335445556026,1,-1,-0.8217204517606763,1,1,0.04829910589706288,1,0.0639106005650234,-1,0.9054091491549626,0.857751200976819,-1,0.001269685556238187,1,1,0.9400035413642452,0.07427586301369826,1
1938-01-02,-1,-0.035480895802893486,-1,-1,-1,-0.07566125903430365,0.9361533808421086,1,0.9218025991022258,-0.07699834271301054,-0.8901506998643854,0.8796531474020102,1,-0.044592412285948346,0.1676270525435004,1,0.03696670543895464,0.9729281278980938,1,-0.9307559434821986,-0.02939241499211387,-0.08136550743732474,1,-1,0.981218769238738,1,1,1,-0.8567243164954664,0.023837354341933792
1938-01-07,-0.030623149171715047,0.919718521025826,-0.021066069647867836,-1,-0.04329705452771626,0.8751477802906941,-0.009998261490878346,1,1,-1,-1,1,0.00677738499964986,0.9294299900269534,-0.770290708607496,1,-0.9345372596587476,0.031743691653457806,0.04417386608794194,-1,0.950134910304843,-1,0.04744075498672551,-0.004759168328832719,0.05007741902596852,1,1,0.00192277671420793,-1,1
1938-01-08,0.9447404795792232,-0.020505737128392876,0.8950228165206889,-1,0.939505451394195,1,-0.9996159658817294,1,1,-3.247946528136536e-4,-1,0.06487090897792913,0.9340886503315189,1,-1,0.028595182446313427,0.023897777739630754,-0.9547005461066999,-0.8788654413303167,-0.06103588199583798,0.030679015591784542,-0.009484805667572371,-0.902018975645651,-0.9978592307857487,-0.9498773610296807,1,1,-0.9771468372958535,-1,1
1938-01-09,1,-0.9862582009835632,-0.04388727946384352,-0.0053185728254551146,1,1,-0.025226727065499444,0.005260246421155412,1,-0.9806909199259279,-1,-0.8951596495471678,-0.027182340089733636,0.019092216951704488,-0.05184185445683265,0.9996051523086512,1,0.021725372903267925,-1,-1,1,0.9794449384940922,-1,-0.035684413779031865,-1,1,0.0027654560199569245,-1,-0.04980333485968047,1
1938-01-12,1,-1,0.8671889308698859,0.9826316930366323,0.060453023127619465,1,0.9314675458224678,-0.9728441603772444,0.0829276717622568,-0.0611352303661965,-0.025172170937614036,0.06214988592689474,0.9229136960488165,-0.9631403565991129,0.9448518390998017,0.022731734852220464,0.13220267014555664,-0.9419304096262422,-0.0227937348904107,-1,0.02993779388825657,0.012638739428207812,-1,0.9181501228984874,-1,0.0700253511640232,0.9767788279389797,-1,-1,1
1938-01-14,1,-0.037637438638954523,1,1,-0.9393830606381969,0.03397516039934956,1,-0.020715677974405877,-0.9090106887705779,-0.9540653533773678,0.9732019557806442,-0.8816988834252207,0.027355629031261985,-1,1,-0.9291643069284308,1,-1,0.9297337770243191,-1,-0.9072251816381728,-0.9079281196923021,-1,-0.07803098997807656,-0.0013811883322382146,-0.8889644976149864,-0.010001912852023898,-0.03554869216532275,-1,0.07984635155057118
1938-01-15,1,0.9045381560414213,1,1,-0.007169367997559406,1,0.025835296887378845,0.9675302076091201,-1,-1,-0.02411673382146129,0.11670864742431242,-0.8931963034803769,-1,0.03959730044423404,0.038990015776462994,1,-1,-0.029456926275231554,-0.06417915461432955,0.003401312115494992,-1,-0.009326615966849583,0.9090209540849417,-0.9391563168156186,-1,-0.9622468806951359,-0.9723747223727472,-0.0398759349018597,-0.9053496635713568
1938-01-16,0.04384401476963462,-0.07409782538479837,0.015538954533792726,1,0.9671887132026836,0.05748829289896884,-0.8792823187067258,1,-1,-1,0.9547056308722859,1,-1,-1,0.9774971461872657,-0.9382497910193207,1,-1,-0.9943322626300071,0.934343783896065,-0.96795010748281,-1,-0.9362721578324754,1,0.04590248157435517,-0.08331115856350668,-1,-0.031676681466838885,0.921627006404658,0.053039894750364636
1938-01-22,0.9262404465887972,-0.9622441446006802,-0.8952510586737817,0.06890657803929845,-0.013345291924292235,-0.8867265338744823,-1,0.07728247496721552,-0.13543895065114364,-1,-0.013669952172862154,1,-1,-1,1,-1,1,-0.02736547095696973,-0.05167672092345055,0.0019002142362147811,-0.04765787118942677,-1,0.013599736261415196,1,-0.9424999117554621,0.8939187488435565,-1,-1,1,1
1938-01-23,1,0.025267950925763505,0.08249573898092244,-0.8801011314994392,0.9455503630625849,-1,-0.004582200213562926,-0.9216555672977658,0.7690545972471731,-0.006905844936612837,0.912546766569002,0.1038637439863277,-1,-0.04754218534180643,1,-0.006081510388343925,0.0047824521759604055,-0.9586800345284551,-1,-0.9224265049910352,0.93096062281194,-0.05934692756827875,1,0.060754565915218994,0.05300041108005016,0.012690360336189532,-1,-0.0363001298673189,1,1
1938-01-28,0.07668414435815463,1,1,-1,-0.02255686761497777,-1,-1,-1,-0.20098523498291088,-0.9645563328975298,1,1,-0.055325629178542335,-1,1,0.9560934685886995,-0.9275823615473933,-1,-1,0.03209227282690119,-0.04971913066555911,0.9114547486511719,1,1,1,-0.9732247794360078,-0.08314586560478243,-1,1,1
1938-01-29,-0.8326925774412823,0.023748727115104784,1,-1,0.9414995588231212,-0.03824758542262474,-0.045859883340754415,-1,0.7946884410979297,0.033467000241412026,1,0.011104707652743517,0.9418741756243063,-0.070095115073053,0.006865460817107927,1,0.06397358322626912,-0.03669406324577862,-1,0.9929729672614312,-0.9470306814949803,-0.021549086356721814,1,1,0.017669621632601773,5.689862477769037e-4,0.8890553999955405,-0.02893983545402956,0.039438361164517266,1
1938-01-30,0.11203151965959024,-0.939154050045175,0.03994253814649529,-1,0.05574956327441993,-1,0.8860732724210242,-1,1,1,0.011881744943973649,0.9871963980238384,1,0.925178419085448,-0.9693561576000252,1,-0.8799131407609431,0.9190981394844432,-1,0.06942679979636024,-1,-0.9468332743960068,1,0.04818019151601194,-0.9307084908041778,-0.9893883193668246,1,0.9533063196658936,-0.9390981235463037,0.01968488722515005
1938-02-04,1,0.012105648540526648,-0.9291227227987507,-1,1,-1,1,-1,1,1,-0.9591114911981495,1,0.009129152300563437,-0.03560147084716869,-1,0.026996567097707924,-1,-0.026818673619727895,-1,-0.8872326661523953,-1,-0.04492731027504815,1,-0.9190492533416821,-1,-0.046725142653954665,1,1,4.994654794709952e-4,0.9962201854805184
1938-02-05,1,-0.9651661346755508,0.045529836714882754,-1,1,-0.04762060100630916,0.044334300230934764,-1,1,1,-1,1,-0.9081592746045728,-1,-0.08178269599975918,-0.9206620147778277,-0.049738118352120386,0.8778966089277085,-1,-0.05927948367715674,-0.01320713299518761,0.9364035933444397,0.09759010105772825,-1,-1,0.9446438155633465,1,1,0.9975354583521433,1
1938-02-09,1,-1,1,-0.03869545805546293,0.003761432484387983,-0.9736332039605444,0.9610942585558161,-1,0.007722890410282179,1,-0.005976648830811171,1,-1,-1,0.9172607966351203,-1,-1,1,-0.03959951133274775,-1,0.9252800041054189,-0.035423318271671,1,-1,-1,1,0.01434633324941803,0.023653429191614173,1,1
1938-02-12,1,-0.032180000217620464,0.09416732377613668,0.939544974571074,0.9909079025526403,-1,1,-0.013164824597119318,-0.9658677917490293,3.593092482082616e-4,-0.9117094117919461,0.03474789332603334,-0.04133595931660716,-1,1,-1,-0.03539912210527807,0.06333137676920042,0.9308541670278695,-1,-0.06626076107181411,-1,1,-1,-0.10656226654127954,0.09724665920758024,1,1,0.03770107397589306,1
1938-02-13,0.007235287267212898,0.9248650834892586,-0.8078757109601469,-0.012618841929558311,0.07738717415281182,-1,0.036956660300780264,0.95430765043202,-1,-0.9915430450541601,0.07351880535921251,-0.9336348486401626,-1,-1,0.025545229993505614,-1,0.9050621619884146,0.9995315540478303,-0.06905778361570025,-0.007462620829208899,-1,-0.04266381167916955,0.007540336782564716,-1,-1,-0.88187298839343,1,9.718479733022978e-4,-0.9213543991587376,1
1938-02-15,-0.9784827159052726,-0.06531514334315791,0.15388101518647268,0.9329270555512853,-0.8766091922894356,-0.015100933316212761,-0.9571076410385808,1,-1,-0.04489527339176236,1,-1,-0.02106883138347193,-1,-0.9393856290356984,-0.08585151427599758,1,1,0.8991348739268098,0.9244267983048813,-0.04589681057797945,-1,-0.9510992515924698,-1,-0.036692633932414176,0.09391074856707371,0.0657164048204344,0.9655304810631867,-1,1
1938-02-18,-1,-0.9810952249445323,1,-0.06252695026651567,-1,-0.9944150530409664,0.00846441381226648,0.01233275770093556,-1,-1,0.026989578078346566,-0.0019289324541466035,0.97106047289040065,-0.09596870465223395,0.0030680135493860172,-1,1,1,1,1,-0.942141252311896,-0.05100323146563002,-1,-1,0.9368617897808759,1,0.9991478650556063,1,-1,0.10432487917095878
1938-02-19,-1,-1,1,-1,-1,-1,-0.9321649413800448,1,-1,-0.06548569912909097,-0.9348723060162851,0.9950443879389034,0.02538200127754553,0.867908644224976,-0.9491251474148782,-1,1,0.026593666779465286,1,1,-1,0.8536856701680299,-1,-1,-0.03282244799125189,1,0.01643932166148898,0.07355129621344214,-0.005486724606509674,1
1938-02-26,-1,-0.04279352234925471,1,-1,-1,-1,-0.054572349236970186,1,-0.09377021108982364,0.9106205493390388,0.020072184561813478,1,-0.9621681891482922,-0.10656415402708241,0.014710024397641686,-1,1,1,1,0.05182259920408794,-0.010671170063456636,-0.11445908942743566,-1,-1,0.9336128569718755,0.021568518699789818,0.9918122250084314,1,0.9863785816016033,1
1938-02-27,-0.15857639949727464,0.8958757528148894,0.015049725693637273,-1,-0.07408617554358432,-0.02058738781040903,-1,1,-1,-0.0766541032843846,0.971622106253956,0.0493062172322809,-0.028798233011964602,0.8617475493218797,-0.9652519076675738,-1,0.01733052903387189,0.06845218849063084,0.02645063084364596,-0.8609199760932844,-1,0.8609547810014557,-0.03465935544660037,-7.217700278038253e-4,-0.015552145057040834,1,0.04292689294195917,0.1248964679073854,0.008663272084165063,1
1938-03-06,0.8259359754565403,-0.10053569051723232,0.9914745800476197,-0.04774560746573753,-1,-0.9804850906023338,-1,1,-0.021054848228358125,0.885980074687224,1,-0.8764848304339734,-0.9545014909840926,1,-1,-0.06565896194891863,0.9918971783663759,-0.9052413423722514,1,0.05774614766777253,-0.1035646014586461,1,-1,-0.993421529107418,-1,1,-0.9367126098590595,1,0.9602807905407662,0.011768326933166096
1938-03-14,-0.15033597609366134,-1,-0.006144128973415652,0.8898056907115911,-0.048769428793766334,-0.023632146013527477,-0.02671641645971201,0.017202298746367473,-0.967769231929418,1,1,-1,-1.1694620732249916e-5,0.04218691721856782,-0.00213039275898963,-1,-0.005859485488710847,-1,1,-0.909174220736221,0.879635093588186,0.04941693257307889,-0.0689043304125434,-1,-1,0.04843073791600605,0.01714859748840014,1,-0.008527282973165962,-0.9790455062793505
1938-03-15,0.8384109879252664,-0.016199372899216913,0.9484018066874638,-0.06097900824218616,-0.9701504513746041,-0.981224464314432,-1,0.9464170076391382,-0.0866980587848668,0.003566378272261028,0.051905375938849696,-1,0.9897471407683457,-0.9410009022316927,-0.9605094560387273,-0.017021491046545933,-0.9155948826269062,-0.024090197886364684,1,-1,1,0.9535088300886657,0.843595212974509,-1,-0.010859635381199495,0.9771089088332899,1,1,-0.9575109416031203,-1
1938-03-16,-0.13849708958324847,-1,1,0.9115038273386558,-1,-0.029098324618870963,-0.015547458275992465,1,-1,0.9916182406504204,0.9915340427631552,-0.0177362528461249,0.014436275266892507,0.050490778336344744,-1,0.8736585709491382,0.06362777459276203,0.8310515707157498,1,-1,0.0331024244821817,1,-0.1402036961544887,-0.003959722282882883,-0.9623187488751345,-4.8775133301537377e-4,1,0.020307598232106483,-1,-1
1938-03-17,-1,-0.018798068535443302,0.028884501584626965,-0.08293687975960107,-0.021160084459651674,0.968203951731462,0.9406957501746691,1,-0.02121549517074328,0.02686085243607572,1,0.9697460048415052,-0.9191289771260072,-0.9072030796671868,-0.08092447804448333,-0.09615317863568718,-0.9112535714465697,1,1,-0.01765383033605361,1,1,0.8315956459740683,-0.931462107683902,0.02210130519292297,0.9409660899760776,0.02040437520177274,1,-0.010209399512175477,-0.012860369738289745
1938-03-22,-1,-1,-0.9560050524421242,-1,-1,1,1,1,0.9731534451881875,-0.9053801174486606,0.07914784704479672,1,0.00934695972367583,0.03086235031350182,-1,-1,-1,1,1,0.9629876040451328,0.0067638582206712705,0.03171502055719155,1,0.019554640884550167,-0.9528416292053921,-0.030841274296984023,-0.9357280369895902,0.1001830764900693,0.935905881173892,0.9344182018801013
1938-03-23,-1,-1,-1,-0.023163926086253173,-0.0012485112244938756,0.02190491339165146,0.017496411860896566,1,0.016908422463058015,0.06769277065711954,1,1,0.9443649628164271,-0.9339719283968089,-1,-0.06016148576561764,-1,1,1,1,0.973771798274885,1,0.03707938251046772,-0.9342916201728729,0.001724939775987866,-0.9852666942631125,-0.0595642629426788,-0.8799689573541957,-0.06386825869395252,1
1938-04-04,-1,-0.04426948510590234,-1,0.9490935243557587,0.9506651813448733,0.9915219530574179,1,1,0.9836558488383804,-0.9037217920613323,0.0408559975623195,1,1,0.06390335395226687,-1,-0.9772343224765967,-1,1,1,0.06028228349549303,1,1,0.9988492109977861,-1,-0.9571233676491762,-0.017052328425867014,-1,-1,0.9245217492692226,0.06071324593480498
1938-04-06,-1,0.9245226217309178,-0.14885679150218345,1,1,1,1,0.0663622399367152,1,0.08228800530763958,-0.9098423809752619,0.011416306222384986,0.1205284655804435,-0.9281755185642783,-0.05024234480475853,0.00146208423978067,-0.016542003749874246,1,0.05680816396859967,-0.9246282026982438,1,0.026603480505228316,1,-0.04211889124330881,-1,0.9524119586139721,-0.01346644680300002,-1,1,1
1938-04-09,-1,1,-1,7.841258865716183e-4,0.0930152865804843,0.03402599100112769,0.02341519293049188,1,1,-0.9041295653970753,0.027783808084921535,0.9819243988742564,-0.8296977668379815,-0.005957274756249964,0.9014043960997166,-0.963293669239642,-0.9995780676606904,1,-0.9420449649263423,-1,0.0166067210084907,-0.9210757517247945,0.007029195326156756,0.9330057145487394,-1,1,-0.9911163834195351,-1,0.0028233130878435597,0.05985611376794797
1938-04-10,-1,0.03983202687164611,-0.022792903615791338,-0.9621131318560099,1,0.9132344367787208,0.9962351688617017,1,0.04517705137774464,0.01954925716298561,0.9860003481063654,0.01648277157794864,-1,-0.9630868822200108,0.03977654197052616,-1,-0.0035024050554562924,0.03563271786574296,0.0016490559059169074,-1,-0.9702332423271214,0.06896709040757265,0.991175696853771,1,-0.01957102083028872,1,-1,-1,-0.9870904906497907,-0.8607722516732638
1938-04-14,-0.03532605659614374,-0.8854574807683859,-1,-1,0.05953720891378356,-0.06806737775074201,0.011216492416075474,1,-0.9325277856873672,0.9725789741140227,1,0.9182783997025807,-0.016080643736211653,-0.016342348178450594,1,-1,0.976133180779699,-0.9232766888770616,-0.9530582492588495,-1,-1,-0.9293851613023726,0.005229536840413496,1,-0.9994861690139388,1,-1,-1,-0.024386268148450907,0.09681950776372694
1938-04-16,0.9626394363747064,-1,-0.015409605818815675,-0.03560258182870912,1,0.871392785468423,0.9483480350405531,1,-1,1,1,0.018797630180920066,0.9318292894292705,-0.9962124854178237,0.04817609620920349,-1,1,-1,-1,-0.02297844676603178,-0.13221596641012123,-1,0.9768712766990088,1,-0.050920518878337595,0.05136875499361504,-1,-1,0.9676611641967723,1
1938-04-19,1,-0.03141403752230543,-0.9816798237385925,0.9495685624187883,0.05914607115830306,1,1,0.032092713415427854,-0.00305195715043316,0.00235342492460755,1,0.9473469478302093,-0.04408718979303372,-1,0.9878805909394006,-1,0.05836170616818814,-1,-1,-0.940623968452748,0.843630471982015,-0.028199115663937846,1,0.029946705163402365,-0.9932605437725271,1,-1,-0.06506642172849997,0.01696734162943947,0.03266865597183666
1938-04-26,1,0.9495981925991239,-0.003503883805530017,1,-0.9393157227052605,0.021545046008025204,0.027301013771327542,0.9285291248701792,0.9606178621509069,-0.9934329474551619,1,0.03844336836329976,-1,-0.014822131473220757,1,-0.06919600221920807,1,-1,-1,-0.046329606748840124,1,0.9692725057515343,1,-0.9392345438479919,0.003752521402018205,0.01796263586408786,-1,-1,0.9267211834772017,1
1938-05-01,1,0.02095093475597598,-0.9773533753782483,0.06886051834897722,-1,0.9546177957169559,1,1,1,-0.057474939434671746,1,1,-1,0.96499661583626,0.05382375152657526,0.9022917102032614,1,-0.061589240273807966,-0.0860136207192177,0.9336453337276543,0.06024061699421701,-0.0019365036892327048,0.03176038271103021,-1,-0.9777751591686011,0.9691651606161862,-1,-0.030866883277666513,-0.07083462244501837,0.1071005997179244
1938-05-07,0.07210580034651515,-0.9788522179732085,0.0012003882197351157,0.9815409051967523,-4.5126923415528264e-4,1,0.028946311717940265,0.03171132941556931,0.10929580197366673,0.9236748439513254,0.12545610536152707,0.058306316944179204,-1,1,0.9940130841851906,-0.08653612681168665,0.06184592252783294,-1,0.9131346392038888,-0.01213933203034323,-0.9388995007730964,-0.9723364592989366,-0.9677919930183693,-0.06098154175422199,-0.01584129925014366,1,-0.05250127020076456,0.8384538240456193,0.9082374857746628,1
1938-05-09,1,-0.08708124803195216,-0.9413068350872579,0.026290787956528727,-0.8876114031249726,0.007869467170564026,-0.9279919813247556,1,-0.8524572996887834,-0.06527985786966051,1,1,-0.0012811641522580963,1,0.05011407487028641,0.8635140177850901,-0.9175895397958062,-0.025372780304845133,-0.04354729094624454,-0.9956106003826024,0.046660525330708635,-1,0.006847470455426552,0.8917010418354826,-0.9628444974690451,1,0.9171146218422277,1,-0.05928799258682693,1
1938-05-10,1,-1,0.02476846209936101,0.8683898915776728,0.07720056760901017,-0.9034065122914011,0.05931971320167928,0.07896251201428672,0.144349300267967,0.9325306306104814,0.003426642418159598,1,0.9298345355227416,0.014078328748012736,-0.9451499635866912,1,-1,-0.9940389124877228,-0.9848048786759862,-1,1,-0.022234312750547325,0.9698287154061187,1,-1,1,1,1,0.92326229717033,1
1938-05-17,1,-1,-0.9581312715772556,-0.07164370736029413,-0.8847151612439013,0.05787032546378312,-0.8630506213311072,-0.9016150310575981,1,-0.031182879097166216,0.9588612199942196,1,1,-0.9638893784023116,0.04951008167657267,1,-0.03328866078852888,-0.03764869056519515,5.643299766371346e-4,-0.022366407705961877,1,-0.9776831235305367,1,1,-1,0.008940695045479341,0.007740971906620375,0.0018798567753257611,1,1
1938-05-20,1,-0.05652281518685143,-1,-0.9780848428230581,0.04374853235392906,-0.9206383874923697,-1,0.09475800866513595,0.018681571304004496,0.9443620103848458,1,0.054975833077753,1,-0.01901109796577416,-0.9158854335274276,1,0.9331560205483345,-1,-0.9990217986993167,-1,0.02981069840323236,-1,1,0.04453808037228624,-0.02504647200091381,-0.9283141216328507,0.9593063984785726,0.9505767992660108,0.05787589063501908,0.04438163147688956
1938-05-22,0.05174535541515668,-1,-0.05405187733988026,-0.011577851868754596,0.984117991157605,-1,-1,1,-0.9800121875257984,1,1,-0.9130719672890906,1,-0.9932577082495762,0.07444438111069507,0.0013131815614166875,-0.047717684545443784,-0.04154359459195123,-1,-1,-0.9610933151394149,-1,0.028457852764156133,-0.9103526099508953,-1,-1,0.05490553912329266,1,1,-0.9394363520283537
1938-05-24,-0.900475085647394,-0.08981034565462165,0.8659960217481217,-0.9821024361251057,0.022402440582409033,-0.026838279987250635,-0.03960293189996433,0.02236275452097003,-0.003849393617559649,1,0.05695798892281745,-1,1,-1,0.9609763943134122,0.944567532129935,0.9390555497266173,-1,-1,-0.05324859024612183,-0.11861489635817357,-0.015177887675004054,1,-1,-1,-0.029895316091106072,1,1,0.03287248247317154,0.03379322913640115
1938-05-31,0.030119186448486324,-1,-0.10249002252389794,-1,-0.9499745672478997,0.9375987202553407,-1,-0.9594285857404,-0.9817832808587097,1,1,-1,0.007557865653738838,-1,-0.0384129741942314,1,-0.05686804707789639,-1,-1,-0.9718651638354845,-1,0.9029078325995574,1,-1,-0.07315318482715583,0.9616848215718465,0.03542910810307465,1,1,-0.8915581071797465
1938-06-02,-0.9418000391046599,-1,-1,-0.022683985980566423,-1,0.06743507305638208,-0.11100220215715906,-0.0347394752440664,-0.015060751728264377,1,0.0026388462016002645,-1,1,-0.018378079960368554,-0.9828369796870322,0.05204509089389919,-1,-0.07209936585047749,-0.06110642116829579,0.027950978763561563,-1,-0.038414137366150736,1,-1,0.9061405190917485,1,1,1,1,0.06420680608541407
1938-06-15,-0.025758139750905795,-0.010900511559663317,-1,0.8800859012886417,-0.02736600932712152,-0.8888344473800573,-1,-1,-0.9893548844568707,0.05055938241495794,0.9309147253175067,-1,0.0181664855589313,0.9724783077599174,-1,-0.9183391707947227,-2.5473316734814233e-4,0.9126665435251982,0.7926081701482193,-0.9494024651901977,-0.07076666128823195,0.8732824583845418,1,-0.041172796516600885,1,1,1,1,1,-0.9265597107649227
1938-06-25,-1,-0.9542910018690094,-0.08033469906320656,1,-0.9302608534579015,-0.04461182910140116,-1,-1,-0.09474602008118505,1,1,-1,-0.9226874555322158,1,-1,0.07709400710802339,-0.9229815104346519,-0.03959875485590736,1,-0.04597510182057807,-1,1,1,0.9076390554827037,1,1,1,1,0.001153078560017562,0.05764126654503854
1938-07-02,-0.075683665308108,-0.007788632689701425,-1,0.06288186073109325,0.040935547009097295,0.9356478711566236,-0.04260702927626603,-1,0.8321134308648147,1,1,-1,-1,1,-1,1,0.037779482097563655,-0.9816948954299354,0.04288885430034195,-0.9338123126261375,-1,0.02038278065608934,0.020340656906197352,-0.037083343157677695,1,1,0.002520838607219633,1,0.9863276307035859,-0.915208516828707
1938-07-03,0.8330690622023363,-0.9272311984843692,-1,-0.819713506842255,1,1,0.915910836123076,-1,1,0.1046758686776661,0.00572367334554047,-1,-1,1,-0.037989423014181734,0.02659540436594865,-0.923285758983002,0.003152328318629549,-0.8534067275818451,-2.477482954870158e-4,-1,-0.8868383219999808,1,-0.9521995581537173,1,1,0.9072419091144426,1,1,-1
1938-07-04,1,0.03825908112418119,-1,-1,1,1,1,-0.007877388658704354,1,-0.8223245778898862,-0.9612625373191749,-0.058489631636419626,-1,1,-0.9941789077544744,-0.9680106953323534,0.01669514027842911,0.9748425448426267,-1,-0.948534738146496,-0.0572640601465817,0.03451885363653606,1,0.01589094815842118,0.05813591126400364,1,-0.045739738770851246,0.1497985807028156,0.034410333592291176,-1
1938-07-15,0.1012212633760593,-0.943542725291002,-1,-1,1,1,0.06478038061570035,-0.9947541104860993,1,-1,0.029122309135865332,0.9284997484644802,-0.0630962385599545,1,-1,-0.01298263664253918,0.9604969952282836,0.036126805401515805,-1,0.044019271528581094,-1,-0.9464625188788135,0.05141333344772958,0.9254614113711394,1,0.02477428261896719,-0.9788283078641601,-0.7993794055016145,1,-1
1938-07-26,-0.7846500531836218,-1,-0.01537312781856659,-1,1,0.057322190274306295,0.9897267438426813,8.116686603527601e-4,0.013684032927249734,-0.05369637699992291,-0.8859633708018195,1,-1,0.010881805498077601,-1,0.8912586579125489,0.03118209106817582,-0.9276968638675384,-1,1,-1,0.02275262546550605,1,1,1,-0.9409662948553836,-1,-1,0.08926171258353743,-0.00726304446755055
1938-07-27,0.14170696231433444,-0.026476881802364516,-0.9419098292051071,-1,0.04153036785297981,1,0.04150677127861868,-0.9813154345911937,0.9679022588282997,0.9258197355128303,-1,0.10230866073400324,-1,-0.9551675473930531,-0.037542708629869415,1,0.9670241223401895,0.052438117447150545,-0.005531599793303754,1,-0.05418007693090798,0.9776408911104633,1,1,1,-1,-1,-1,1,-0.9655129348435497
1938-07-28,1,0.9091204437945837,-1,-0.00500283798867629,-0.9470275055021765,0.017675358291142862,1,-1,1,0.006322698182858355,-1,1,-1,-0.0031459642742966976,-0.9456235175503642,1,1,1,-0.9578510538858763,0.04710136596259862,-1,1,0.012825174904556813,0.05163622878240193,1,-1,-1,-1,1,-1
1938-07-31,0.05067904930610656,1,-1,-0.9965016095013615,-1,0.9479241314679213,0.11057575396018804,-0.007914703108044319,1,0.9561241320876044,-1,0.011236937311833506,-1,0.9566863504788276,-1,1,0.05047752602560296,0.09206510591124883,-1,-0.8887233285068806,-0.05502933464675286,0.08577125526731977,0.9513751496489267,-0.8760494517288726,1,-1,-0.035696579708780485,-0.010287512994357706,1,-0.07995932518496196
1938-08-06,0.9351122074935739,1,-0.025135239354846517,-0.022620661100231088,-1,0.03347778228757792,-0.8317431430607457,-0.9671634894336844,1,-0.0088652860362608,-0.021429711747488978,0.9950751389747464,-1,0.03886512993316249,-1,1,0.9633281037511099,1,-0.092235269697997,0.06095510092418854,0.8991128087682788,1,-0.04771171151374687,-1,1,-1,-0.9993889283674847,-0.989827465184608,1,0.9077257874447863
1938-08-07,-0.05482231862544262,0.07769656427283411,-1,-0.9962341114708503,-1,-0.9084625142447291,-1,-0.01998050282528152,1,-0.9739229806727079,-0.9354627035773861,0.015203637989612218,-1,0.9994948476930122,-1,1,-0.017766897242869284,0.006712874639438482,0.9050520473437199,-0.8819308500466511,1,0.01441971892811722,0.9245061343795552,-1,0.017742321518249393,-0.054807871956061294,-1,-1,0.01586851790503907,-0.04857252004971979
1938-08-14,0.9370193172185579,-0.8990956144038842,-1,-1,-1,-1,-1,0.8694761926326421,1,-1,0.06335839003969335,0.987959874873309,-0.0019519891873968076,1,-1,1,0.9132364833773885,0.9928248007569348,1,-1,1,-0.9710401754530743,-0.027835817727343226,-1,-0.950964922741308,-0.997969791333347,-1,-1,0.9588325624658348,0.9182674626776984
1938-08-20,0.04490014071808146,0.07128791936195822,-0.016251975390901396,-1,-0.02201286814341219,-0.02581841098042692,-0.048713535450773726,1,0.015134177400472293,-0.029338175868766303,-0.9010339379987428,1,0.9890406470424942,1,-1,1,-0.056621804019160726,1,0.00669663422377309,-1,1,-1,0.9282976370500099,-1,0.03963890251510038,-1,-1,-1,1,-0.07531855803798082
1938-08-22,-0.9305190174763246,1,0.9265973004455658,-0.053193405960412554,0.9743556288830728,0.9623042356766329,-1,1,0.9187472528958499,-1,-1,0.04351836391577113,1,1,-1,0.05421527183335495,-0.9834144146419678,1,0.9725515621419061,-0.006134138027538372,0.05079122364523525,-1,-0.027247291248939653,-0.05393993347667103,1,-1,-1,-1,0.04308988539037428,0.9215819369847983
1938-08-24,-1,0.012186822985316592,1,-1,-0.025540211196590556,-0.02165518608485384,-0.04999222183377727,0.02086539817581612,1,-1,-1,1,0.025594301121155905,0.0058326510266125675,-1,-0.9154985014672112,-1,1,0.024427380683466726,-0.9551439926338577,-0.9117146289368613,-1,0.9235855283757674,-1,1,-1,-0.025168489278097117,-1,-0.9063323840480346,1
1938-08-28,-0.029692959523481832,0.9532933476277441,1,-0.06114061123769576,-1,0.8780476240649495,-1,-0.9652333042945064,0.012824958067712777,-0.07007708557076109,-1,1,1,0.9967830084136122,-0.013612584452237897,0.07821462967481929,-1,1,0.98065632920503365,-1,-1,-1,1,-0.04611607849520405,0.08625150527994863,-0.05162401247178283,-0.975392576836075,-1,-1,1
1938-08-29,0.9085209553153337,1,1,-1,-1,-0.10188778538650034,-1,-1,0.9723887925544036,-1,-1,1,0.012384325812643593,-2.773664153482569e-4,-0.9278597664955726,-0.8228355406050575,-1,1,1,-0.003963416260855723,-0.008181038239177485,-1,1,-1,1,0.8926524276309108,-0.008803828458559537,-0.030775737004091308,-0.042759430768085194,0.06280825395076894
1938-08-30,-0.0623657164935032,1,1,-1,-0.09334904014152579,0.8779061300136078,-0.018588175698474263,-1,-0.026173264408866026,-1,-0.03206683643531649,0.06125341072849688,-0.941284667028992,0.9465266385891304,-0.02427118662876615,0.11625771585258071,-1,0.06576818463719902,1,0.8933606407699204,0.9836392915746457,-1,0.04924575418134225,-0.009491804440267204,1,-0.06126377296172947,0.9614982937353671,-0.9701040169156715,-1,0.9693220416710734
1938-08-31,0.9269278495623032,1,0.07244395638350964,-1,0.8429202895079125,-0.11421909824769116,0.9708303238653614,-0.02639747204861187,0.9722744211082931,-0.013740989889231892,0.9444912227592633,-0.9255831165192023,0.04593357301605949,-0.02791482248854693,0.9571200981518135,1,-0.08126219212527364,1,0.011930688966304337,1,1,-1,1,-0.9718398644426157,0.05043748568261619,-0.9955850439089136,1,0.026330385464666817,-0.07442086894716449,1
1938-09-04,-0.012511639356792337,1,1,-1,1,0.8325312353881256,0.022217039190749577,0.9692159729084712,1,0.971386300351702,1,0.05588490438379967,-0.9060847034963573,0.8851763735205804,1,0.07567559720443084,-1,1,0.9984406394996674,1,6.868952148405549e-4,-0.06001598477027226,0.01869403315883167,-1,1,-1,0.027139986093733248,-0.8839098299356458,0.9144211111667284,1
1938-09-06,0.8888901671854934,0.06609515664655219,1,-0.041315067010003426,0.0838947238667539,-0.10600192376522033,0.961676254119912,1,1,0.015369127881299627,1,-0.8952030039322975,0.08168340504999394,1,0.039222124890408216,1,-1,0.03469671516705575,0.01398901472808034,0.013162891238886476,-0.9435397079855614,-1,-0.9531249323228438,-0.013316336160826059,1,-1,0.9481887460209014,0.1075856926101989,1,1
1938-09-10,1,-0.8632787894669048,0.08534282882993771,0.9558372335529061,1,-1,-0.009979606623360837,0.009213785431115173,1,-0.8811562598966565,1,-1,-0.9128352590778706,0.019588903417167125,1,0.052602934166823045,-0.007612433806091445,0.9501576799960043,-0.9249546685870557,0.9449482469610437,-1,-1,-1,-0.9980934468865595,0.1122668035130383,-1,1,1,1,1
1938-09-14,0.043754166329276534,-1,-0.8795966608624327,-0.0349964873874995,0.028650110912618265,-1,0.9827198196800538,-0.9416298811072235,1,0.07375717494310507,0.025614567324252047,-0.013390833192887142,-1,0.9947873109022289,1,1,0.9386889082042715,-0.0037972466835047847,0.06064755295739799,1,-0.020462239648721514,-0.01812397547266098,-0.03023260483565582,-0.02255736490383875,1,-7.843936727137679e-4,1,0.004600173337329316,1,0.039216540582317716
1938-09-22,-0.943266634274637,-1,0.07246641257657682,0.9551268027169704,1,-1,0.005606919107652875,0.01896764232693915,0.057825594537517455,1,0.9918990164538034,0.9216932757569719,-1,1,0.045563531235062515,1,0.0859155871308035,0.9817163399917054,1,1,0.95428530776740494,-0.9875222685068983,-1,-1,1,0.9562571160056029,1,0.9732151755126951,1,1
1938-10-16,-0.04233361827730886,-0.04880253299191861,1,1,1,-1,-0.981442688774867,-0.9252875543122253,1,1,1,1,-0.0018628358160936997,0.08684458715262733,1,1,-0.8776933236814966,1,0.030254750208001835,1,1,-1,-1,-1,0.018789029348897146,-0.022793855534958274,0.041575841847969364,0.04717751424472172,0.0036021858874643042,0.07499894151317743
1938-10-22,0.944410402551792,0.946332395951614,0.07992948578526615,0.056409185169047804,1,-1,-1,0.05268137884905566,1,1,0.08776602193352323,1,-0.9637398326355495,1,1,0.049037331505400794,0.11439138607954114,0.06255522536531388,1,1,0.058127229630646315,-1,-0.006390210129827878,-1,-0.9736105361827547,-1,0.944528409737856,-0.9275041697699089,0.9262138958231995,-0.895267045188758
1938-10-29,1,1,-0.913323823107768,0.9365093485043624,1,-1,-2.8738107443748717e-6,-0.8984275777116646,0.057400646436290836,1,-0.8459431237599409,0.09205870070111788,-1,1,0.039990879319300454,-0.871279136134146,-0.849908298530208,-0.896627253508354,0.05971573657810525,1,0.987099482787005,-1,0.991995502714926,-0.07580066041309308,-0.014620517296234148,-1,-0.04270653489852316,-1,1,-1
1938-11-01,0.0539598361332867,1,0.06477920930562386,1,1,-0.015825958377276406,0.9873763264340037,-1,-0.9350955106034452,0.05029392876864858,-1,1,-0.015970626612690775,1,-0.927643209023964,-1,0.1330932970113894,0.0377209340246486,-0.8987481789808989,1,0.005804573967254756,-1,2.991480032001892e-4,-1,0.8848465577067467,-0.012584498002306321,0.9142151511964867,-0.08539955630435603,0.06437886691297012,-0.021204208212456166
1938-11-04,-0.9310808017817094,0.014398257846586549,1,1,1,-0.9892275396503494,1,-0.016079961022298028,-1,1,-0.04041445437811286,0.05549715859696047,0.9390647627422813,0.00639621389317524,-1,-0.02414038521051487,1,-0.9378597818208725,-1,0.08531817764623495,-0.899080428908428,-1,-0.9872590378564408,-1,-0.0993860302480124,0.9600980040612807,1,0.8289737075797013,-0.8587109016356602,-0.910517950301342
1938-11-19,-1,-0.9788366851871994,1,1,1,-0.03257217396784351,0.015336677263058318,0.9526697203863904,-0.022663726724071354,0.10163065473673949,-1,1,-0.049264397006044125,-0.9161359119801923,-0.03844993058780999,0.9182005550743447,1,-0.009029677542254477,-1,1,-1,-1,0.010782864260749592,-1,0.8553553096330448,1,1,1,-1,-1
1938-11-26,-1,-1,0.01560677793493348,0.046297588163372705,1,0.9548033524452115,-0.9100818581832946,1,-0.9453801426952212,-0.7839259839145261,-1,1,-1,-1,0.9495207150121328,-0.00494776207522063,1,-0.9848880622956601,-0.030610478132974683,0.017947574587585224,-0.0758006821011935,-0.08825785742774328,-0.9726912021157671,-0.06017488492567691,-0.13340373508215575,1,1,0.06715349867277565,-1,-0.04680352134468002
1938-11-27,-1,-0.11109648193988697,1,-0.9207151934118676,1,0.0047003988053127,0.06179444995756589,0.03556255577223422,-1,0.19163904491718053,-0.08434918352249954,1,-1,-0.0381899751349436,-0.031502446145421414,0.9459677949362494,0.018856627478494703,-1,-0.9745299048531154,-0.9416826489162178,0.9055152749915262,-1,-0.04095680156544468,0.8827561254322787,-1,0.0882259999978372,1,1,-0.025518582339283835,-0.9971288742985508
1938-12-10,-0.04285851256701767,0.8264088919046217,1,-1,1,0.9970820129084303,1,-0.8626581528174362,-0.011435727458336098,-0.7200506452671612,0.8839242305959819,1,-0.016170658355416756,-1,-0.9396494777896294,0.07649000438354947,0.9730609024169705,-1,-1,-0.005647183184515736,-0.0635836041168707,-0.04793399808024712,0.937192766674523,-0.1170916179676903,-1,1,1,0.013878187274822595,-0.9346165224011647,-1
1938-12-11,-1,1,1,-1,1,1,0.023560714873045674,-1,0.9651559749705588,-1,1,1,-0.9927703999006747,-1,-1,0.9753559591240052,-0.007651028466253318,-1,-0.011415971145088744,-0.985047625631465,-1,0.875771556727987,1,-1,-0.001765154400895197,0.050818130096702885,1,0.9703648346255566,-0.0017286832082293868,-0.0243235141832997
1938-12-21,-0.001223746272526638,0.061860414215967996,0.007607443700970884,-1,1,1,0.9884453197294999,-1,1,-0.010660846057044981,0.049895384927522324,0.04228908184748126,-1,-0.03827550954605996,-0.0011628202549378575,0.06453721506105625,-0.9944089353178278,-1,0.9671029244835145,-1,-1,1,1,-1,0.9958390523914925,-0.8930235433964979,1,-0.01720226764936439,-0.9955768015914751,0.945255098804277
1938-12-31,0.9779658611637011,0.9984901528732343,0.9504448189300548,-1,1,0.14263530870424113,1,-0.01685517287955096,0.01091372310133909,-0.9928131846302406,0.9428171200437832,0.97293867273508,-0.053721904375840346,0.9583227215775822,0.951046775264774,-0.9312280625972865,-1,-1,-0.013617436456702436,-0.09105341129435529,-1,1,0.007856724346346766,-0.08183141939496796,1,0.09940272582944332,1,0.9629563676142499,-1,1
1939-01-01,-0.006451322809568394,0.06707713854510322,-0.014026250915256888,-1,1,1,1,-0.9855489239719192,-0.9742679061182249,-0.059818195764829385,-0.04566209948846056,1,0.902074259421055,1,-0.039223249935412374,-1,-0.03717038806195738,-0.029216022631636474,0.903734939779579,0.8813599733963396,-1,1,-0.9464700418939015,0.9163608661124664,0.03428261928612908,-0.8783318687999684,1,0.022606748833824297,-0.04676934283920109,1
1939-01-07,0.9840561824457853,-0.81829853021629,-0.9477594973707661,-1,0.02574855543502297,1,0.056747385058331545,-0.006630650075721167,-1,-0.984456645375729,0.9078680744548991,1,-0.06836920956123194,0.03589974447904676,-1,-1,0.9579579533594162,0.9685036567868014,1,-0.06640615032949493,-0.037145344336995345,0.06463095197426982,-1,1,0.9249708085110665,0.028782024491188385,0.019041450513154867,0.884971145319135,-0.9525120046734157,0.026776800808018253
1939-01-08,1,0.13420631828494045,-1,-1,-0.9627434956420176,0.0021469239674556384,1,0.9545453098024538,-1,-1,-0.0282763416531846,1,-0.9580743688746325,-0.9424614899066515,-0.015223879791656736,-1,-0.03943826507401604,-0.030574191022297303,0.07478657914177067,-1,-0.9961302481354005,-0.8771134803656269,-0.0644136498071024,0.030218565922067286,-0.07155797653556029,1,-0.9563139587346339,-0.11143997365672964,0.0155950000723164,1
1939-01-13,1,-0.8210017565444719,-1,-1,-1,0.9244588890673003,1,0.025267860938348097,-1,-1,-0.9926548918943673,1,-1,-1,0.9630004702699675,-0.062086403324705164,0.9430013493318222,-1,-0.8931077332139304,-1,-1,0.11838161614868647,0.8451031092271509,-0.9264747875935033,0.9183898117729401,1,0.03772974791853134,-1,0.9884133277462975,0.010881663365048366
1939-01-15,1,0.11108932024998242,-1,-0.01977455412959994,-1,-0.04886477884976259,1,-0.8923474038477786,-1,-0.12605327104526787,-0.014286101097172765,1,-0.043073559951046114,-0.0225248047756732,1,0.802147315104588,-0.00377827216375215,-0.04040245911378337,0.10199949605251624,-1,-0.07599648150049143,1,-0.15163164063154888,-1,-0.047878973641015454,1,-0.923297593646127,-1,-0.008450138174142974,1
1939-01-21,1,1,-1,-0.9733520326499148,-0.05091564610150101,0.9229897495703014,1,-1,-0.020350386863193237,-1,0.9216068777538672,1,0.9130659734612475,0.8678837306622471,1,1,-0.9631622937445218,0.9421456961636431,-0.8494782677185834,-0.010744020270407661,0.888703614755553,1,0.8388551372790646,-1,0.9167043874733085,1,-1,-0.08645668152673802,0.9224458550654736,1
1939-01-22,0.1609962053643501,1,-1,-1,-1,1,1,-0.08146291403144834,-0.9902077122444632,-1,0.008758946448089833,0.00937885069990474,1,-0.10535415844114304,0.06845853648677114,1,0.027720141672322063,-0.03363207928296574,0.10243171199559742,0.9698489648720325,1,1,1,-0.02404881647499102,-0.08290118447528838,0.002764000736580341,-0.10236549050578292,-1,-0.0397906962634752,0.02101365521760845
1939-01-28,1,0.01675911074402958,-0.030838029518344467,-1,-0.05072215472613151,0.06532173507719241,0.02445494435717388,0.8971104230157333,-1,-1,0.9299135804775897,-0.9485186534953925,1,-0.9941850597184735,-0.9001872208869264,0.005257954058925485,-0.9428803239081617,0.9443120711689829,-0.8387469169553282,1,1,0.05638844799979492,1,0.9604162769015524,0.9137722383805607,-0.9806885926257201,-1,-1,-1,0.9893261335034332
1939-01-29,0.007846712927054189,-0.973223846768035,0.950656661956181,-1,0.8852017348676126,1,1,-0.08946652343899764,-1,-1,-0.06030313107272922,-0.011369305932981688,1,-1,-1,0.9341499728363887,0.00775817355836772,1,-1,0.008577650290802041,0.020972666814486396,-0.8723826539309553,1,0.020976448427813432,1,-9.301516508674057e-4,-0.05042914536560972,-0.012055854265210275,-1,1
1939-02-04,1,-1,1,-1,1,0.02699079536950333,0.0208729811091648,0.8677487741119889,-1,-0.03693065378913529,-1,0.9742586908840827,0.0018657773413554013,-1,-1,-0.05748327295978328,0.9770410898079518,0.020116322358150085,-0.07459971472541782,0.9882170345462343,-0.9075333314118396,-1,1,-0.9189972237541497,0.041080741002337495,-0.9992396662386474,0.898848991777018,0.9528621654289668,-1,1
1939-02-12,0.053271919939615775,-0.028756173667315976,0.005151378605676937,-1,1,-0.9618579070931732,0.9681862761527611,-0.12044937487168739,-0.07665853760539298,-1,-0.017569991397216933,-0.021326305288906333,0.9653683892957279,-1,-1,-1,1,-0.90145270390265,0.8609941141812516,0.09586404660165715,-1,-0.027375398333720935,0.0024336307343378882,-1,0.9712476526901288,-1,-3.4240414610120506e-4,1,-0.03362453490913597,1
1939-02-18,1,0.9140839003135791,1,-1,1,-1,0.01388806793964159,0.8339356801588954,0.9082149966301601,-0.010434406527169648,-0.9469226980648335,0.9301550820071396,-0.03368135430104102,-0.017516621607453153,-0.023900554944539576,-1,0.004809187719177599,-1,-0.12992456378735895,-0.8453116101061812,-1,0.94026938987785,-0.9828176664346512,-0.058137595285306376,0.06860343060936269,-1,0.9673033165315681,0.09111317986732737,0.9156966858700748,1
1939-02-22,0.009668795143983777,1,0.012257739063913253,-0.01406651032869255,0.016387226588040926,-1,-0.9354698517675828,1,-0.06815054022073419,-0.9829162237840378,0.03278697526292618,1,0.9173900086939042,0.8771687337054616,-0.9875186665593995,-1,-0.9711602964334768,-0.0817207972814098,0.8337009538234073,0.13465838399815944,-1,1,-0.01657583755636083,0.9070302826093201,1,-0.031004944729043027,-0.005202693121417079,-0.8961091547136345,1,1
1939-03-04,-0.9613892159503216,0.05805564706644051,-0.9735390058516123,-0.9386583639594256,1,-1,0.02363804285778992,1,0.8785265599409059,0.009618992301469564,1,0.015508931117215519,1,-0.08316115491225018,-1,-0.10597302426223654,-0.0471842868779192,0.8772539399506992,1,1,-0.01947684883142753,1,0.8736469727994567,1,1,-0.9812015643972528,-0.9640244177653494,-1,0.08995761523849255,0.013939727884895614
1939-03-05,-0.017929850881612475,-0.9322690644191939,-0.0678216865995428,0.045844951165902925,1,-0.009171565158578532,-0.931150813963386,1,1,0.9370312544289784,1,-0.9164801802517882,1,-1,-0.030260215945979718,0.8620710382082948,0.8887992277255784,1,0.005325352910501735,1,-1,0.05750171388552949,1,1,0.040262968184708314,-0.018858251768866796,-1,-0.02017725137882087,-0.7769112359926973,0.9358625879652738
1939-03-18,0.9711213267366027,-1,0.8105140451071428,-0.9429972654991533,0.017258696331932666,-0.8983622812608184,-1,0.048168489597177455,0.0808113461695249,-0.016723569492396062,0.06935300123124233,-0.00905381451141929,1,-0.08235218970708669,-1,1,-0.04184401707862395,0.0014910198345190473,-0.9878706868413777,0.07787046391815333,-0.002423741953864633,-0.8655594168429364,0.010889083388706311,1,0.9601186728480019,-0.9818240741521326,-1,-0.9992481968013174,0.21410217846708213,1
1939-03-19,0.050639752160190565,-0.07021152721476476,-0.15552183733100644,-1,0.9925130747107583,0.06615095337531052,-1,-0.9211491251567605,-0.897099264784178,0.9346603753689048,1,0.9766943847739961,1,0.9119417080546536,-1,0.01473413492706832,-1,-0.9155234473177651,-1,1,-0.97753640980807055,0.09509253373645432,0.9238828507742897,1,-0.028475405425675726,-1,-1,-1,1,1
1939-03-20,-0.9305815523178219,-1,0.7711052340214652,-0.06538804112694963,1,1,-0.024649158048911213,0.06554453434276342,-1,1,0.023042970386266348,0.04427763022145337,0.009238208530501724,1,-0.0670032868719801,-0.9545297838522909,-1,0.050336509402658214,-0.02182959702685361,1,-1,1,-0.04076622075029357,1,0.9386771445011616,-1,-0.09822665626645621,-0.03796332468805652,0.02417046226633357,0.01262434625875375
1939-03-21,-1,-0.009257701931550844,-0.18838349427799828,-0.987001205988592,0.031676342739799024,1,-0.9991976119287436,-0.8639168205354515,-1,0.006435856919685179,-0.9560340691228401,0.990060245701466,0.9979638011327295,0.0033430789410026085,0.9166428129054953,-1,-1,1,0.9447738732921211,8.8174499653082e-4,-0.029883169692959677,0.06756871111140417,0.9032962972785503,0.07817408188654484,1,-0.06837014116793405,0.8828999390117427,0.9433161150570116,0.993707143162204,1
1939-03-27,-1,-0.9726295352993817,0.7990567497788046,-1,0.9968208925709273,0.00911401037394588,-1,-1,-1,-0.8994499159636921,-1,1,1,-0.9800908987139517,1,-1,-0.05967549035729569,0.03508365189885787,1,-0.9368404246939792,-1,1,1,-0.895842055488698,0.0642230831198336,-0.9652121556325712,-0.07403344800994016,1,1,0.04264673921097173
1939-03-28,-0.09025384902474898,-1,-0.10610685102610551,-1,0.04255271635022351,0.9297062190386249,-0.0700777749358723,-0.030898716233536683,-1,-1,-0.01678216566759161,1,0.03474039847648269,-0.05559653577929968,1,-0.013694396999364589,-1,1,1,-1,-0.033505421756905185,1,0.048757577032692234,0.08400979102758221,-0.8488136144774208,-1,-0.9848822152161485,1,0.027402773886159637,-0.9521533043480909
1939-03-29,0.8739300114085222,-1,0.8789887896678853,-1,-0.9202474331847822,0.0038449071861909045,0.8908430000727177,0.8522929009318003,-0.04627024108543254,-1,-0.9877991902477313,0.006273641703787636,1,-0.9633773301437064,0.002790808296311398,-1,-1,1,0.0046502007048331295,-1,-1,0.011722235649231805,1,1,-1,-1,-1,0.025350935147121945,-0.9206730700139226,-1
1939-04-01,-0.04399338086287363,-0.0443291427164082,1,-1,-1,-0.9646588318433817,1,-0.10629643550086476,-1,-1,-0.10241326182914134,-0.9370993858801274,0.01807001263957919,-1,-0.9728405139759604,-0.036570999653670944,-0.045198670298941646,1,-0.980608056253539,-0.001773590859484031,-1,-0.9232980092094504,0.061799862233043235,1,-1,-1,-1,0.9896237176183154,-1,-0.09092271010727682
1939-04-02,0.8768824484318992,-0.9767123907243299,0.05925936730366599,-1,-0.014683505812455588,-1,1,0.8383684485499879,-1,-1,-1,0.014091182513259248,-0.9688495244554114,-0.05218199531446732,0.021726772175757803,0.8878654903986695,-0.9420832205700411,0.10177965104121589,-1,-0.9829546394103978,-0.02293683757137399,-1,1,1,-0.0057215756096002934,-1,-0.014757769656431052,0.09579219777422965,-0.041598714378240365,-1
1939-04-07,1,-1,1,-0.01112191978967425,0.969128715241328,-0.019251928251009853,1,1,-0.06609233201331377,-0.06082803046219343,-1,1,0.009139078686712043,-1,-0.9255089969039452,1,-1,1,-1,0.01671828113471041,0.9572650576143698,-1,0.022145470230035214,0.041256761462569846,-0.9629180493536177,-0.035957464913455084,0.942968005428947,-0.8496635621146679,-0.9531629176987376,-1
1939-04-09,0.029920470278168243,-0.03284669234174298,1,0.9459386730629179,1,-0.9755755628238288,0.05153451535201792,1,-1,0.8342421480661707,-0.023748646855064615,1,-0.9648420242141897,-0.09210677926469613,0.05616635849510332,1,-0.051889205622854484,0.06573339745878548,-1,0.9712064715129873,-0.010726443345947079,-1,1,1,-1,0.9462262532498502,0.003639674426434758,-1,-1,-1
1939-04-22,-0.9077393233722025,-0.9598598760374646,1,-0.042986692621155065,0.10634755825092101,-1,1,0.10999020862072517,-0.018850446236064355,-0.12923288768331787,0.937797910709596,1,-0.01116685284400254,0.8914709357470312,0.9816210546976211,0.06007928180186395,0.9067665469263766,-0.8709396493707887,-1,1,-0.9478313714723575,-1,1,0.09861761751922282,-1,1,0.9346455685216659,-1,-0.031444316822045626,-0.015668563035628913
1939-04-24,-1,0.002001849858749294,0.024785487465967204,-0.9357260513476059,1,-1,0.04613399575592647,1,-0.9475645836566594,0.865502502530211,0.02304950033483011,1,-0.9451489444328255,-0.0851648716178034,1,1,1,-1,-1,1,-1,-0.14499161715316244,0.07476833769037605,-0.8717190498970132,-0.020052072453146774,0.05525933555884055,1,-1,0.8936855287720866,0.947094031574536
1939-05-21,-1,-0.9831314779061574,-0.8533002530463383,-1,1,-0.020495399139150328,-0.9016427950432382,1,-1,-0.0764658499560873,1,1,-1,-1,1,0.05984908622623297,0.10481915525197893,-0.07358299811287194,-1,0.06785259639410679,-1,0.8416836128241412,-0.87230218132108,-1,-1,1,1,-0.006492305814603472,-0.05848598633527513,-0.0413632611155168
1939-05-27,-0.0497575126447356,-1,0.11718259346831517,-1,0.003268704206083606,0.9190649866745416,-1,0.05941458764743346,-0.0159160940149099,-1,0.07156672218904603,0.04056998946169266,-0.0040454374777511015,-0.027576946997000862,1,1,1,-0.9628681407461954,-1,-0.9142533919822701,-1,1,0.11495571033757834,-1,-0.020721895298281168,0.002514292760789738,1,0.9644285811290189,0.9347097687359783,0.9293214826597389
1939-06-03,-1,-1,-0.8006089317824294,-1,0.9872661273196103,1,-0.0209119555333539,-0.9309909583134497,-0.970784356462607,-1,-0.8827871450156898,0.969697273202939,0.9490040975108078,0.9719210898939401,0.03887676874496593,0.08509592596901738,0.12689266078631833,-1,-0.03225712946750503,0.07171564970263633,-1,0.027981473935783763,1,-0.03316507601930507,0.9320774745188003,-0.995720371165352,1,1,1,1
1939-06-04,-1,-1,-1,-1,1,1,-0.9290200919860946,0.03777183523453931,-1,-0.017685878803205157,-1,1,-0.03071654901227927,-0.003422773523187983,1,-0.9002735317102184,1,-1,-1,1,-0.06924447701676906,0.9618042666821498,0.005081168958661619,-1,-0.046375035135659215,-1,0.014694900394362942,1,0.01986395709570843,0.015289844853289769
1939-06-09,-0.01730983812612219,-1,-0.005641068177284048,-0.0018596124307398432,0.006155713935544593,0.005920533482035251,-1,-0.9493666866945134,-1,0.9770087278546341,-0.06323065839621933,0.053225477036929925,0.9411129942762069,-0.960659972636539,1,-1,0.015927130523896715,-0.06022358656702875,-0.05264190421565018,0.01797063731338855,-1,1,-0.906869308422126,-1,0.8865378937763787,-0.027726404563151452,-0.9556211215005371,1,-0.9636238255706413,0.9569108391631843
1939-06-10,-0.983454223377072,-1,-0.993354217132449,-0.9556117231903758,0.9768565161168972,0.9995033965216088,-0.05352384247394104,-1,-0.005606904923736167,0.04410492486475237,-1,-0.8737124225458143,-0.044099554902477744,0.032657060260446014,0.016582985014635288,-1,1,0.8423329070040463,-1,-0.8968534352018841,-0.0421835688388732,0.05670792482425002,0.07292346278076223,-0.046878065234602695,-0.06068702514830715,-1,-1,0.11469963242550074,0.02904442060577961,-0.011394587432712489
1939-06-17,-0.019549613018061573,-0.049952134965871586,0.0028096190557391765,-0.041787850682722616,1,0.0438770891276119,-0.9977259820845937,-0.006215191714663226,0.9629674046167865,-0.9308601265881519,-0.030953548352533833,0.09753873068945473,0.8966632699590049,1,-0.8999818622413417,-0.05621187750008072,1,-0.06035228161741624,-1,0.059905409757614825,-1,1,-0.9017669219985089,-1,-1,-0.05194316960734768,-0.0027484700948930962,1,0.9272841680941563,0.926580871134325
1939-06-18,0.9392495426951587,0.8458919236592158,-0.9891540400127222,0.9504176831135814,0.0074228834674753275,1,-0.008402339941279924,-0.9728055201288748,-0.03672097532516072,-1,0.9460892480038372,-0.8925976098113867,-0.06472869296845873,1,0.061589033887783584,-1,1,-0.9857770965707261,-1,1,-1,0.018105791577822328,-1,-0.026675876096702078,-0.012598235356787835,-1,-0.9671713440498696,1,1,0.027762458588773797
1939-06-23,-0.036478466543726995,-0.1317971684496042,-0.08861202031921156,1,0.9972932030791526,0.017001779338570056,-0.9538422692894338,-1,-0.9499071337998362,-1,1,-1,-1,0.12851005141337668,-0.9123329978252,-0.0359952947392459,0.11041235872357857,0.0014527037586841152,-1,0.046704406103974194,-0.06145152201649151,0.9963551931190369,-1,-0.9391911164617143,0.8822295230911118,-0.02750153056356952,-1,0.018589286311268327,0.020147920577991085,-0.9612722617290473
1939-06-24,-1,-1,-1,1,0.02067162524876376,1,-0.0396650387180737,-1,-1,-0.06839560270959621,0.010888156606548072,-1,-1,-0.7724336308787307,0.0319411739923019,0.9245635239147824,1,0.9826212221869002,-0.04144019855212944,-0.9473287798981759,-1,1,-1,0.039657241528227916,1,0.8737589628401554,-0.003319445877188798,0.9767419441463203,-0.971972653245069,-0.022808376852400003
1939-07-05,-1,-1,-1,0.056190627882215405,0.8225694297224617,1,0.9129829038241164,-5.474328531070993e-4,-1,0.9302145177624762,0.9843203898440915,-0.09055059243513341,-0.01428336168135258,0.15902163472495612,-0.9543495684886933,1,0.021074846485746312,1,-1,3.9656256670150825e-4,-1,1,-1,-0.919448458713729,1,1,-0.9957237355904045,0.10519400608665053,0.0047358431715608384,0.9384674611692194
1939-08-06,-0.012025558194258434,-0.005537062749057853,-1,-0.9398231379063167,-0.1366547029525399,1,-0.08035776408024076,0.9404724872909415,-0.014143176888025133,0.0020927530918982695,1,0.8441636111071943,-1,-0.7986522409265912,-1,0.016392019078452114,-0.9190254954326166,1,-1,-0.9763616938689406,-0.03737933408745253,0.04785638199620901,-0.08950652779445267,0.06088065084634753,0.052354561678663036,1,0.004104621788089791,-0.8787821259968238,-0.9486806922446889,0.03136684425777703
1939-09-22,0.8823537620523029,0.8686387303662184,-1,-0.008037811765294278,0.8368784112290691,1,-1,-0.03833358070205706,0.9606789896379025,-0.9500803608177185,1,-0.044063283120095,-1,0.13258649851441195,-1,0.9687677308002047,0.06708099328188322,1,-1,-1,0.92493697883207,-0.8404495557445858,0.785370201573931,1,1,1,0.981551975597274,0.0782176828519544,0.02301535981559477,-0.9450454254919602
1939-09-23,1,1,-1,0.9619457584107067,-0.15112168349464605,1,-1,0.9277309021122578,-2.2504349174157223e-4,-1,1,0.9319382783983731,-0.006201727766708132,1,-1,-0.030208752476546752,1,0.02202784255448842,-0.002635269456113587,-1,-0.03171910630707209,0.09613545119611377,-0.1572714980060187,1,1,1,1,1,0.9888771421144593,-1
1939-09-25,1,0.08342854980570857,-0.03352097875057336,-0.02510525254295426,0.8442331039728656,1,-1,-0.06456548673703244,-0.9467647091560628,-0.05930536501550354,0.02422020280337478,-0.04201046976046752,0.9801049209245176,0.0836008566912102,-1,-1,0.006048103818015016,-0.9667878084462185,-0.9912095851972711,-1,-1,0.9598305595585429,-1,0.0052939505216567095,1,0.05524376796090691,1,1,0.02805063621060455,-0.044299820681395374
1939-09-26,1,-0.9157113115830737,0.9513521741175589,0.9408955885747426,-0.10034789422487511,0.03772292666720978,-1,0.9112671922364891,-1,-0.9799164400824651,1,-1,0.04275310674261679,-0.8623736106003146,-1,-0.029939247229121557,-0.9725135665608684,0.001925794543336301,-1,-0.008265944277177861,-0.07652320622940834,1,-1,-0.9362127667304899,1,-0.8871791055974138,1,0.04821920640090871,0.9637951691013615,0.9294779063519982
1939-10-03,0.0665037666334618,0.07300126416170727,-0.03611567866120691,1,0.8876431835870807,-0.9582147575377551,-0.013417548863602136,1,-1,-1,0.0625194745508626,-1,-0.8915456285061973,-1,-1,-1,-1,-0.9490845134346383,-1,0.9717496417051076,-1,0.0019567236684914224,-1,-1,0.022944518703181038,0.08668271364701019,1,-0.9402023232805091,-0.03294404780124505,-0.051165956020188696
1939-10-04,-0.8565954649264154,1,0.9151554675966325,0.07833140815512984,-0.07102683670149113,-0.007834543618779888,0.9411634183578459,0.009839009506704466,-1,-1,1,-0.05814178867392261,-1,-1,-0.08025962291169741,-0.017442192812999635,-0.07396157337406195,-0.008636752043111096,-1,0.03517881120721589,-0.06262264458251865,0.9934576975516541,-1,-1,-0.9541319287634378,-0.8585770664255543,1,-1,0.9576399438078425,-1
1939-10-05,0.12651426912539876,0.04608436621872092,1,-0.9040840902402068,0.8668062049214252,0.9516319040032626,1,-0.8694331100214421,-1,-0.005014247888078138,1,0.9267667308697103,-1,-1,-1,-0.9900415955011622,-0.9295779371393522,-0.9253659660408085,-0.030923609345483216,-0.9536896600523618,-1,1,-1,-1,-5.79891194909532e-4,-1,1,-0.07195599953659237,-0.014105881846724011,-1
1939-10-06,-0.8528892868116923,-0.9089143838374925,1,0.03045985607124435,-0.07083354040487289,1,1,-1,-1,-0.9650994482295152,1,1,-0.06380339961440762,-0.010286159492504998,-1,-0.0352033548467614,3.926861381450264e-4,-1,0.8892696943141152,0.0035698339377139288,-1,0.012712542646976521,-0.07182974606806636,-1,0.9923625094779798,-1,1,0.8844605234479638,0.9755515992307319,-1
1939-10-09,-1,-1,1,-0.888867805297398,-1,0.036189571282612354,1,-0.027452586844426308,-1,-0.02458900057061897,1,1,0.9040176080567808,-0.9095604403565265,-0.02894413396261042,-0.9693715053851854,0.9345856393064345,-0.005967833358409891,-0.07294844228099762,-0.9946640230718773,-1,-0.9672400990312798,0.9212573688607305,-0.04680915073362968,1,-0.044353769244201646,1,-0.10359197914088869,1,-1
1939-10-11,-0.022005093797667352,-1,0.0612743708618696,0.062293653888530365,-1,1,0.03432848555639989,-1,-0.07652860981999865,0.9242088545222419,1,0.03232456474002532,-0.056702556027479534,-1,0.9067182408199406,-1,1,-1,0.832020098474925,-1,-0.06663701599882721,-1,1,-0.9952935037840042,0.03815046167802727,-0.9738208617810632,1,-1,0.08396729137437087,-1
1939-10-12,0.8922927384723769,-0.005480196774145907,-0.9175871277271718,-0.8312329403536022,-1,1,-0.9090697912947723,-1,0.8598043227973874,1,1,-0.9482149516553839,0.9053922826192258,-1,-0.06451159099328829,-1,1,-1,1,-0.06275894698468865,-1,-1,0.03675677377642794,-1,0.9791700153232666,-0.018274849515003688,1,-1,0.989523744338086,-1
1939-10-13,1,-0.9687622554199459,0.030557196226079553,0.15262369794777475,-1,0.11199180447079649,-0.007700990357262905,-0.08327814620069929,1,1,1,0.042932350759512405,1,-0.0013280351226614417,-1,-1,0.03387200766396303,-0.03786382065090321,1,-1,-1,-1,0.9782975878179015,-0.04857584627759537,1,-0.9796267266248119,1,-1,1,-1
1939-10-15,1,-0.036813030259421176,-0.9496895249091577,1,-0.023692346810343046,-0.8460553952039169,0.9718631686274247,0.8957582137236245,0.0021912426152262965,6.106593549897177e-4,1,1,1,0.9787850946876874,-1,-1,1,-1,0.006521061000486994,-0.027433601354600934,-1,-0.06884761821530427,1,-0.9951830957565907,0.0041112214125132995,-1,0.03852452741011714,-0.01631328805602006,1,-1
1939-10-16,1,0.928287132442594,-1,0.043838296395666276,-1,0.14450750533556922,-0.018076322808871947,1,-0.9914147217554807,-0.9513398731867679,0.013107749227397214,1,0.019752028189835125,-0.011859963054359435,-1,-0.019942039166640835,1,-1,-0.935044020524051,0.9645237761943575,-0.09604430000645392,-1,1,-0.07778607053092268,-0.9431350183255108,-1,0.9825976034717998,-0.969642531746913,1,-1
1939-10-17,1,1,-6.41133712799058e-4,1,-0.07580411952228483,1,-0.934823207940847,1,-1,0.012114197842039487,0.9334361813963404,1,-0.8884702289858487,-0.9956111874164584,-1,0.9023032443251354,1,-1,-1,-0.031984336207365405,-0.9932453219172755,-0.03851405865009139,1,-1,-1,-0.009517253242590451,1,-1,0.012333355989070593,-0.0038852653038201623
1939-10-18,1,1,0.9284569635191795,1,0.9170341892135341,1,0.04737163051570148,0.017144941346526554,-1,-0.9423152973952154,-0.0377300811907495,1,-1,-1,-1,-0.026764191723300246,0.08329962607281693,-1,-1,0.9311653179618337,-1,0.9575579882220482,1,-1,-1,-0.9885876845267133,1,-0.027880412158299728,0.995270878329389,-0.995168667213672
1939-10-21,0.04528401439456964,0.025362722760099654,-0.042610113935705685,1,1,0.042023265308570146,1,-0.9427299465325861,-0.07075280782294979,0.035451063046748166,0.9058712401659991,1,-0.0834636658457808,-0.004525557012434289,-0.013744281932836389,0.9031736908756549,1,-1,-1,-0.0674431402556096,-1,1,0.0488886062080619,-0.02325930482074079,-0.001006083671757474,-0.01981190999967042,1,-0.9774933489668473,0.0032350675250680805,-1
1939-10-22,1,0.9679160814828844,0.854456826200626,1,0.0349729926531227,0.9736433014940893,1,-1,0.9276824741514568,0.9939517558017619,1,1,-1,0.9844971480436339,-1,-0.07587710629279154,1,-1,-1,0.8683305203101512,-0.010987862023771222,3.3971190036430343e-4,-0.9406952645395971,0.941432284283921,-0.9957656733165525,0.9468961650178032,0.05828518160727325,-1,-0.9781849811051169,-0.04959201736830421
1939-10-25,0.05456784609735865,0.005974286780713656,1,1,-0.916690910042848,-0.02603607616709125,1,-1,1,1,0.002174571994981167,0.03881705440347305,-1,0.06330793909746513,-1,0.9202754838054199,0.029345446206434533,-0.09720172745686106,-0.07100997003275733,-0.10997395288102274,-0.9897253483000734,0.9475799497756131,0.05719429260383335,1,-1,-0.04571500557149688,-0.8754866806281281,-1,-1,0.9032874580996433
1939-10-26,-0.9263886817728467,-0.9793236667128569,0.08395003635463605,1,-1,-0.9719889186777281,0.03647601919617849,-1,1,0.014921099152939044,-0.9835737128434455,-0.8666006070166392,-1,-0.8821638753633354,-0.0750609449771742,-0.07819153219555974,0.9263046348765263,0.8804886367842222,-0.9885912702118029,0.8403141660921826,-1,-0.007981995900923189,1,0.009188631552967563,-1,0.9141632751721791,0.019383084298801978,-1,-0.001129198487498817,1
1939-10-27,0.01226532362133026,-0.01852065466830699,1,0.009772621235491719,-0.03372915867793769,-1,-0.8635320853847089,-1,0.01203780394839038,0.9722001247289319,-1,-1,-1,0.10035105124445942,-1,0.886098353230818,0.02208942066627806,1,0.0035808658357147083,-0.1536205684252634,-0.015501312082755625,0.9186051948540511,0.03892296102817694,1,-0.004075943594882836,1,-0.9427322029845796,-0.017829423998352523,0.9426970914502599,7.610815602715482e-4
1939-10-29,-0.9815407723096299,0.9628921437726744,1,0.970051283653376,-1,-1,0.10626531996046895,-1,-0.912152614444206,1,-0.012892625566490068,-0.05995204746656979,-0.05527810646471354,1,-0.003485372032946743,1,1,1,0.9874379024688212,-1,-1,1,1,1,0.9705122094023875,1,-0.020383862361556537,-1,1,-0.9773627055567099
1939-10-31,-0.015821238349602584,-0.015271213047257981,1,1,-0.04101808080553626,-1,1,-1,-1,1,0.9802158140556935,-1,-1,1,0.9928275065933686,1,1,1,0.03854099105707964,-0.05571454139710763,-0.030040245243257435,1,1,0.016158792303896607,0.00775614719875084,0.073769162240233,-0.9623379936240214,-0.02082076684271328,1,-1
1939-11-02,0.9387274622198875,0.9565998582568778,0.01339275440786225,0.036293393391351736,0.934173749199394,-1,1,-1,-0.022613751062640075,1,1,-0.09593577233944539,-0.0732213423121908,0.07727096136910072,1,0.003642500542863747,0.010461125913720282,2.630492337872825e-4,1,0.9320046821945478,0.9557262632904153,1,1,0.9943640963131386,0.9624200353162973,-0.8634747228115005,-0.018588175815498542,0.9757338830651971,1,-1
1939-11-06,-0.030769006962613754,0.05308237577265429,0.9812556129228946,0.9759578994898366,1,-0.036984768629256703,1,-0.014993035996841653,0.9472347871777741,0.00905306336166567,0.07483632014925601,0.874255190591165,0.9234015208883155,-0.8516290345139259,1,-0.9872098240303682,0.8678698322974762,0.9959558556031055,1,-0.04646242538283696,0.007255846762504237,0.011412156668831552,1,1,1,0.04644238081341456,-1,0.10336666511460801,0.0010101813824560102,-0.007073884568447153
1939-11-07,-0.9461177497851556,-0.8877114988143412,-0.0028490987735865225,-0.012160737857781267,1,0.9362693111622281,0.04849595572955001,-0.9757787342159866,1,-0.9201829303036646,1,1,-0.015856210182265795,0.14650916725178398,0.07411818508247725,-0.023504508148188274,-0.12110767407274647,1,0.08525578417950241,-0.9751687605000147,-0.8982363536463335,-0.978961913466729,0.04814187853081997,0.018174500456169973,0.04262714365931697,-0.9091657527822911,-0.08546449116323518,1,-0.9482395230680661,0.9462777905940291
1939-11-08,0.04877867296311289,0.09819890784202057,0.9862229143314125,0.9679389084146219,0.032272698651203746,1,0.9883594084776991,-1,1,0.027563372761284288,0.05038381160130556,1,-0.9781705536375436,-0.8293863781759402,-0.9023475084054632,-1,0.8413482645427149,0.10169279792844665,1,-1,-1,-1,-0.8490493741470446,-0.9646859261119766,-0.9310134330028809,-1,0.8784850819955741,0.0106538657023173,-1,-0.036888954339275304
1939-11-09,0.9813067404171345,1,1,1,1,0.02258186355018177,0.01564739301268514,-0.05218718304126546,0.05555046471652181,-0.9525871353882607,1,0.034031554692747656,-0.0027227524638940848,-1,0.08532555915729623,-0.05584758486762775,-0.13418955699066426,-0.7930816980154053,0.0759027642773199,-1,-1,-0.0016466340169257743,-1,-1,0.06624776226649687,-1,1,-0.9648356930343798,-0.007425783701132893,0.949749883329142
1939-11-30,0.05713610570072314,0.019926680896725002,1,0.027015022026112057,1,-0.9535586096147317,0.9700470399263869,0.9390677124526664,0.9965500434741321,0.03497573411742627,0.02656513324636056,-0.9454206915192295,0.9193758847622956,-1,1,0.853404231288831,-1,-1,-0.8598918453410435,-0.005021801992159958,-0.005553781667816726,0.9885897672917342,-1,-1,-0.8760155693072182,-1,1,-1,-0.9427323465789217,-0.020759046319728136
1939-12-02,1,1,0.03499965857407905,-0.9633768059769668,1,0.04522705536587224,1,-0.03887201547764341,0.05410572951510284,0.9459520755649117,-0.9321230930628531,-1,-0.06789440614220343,-1,1,-0.12493600486299783,-1,-0.005885973594507488,-1,-0.9940866405320963,-0.9561652113931638,0.026742761647008173,-1,-0.013323799484198595,0.11043806834561576,-0.0562438160869565,0.03781530528389765,-1,-0.030895727204211076,-0.9791700816901854
1939-12-04,0.03171258282058387,1,-0.9179945345848777,-0.0291889602846791,1,-0.9109924689554849,0.0075081403049540585,0.9514272064892741,1,-0.05146512877625331,-1,-0.032545546086961585,0.8860132310571297,-0.0554197475417868,0.0618203728278216,-1,-0.0014071696950187507,-0.9929523709825049,-1,-0.02592798960964615,-1,0.9876971727327155,-0.044254973159618904,-0.998672726590817,1,-0.9811458948291626,-0.8922080033186726,-0.0010046858488756971,0.9411641563253031,-1
1939-12-05,1,1,-1,-1,0.02707636426520521,-1,-0.9438076043177474,0.0229920537357996,0.057799921461982096,0.9086379726075197,-0.010278096400925252,-0.9896322005194055,1,0.9170023046298146,-0.934083551083242,-0.12047284532731783,0.9390065018646221,-0.021590004822832354,-1,-0.9749883530222868,-1,1,0.9545380665927224,-1,1,-1,-1,-0.9546888375481404,1,-0.02086501024211629
1940-01-01,0.005207590764185754,1,-0.1424417466636433,-0.08949748722926976,1,-0.05211517056289683,-0.004866738926165626,1,1,1,-1,-1,1,1,-1,-1,-0.049183257093154964,-0.9580098685745309,-0.012890412085965308,-1,-0.032736562572798555,1,-0.022877450396002974,-0.06375924404460587,1,-0.028758071624395143,-1,0.007892290497101495,0.06500298770707336,-1
1940-03-02,0.9519061895450243,0.023290917281244994,0.8500091575355211,-1,1,0.9474466236459821,0.9486274019495384,1,1,0.02305678656837329,-1,-1,1,1,-1,-1,-1,-0.14554910183506053,-0.9704466860841975,-0.050747300103695436,0.8343318586357634,0.02397348243243047,0.9614261624311975,-0.9808758147221042,0.033559867788163555,-1,-0.004965681013194723,0.9499604733394073,1,-1
1940-03-03,1,0.9757999017740008,1,-1,0.08771816639845742,-0.016063074078195294,-0.0070202227212499135,0.04955679150962866,1,0.9669135479451418,-0.0073157562477708105,-0.031190611411751723,1,0.05389584042764173,-0.036959441972611806,-1,-0.004630949913907223,0.8086586676849956,0.0019247808414880607,0.947079230326057,-0.14636800974671815,-0.9174505852413143,1,-1,0.93044380033499,-1,-0.9944741549206009,0.07026147666583904,0.09018258856784,-1
1940-03-05,1,0.05847773711096971,0.05690275144473789,-1,1,-0.9708622410369506,-0.9628055351108578,-0.8834422935501586,0.0021458039109090166,1,0.9029066866947196,0.9635881124113812,0.014319784780743361,-0.8551574435020686,0.8765666677367094,-0.07085810868791143,-0.9683679194303558,-0.1605792378706682,0.9961219204046085,-0.04436939747515811,-1,-0.012731102399872518,1,-1,1,-1,-1,1,-0.8385734791267443,-0.008540838091691927
1940-03-19,0.11455608364862668,1,0.9664265150894886,-0.049171831169241065,1,-1,-1,0.08473095108262785,0.9706063430184692,0.038911016890322725,-0.09429264415599603,1,-0.9603111211688252,-1,1,-1,-1,0.8039264144411012,1,0.9188465728308228,-0.05759998251757048,0.9790081622590353,1,-0.052629127389459573,1,-1,-1,0.02943764197317955,0.13604757684513902,-0.969570908771122
1940-03-27,-0.8532327907821327,3.7051693928247253e-4,1,0.9171524820775553,1,-0.031989231457221545,-0.0481757249109348,1,1,-0.9600796834833919,0.8948111712753941,0.008039530345932078,-0.01920211995529386,-1,1,-1,-1,-0.16528354588057503,0.028754687348443442,0.017185988773661842,0.908165761797078,1,1,-0.9713901576591815,0.07497259856996707,-0.051403143774211624,-1,1,1,0.025390911907788527
1940-04-10,0.09172104128587899,-0.9083861702086502,1,-0.05598848942306167,1,0.8709706996602017,-0.9638541327411305,0.013785303157385909,0.08140087993157641,0.026074972822480946,0.0037182865162274092,0.97848355925029,0.9322383108517135,-1,0.022049438707578806,-0.019305569886766683,-0.022985997314840745,0.7764748331348797,0.9567192539571541,0.989342099218913,-0.06717654089175007,1,0.06539182227131413,0.0243892579112589,-0.8999700959791322,0.886021084739924,-0.01041808257443233,0.06423906692837666,0.009143291252525554,-0.9684238371226859
1940-04-11,1,-1,0.0340979443160937,-1,1,-0.03946436090493799,-1,-0.8987663642050824,1,-0.9441613032500057,-0.891758511941224,1,1,-0.03626196302306173,1,-1,0.9717485583686221,-0.19580631284104644,0.0361312240408429,0.06780713096460478,-1,0.09718098518619978,1,0.9580807888964702,-1,1,0.962971585132873,-0.9116475393502603,0.95982324581817,-1
1940-04-14,0.060290928248906805,-1,1,-1,0.02828791130653463,-1,-1,0.06328278703543588,1,0.03736771809608397,0.07350439165994216,0.026015934927263062,1,0.8752208612679452,1,-0.05274709833295532,-0.014144354250007929,-1,0.9490112200433667,1,-0.036780021416092934,-0.8288449243510464,0.05845311933292774,1,-1,1,-0.02768854008172872,-1,0.09516509989418298,-0.02600727721399476
1940-04-21,0.9825825704267463,-0.037593908038476176,1,-0.017222591714972535,-0.884047143589747,-1,-0.016264684070881774,-0.8827180307555785,1,-0.9024143143163197,-0.8964558744957749,1,1,1,1,0.9447188417701503,-0.9870252521971118,-1,1,0.05816007809626578,0.9182749064173893,0.07639620278074777,-0.9371201509237149,0.0034026630845636063,-1,1,0.9324489224373682,-1,1,-0.9890324240666006
1940-05-24,1,-0.9976777152757873,1,-0.9977476243870854,-1,-0.031787116169948115,0.9746896840678521,-1,0.039270718955228046,-1,-1,0.02171172301509161,0.031036640996950804,0.02685025272231112,1,-0.010153301707097384,-0.09960380918006884,-0.002501160742655495,1,-0.8693779869669115,-0.028196055565481326,1,-0.014384009768542927,0.9564698409019053,-1,1,1,-1,0.11637060661765586,-1
1940-05-31,0.09006486870034947,-1,0.00831931566692412,-1,-1,-1,0.00826645156431094,-0.03293901660301024,0.9770557149373292,-1,-1,1,0.9931372696063626,0.9904280204974979,0.006428906859781369,-1,0.8672509301478182,-1,0.03294164951875056,-1,0.8962748464516039,0.09180459184868184,-0.9775668036870465,0.06222124917037786,-1,1,0.08785722578448685,-1,-0.8501417799596731,-0.031865173495662646
1940-06-16,1,-0.06357439895714057,-0.9889295605725777,-0.028055684288003202,-0.02253322387185186,-1,-0.9817355752908483,-1,0.07702047814486301,-1,-1,0.0014117764379868447,1,0.015635940054502417,0.9344090579781423,-0.03365839362454359,-0.09181584279197563,-0.12023282910962674,1,-1,-0.05815335311718872,1,0.016774529145630823,-0.8842793251493117,-0.06814470276988704,0.07701485157201482,1,-0.028358041493324992,-1,-1
1940-08-15,0.02277748054727491,0.9353676156300996,-1,-0.9632603751548892,0.9151066769668494,-1,-1,-0.0839741688965725,-0.8979037441399216,-0.044799665102018826,-0.015857461441273313,-0.9776743560632309,0.01639148425625092,0.9421464754483954,-0.045218645268394586,-1,-1,0.7927320830099334,1,-0.0045631195718891515,-1,0.03542795370066065,0.9727807746918306,-1,-0.9720097433841055,0.984634410933802,1,-0.9544593150491426,-1,-0.0446352864861721
1940-08-22,0.9699808249611367,1,-1,-1,-0.03303218551397458,-0.017840220489473202,-0.043974558651168505,-1,-1,-1,0.9411635255415879,-1,-0.9609360175069682,-0.022917444421040378,-1,-1,-0.03806062786174513,1,0.008744062034277467,-0.9807357719505744,-0.010356042019987965,0.9850141969979661,1,-0.024239046199038716,-1,1,0.025763330579308463,-1,-0.009143242509968452,-1
1941-03-12,1,0.04641675675780166,-1,-1,-0.9385314275134546,0.9790945890556426,0.9374512625203781,-0.029647945600163372,-0.08944082130936348,-0.053732196930486587,1,-0.02513749739518034,-0.04025991062135359,0.8605779818678743,-0.033935539768011,-1,-1,0.04207034512209862,-0.9482404006150367,-1,0.9842476519684396,0.010959698420386799,0.008528128179832617,-0.9847153441223218,-0.024279429466294022,0.03275442226992342,-0.883939164295557,-1,-0.9619204981842486,-1
1941-03-20,0.08841784024339217,1,-0.01602831947083938,-0.08414216408608544,-1,-0.01793307943119582,-0.060687244082609504,-1,0.8475693752850427,-1,1,-1,-0.9792337661680617,1,-0.9820276846285672,-0.06156174449099128,-0.013497385345450641,1,0.031878258530594006,-0.004745913775880961,-0.012338853831360908,1,0.9639900638767407,-1,-0.9030255957841332,-0.9553971379068986,0.1139187924872389,-0.05600687980413699,0.007313709319185291,-0.02775172545617155
1941-05-10,1,1,-0.9468358626857284,0.9084404851299122,-0.003046236999538099,0.9574500285999644,-1,-1,1,-0.03188049950308147,0.001016531402746712,-1,-0.028571869455025323,0.03905858853518496,8.225651229043507e-4,-1,-0.9684469263386022,1,-0.8966860369843036,-0.9455427307346799,-0.9658542092807576,1,1,-1,0.09657210340089795,-1,-0.8558260867782681,0.9256492427677788,-0.9921460380088973,0.8736494198791618
1941-05-25,0.013760842544886742,0.09348639679332349,-1,1,0.9277895107825692,-0.02802101552743308,-1,-1,0.0013137361599298014,0.9286812281873713,-0.9495837769628382,-0.01025309773307681,0.8962947190320883,-0.9230973578036318,0.9707875224480877,-0.05945836794467074,-1,0.021561295298526684,-1,-1,-1,1,1,-1,-0.8453273231117425,-0.07946252265760234,-1,1,-1,1
1941-05-29,0.9777128488404692,-0.8634663528797744,-0.02886357908699355,0.02846065426561084,-0.013841945662773303,-0.9001718896692845,-1,-0.052920660674123265,-0.9773608163964292,-0.042704548595626446,-1,0.9239503248370733,1,-1,1,-1,-1,-0.9560607566824452,-0.05946643749643443,-0.05174262484509928,-1,0.024527076048050378,1,-1,0.133653053339564,-1,-1,1,-0.05988963372700262,0.050051723909999235
1941-06-01,1,0.07630330645770944,0.9392149835306269,1,-0.963047994267875,-1,-1,0.876577997714186,-1,-1,-0.001573261672176196,-0.07400157535236662,1,-1,0.009037401847135862,-0.02151579319098551,-0.03704284162241478,0.014089995751735085,-0.9920820906797908,-0.945769366141244,-0.005838677467477349,1,0.022090195825346104,-1,-0.8235719061828578,-0.02773614129005164,-1,1,0.9123433156625322,-0.9443719903526892
1941-06-02,1,-0.9192394661981813,1,1,-1,-1,-0.06277102333417017,-0.09969089532778674,-1,-0.004336487349497542,0.9848953401584474,0.871678745453184,1,-0.049809215265670725,0.965432955778351,0.8558035863113547,0.9294032385852908,0.9000913540168294,-0.00622925641008365,0.0505322709630891,-0.9659993978527976,1,-0.9727960661214686,-1,0.13155153306481693,-0.97078013736292,-0.05205391409083704,0.0061471309385620065,1,0.008892874908132065
1941-06-05,1,-5.934225155621586e-4,1,0.005394816563758065,-1,-0.02573139281171266,-1,-1,-0.036042580025129056,-0.9421133447825513,1,1,1,0.9046656897021004,-0.00789375346632526,-0.11464279329992189,1,-0.009276883250875279,-0.9842693075904928,1,-1,1,-0.0036599760754025823,-1,1,-1,-0.9886627889790913,-0.9364451384437699,0.04083496371747297,-0.9745479792374241
1941-06-08,0.05282502700343217,-0.9694549235222434,1,-0.9876026697125091,-1,-1,-0.039381838324167195,-0.02338991414528102,0.9142452659643416,-1,0.05631801016009008,1,1,1,0.950495963459846,0.782392971227982,1,-0.9891353831513436,-1,1,-1,0.01712401278577247,-0.9177245766351556,-0.015007052878175053,0.028439884142788974,-1,-1,0.04941084167591325,-0.9400171804792848,0.01479932051297328
1941-06-09,1,0.0129863541493761,1,-0.06621115836006763,-1,-1,-0.9522394916698006,-1,1,-0.007665103268802209,1,1,0.008875138976987551,1,1,-0.15810813765500709,1,-1,-0.019423372179490084,0.043888997377397154,-1,0.9958272125655546,0.04662716763633701,0.9384474236723146,0.9950347469899455,-0.0073614803561193876,-0.055309496929628055,1,-1,0.9252197630417593
1941-06-10,0.02597640536264678,-0.9489948307366642,1,-1,-1,-0.05723671918582518,-1,-1,0.008920503985876405,-0.9631695631748993,0.0019587975066810426,0.0014894127071393148,0.985030715744805,1,0.017574551745514144,-1,1,-0.020104377854988753,-0.9507818104659161,0.9958659486279441,-1,0.07831697806567206,-0.8418439452724916,0.00807467134225237,1,-0.9656500617137107,-0.9613235944207658,1,-5.63730114581773e-4,1
1941-06-13,-0.9603128747485731,-1,1,-0.04929094217686025,-1,0.8784787214537881,-0.03927449153897544,-1,1,-0.020784198893954553,0.9769474546593072,-0.9768958693589717,-0.010254951525637712,0.044305594108783874,-0.9332493837405774,-1,0.049710916181327724,0.8552603349170017,-1,0.08467837243059884,-1,-0.8594651707133566,-1,0.9797527603690674,0.017344483804455413,-0.014916643174026856,-0.025529423951883734,1,-0.9563293114623098,0.03779523438133903
1941-06-18,-1,-0.051170755128489565,1,0.8435474923615269,-0.011613585054142894,1,-0.9494264328941838,-0.008089360847208349,0.06402113337484316,-1,1,-0.012989267977738805,0.8259001448436867,1,-1,-0.018225928716446682,-0.917065582328273,-0.1192067656693635,-0.027146985020152115,1,-1,-1,-0.02654873862170215,1,-0.950893623835112,-0.9572753956471725,0.8811341295580355,0.06402359516017775,0.01799536012091052,0.9950090773320361
1941-06-19,-1,0.8893131046261661,1,1,-0.9814993408888508,1,0.013334076509183945,0.9231735813671569,-0.9350060486617165,-0.08697464864292859,1,0.9167098445160698,1,0.08013781252729268,-0.0060187224318623,0.8646004840727343,-1,-1,-1,1,-0.0949664924406386,-1,-0.9321527794922699,0.029940854121004667,0.0072784336689395435,0.02261341218141255,0.004754501073730211,1,-0.9347159364352,1
1941-06-21,-1,1,0.04286045589451726,0.04929213321711545,-1,0.009313896562409107,0.9943811496274645,0.03044882029930429,0.0507219328140206,-1,0.0522964761605037,-0.037526415174576,0.01714159841659668,1,0.9258622814550281,-0.09053962223246492,-1,-0.1367350165709429,-0.03890768379864218,1,0.8091008159500435,-0.0037826223963869365,-0.06187410375071023,0.988208304286855,0.9763847747929627,1,0.9393115750067795,0.008985709781187623,0.04175247691695705,1
1941-06-26,-1,0.005263071527702778,-0.9372063343636664,-0.9202108003402133,-1,-0.9360692648042379,0.02538531325669624,-0.9265404039193019,-0.944365323468635,-1,1,-0.9768837104332838,-0.9594768828582221,1,-0.05950478811765225,0.8506983683398456,-0.09011506720871998,0.8424807606033472,0.9547825178561747,0.04720954894843232,-0.1078945710288366,-0.9906280511047137,-1,1,-0.017915479571273263,1,1,1,1,1
1941-06-27,-1,0.9822766958281768,-1,0.02136804529558567,-1,-1,-0.949542687229185,0.04168269021588589,-1,-1,0.07366767959783427,-1,-1,0.05212281693663068,-1,1,0.8976427199161631,1,-0.0396728895775057,-0.882765816528889,-1,-0.059397644210515854,-1,1,0.9563996984793245,1,1,0.06540537176947903,0.012585559992004614,0.0695369325877957
1941-07-08,-1,0.017717907546575096,-1,-0.9295751277242676,-0.051660785631794104,-1,0.01636653895632012,1,-0.03233471028884838,-0.052558287745265164,-0.9012788333558558,-0.10124094046991339,-1,-0.8662391553331455,-0.02688420816056991,1,1,1,0.8993778386543135,-1,-1,-1,-0.054567310421504533,0.014669450699723141,1,0.04008097168307334,1,0.9764739362959556,0.9218360214936228,-0.9112712982887884
1941-07-25,-0.004501366194927581,1,-0.11271754605568562,0.008858551574454032,0.9056251626962311,-8.162384961486469e-4,1,1,-0.9526753081852486,0.9236171874155883,0.08743014716966924,-1,-1,-1,-1,1,0.03530826621427652,1,-0.0778341430391194,-0.08526703150818893,-1,-0.06886832198147863,0.9050478862501836,-0.9848989444056545,1,1,0.12160412518958397,0.03187565495196043,-0.061880261962680705,-1
1941-07-26,0.9549672774277969,1,0.8748943167510886,-0.963002898382621,1,0.9449448638412405,0.04672599970866487,0.044947354917283744,0.007282807029466709,1,-0.839165954190913,-0.057102019897204204,-1,-0.037800439622970416,-1,0.05466028295532632,-0.8711053118008458,1,0.9035612031002174,-1,-1,-1,-0.08273739725693185,-0.08165553072758691,1,1,1,0.9722139260518777,-1,-0.036928907872330274
1941-07-27,0.008028347792734536,1,-0.08675271166908449,-1,0.013820579626517282,-0.04349623690093851,1,1,0.9728031967108137,1,0.11810184886096697,-1,-0.03195827587842348,-1,-1,-0.9154874713331274,0.07416592169869662,0.011211953525624985,1,-0.026605030117130113,-0.02988732913484704,-1,-1,-1,0.08153849796775448,1,1,0.03847399639381943,-1,0.9427838558497459
1941-07-31,-0.9840718074545296,0.05547883509834162,-1,-0.03609568926201523,0.9075062521609294,0.9125014722916915,1,0.015676893636621836,0.014918037207647616,0.010038157505927736,-0.7904094217369335,-1,0.9134147822661015,-0.01186234089474092,-1,0.03927644806712083,-0.8862131933211694,-0.9551182908428892,1,-1,0.9356203130393518,-1,-1,-0.03817582041698864,-0.9108548468716193,1,0.0010428122307430954,0.9838084165469637,-1,-0.053111478591092665
1941-08-01,-1,-0.9330062578851035,-0.025015769363020968,-1,1,1,0.027962932855495337,-0.9648241054579297,0.9351534159507588,0.924903903050643,0.14492353905778133,-1,1,0.9727331618764611,-1,1,0.09405761762108322,0.04085320619790933,0.13620103626951785,-0.06267411826567038,1,-1,-0.1567958216599723,0.906035874456761,0.054984809902888565,0.020515211598644,0.9277051465809204,0.014928555316579994,-1,-1
1941-08-19,-0.05005949700103285,0.008553677738128207,0.9057042468589621,-1,1,0.023378718824580536,-0.9110037379985503,-1,1,-0.04953962195280881,1,-0.031011540452524633,1,0.03944760667735747,-1,1,0.9862079455923638,-0.9582858736590628,-0.8082652303253178,-0.9934419962548143,1,-1,-1,1,1,-0.8632576726831087,-0.030539328527872445,0.9967526399596155,-1,-1
1941-08-20,0.9451523041149708,-0.9552170978626144,-0.055771526364142066,-1,0.043856707544182694,-0.9410383716747718,0.0655220603308112,-1,0.13089109776700514,0.8254708040171967,1,-0.9954114778592532,1,-0.9430882543645537,-1,1,1,-1,-1,-1,0.0136410663190758,-0.06895435998179855,-1,1,0.07345332097301427,0.0623181507770062,-0.971686439450757,1,-1,-1
1941-08-21,-0.0528151317435579,-1,-0.9937487993567344,-1,0.981009030762217,0.022047570111082715,-0.9279879355278049,-0.01867636484647406,-0.8596047047561863,1,1,-0.02648434295815305,1,-1,-1,1,0.039166018040216466,-0.042996294517853695,-1,-1,0.9793703611040665,-0.9944722153205902,-1,0.08118453942889103,-0.9065671959570735,-0.9205393033650736,-1,0.07850573436309016,-1,-1
1941-09-01,-1,-0.07245019006541942,-1,-0.0397073408345735,0.005583618043088934,1,-1,-0.9397442657745506,0.10784331376034595,1,1,-0.9645583943479359,1,-1,-1,0.11310880817708036,1,-1,-0.0013254016772882293,-1,1,-0.028446616832101923,-1,-0.8723216428931192,-1,-1,-1,-0.9195237151375595,-1,-1
1941-10-04,-0.0011523807065794145,0.9007774770505758,-1,-1,-0.87944004295134,0.03511295651120927,-0.06234547714809635,-1,-0.8554137615960623,0.014367263701461463,1,-1,0.06758636007521113,-1,-0.04831313380937041,-0.8831529869540519,0.07679189645849438,-0.09151753352765346,0.9867722856123007,-1,1,0.953739071930247,-0.05595220170225135,0.039950681928769494,-1,-0.0020677996872930926,-0.036978693485584246,-1,-0.006817977176096557,-1
1941-10-05,0.9524376949015921,1,-1,-1,0.09959793699370167,-0.9370902498942071,0.895735665691696,-1,-1,-0.9581924231891795,0.02432240912019301,-0.0069679814074465884,0.9501849760003769,-1,-1,-1,1,0.890572178875423,-0.008419465862112951,-1,1,-0.022373848427799437,0.8598388336543686,0.9735429093302606,-1,0.9766322983437576,-0.9554526783901813,-1,0.9763449611179453,-1
1941-10-08,0.009192343351339671,1,-0.005072777537619588,-0.024265947725838233,1,0.00745423015891411,1,-0.0729362599005502,-0.10380210478646479,0.016295171082860938,1,-0.9430635654198147,-0.04747639693419736,-0.012867491944117515,-0.008332208604629132,-0.02544630523652669,1,1,-1,-0.04439265441770057,1,0.8772807534094634,1,1,-0.042773333486577636,1,0.002600393539627044,-1,1,-0.028469619732135354
1941-10-09,-0.9545075093094425,0.0011430573161914648,0.9830391153068821,0.9162276292392992,1,-0.9479850155230013,0.018689943754910843,-1,0.8060717968568532,0.9571921638095491,0.010168167320836141,-1,0.9209739838837667,0.9220953739385256,0.9101502074949555,0.9352238156375401,1,0.031764614897866306,-0.012922242347550683,-1,1,-0.06656048806451442,1,0.009879774444989331,0.8990157836490641,0.002564710235717804,-0.9825558646640573,-0.0077098316295670655,1,0.9628135157088514
1941-10-12,-1,-0.9925812751672021,1,-0.041930531531806925,0.03096681053099315,0.016522088102794097,-0.9170709977787923,-1,1,1,-0.9753427772199342,-1,1,1,-0.04700755372685583,-0.005148630314653846,0.01266435964787016,-0.9352589299020411,0.9219871575394547,-0.024043823056573488,1,-1,0.05457399244265382,1,-0.018412388830687187,0.9968669024540355,-0.11654504702162172,0.9037134989366289,0.0038060858989371615,0.007178798005484932
1941-10-15,-0.061511648063918734,-0.024390365072867737,0.008433421459808188,0.9068272213298866,-0.9403542419322468,1,-1,-1,0.0436254026378351,1,-1,-1,1,1,-0.995944906998146,-0.9821003550422157,-0.9532212466900395,-1,1,0.9231236464250268,0.03525091584997375,-0.04405431267068238,-0.9160362204722841,1,0.9774489275168043,1,0.83305573117915,-0.035069340871071386,-0.9793489919953215,-0.9498338573556927
1941-10-16,-1,-1,0.9739604642625509,1,0.044444303094372084,1,-1,-0.0221169306550133,-0.9018323037038667,0.018089606534761438,-1,-1,1,0.10698818091258888,-1,-1,-1,-1,1,1,0.9991366560817097,0.9338650110351813,0.04272010638275603,1,1,0.03281515821105818,-0.14651999989501518,0.8854887527561326,-1,-1
1941-10-18,-0.09708427003003606,-0.024812783646013026,0.018256570732351207,1,0.997419250592702,0.006423392376973536,-1,0.963139551468557,-1,0.9675793185369147,-0.011605669774456429,-1,0.007240046737623906,-0.8496630461141506,-1,-1,-1,-0.05261833885963063,0.0044154759247085895,1,1,-0.0235977025861952,-0.9452774293081199,0.014710272737963215,0.020856836597850315,-0.9048786739075042,0.7925094408020625,-0.048633435797191815,-1,-1
1941-10-19,0.878448741441133,-0.9816087429748312,0.9959958829693031,0.09468612560205392,0.11776604006274238,-0.9491151443078674,-0.04425614668150546,0.015575117997214671,-1,0.013014409052552467,0.9408599652823364,-1,-0.9649568358875279,0.12626857953804604,-0.05134953686466803,-1,-0.06519908376944827,-0.9522577159823111,0.9705224590558014,1,0.04198147776627603,-0.9427169430375664,-1,0.9566365227257099,0.9717082003402303,0.03949512246143039,1,0.9008370833187562,-1,-0.002894337176406192
1941-10-23,1,-1,1,1,1,-1,0.9239183666289702,0.9923155188196715,-0.04568123820038272,-0.9042916940328461,0.05949014722439283,-1,0.024840767422530496,1,0.8278090789479617,-0.02601430210067146,-1,0.013987973987878544,0.023768116283625074,1,-0.943681583115697,-0.08153335941706685,-0.011120382023399933,0.008674646379948747,1,-0.9037880688990776,0.019534777016976368,-0.0441026120509147,-1,0.8754334539416658
1941-10-24,1,-1,0.07520778211334012,0.043481980906975304,0.002955299695847291,-0.004034886020598649,0.016557573543113824,0.039523809272031474,-1,-1,-0.9267498605269298,-1,-0.9750750817536918,1,-0.16249132149207002,-1,-1,-0.9628169686791352,1,0.027547600118568605,-1,-1,0.8493596632565984,-0.9066309656124092,0.04184283576934489,-1,1,0.9467010498236287,-0.12202565952605648,1
1941-10-25,1,-1,-0.8956347195493156,1,0.9860364489807597,0.9928071340804491,-0.9417192422254691,0.95077694035682,-1,-1,0.014713229890704227,-0.01787423432007973,-1,0.05569310789641091,-1,-1,-1,-0.0250280371323367,1,0.9712045662125788,-1,-0.028653945241625345,-0.11648954775247666,0.054140728813665606,-0.9504081918361154,-1,0.08007006396280603,-0.017459415598164774,0.8301331640833225,1
1941-10-31,1,-0.02234950521961543,0.08447850594296247,0.04760830451256892,0.024151895381546495,0.013888640090608417,0.05803959448568752,-0.0302259574087006,-1,-1,-0.9741919153279199,0.9623437672530513,-1,-0.9419131636680415,-1,-1,-0.026442755871708634,0.9482636587985552,0.011468320823231126,-0.02238557979803668,-1,-0.9590567645387936,-1,0.97881615546665,-1,-1,1,0.9593674576470901,-0.12998268133910518,1
1941-11-03,0.06349192032340312,-0.9479580123403137,-0.8605971634177113,1,0.9368298514197473,1,-0.8949291073205187,-1,-0.047237815233122205,-1,0.020233843600002244,1,-1,-1,-0.010103083083708775,-0.02284258140786022,-1,-0.009295289205838109,-0.9313185422175866,0.9532938040960448,-1,-1,-1,-0.007990712940251776,-1,-0.04125331829625023,1,-0.024194260808681922,-0.9918676254970855,1
1941-11-04,1,-0.03743261689676913,0.12508020660986374,1,-0.04656734955243225,0.04129835246514357,-1,-1,-1,-0.04396566969897153,1,1,-0.042895630989462696,-1,-0.9910164723461184,-1,-0.030976654220742805,0.9424809783313179,0.05486654271795388,1,-1,-0.03187275524362443,-0.02422611643851702,0.9742279716829897,-0.0930683123211905,0.9180709177409452,0.06798133208104451,0.907576314678802,-1,1
1941-11-13,1,0.9235895066960957,1,0.015858502272316777,0.9052206012463707,1,-1,-1,-1,-1,0.04840702216947734,1,0.9498316226283371,-1,-1,-0.025080043909267546,0.8913686274768677,1,-0.9013334743584275,0.006592518002118575,-0.018659106820489768,-1,-0.9995160015072923,1,0.9042438933894127,1,-0.912310557236954,-0.07367114930299912,-1,0.019791351657266087
1941-11-14,0.06517612437231868,-0.03287112916083068,3.0744112182701233e-4,-0.9417435312649312,1,1,-1,-0.010812706258763738,-0.011129964551006122,-1,1,0.01777086829311314,-0.03160322630237211,-1,-0.058615255356357254,-0.9863896900416667,1,0.004273431928378368,0.0706961417030666,-0.947182216558082,0.8634092848040562,-1,-0.0597177690867684,0.02481057029044864,1,1,0.020989225703550995,0.8392391236092362,-1,0.9431469702060664
1941-11-17,1,0.927085851002386,-0.9394354933720802,0.022347674844358623,0.056690416113418296,1,-0.04114547113262845,-1,0.95146120183422,-0.017505639229393077,1,0.9990456623166335,0.9514703384589048,-0.01505937952526315,-1,-1,1,-0.9282890194054083,-0.836835839601734,-1,-0.11371328805801517,-1,0.9052834838412295,0.9863561304501925,1,1,1,-0.03879016484172049,-1,1
1941-12-21,0.05819984106497733,1,-1,-0.9239465175870374,-0.923941531400773,0.09446578465948186,0.8900935591389387,-1,-0.023243131492328817,-0.9784632141827795,0.03476191691966757,1,-0.012507456959277907,-1,-0.02649621434311733,-0.023167987681180113,0.06895096341472029,-0.027779616842863675,-1,-0.053970845514710986,0.8747605698241712,-1,1,-0.013210076731746234,0.029667753491880222,1,1,0.9201565750775714,-1,1
1942-02-25,-0.8826005692773573,1,-0.0611832585453953,0.06495135992379686,-1,-0.8382334160941209,-0.09851850864707101,-1,0.9272953675283229,-1,1,0.07425876516079177,-0.9515914203621573,-1,-0.9679158438291898,0.9322805078591668,1,0.9562897823256744,-1,-0.9646073535024599,-0.08028546382357915,-0.04801211449722986,0.017371410993259673,0.976134491400109,0.9992043216570673,0.009876500224981877,0.024683340081645633,1,-0.022935377428106807,0.01726566021184117
1942-02-27,-1,1,-1,1,-1,-1,-1,-1,1,-1,0.014872029108051521,1,0.04466673614790462,-1,0.01582150402794469,1,1,1,-0.06173868402308125,0.02595768780936203,0.8841900514462613,0.9265958782586136,-0.9701771587075111,0.0030831110653732896,0.049496086742546574,1,0.9856198161893849,1,0.9696185675571461,-0.9136362801072536
1942-04-01,-0.06816335797369744,0.014885875553071193,-1,1,-0.05177829349840357,-0.06430632922108159,-1,-1,1,-1,-0.9686910846088496,0.040716756884118244,1,-1,0.9747631829075976,0.0723075799078371,1,1,0.9153944564753133,-0.9108723623146323,1,1,-1,0.9876118341240241,1,0.0012445005384065233,1,0.029125990468889307,1,-1
1942-04-04,-1,0.9111319304885142,-1,0.038523530263022354,0.9113611752540938,-1,-1,-1,1,-0.026523705445365975,-1,-0.8706849146015524,1,-1,0.010556425110377132,-0.9204320938373634,0.07117399635763932,0.06520070920449805,1,-0.02513250321865379,0.024843255966643274,0.06607755248980296,-0.05426514209993116,1,1,-0.9973770775133517,0.05618095457562722,-0.8872711716221297,0.030799485430535234,-1
1942-04-05,-0.02555217761482642,1,-1,1,1,-0.03201020392910059,-0.07974797633073805,-0.07801164122083137,1,-1,-1,-1,1,-0.015042316459928484,0.973270156535698,0.06280751824246922,1,1,0.036316795348623754,0.9699474310214911,1,1,-1,0.016903904923761925,1,-1,-0.8946357793571269,0.09079648085357472,-0.9492907432064993,-1
1942-04-06,-1,0.007996237275542883,-1,0.004225084459479667,1,-1,0.8278978970640353,0.8977458792907,0.05314341063752648,-1,-0.0243421359795728,-1,0.025974636164006415,0.937998519534449,-0.010271568123728092,1,0.004643106742685532,1,-0.9424210407710991,1,0.0032177750478943334,1,-0.07229160122037348,0.9805436745283023,1,-1,-1,-0.8889641763305066,-1,-1
1942-04-19,-0.008023327206268971,0.9933785229032275,-1,-0.9417685593748759,1,-1,-0.0986440564972364,0.013214213232840666,-0.9444352477271872,-0.13471811326040073,-1,-1,-0.9088956745351601,1,0.9419795300925523,0.0605841716110197,-0.9570479786917588,0.02165580684165125,-0.06372891955229931,1,0.9535401251638785,1,0.922486839698996,1,0.025635911989480342,-0.08733573739529454,-0.02657100320946959,-1,-1,-0.007794202020991903
1942-04-21,0.9180027331235642,1,-1,0.034475031781244336,1,-1,0.8998853989166987,-0.9783095389196693,-1,0.8214589339788073,-1,-0.021265431900238885,-1,1,-0.032603489783229356,-0.9354296076187891,0.04032505748387716,-0.9636547385551598,-1,1,-0.020445572946757085,0.02528888668209106,1,0.03505906617105958,0.9678716898983422,0.9007710329864784,0.9224275454300327,-1,-0.0020028273786925066,-0.9293688027250288
1942-04-23,1,1,-0.0436729471511802,-0.9192771974387449,1,-1,1,-1,-1,1,-1,-1,-0.00571733675577657,0.06260344833215603,0.9338733862877093,0.02258520724346713,1,-0.025564417270968254,-0.00641423622586923,0.10273393927588126,0.9662055680156746,0.9835977115618753,0.033048366805725315,-0.9348802495857909,1,-0.09451015248615835,-0.03393909225919345,-0.06839903859135144,0.9621889955269417,0.013369118384539358
1942-04-24,0.07352413363797472,0.0294285727380188,0.9466469434780745,0.08002724493737223,1,-0.0027097740129110592,0.037562974276673544,-1,-1,1,-1,-0.10850378560342011,-0.9180702515408461,1,-0.06463839821399775,1,1,0.9470809666425081,0.9841736784814336,0.9994429634734168,1,1,-0.8921914305001247,0.06465250785386989,0.06589280560437161,0.825428493100853,0.9586052448372085,0.9082820359795674,-0.03633489811790247,-0.9596240109258356
1942-04-27,1,0.9762502123128967,-0.04213202152280071,1,1,0.9802698623514825,-0.9561972235351998,-1,-0.030202957473752567,0.06554301423434106,-0.06442451736372912,-1,0.03938427504384168,1,-0.8759455899902451,0.013772279559235656,0.0022389465032478517,1,1,1,1,0.08597739965298135,-1,-0.9041363461547117,-0.9198326529174005,1,0.020956399041725082,-0.058763498679099246,0.9413452521442509,-0.0035595130813765863
1942-05-04,0.06565564856547013,0.021482731515435338,0.9396473970868037,1,1,1,-1,-0.022276774474132344,-0.9484044372180116,-0.92748096108527,-1,-1,-0.9218336312426386,1,-1,0.9550217169859972,-0.9103657980099583,1,0.05137096233524552,1,1,1,-1,0.09565965873236848,0.03661053150596183,0.05334328899360674,0.9738814561611716,0.8680767529161564,-0.015555073609753278,-0.9766085944533638
1942-05-09,-0.9225512713852351,0.9639295612781572,1,0.016970154527099823,0.015989140124828216,0.03150623166104427,-0.04094023806588376,-0.9783371426218597,-1,0.06397034808117252,-0.05256145830769621,-0.0389073954402106,-1,0.008672970340061537,-0.04655803760091992,1,0.07487819946571472,1,-0.9252495877503272,0.07350128959904845,1,0.03809997994217429,-1,-0.8289832295899169,-0.9203787243943963,1,1,1,-0.9385581941904608,-1
1942-06-01,-1,0.026964904713928872,0.0376649048466845,-0.952531750553219,0.977904354644936,1,-1,0.002971460821744043,-1,1,-1,0.8899807616180503,-1,0.9554923082817501,-1,0.040327089345395195,1,1,-0.08772446303369241,1,1,1,-0.01650178243342515,0.15337424615525974,-0.014045528200942292,0.008476508625288814,1,1,-0.03562076460195884,-0.10540768876646234
1942-08-01,-1,1,0.9759970006608863,-1,1,1,-0.026447199710971758,0.9456078502103723,-1,0.005978159539189676,-1,1,-1,1,-0.046243156852600165,1,1,1,0.874115450510097,0.0628037531550093,0.04503345310693141,0.01333689258255788,-0.959056272007938,-0.8400564410209602,-0.970906372500263,1,1,1,0.831926031893461,0.8632507978888451
1942-08-02,-0.04073057092143939,1,0.02157311189736999,-1,0.007246452489068189,1,-0.9449317620332643,0.013606644974587523,-0.06197120763467656,-0.9677770227663981,-1,1,-0.015792561429187835,0.008422837986365006,-1,0.0359398350405723,1,0.011834301914932843,1,0.9786964985992934,1,0.92863150623198365,-0.03557572659524266,-1,-1,1,1,0.04624468926233649,1,1
1942-08-03,0.8942905643611834,0.0805455335317985,-0.9305536095183324,-0.011573666843611274,0.9870673496601905,0.015150231735856279,0.015198660754741522,0.9983778422556789,-1,-1,-0.061522015779939654,0.005835199718422723,0.9350914655429122,-0.9639291710423561,-1,-0.9217401502576126,1,-0.8914681128486018,0.06280513534872623,0.007167561915782494,0.13769462305114866,1,0.953634696392316,-0.0010126104335260733,-1,1,1,0.944436265684916,0.05582432717604413,0.01610608567902172
1942-08-05,-0.08938137017798076,1,-1,-1,1,0.9041472033761699,-0.9056832764744962,0.0055998299628993164,-1,-1,0.9241257202762405,0.9354472024827478,0.05300710417555776,-1,-1,0.047265883406416465,0.028357331596379876,-1,-0.9027466227203843,0.9930739900602865,1,1,1,0.9566982664539567,-1,0.05931326044379681,0.01998717031722208,1,-0.9280039113365133,-0.9521155585780021
1942-08-06,0.909562679332185,0.06666218821356706,-0.0218096833251179,-1,1,1,-0.03654961547549984,-0.9719495323708073,-0.0734223339950223,-0.08409458979787376,1,1,-0.9230075972490963,-1,-0.029445613865890063,0.9886246726460444,-0.9617668461156584,-1,0.08967627852562621,0.044624908524599105,1,0.03549073395915536,0.04287096102706145,1,-1,-0.8675052799154498,1,1,-1,0.032258073701029844
1942-08-09,-0.03662387708325088,1,-0.9864933139357744,-1,0.0261282398454058,1,0.9370336210412016,-0.06296104734268981,-1,0.8505435504364112,0.007228154773796236,1,-1,-0.007715467293172851,-0.9869601543304588,1,-1,-1,-0.8416361939316713,-0.8270913891873329,0.01735525030526408,-0.9521681401435307,-0.9413828383581986,0.0026805457674879962,-0.02530257009377812,-1,1,0.018970258857627376,-0.02796597207217133,1
1942-08-10,0.9363118777411639,1,-0.001920277439623641,-1,1,1,1,0.8790891047259969,-1,-0.13967363270241007,-0.9237943898033986,1,-0.03473641777624836,0.9643056453008558,-1,1,-0.08187123010806241,-0.009061154196808863,-1,-1,0.9696204724477537,-1,-1,0.9627114531674841,-1,-1,0.06005173456458235,-0.9348456332308546,0.9588314376442302,1
1942-08-12,1,1,0.9595692788012793,-0.06294194547967347,1,1,1,1,-1,-1,-1,0.0032696745241841407,0.9498446300258693,1,-1,1,-1,0.9831513428790803,-0.028634015267683055,-1,-0.004329047191383384,-1,-0.04754331046537141,-0.021451404710001287,-0.04708808291503397,-0.005727315231682795,-0.9049386310175752,-1,1,1
1942-09-30,1,0.011310878934067237,0.021360748470557578,-1,0.03985715904204268,0.007991311748059782,0.09599857541720158,0.07398310299780875,-0.05036348751706654,-0.0694973358662675,-1,-0.8997285517256016,1,1,-1,1,-0.017546005563604306,0.03395616997186235,-0.9612363375865428,-0.05226224620851805,0.8704879953114142,-1,0.8982176724206379,-0.9961529195685368,-0.9655269760976384,0.9565097038557322,0.03596988878011409,-1,1,1
1942-10-09,0.04775979387240148,-0.9167406613529503,1,-0.05033818532308354,1,-0.9879830939589763,1,-0.8734358520099137,0.9174036059497632,-1,-1,0.07883003087981566,1,1,-0.005450037025123922,0.05014661216859306,0.9101229715699698,0.9883207519399541,-1,0.9328711471724906,1,-0.07028395720860048,-0.04463833254792571,-1,0.010641862366459254,-0.032685259298413705,-0.9488647985573847,-1,1,0.012381713210906531
1942-11-01,-0.86099898673699,0.07429239683437394,0.07140387245122781,0.9192613325242425,0.0719070718094732,-1,1,-1,-0.06573301828500466,-0.03423903795860572,-0.029782166288716327,-0.8558512047527159,0.008823634909222111,0.044515600745045125,-0.9568713526510354,0.9872391195875756,1,0.03715949008243902,-1,1,0.02724421131227428,0.881376805016057,0.9272758855250804,-1,-0.9327124137958289,0.9668704205126858,0.030204089890921826,-0.003153847560185108,1,0.9060886611989846
1942-12-21,-1,1,-0.9212888449557108,-0.03324319894661598,-0.9164610307976053,-1,0.11597806805133004,-1,-0.9741389575003633,-1,-0.9939062636108971,0.11906605635772227,-0.9315557926696161,1,0.01261213961033758,1,0.028522468803445444,0.9990105148503843,-1,1,1,1,1,-1,-1,1,0.992957839562649,-0.9439402542999302,1,1
1943-01-01,-0.028323779615637035,1,0.06397197797927678,-1,0.007736154033908149,-1,-0.8586015912842249,-1,-0.010936458990198794,-0.09986521140023075,-0.04032663126041858,-0.8231245784217756,0.023488300457951472,1,-0.9375374935770702,1,-0.9585220024477958,1,-1,0.030272277608036857,1,1,0.028008392880895627,-0.07964952214018806,-1,1,1,-1,0.040536543628346244,1
1943-05-12,-0.979209922134746,1,1,-0.05437279174149967,-0.9834422074859756,-0.08372538753838543,0.11774758905154026,-0.11528671017550851,0.9236904680178932,0.8785985333176626,0.9587496556240009,-1,-0.9519141128424661,0.06303318923326662,-0.05820157799049219,1,0.023143613811457686,0.023168796910271516,-1,-0.9589785286147244,0.0013017739150149588,1,-0.9059973821096453,0.9139201778801136,-0.021979067248563577,1,1,-0.05276179776559986,-0.909597446978289,1
1943-05-15,-1,0.012813355614257116,1,0.874142981789536,-1,-1,1,-1,1,1,1,-1,0.016374423844110808,-0.9314727396450181,-0.9825496295726298,1,1,-0.9684657591079461,-1,0.016552948075457263,0.880075769349113,0.039626972310210284,-1,-0.07064594260148982,0.9577199810925047,1,1,-0.9867242051711375,-1,0.07588201384308124
1943-05-16,-1,-0.9662794975342283,1,1,-0.05575191264579349,-0.04244008678957445,0.024129566212039988,-0.03365280649126057,1,1,0.020049376768485505,-0.06801996020821677,0.9619069911046123,-1,-0.0047041219077560426,1,0.042603064677944724,-0.05529570244848914,-1,-0.9463334423996327,-0.07513998427488744,1,-0.005754567297595048,0.8870474026869856,-0.0354005682681211,0.08953027016106574,0.041686958319938516,-0.015118137654106523,-0.05105267969616056,1
1943-05-17,-0.005461900615425619,0.015717853352952393,0.1357402863423729,1,0.9376925741899711,0.9526970926126188,0.9998595906583894,-0.9752273715776006,1,1,0.9791493338645413,-0.9979730394785481,1,-0.012108754479276729,-0.9727243294048827,0.026996569639879064,-0.8365962692021423,0.894762674095842,-1,0.029925125554944976,-1,1,-0.9576331951091418,-0.002785581595367681,0.9316417198679328,0.9600872612890732,-0.9175174492020415,-0.9494494775849296,0.9261889867791004,1
1943-05-27,0.9568793964313883,0.9704521409868277,-0.8546918557363822,0.019767992623631714,1,-0.02851757804983257,0.024763429755020105,0.012921852186252414,0.022133493958968575,1,1,-1,0.05176249962046542,0.9074857924002775,0.003141887601418869,-0.933358802332383,-1,1,-1,-0.9334375372495215,-0.0012228434938903465,1,-1,-0.9962978056078116,-0.055794004708633604,1,-1,-1,0.023894366210904017,1
1943-05-28,1,1,-1,0.9403277717715272,1,-1,0.9984881996154054,0.9263505418113906,-0.9223663668935362,0.12899099720681517,0.0842132462980425,-0.006119462609126214,0.9721820184201607,1,-0.9637876640760153,-1,-0.02478573045753618,1,-0.08193881163586114,-1,0.9486976951465588,0.008082933630895739,-1,-0.01810871694563554,-0.9632811184525155,1,-1,-1,0.9268005622557195,0.012218805870612748
1943-05-30,0.04450143776682314,1,-0.1045119651899663,0.003640299343315667,0.06603009204532995,-1,0.048519842495359344,-0.07308718873058562,-1,1,1,0.9906327844178482,1,1,-1,-1,-0.9459559444716804,0.08421345106761091,0.8701627987398057,-1,1,-0.9544312332297552,-0.012653706906066264,0.9302221546683815,-1,1,-0.05168120610613125,-1,-0.05223148760500029,0.995355488590403
1943-06-01,1,1,0.8800545668393596,-0.9706864352921694,-0.8793794754357014,-1,-0.8824781895722303,-1,-1,0.0275675995753345,1,1,0.022642268912206998,0.05402023647467313,-1,-1,0.0059611686564766675,-0.9094358095512274,1,-1,0.04296841763449166,0.014238888546066919,-0.960108884681048,-0.06807333127484316,-1,0.027064830595626366,-1,-1,-0.9484960715734041,-0.003879933172218686
1943-06-03,1,1,1,0.029218797683044473,0.11215846226204118,-1,0.08428769477364673,-0.004713967414652687,-1,-0.8902439274515838,0.0056398587056900595,0.010325653849414196,0.9887862096535759,-0.9279333154026509,-1,-1,-0.9880901733420144,-1,1,-0.041484944190906425,-0.9380745454617547,-0.9733477544638692,-1,-1,-0.03663827123249985,-0.924240198947723,-0.11790087171217767,-0.04420041455765944,0.03305507240804506,-0.9505530502124532
1943-06-05,0.006166814218982797,1,1,1,-0.870253952103821,-0.03305994536151369,-0.8737381347126719,0.9557799238018264,-0.023261931237380185,-1,-0.9913163990156768,-0.9675652155053415,0.006032929278435795,-0.019626253331534893,-0.011357314679284691,-1,-0.055480990936616514,-1,1,0.9489432798509446,-1,-0.012378095157469349,-1,-0.038556165047039515,-0.928462198673858,-1,-0.9297316830224154,-1,0.9666501643694677,0.029128493437173497
1943-06-09,-0.9586796697077519,0.02546789210793221,1,1,0.1074420546373106,0.9075785541471991,-1,0.023041966762792243,-1,-0.04150996346213509,-0.06692271773177905,0.0015480103244148724,-0.9924924408878179,-0.993574179859571,0.9880183273292509,-0.03400328692186527,0.9200322932066073,-1,0.03100521865647854,1,-1,0.9353220484699283,-0.0629559326218242,0.9300490550247085,-1,-0.09653980749506019,0.012732408609185009,-1,0.05371435359367105,-0.8955641028994807
1943-06-13,-1,-0.9069236422224466,0.0592533237541234,0.01602192707504635,-0.8164473912881666,-0.07548142667123825,-0.053868778937539497,-0.8976922784011249,-1,0.9246591509580538,0.8422370294954884,-0.9760863777730687,-0.011858160698629105,-0.017276369831927818,0.09804884987531337,-0.9713154995194737,-0.05704508776360451,-0.013157528673172547,-0.8568728253480432,0.05827242549207634,-0.0030676854745094184,-0.007236094574732954,-0.994939893202699,-0.022800246303198213,-0.00800170573437431,0.8549822757395015,0.9650169418477101,-0.08050736506655842,-0.938918826161401,-1
1943-06-14,-0.026569811122850062,-1,-0.9080871291386008,0.9932999642783916,0.13681470578558008,0.9125831895595731,-1,-1,-0.03625530853601644,1,-0.12331299631125314,-1,0.9704239344976436,0.9263237391866339,-0.8766254157154009,-1,0.908379377191273,0.9522192425270506,0.07254411477310951,1,-0.9768581342257415,0.9334931043586117,-0.04817850289986858,-0.9726919555326445,0.9739478363444815,1,1,0.9175968626014556,-1,-1
1943-06-15,-0.9649729734110508,-0.03137050299956068,0.08880855517903374,1,1,1,-0.03943071486027838,-1,-0.9987603479797156,1,0.8577597976217752,-1,1,1,0.06121907576556196,-0.01849830369589134,1,-0.02294446304197717,1,0.025069950168848387,-1,0.008143528957875401,0.92311501525861,-1,0.08655438401332938,0.06311365140320058,1,-0.05685087408268452,-0.004083454624813743,-1
1943-06-16,-0.0230231477171009,-1,1,0.01147847241596922,1,1,0.9564397024756448,-0.046727750690236824,-1,1,-0.1287103113971605,-0.003224530167360684,1,1,1,-0.9689865829400183,1,0.9649731739431536,0.07585821430354589,-0.8690631275567404,-1,-0.9184813915621113,-0.07476584639902817,-1,1,-0.85082141773044,1,0.9418627609007798,0.9018770892975775,-0.038974776614445816
1943-06-17,0.9591680725151948,-1,0.10430934558839344,-0.9539113498279568,0.04780320844767871,0.04197267478780309,9.195865759670241e-4,-0.9309776640275975,-0.017062204575764572,0.007646489359737552,0.8710066699552742,-0.9975370852816391,1,1,1,-1,1,1,-0.8969795992408066,0.09386765157572441,-1,0.041411268956074054,-1,-0.023210782271526176,1,0.12376823509769574,0.013290661662713865,0.060408635310183034,1,-1
1943-06-19,-0.021643855948954127,-0.01207959715450313,1,-1,-0.9334860012332022,0.9699816357773693,-0.9883400830302184,0.06106037404000075,0.9610919490516797,-0.9762454236719538,-0.10640178356931096,-1,0.029138760396013375,1,1,-0.10975952541360734,1,1,0.020021569192502864,1,-1,0.9848419383475748,-1,0.9310407251676356,0.0783114829031385,-0.8388356361957017,0.9270136455418355,0.9863425517397058,0.028142336761547537,-1
1943-06-21,-0.9915059433574694,0.9587639504301093,1,-1,-1,1,-0.0030559193569014154,-0.9190185655540078,1,-0.05417733251221313,-1,-1,1,0.07622281495890171,0.026519820460332855,-1,0.023434278451188728,1,1,0.04130383279422645,-0.014240852462460873,1,-0.06567781301447218,1,1,0.13620343286198222,1,0.009169548933159577,0.9132687852277278,-1
1943-06-25,-0.09511943443559623,0.047045720644056765,0.028630690021970384,-0.017929181812689432,-1,0.08823471881690981,-0.995702573299831,-1,0.020232348142681933,-1,-1,-1,0.004153161391379556,1,-0.9613570555913966,-1,1,0.07566399579311966,0.0011518037820675842,0.9887480267306005,-0.9399449128862766,0.011139986208659636,0.9265274153879831,1,1,1,1,-0.9866853565776061,1,-1
1943-06-26,-1,-0.8766003763682665,-0.9160913934467656,0.9579170562584659,-0.03535508000935472,-0.9077429715585659,-0.02354865677675788,-0.07953992980472513,-0.9302426007836926,-1,-1,-0.04486495426864012,-0.95858573547265,0.02936586699063759,-1,-1,0.06240261894676136,-0.8292160965023325,-0.9513561886452682,-0.011186091753262462,-0.004948280970282659,-0.9406016536758953,-0.03711700835081577,1,1,1,0.08580955315510197,-1,0.06117187299919624,-1
1943-06-28,-1,0.06946060497986617,-1,0.028671148807598357,-1,0.06392710449918482,0.9123706201994524,-1,0.05451765100997763,-1,-0.017906358145350132,0.9478562907016029,-0.013895541977549053,0.9927081370208662,-1,-1,1,0.07281438282968411,0.04331813085622693,0.9358050574917515,0.9566756340117547,-1,-0.926200192693427,0.020652773547587655,1,0.09225475009514994,1,-1,1,-0.060658753556472544
1943-07-03,-0.016476982081133906,-0.8798634915559996,-1,0.9022491739806903,-1,1,-0.0803660327689184,-0.04366148582706797,0.8891654366825891,-0.08310749124800187,0.9356689582936075,-2.4125841742816956e-4,-0.9570916753745295,1,-1,-0.07906025802841177,0.05901582324497501,-0.8803859072968564,1,-0.024096555917027307,1,-0.03482416213713346,0.07256645476842816,-0.9523142245209169,0.06990657860034988,-0.8678338444067026,0.06420800121100934,-0.005318262187947287,1,0.901829719584248
1943-07-06,0.9730848503801345,-1,-1,-0.05540645334680938,-1,1,-1,0.8966308531187309,-0.09420768080868658,-1,-0.0026700181193290984,-0.9997923948135314,0.039128301109874086,0.01994065512796528,-0.009981782544982831,0.8850305973116497,-0.9117282142176223,-1,1,-0.9154875092869506,0.060027330474652696,0.9581655258528049,-0.9145822157631288,-1,1,0.07294929623066371,1,0.977486111129037,1,-0.06318623111758237
1943-07-10,1,-0.058438767098293876,-0.06631794419214765,-1,-1,1,-1,1,0.896478350587449,-0.01954730592414755,0.9710189924037913,-1,-0.9383807960973543,1,-0.9334502414713302,1,0.07228953196101529,-1,0.018574975217420353,0.035206812651160546,-0.836874388617976,-0.015751783671078212,-1,-1,0.034751115353096274,1,0.00962351270729045,1,0.03809885414794134,0.8805096888725993
1943-07-15,1,-1,-1,-0.024018959574353516,-0.014441362744055275,1,-0.04601044912347285,1,-0.05094311023366993,0.8789383631602214,1,-0.04343040584161151,-1,1,0.03757769964018931,0.06790127111456978,-0.8865550204580395,-0.05810401232842943,-0.9678535351506657,-0.8787260964842903,-1,0.9591579127618589,-1,-0.025514794747838798,-0.9278085706654383,0.021256994407594765,1,1,1,1
1943-08-01,1,-0.07921659975219097,-0.03364767163458515,0.9261352631771381,0.9810894762255506,1,0.8917715533219908,1,0.9422436966199669,-0.0644058794887502,1,0.9298249440783501,-0.07350413872365036,0.02238438219358707,-0.9443785673217506,1,-1,0.9365788538054626,-1,-1,-2.6770743478865544e-4,-0.006525628470028577,-0.06291638822960743,0.9681776385268017,0.018797521175630827,-0.9501099986354242,1,1,1,1
1943-08-06,0.15290419704862923,-1,-0.9678101382031707,-0.07104372335231524,-0.005788965788263822,0.05924790729303553,1,1,0.02182928278361851,-1,0.035992164694488626,1,0.845729173084627,0.9507942962941264,-1,1,-1,-0.0608258654140752,-1,-0.09367409868942345,0.8804988160505505,-0.9976385599965416,0.9079502138371452,0.05828378568579107,0.9939763072077017,-1,0.04387830271069748,1,1,0.004038992033973954
1943-08-09,-0.8093331496355659,-1,-1,-1,0.9752033884270919,1,0.013842510249774231,0.02231555695168219,-0.9413819370963624,-0.08020534312467875,1,0.08634077534321061,-0.1459186119242749,-0.04816792804405945,-1,5.492178794160862e-4,-0.012941068230465369,0.8994943733105778,-1,-1,1,-0.03800697454450652,1,-0.9032348608530043,0.0030939159515791514,-0.014694563503167224,0.9914955828201258,0.024362951133817257,1,-0.9534975627916453
1943-08-10,-1,-1,-1,-1,0.0547935613326751,1,0.9358329565245195,0.999080657374436,-0.059108771176982544,0.9067145741827883,1,1,0.7721219983698774,0.9118150056038444,-1,0.9397932767860395,-0.9999672100537043,-0.09822536957515271,-1,-1,1,0.9423281378471228,0.04540271458272194,-1,-0.9636602805385788,-1,0.05432301247243565,0.9863504553638068,0.03674654520174925,-1
1943-08-13,-1,-1,-0.012758815260813572,-0.02991217639135857,1,1,1,1,0.8952874908069202,-0.044304011409493915,1,0.046888969527996704,1,1,-0.058987162178494645,1,-1,0.8228703775493798,-1,-1,0.026757812692482563,1,1,-1,-1,-1,-0.8582036331348166,1,-0.9413172222616506,-1
1943-08-15,-1,-0.05034246231841755,0.9007945009851841,0.9608242475525073,0.06723112323429847,1,1,1,-0.09464778471778879,-1,1,0.9773762285724164,1,1,-1,0.056954420210737045,-0.0398932603952451,-0.0818824582756641,-1,-0.06416466569338153,-0.9609235609800428,0.036459284577617046,1,-1,-1,-0.04041682387722523,0.11188946691807755,0.07387830056745692,0.03361007797863058,-1
1943-08-23,-1,0.8856252960134084,1,0.0019203798351656864,-0.9273625572348734,1,1,0.046004355424695165,0.8916260655757965,-1,1,1,1,1,-1,-0.9272817113577072,0.9196568533558332,0.844799852281489,-1,-1,0.01241489541342955,0.9932042108832112,0.02566319297894004,-0.13369543731251654,-1,-1,1,1,0.9868466929830286,-0.052963289490248644
1943-08-24,-0.03750403837055827,1,1,0.9198918494097633,-1,0.10406769562372087,0.04566429330080468,1,1,-1,0.06136422245076156,0.024021656695660365,1,1,-1,0.03410219238493961,1,1,-0.00947760946366727,-1,-0.9863417599992746,0.02274444434743994,0.9860686648677817,-1,-0.016912883177152893,-0.04294832392574688,0.06350999400972324,0.022750429755531765,0.009495057888722291,0.885585109741868
1943-08-30,-0.9869894266682909,0.06734946732640634,1,-0.07104410071285283,-0.018666714460520373,-0.8733178948336482,-0.9400105558160861,0.005690832680171676,1,-0.06590480341229343,-0.9277767132282073,0.8908290214354566,0.03649931855915789,0.018607710872140637,-1,0.9929238174304444,1,0.046685100761595266,0.9482809514160003,-1,-1,0.9368786425085465,1,-0.011884526280572016,0.946890851420699,0.8836726035815883,0.9667394103883182,-0.9291026622145915,-0.9684217765935302,1
1943-09-14,-1,-0.8692381956753186,1,-1,0.9741030565603344,0.030881719674275332,-1,-0.935974201576912,0.008653693550908947,0.8661657391290598,0.05778758225569225,1,-0.9144382947992863,-0.9434120057050212,-0.06670859892520131,0.017523347068630013,1,1,1,-1,-1,1,0.008552841590551696,0.9600197624976164,-0.04019035868323295,-0.05292783212066521,-0.023145712291120835,-1,-0.05039504071555545,1
1943-09-17,-0.01193532084204263,0.08159664123324872,1,-0.012324969826882248,-0.0016383488988989114,-0.9597060863582134,-1,0.05623998324270951,-0.9684137441476122,1,-0.9313655642482812,1,-1,0.037021873148620155,0.9188419507558876,1,1,1,1,-1,-1,1,-0.9847319097046436,1,0.8719719388123599,0.9055340274166885,-0.9797756935677704,-1,-0.9999857699829066,1
1943-09-20,0.9582610478812554,1,1,-1,-0.9996007362413765,0.023261783662486435,-0.05571701081377112,-0.8916920655056104,-0.0019358437032575004,1,-1,0.013143196712905647,-1,-0.9163852804061037,-0.05050772436736273,1,0.05289663673537304,0.055093003689992814,1,-0.040475629042046934,-1,1,-1,8.731855135513111e-4,1,1,-1,-0.03087324270259484,-1,1
1943-09-22,1,0.06605214172179341,1,-1,-1,1,-1,0.0859734167922035,-0.9815392808785149,0.11804849294933484,-1,0.9654471683319107,-1,0.031062031835462744,0.921423564948569,0.010080127693337437,-0.8900274996561794,1,0.008209833923506049,0.9552951032738193,-0.028178976924947863,0.03919590358758385,-1,-0.9005158455479919,1,0.023225533670237608,-1,0.942026676197238,-0.03660034060600248,0.033443194103997986
1943-09-23,0.020266511218614447,-0.9329140785108897,0.010550553771864868,-0.033542336173179366,-0.016133504655372666,0.028401118276988102,-9.419559326275806e-4,-0.8839155987804578,-0.03061731598303996,-0.8379963510645123,-0.08451375797613703,-0.026599248276610754,-0.08082510301933887,-0.9617183607292553,-0.031820648957647024,-0.9154811547536659,-1,1,-0.9417089718014402,1,0.9329172607445417,-0.9473258994873811,-1,-1,1,-0.9728004607463231,-0.03422853470699483,1,-1,-0.8765649456132273
1943-09-26,-0.9585030311164673,-1,-0.9760165518681629,-0.9766529401869798,-0.9848714651986934,-0.8852329182903921,0.9824623219989989,0.11106474572806857,-1,0.1098021287075357,0.853258513941633,0.8780512018064772,-1,0.02097851190526867,0.8838149034627245,0.0775673666710357,-0.005200228231076798,1,-1,0.016456780826473172,-0.027264872872934887,-0.016719814692996215,-1,-1,0.006622874834131376,0.002913940188888131,-0.9917983449271752,1,-0.028309852755053266,-1
1943-10-01,-0.06398442782628821,-1,0.00890935217912614,-1,-1,0.10405389067332693,1,1,-1,-0.8716963128537234,-0.13786349055947544,-0.09583247124653715,-1,-0.8807451194084067,1,-0.9016023890985196,-0.9809126961580658,0.15323551601059449,-1,-0.9319199404393775,-0.9456557964329241,0.9453111252349298,-0.02106865306291761,-1,0.922493155734564,0.9580853684900552,-1,1,0.9390861600993993,-1
1943-10-03,-1,-0.003654019161074329,-0.9565158404083778,-0.009456139471858749,-1,1,0.034366001483905784,0.009860940694678244,-0.0018042132921991527,0.09052979639249215,-1,0.8031974530160556,-1,0.07901227064862815,0.013362769194364854,-1,-1,-0.845124166662945,-1,-1,-1,1,0.8963672785960386,-1,1,0.002120726552420127,-0.04920023004639518,1,1,-1
1943-10-07,-1,0.957951500476812,-0.025988093635583187,-0.9901596707121711,-1,1,-0.8690841603727986,0.9726729030851858,0.9119004159482801,-0.8712598694878813,-1,1,-1,1,-0.976765398491847,-0.046401050914281816,-0.07354884328913802,-1,-1,-0.08888547133473867,-1,0.06309203235034588,-0.08636399966953623,-1,1,-0.9286289936693988,0.9474856993181348,0.06805746758007936,1,-1
1943-10-10,-1,-0.029698584398334726,-1,-1,-0.05575254553146547,1,-1,1,-0.01458507230879047,-1,-0.07958153168530058,1,-1,0.06390822000240781,-1,0.8748652595171643,-1,-0.02239153187085019,-1,0.8916785217555129,-1,1,-1,-0.02390698792407575,1,-1,1,-0.9274034636304034,1,-1
1943-10-12,-0.0209372897446517,-0.9928526938189255,-0.021733404545709267,-1,0.8836249880521971,0.0329612345267144,-0.01967422736933555,0.0555027483711642,-1,-1,-1,1,-1,-0.924855997599162,-0.023259143912710667,1,-1,0.9369420241389879,-0.07730436052134215,1,-1,0.0804869725210332,-1,-0.9603851329640073,1,-0.005582163057842093,1,0.06535691345782302,1,-0.04671807378615256
1943-10-18,0.9423088953187655,-0.05232059015318591,-1,-1,1,0.9536599030566045,0.9735514006830442,-0.8995085225758952,-1,-1,-1,0.008802770303328322,-0.02406768257181946,0.06507165065184206,-0.9587576213490423,1,-0.020892359410149774,1,0.9121561386128443,0.07596897418217108,-1,-0.8640245718869416,-0.02302373077356612,-1,0.022162677547747034,0.9369753944988124,1,1,1,0.9447209986020205
1943-10-19,1,-1,-0.09530604945332799,-1,0.06261875730675204,1,-0.004920064432105575,-1,-0.019694522556178762,-1,-1,0.9471562308912727,-1,1,-1,1,0.952746000467026,0.085728794221545,1,-0.8306975310434147,-0.08076590842258857,-1,-1,-1,-0.9351948274834039,1,2.686161965459455e-4,0.04582968584912184,1,-0.033220390837394254
1943-10-28,1,-1,-1,-1,-0.921768880913759,0.10058408418042286,0.9086884042017526,-1,0.9711321710052114,-1,-1,1,-1,1,-0.010118487751858862,1,1,1,1,0.12584501076408372,0.8700592803945971,-1,-1,-0.08662806641063103,0.0623233438986418,0.07739328838840265,-0.9941850901128387,1,0.009427838890335938,-0.9636301990580909
1943-11-12,1,-1,-1,-0.002137531411199989,-1,1,-0.08137348586791393,-1,1,-1,-1,0.041427250870970433,-1,1,0.9636402932797871,0.038156194399299626,0.12277221608531919,0.019694473260718937,1,1,1,-0.07686604680741516,-0.034498726416483994,0.8922561222181467,0.9907965404392035,-0.8975762439214569,0.004671564307181186,1,0.9258227106062975,-1
1943-11-18,0.03661831141976135,-0.05674624652753402,-0.004375987369054535,-0.9406275262497583,-0.09019785369132349,1,0.8986533172946625,-0.03425731829339318,1,-1,-1,-0.9200223712994557,-0.05329222644077192,0.014797160321411873,1,-0.9036002709634385,1,1,1,1,0.025123478518618958,-1,-0.9468136664361974,1,1,0.030980447545678858,0.9869149162287314,1,1,-0.030685219450612422
1943-12-02,0.9674851827187861,0.8865435169491275,-0.9597494525810969,-0.017593919476059483,0.7979361834408913,0.04674185876727932,1,0.955819224509689,1,-1,-0.06324611532667113,0.07803121467346663,-1,0.9840059921930903,0.017010007366425106,-1,1,0.033398404626143074,1,0.05302636198810262,0.9695592778649178,-0.03781180613467083,-1,1,1,1,1,1,0.03136273914894927,-0.9852169399316003
1943-12-12,1,1,-1,0.9350526053101567,-0.17046475179288523,-0.9313408425852563,1,0.04114177562676791,0.06176920444532541,-1,-1,1,-0.004331705399430397,-0.013475003487971926,1,-0.03837040041984263,0.049347747651401375,-0.9586987429800168,0.05031209100337364,1,1,-1,-1,0.011905321625865772,1,1,1,0.06280887982831185,-0.9657615536702159,-1
1943-12-21,0.0731423473507844,1,-0.07697091344935614,1,-1,-1,0.03682656135101281,-0.9443040048094364,0.9702984954834015,-1,-0.002599137181547473,1,-0.9802992654090548,-0.9643555045440153,0.019025930352586817,-0.9827667988570403,-0.8411709291343441,0.03513746951205965,-0.9120828436256652,1,1,-1,-0.017503303094288603,-0.9428862242086271,1,0.022122296822701282,1,-0.8683739659145866,-1,-0.005541734757088301
1944-01-10,1,0.06035466962406322,-1,1,-0.021358902503478605,-1,-0.9198385114457357,-1,1,-0.02694557204392123,0.9153612133649368,1,-1,-0.015238500419225809,-0.9475335487820258,0.015181520734310783,-1,0.9610145813694753,-1,1,0.01834048717386072,-0.051420815494293115,0.9475028728808057,-1,1.979054235723421e-4,-0.9379775017452253,1,0.03960687038675126,-0.007519691288445096,-0.8685529639870413
1944-01-12,1,-0.8728064799498458,-1,0.08616907629968473,-0.989468418733293,-1,0.04920055104696641,-0.039399287380599723,0.038580159823729865,0.9664646375127816,-0.03743364688623996,0.06221288867016539,-1,-0.980258241245431,0.01098883240087889,-0.9608949553485248,-0.025952731839195664,1,-0.015738860253865172,1,1,0.8360921767485041,-0.012123459872198206,-0.03778482039366804,0.987142930482067,0.04506357392154814,1,1,0.9359950418398161,0.07110705349422075
1944-01-14,0.017157281732422036,0.10710144201402239,-1,-0.8437174988509529,-1,-1,1,-1,0.9844695219533063,1,0.89617302369460194,1,-1,-0.026221815545013794,0.9867639682554092,0.036627454119922964,-1,0.023211378084021517,-1,1,0.107917107728985,-0.10430047039475943,0.9754876424541983,0.9206185594601233,0.12857641373100415,0.9835721103704786,0.014392973556189181,1,-0.06355576498407423,-0.9044643270620271
1944-01-15,-0.9120024797264723,-0.8671515346786963,-1,0.15497887095812202,-0.01933881442224661,-0.023061175068648798,1,-1,1,0.039047319242127454,0.009090476215834142,1,-0.012715576225230452,0.9520674028564163,0.08618633005305965,-0.8544657947044334,-0.015236706100726694,-0.9654130026152092,-0.06529260016624194,0.0125374090401571,-0.8825675396167472,0.787020062190952,0.08314686347599887,1,-0.7928183793762579,1,-0.8813620776701823,0.08994339131135864,0.855041280312687,0.08925151598319003
1944-03-05,-1,-1,-1,1,-0.9785644015851008,0.8843927276754661,1,-1,0.04945878855865282,-0.9377696843208331,-0.9783729988383377,1,-0.9878787493051167,1,1,0.11091365333622294,-0.9447862509393993,-0.023392349665439904,0.9325552934264262,0.9471711432419533,0.11440914024372473,-0.19443184546519754,-0.8525104971703683,1,0.19382360980673474,0.057731843944410444,-1,1,-0.1437205735367817,-0.8834526326460758
1944-03-06,-1,-0.03484009126304943,-1,0.061117920128735626,-1,-0.11293441886994038,0.042623587664883944,-0.05803677521186568,1,0.022707890769566585,-0.003979037599819657,0.011455586154259567,-1,0.09124842010560319,0.04607993528831389,1,-0.001907915730534837,-1,-0.06562792972363052,-0.011718248621662486,-0.8555639258298755,-1,0.11590180402811268,0.015570485615690854,1,1,-1,1,-1,-1
1944-03-07,-1,-0.9928687103337379,-1,1,-0.09479719357615812,-1,1,0.9407737147611064,0.006783431998027334,-0.9460828636325042,-0.9288820507048308,-0.9655125836317048,-0.11316230842895825,-0.9012822219636708,1,0.07114215080683506,0.9621620093798976,-1,-1,-0.9676280726685421,0.13857986972878078,-1,-0.8523404335663978,-0.9633721826846839,1,1,-0.03756794972729638,1,-1,-0.05420625346396657
1944-03-13,-1,-0.0568847268227618,-0.01464079508593008,1,0.88497696920233615,-1,1,-0.04264221069048868,-0.9665310631418241,-1,-1,-1,0.8033610345514479,0.029798770482290293,0.07609760199428994,1,1,-0.01578099417378198,-0.021277933168073693,-1,-0.8068373548437836,-1,-1,0.008473566649764619,0.036841309947054146,1,-0.8978016564994359,1,-1,0.8958382441206733
1944-03-14,-0.07983615899108853,0.9306418695101027,0.8929380899595016,1,-0.08773673335370735,-0.03892555820675947,0.05594017592491851,-1,-1,-1,-0.034556406063277256,-1,1,-0.9497456175119972,1,0.01515868649706864,1,-0.9644013270256506,0.9582118232416719,-0.032000358257725514,-1,-1,-0.07158451360024942,-0.9880683778532809,0.9859702080363864,1,-1,1,-1,-0.07947062765695512
1944-03-17,-1,1,-0.038806470143345484,1,0.8932491685545753,-0.9971919397787624,-0.9314442199970568,-0.023792225404552614,-1,-1,0.9306482235025968,-1,1,-0.010629835220459793,0.01684529534364343,1,0.0024185757379820982,0.0027383361606329037,1,0.9607718039065336,-1,-0.03105066395375322,0.9125266567370619,-0.00906388519168444,1,0.16722807231762393,-0.010256477578115653,1,-0.037181119090074266,0.8872968137035987
1944-03-20,-0.08737248801666575,1,0.901371825245848,1,-0.09024377703420827,-0.042905668276327025,0.03583373328014006,0.9710411824129642,-0.05300997722349443,-0.08104706143829399,1,-0.011407058389409253,0.02005378901968058,-0.9705076509074343,0.970866271170147,0.06596313839000434,-0.9702802569588266,0.9851989749020125,0.061852486573410026,-0.022133855219262366,-1,-1,1,-0.9698910594253609,0.008907948879548044,-0.8152906362600284,-0.9797887556542926,1,-0.970092794954491,1
1944-04-02,0.8605580824453142,0.03216832051105012,-0.09150988161630269,1,-0.9951370342617902,-0.9918355707033347,1,-0.026890858184160593,0.9317211124692335,-1,1,0.952380096540111,-0.9350685586372514,-1,0.02439142219350865,-0.8436566369191849,-0.032896359803649355,1,0.996398508594942,-0.9998120654080722,-1,-0.027506692519496778,1,0.015475687043947639,-0.9777775873904625,-1,-1,0.00715362522269658,-1,1
1944-04-03,1,-0.9136092665285996,-1,1,-0.05138259796192002,-0.0049076195304775805,0.005050764589470291,0.9559553769047927,-0.014737722149835153,-0.10317920941495295,1,-0.03546321955270715,-1,-0.018832435220815014,-0.9446275171563602,0.09814472118999851,-1,1,1,-1,-1,-1,0.05705584057164881,0.9917116082036496,-1,-0.05210105064389414,-0.01588121419022548,0.9309953125943871,-1,0.025302168378573575
1944-04-04,1,0.0793321480270971,-1,0.013996234199773139,-1,0.9633320121473333,0.9733428072518915,-0.014540322258344895,0.9831118837297149,-1,0.008720822800313943,-0.9359440329994267,-0.022336875095154807,0.9174446631301802,-1,-0.7662837368569065,-1,1,1,-0.06488654531862215,-0.05433914781497862,-1,1,0.008591984802682195,-0.036137119882744706,0.9026597619382557,-1,1,-0.006464276574809968,0.9594670897206945
1944-04-05,0.015492934643294709,-0.8411054755454661,-1,-0.9818375866723417,-1,1,0.003421826963233787,0.8987663737137295,1,-1,0.9581618164358605,0.00626047260172935,-0.9807311301433742,1,-1,0.1949061301248547,-0.08144734958606736,0.09195794207607788,0.04815876603256475,-1,-1,-0.029588701909979975,1,0.9765483862175879,0.9421145397778465,1,-0.05435124220419607,1,-0.9463939920201765,-0.016039146696953166
1944-04-06,0.9805455406477198,-1,-1,-0.0341557593422096,-1,1,-0.9450164903978077,-0.05806848779296403,0.006553363925207889,-0.07759657811700171,1,-0.9631627704245511,-1,0.023921525865923665,-1,-0.7911423080671823,-1,-0.8593769321491559,1,-0.0012231899606721663,-0.03197210975897713,0.8673079879144223,0.01828662015886251,-0.0035303171267152544,-0.04090123745234975,0.031689863894071135,0.8826906678168783,1,-0.02279161483584813,0.9734096084030711
1944-04-08,1,-1,-0.040671131140487815,0.9024916799135037,-0.06598907668585496,1,-0.005949762085238008,-0.9421352942448019,0.9717819683871238,-0.9491347871869457,1,-0.0737808085708247,-1,-0.927542702574446,-1,-1,-0.08473611518411928,0.0836026282303558,1,0.9951255327470826,0.9024738932968153,1,-0.9271507796639991,-1,-1,-0.933688439085694,-0.050121200270986654,1,0.8672467077121586,1
1944-04-10,0.06518358317992601,-0.015642644443549902,-1,1,-1,1,0.9740010854745764,-1,-0.02498250853352968,0.040182237273575505,0.0577371952398813,-1,-0.023216167628395845,-0.022334440539571676,-0.023340139251263214,-0.049877067671478925,-1,1,1,1,-0.02802324037639692,1,-1,-1,-1,-1,-1,0.00110333287927733,-0.12792318491747579,0.001492249828109804
1944-04-11,1,-0.922117111368225,-0.036268467184304765,1,-1,1,1,-1,0.9536951209410629,1,-0.9122366250059732,-0.1331391226576749,0.9281483820659736,0.9225537367277491,-1,-1,-1,1,0.019291557463197884,1,0.9240920596707022,1,-0.02077066684222073,-1,-0.01771880702295281,-0.03157958775115077,-1,0.9375980707558667,0.8231010408022229,-0.9512710183751136
1944-04-12,1,-1,-0.9683242476737847,1,-1,0.030930694280266735,0.002466331546588485,-0.06537588526863569,1,0.01640816179874449,-1,0.8074481812799883,1,1,-0.06459457128872081,-0.040075205225213906,-1,1,-0.939814574757629,0.062144907524999904,-0.05355351404542086,0.050645071690185506,-1,-1,0.9477519031200407,-1,-0.02418702049895949,-0.04758944591217684,1,-0.05448399477616861
1944-04-15,1,-1,-1,1,-1,-0.8942616641835388,0.9453889273999241,0.9122705778902181,0.057795756197955406,0.9681815627382299,-0.049145893140843055,1,0.027535052126844817,0.015353378663079176,0.9042020531587547,-1,-0.05695241367910364,0.010549267409887486,-1,-0.8746921866177816,-0.9931563121777272,-0.9433512163620925,-1,-0.025771112891110226,-0.049087944495169955,-1,-0.9671337994308481,-1,0.012294409836492104,-1
1944-04-16,1,-1,-1,1,-0.009772040358550282,0.022438841818273825,-0.050827684218582636,1,-0.9395168722675648,1,0.8827846888167693,1,-0.9445580841782502,1,0.0465667560324079,-0.04729570714224207,0.9089188363082087,-0.8364577315397947,-0.06056330071139038,0.032873702781714975,-0.05855992283522926,-0.004859979567453543,-1,0.9154322869407402,-1,-1,2.599041110808997e-4,-0.0018049398533824812,-0.9855833840262715,-0.031075212893589277
1944-04-17,0.04795854978516312,-0.019492768564846275,-0.024453904962331463,1,0.9505239638096293,1,-1,0.046382800117766965,0.0262762471278436,0.009945900527431717,-0.08374408121943022,0.02720128049730064,-1,1,0.9622337186978863,-1,-0.015956220684791078,-1,-1,-0.9605209718317843,0.9315840499785858,-0.9695755839936021,-1,-0.07558710147546599,-1,-1,-0.957518423815792,-0.9499216469876801,-1,-1
1944-04-18,0.9966242982926108,-0.9822395657863279,-1,1,1,0.002514045582719726,-0.12463077499701214,1,-0.9571132089909581,1,-1,-0.9024871690252368,-1,0.008709776814223247,-0.0313386268062531,-1,-0.8311995514832359,-1,-1,-1,1,0.023703656313259547,-1,-1,-0.02096874564338924,-0.05171090060396133,0.03896174961976795,0.03872554898951819,-0.029950452069714917,-1
1944-04-20,1,-1,-1,0.08039054471348916,1,0.9624258532246253,-1,1,0.023321644171229727,0.018906860227928313,-1,0.08304766975519784,-0.02748960637949882,0.9424499547507079,0.9658185006916935,-1,0.1594379387825876,-0.011246984415387518,-1,-0.03705315695648437,0.0024324796493052636,-0.932484206186431,-1,-0.09147455367372292,-1,-1,1,0.9993146816781076,0.9385394441098132,-0.04907516273801449
1944-04-21,0.007920178759922236,-1,-0.015677663447283163,-0.8865178069067113,0.07658454666878778,0.020293380031085273,-0.00966928850951343,0.054330809491405785,-0.9472381459533307,1,-0.00565823011913158,1,-1,1,0.07405714732655433,-0.03921270003138422,-0.7799088321215374,0.9650444539435429,-0.07251813423125308,-1,-0.9336908172224223,-1,-1,-1,-1,-1,0.03333275668672964,0.07285275458622542,0.011211981052172137,-1
1944-04-25,-0.9798148228317677,-0.014028034293924518,0.9172752821961673,-1,-0.8969119145796314,0.9999439288504232,0.9056391107375683,-0.851406413091033,-1,0.05135908521940458,-0.9584912156764874,1,-0.008522210996508739,1,-0.9250694744344613,0.9596063048298157,-1,0.0072859314595508096,-1,-1,-1,-0.01935015254965844,-0.0018297780991882728,-0.0516003874174874,-0.09954881773468749,-1,1,0.9757863059201696,-0.9308313765901735,-0.06773475291026498
1944-04-27,-0.003306847928282508,0.9527301616882815,1,-1,0.10055470297620617,0.02099484390895756,-0.020502792418615856,0.13523074369883525,-1,1,-0.024968708312575694,1,-0.9741565069774601,1,-1,1,-1,0.9490665146109896,-0.030144171907602102,-6.790801414044978e-4,-0.014059356892791697,-0.9898357539264413,-0.9998753516324883,0.9349112007901057,-1,-1,0.02582608225984051,-0.021683262906893375,0.034979029683655516,-1
1944-05-01,-0.9084529503343228,0.05599091874382356,0.08568108326808987,-1,1,-0.9212401277781278,-0.9948113244937362,-0.8307295412501117,-1,0.008254974664495207,-0.995951329163322,1,-1,1,-0.03680598699868354,0.001430739391764635,-1,0.014716663354939485,-0.9926411321633856,-0.9538545995136413,0.9541562111025471,0.002863925293631664,-1,1,-0.06529737807457558,-0.06351124804288555,0.9627661370970556,0.877300023781819,-0.9568424006876638,-1
1944-05-04,-1,-0.9051346478443832,1,-1,1,-1,-0.005869030303361944,-1,-1,0.9294453406409241,-1,1,-1,0.04019318073105105,-1,0.9237677275957166,-1,0.9839993328683928,-1,-1,-0.03461048375486786,-0.9911844816944357,-1,1,0.859368107533584,0.9031435820496921,0.026866481242115325,1,-1,-0.008645040105061064
1944-05-05,-1,-1,1,-0.031663095251768913,0.07234509138217693,-0.01556608169585516,0.9504222836683629,-5.493429890752743e-4,-0.023792383426875174,1,-1,0.02528357392527214,-0.02537007890761378,1,-0.08946803985161922,1,-1,0.05513081298480482,-1,-1,0.9554573097607161,-1,-0.03885908833974894,1,1,1,-0.9288357527111635,0.09339821015179339,-1,-0.9109143259180219
1944-05-06,-1,-1,0.0027296209118928827,-0.9903740851352889,1,0.9583252002474603,0.019620429024017838,0.9326170495613604,0.9438667330190232,0.03797448524410485,-0.07613826546810176,0.9935770399853981,-0.9708927026162723,0.027851763716516875,0.9067893600252998,0.021085818615087737,-1,0.9570771712211619,-0.07737048692174253,-1,1,-1,-0.9821282134847844,0.06985710842843962,1,0.09446190854469727,-0.03704023069824891,1,-1,-1
1944-05-12,-0.05656070883251252,-0.049675835306272176,-0.9911024899230247,-1,0.045134445443205995,0.023694761582283563,-0.8707204954217632,1,-0.05231106851307554,-0.8980832990762135,-1,-2.3754780061491232e-4,-1,0.9206487123930517,1,0.9747112984895551,-0.03313918897269663,0.016568281618117298,0.8115457692977706,-0.04701776226789334,0.03919014942736665,-1,-1,1,0.029829477572053897,-0.9055061710116078,0.8818573453625271,0.0189282626294478,-1,-0.032601869499886305
1944-05-17,0.8378285633223833,-1,0.002191488250936069,-1,-0.9059010902230992,-0.8760615779041728,-1,1,0.9400572114958139,-1,-1,0.9564076139297208,-1,-0.054177403584317996,0.009199615799430405,1,-0.9255314457130209,-0.9518896599438375,1,0.9165107422487814,-0.9354592080355826,-0.06545860428771011,-0.0016475655913184006,0.026802354956897534,1,0.011685418662491176,1,0.9831201415636803,-0.03766114284506372,0.953902505575866
1944-05-18,1,-1,-0.9552425291161667,-1,-1,0.11041314602052577,-0.05399585292695208,1,1,-1,-1,-0.008786803330229076,-0.040330463603508226,0.8658124072784417,-0.9094216971310876,0.0356808957893654,0.07282119933209852,0.03078913910515102,0.06508684922970942,-0.06028040297925896,0.03175173109976426,-1,0.9528977670654813,1,0.011779888064679334,-0.956437610686258,1,0.0051872571490663155,-0.9338213737453306,1
1944-05-19,1,-1,-1,-1,-0.04953612680503483,-0.8571219928202327,-1,0.03251545937926725,0.056307300287219086,-1,-0.05087753749881274,-1,0.9370635915339057,1,0.0625745081715191,-0.8537699041414311,1,-0.8782699796847494,-0.912252967379684,0.9285629285979957,1,-1,1,1,1,-1,0.03228412701537409,-0.9003374179800119,0.022732515050456703,0.01278726594401125
1944-05-21,1,-0.001501458502382369,-0.056431557443304636,-0.07589597521179003,-1,-1,-1,1,0.9962736405871484,-0.07159053656685932,0.9141831971133805,-0.10404188600724162,1,0.029275501888395894,-0.9232221358522538,0.10901458191842461,0.026842596193413004,0.11863337565374887,0.01422027313248786,0.011813880094679319,0.05497764332711963,-1,0.014595082167854434,0.047485090611144254,0.12436201335177433,-1,-0.8966215354115115,0.025282928420999218,-0.8997178561318157,-0.9359235052754762
1944-05-22,1,-1,0.9388811056962768,0.9194109871000915,-0.04948974772254888,-0.06302815917469018,-0.02038554796454428,0.0053120602533685,-0.0015555901189758803,-1,1,0.8515821168440044,0.01790479481057583,1,-1,-0.8709056053359416,-0.9462659329975924,1,-0.9619767343171411,-0.9741960020855653,-0.9307866820988431,-1,0.9703556790152179,0.9646422037514187,1,-0.04386290496312939,-1,0.9093232133828109,-1,-1
1944-06-07,1,-0.061564408123790826,1,1,0.8850547863224142,0.8739002078372582,0.9473434817101487,-0.9555093236968142,0.9656887833884136,-0.09957787818788211,0.03986418402811143,-0.1392202520358835,-0.9505783012053066,0.09853718491539332,-1,0.10619471696998217,-0.01459025188907348,0.007650948573355354,0.02256737370314188,0.01842075622836581,-1,-1,1,0.10736989477240355,1,-1,-1,1,-1,-0.04161227119802757
1944-06-08,0.01504349157103968,0.904288658741456,1,5.613508960845559e-4,1,1,1,0.011520194591362998,1,0.7969850381526496,-0.937406580502313,0.8010867131467515,-0.0526354270724364,-0.8722837727826696,-1,-0.8092538784582362,-0.9450555851347938,-0.9462813806108239,1,0.9760957278802622,-0.015621331239408676,-1,1,1,1,-1,-1,1,-0.06571690085868676,0.8736455277929684
1944-06-10,0.9186398365916152,1,1,0.9904859071154261,0.023746346761821968,1,1,-0.9543251791896663,1,1,0.0033526085638547753,1,-0.978544085581874,0.0654425690572562,-1,0.12427488366114248,-1,-1,1,1,0.9270979504318543,-0.05114047959196688,0.043247182369944626,0.01652838820936331,0.02172586947911692,-1,-1,0.00442991110394908,0.8694581774178873,1
1944-06-16,-0.009527648997491589,1,1,0.0809735936558228,-0.9548930778129028,0.024835956280064853,1,-0.04559112945126487,1,1,0.9433939722623436,0.04365579929872443,-1,-0.9279665028347143,-0.06919272434027124,1,-0.0770617147298136,-0.015140703815930245,0.08911759400365071,0.04676429740676258,1,0.9403251833101042,-0.835377603259351,1,0.9048557191327734,-0.015173399012171074,-1,0.9461541873553123,-0.09804105280404929,1
1944-06-18,-1,0.014063474484429461,0.036139322323606726,1,-1,-0.9099444191218755,1,-1,1,1,0.011574976821682292,-0.8600203798719228,-1,-1,0.8640806032595741,0.04606511066128316,0.8888355168881825,-1,-0.8416389566120692,0.997556038932885,1,1,-1,1,-0.047788426953510266,0.9824953431984218,-1,1,-1,1
1944-06-20,-0.02812712178545751,0.9246300629464365,0.9892305173749967,1,-0.025745441023370064,-1,0.005168013289975182,-0.028229906036910557,0.05279676514068765,0.034436413730845605,-0.9229453882845091,0.09206620388920683,-0.0027059140061653775,-0.030350408855774225,1,-0.943705165366979,1,-1,-1,1,1,0.007837743262132268,-1,0.03455247421369734,0.9084023759409006,1,-1,0.02777530296546682,-0.004421266387650169,0.03242991982860988
1944-06-27,-1,1,1,0.027052326745308997,0.9108979357572898,-1,-0.9792114915916698,0.9270559569541792,1,1,-1,-0.8565956180796452,0.9357047472802037,-0.9983529440961297,1,-1,1,-1,-1,1,0.06917692629348304,0.9290863050368213,-1,1,1,1,-0.07998396304810373,-0.9506911055735507,-0.9766873425853689,-0.9171616353502404
1944-07-01,-0.010642790651289036,0.05431574236487424,0.03860209027195771,0.9809924552409546,1,-1,-1,-0.04038796724615035,1,1,-0.03495927049006786,-1,-0.030983574245560752,-1,0.03998319170610287,-1,0.06996227441915803,-1,-0.036798452677212934,1,1,-0.02312020830277206,-1,0.05428188832466496,0.02160495628866954,1,-1,-1,-1,-1
1944-07-14,0.9182115261745454,1,0.992187542703225,1,0.028163965786190404,-1,-0.07289507279607588,0.941469855327255,1,1,0.9419536492934598,-1,0.9392125369604872,-1,1,-1,1,-0.021591715588905824,0.8889070788419993,0.07167333183929969,0.014980262769750285,0.9441053980190132,-0.013072539623090296,-0.9185514816043487,1,1,-1,-0.051556018186667885,-1,-1
1944-07-19,-0.05174552207047134,0.030428337592618204,1,1,0.9963822540134414,-6.178591209315965e-4,0.910509788804842,1,1,0.01760268375453522,-0.006120985314544636,-0.027841918047882164,1,-1,0.00249896807814165,-1,1,0.9680553173120844,1,-0.9255201516473952,-0.9306641668159032,1,-0.9819631121322147,-1,1,0.06597359249812917,-0.027590895345160793,0.9352958070334098,-1,-1
1944-07-20,-0.9986478002291382,0.9854332809567621,1,0.010153403120995885,0.09067290720639798,0.9536596422897807,-0.08868375968697706,0.1022601630002925,0.06411926998661444,-0.9376224394383119,-0.9625171359584166,0.9150969068020803,1,-1,0.9899150271230733,-0.013522164738292264,0.10573212017612132,-0.011119625664071098,0.05157665559295577,-1,0.025422128072145167,1,-1,-1,0.0767403666303087,0.9860192226034421,0.9242248229385425,-0.047183065047574746,-1,-0.015464140574906415
1944-07-21,-1,1,1,-0.916118514565942,1,-0.03957232824087986,-1,-0.8315403722095197,-0.9350101468881756,0.04403094468646451,-1,-0.03651676702327766,1,-1,0.014078507409610475,-0.9618842013837171,-0.8802985257104256,0.9366482336379993,-0.9395006980421075,-0.11041792532150807,1,1,-1,-1,1,-0.007622720993674892,-0.012638721940011255,-1,-0.02481972989641268,0.956810705065712
1944-07-23,-1,0.009903681159501576,0.07054086413983163,0.026530568481252792,0.0066085708207413996,0.9496049131874774,-1,-1,-1,-0.9441932321612321,-1,-0.98993852097989,1,-1,-0.9554610418652981,-1,0.07099305954390756,-0.007456116254591971,-1,0.8500113732082712,0.014089782607902612,1,-1,-0.14854903351743531,1,-0.9505271825540348,0.9403644505862518,-0.030447854789695694,-0.986435082828725,1
1944-07-24,-1,-0.9892825032030599,1,-0.9489641766565787,-0.9402176351844302,1,-0.027289967685961924,-0.01633098374794051,-1,0.05528527479937484,-0.05632078470036761,-0.020416459552584754,1,-1,-0.04855486018197186,-1,1,-0.9733983617285473,-1,-0.1346092271653898,-0.9296081672983522,1,-0.0864653930022421,-1,1,-0.01979339574832073,-0.02446020143169514,-1,-0.034422862887628636,1
1944-07-25,-1,0.006166380532096949,1,0.03483416980584075,-0.01878810345984916,1,0.9406108758632129,0.9741977981878477,-1,0.985861074822901,-1,-0.9813472511467894,1,-1,0.9491617108289965,-1,1,-1,-1,0.8556365688052058,-1,0.05466696230427859,0.8745809396916169,-1,0.02816281714745117,-0.968123360748181,0.9215213102283708,-1,0.9645727184412463,0.03262467040047645
1944-07-26,-1,1,0.03144451419967098,0.9988959549868147,-0.9418664293213078,0.06743577521609889,1,0.021649936039515483,-0.01895092580097213,1,-0.00977054207174155,-0.019599491169450256,1,-1,-0.01231907507431862,-1,0.011902107854719568,-1,-0.08609715494989356,-0.03957290520004941,-0.024797798933125503,-0.9125987787558341,-0.03121307143599772,-0.0085768716612179,1,-0.059471619992051306,0.003799738868247693,-0.03490656517122359,1,1
1944-07-30,-0.09007635800986036,0.11168780496974318,-0.9134261501459261,1,-1,-0.8918132118049684,0.05191873050009632,1,0.9556208301167259,1,0.973773552626136,-0.9496454294196683,0.016741577556248166,-0.08733041690845167,0.9663859874509473,-0.07562504573572304,-0.9864853149755664,-1,0.8955693032120203,-0.9782986295090284,-0.9624010233070242,0.06876502455521916,0.9650651725190882,0.9510278168868747,1,-1,0.9727157413174546,-1,1,1
1944-07-31,0.8937883189734451,1,0.06544725976726085,0.07834885648749235,-1,0.09971871992176695,1,0.034010158272955615,0.03945515948158185,0.04894743603903917,-0.023969138821195002,-0.0013649340496681983,0.9394647020850307,0.9084313272351183,0.06783406139284698,-1,-0.030413732170535668,-1,-0.0892681629068901,-0.004684890501845174,-1,-0.8999180448765609,0.03502764862238572,1,1,-0.07307573371659593,-0.022686387611872916,-0.0042188674373443424,1,0.032348529176079555
1944-08-01,1,1,-0.880907898982045,1,-1,-0.879204892086976,0.05038350158038729,-0.9508093250409466,1,1,-1,0.9749426200163894,0.010895187838529719,1,1,-0.011162632206520029,0.9468649648971937,-1,-1,-0.9890018007237894,-0.001433354168905332,-1,-0.9586332771245294,1,1,-1,0.9740490311137516,-0.9955246816685919,1,-0.9514173007074588
1944-08-03,1,0.02429144233183811,0.11204397653303844,0.044121785433526184,-1,0.0780102110501315,-0.866599364881305,-1,1,0.09891914030445648,-0.0154746105549185,1,0.9721391556766754,1,1,0.9758737126639428,1,-0.05645213778330893,-0.035908122761827976,-1,-0.994392375910899,-1,-1,1,0.08085623146590681,-0.048174460278416764,1,-1,0.06879441929560404,-1
1944-08-04,1,1,1,1,-1,0.9721070137994238,-1,-1,1,-0.8403821424102927,0.9207295325941816,1,0.019525578060758164,0.06122658325740704,0.021738430716773283,1,0.039147610171945235,-1,0.8660577079709789,-1,-1,-1,-0.03288064955329184,1,1,0.8371538285547944,0.062019340217804975,-0.0412673202632623,-0.8609538689779106,-0.07693312212837244
1944-08-06,1,0.12159584502975918,0.04336823349350605,1,-0.04704334788197495,1,-1,-0.1311844224236549,0.059298409996128676,0.13540005258923082,1,1,0.9672418262030406,1,0.9628087117643619,1,-0.9387659218330688,-1,-0.11641471496881128,-0.0035656293259465066,-0.023862025289118183,-0.022478187777583813,-1,0.054011373663894746,1,-0.06674686090916171,-0.8863073082018461,-1,0.12642914156624374,-1
1944-08-07,0.07169959955071548,1,-0.9110157418046511,0.06976635152022825,0.9029116722591213,0.06060410426372265,-1,0.8299919331023233,1,1,0.03778170000249104,1,0.007915351556658345,0.007981063807267486,1,0.010435161228236067,0.05497768003007375,-1,0.871595172268258,0.9578544790773801,-0.9805180769737813,-0.997401676393427,-0.015754952535426026,1,1,-0.973633454940278,0.08256897667141783,-1,1,-0.039296108472795965
1944-08-09,1,0.07671052320688276,-1,1,1,-0.8992572730471236,-0.08674048029689307,-0.16551672882772173,1,1,-0.9433860775951429,1,-0.9147127634495692,-0.9650792864520563,1,1,1,-1,1,0.012912882353305122,0.01849254772683906,-0.06766078389317676,0.9609392578340875,0.062242001425806825,0.08558281298970893,-0.044765363039155126,-0.8700078230930516,-0.013167744195102027,1,-1
1944-08-10,1,0.9858513055355925,-0.009104969556167464,1,1,-1,-1,-1,1,1,0.011115576505186242,1,0.03711241287506761,-1,1,1,0.002805340572516468,-1,0.0015738083685995496,0.970841990511733,-0.8993827193789399,0.9317088828409543,-0.030260406490601133,1,1,-1,0.1251096236006204,-0.9697060173542821,1,-0.04137099001221922
1944-08-12,0.07744301138732423,0.02503203391350306,-0.9949614976799802,1,0.01992499741969178,-1,-1,-1,0.13112175683615634,1,-0.951436806126441,0.0038970658083677945,1,-1,1,1,0.9732219708483321,-0.03422076212186509,0.992668142348858,1,-1,-0.05805632374478453,0.899109410825499,0.0038297333295730374,1,-0.035767599585174836,1,-1,1,-1
1944-08-16,-0.8686123748615782,-0.907194071565326,-0.020163767975646785,0.05578697963808943,-0.9705558842186329,-0.09203834160395952,-0.045020947028668434,-4.309798754893457e-4,-0.8562786445226361,0.026550455592178834,-1,0.9499257059223444,1,-0.04964718868760376,1,0.045422870728549336,1,-0.9944669930511779,-0.005092916437961392,0.054477404973909516,-0.017430386097252892,0.805330633654395,-0.09827463427801009,-0.9570686081934653,0.033556514986036845,0.9569612410264609,0.025397581886525744,-0.019504033149028044,1,-0.1031133472111766
1944-11-23,-1,0.08628076711351962,-1,-0.8623331377736885,-0.03496287451643176,-1,0.9310683684401178,0.9738063434890123,0.1430126140907847,-0.9461145976967236,-1,-0.04167538803830195,0.0024664672699712398,-1,0.02069889557886806,-0.8814348358451936,1,-1,0.9658768653554785,-0.8665910944859062,-0.999003595948296,1,0.8217871609284747,0.0330642688155921,1,-0.012679554906595336,0.9919897457337378,0.9742631309758298,1,0.8849503010273385
1945-01-01,-1,-0.899167106539375,-1,0.12332161857889379,-0.9854386827742946,-1,1,-0.010283227772115322,-0.8407515358510895,-1,-0.0847618231897701,0.9252239843374924,-0.8914058946188493,-0.006816329976176538,-0.9656647022916164,0.06082542413248959,1,-0.03593018393913261,1,-1,-0.010649714247117137,0.05623922840981321,1,-0.9604981631359666,0.04634947748381224,-0.9546557522973571,0.007118225045296356,1,1,1
1945-01-29,-0.025639812917106597,0.04117665294665873,-0.08970231016885832,-0.8725304868996586,-1,-0.0064933489000502664,1,0.9517538411941954,-1,-1,-1,-0.07283545407015801,-1,-0.9499616998177002,9.808875199870393e-4,-0.9146076842064765,0.04733779496628454,0.9375592923784913,1,-0.006902307257224849,-0.9666804220535238,-0.9015591399766383,1,0.028214351645620583,-0.9341177865204319,-1,-0.9419872401751643,0.0025238927006321354,1,0.05961752426058098
1945-01-30,-0.9859312894161242,0.9969101918605278,0.8940383932107937,-1,-1,0.9305876303096743,1,1,-1,-1,-1,0.8840629024568616,-0.023719438340154775,-0.0042214284118538,0.9571180682537894,-1,-0.9248277538262227,1,0.11352906871616586,0.9663067552941477,-0.07320629069159612,0.09681219941354746,0.015407517882690458,-0.9584898823563875,-1,-0.033132994487068856,-0.0228360803315395,0.9285734705377222,1,-0.9080931649284547
1945-02-01,-0.013872400505166027,1,1,-0.027197605336044428,-1,0.03625232643215426,0.005455785803443969,1,-1,-0.031868755693612694,-0.0737094865515795,1,0.8972393833348774,-0.9934661399623137,-0.00340883981058393,-1,0.024603698803788654,0.017984337117096683,-0.8768858777177837,0.028468004653701806,-1,1,-0.9565869308448615,-0.034470528116001264,-1,0.9442738523473987,-0.920910976355084,0.025177584818931176,1,0.018747771704341942
1945-02-14,-0.9615613356054797,1,1,-1,-0.012014402614781039,1,0.9570049607782657,0.05554177495168,-1,0.9450381716278459,0.8787908395685474,0.06074123696918443,-0.10029705087760876,-1,-0.9950837448549207,-1,1,-0.9772940668043948,0.12115276937008246,-0.8416566228729061,-0.04414204652158882,1,-0.039623643364078864,-0.9175563720943203,-1,0.016923587718046584,-1,0.9518618207383703,1,1
1945-02-15,-1,1,0.0869827692922801,-0.030768993433999303,0.9242061984299534,0.052812583663210955,1,1,-0.015205866821030312,-0.03523485590935582,1,1,-1,-0.035376570484561665,-1,-0.0020042231622608986,0.0065302874907737785,-1,1,-1,0.9337425949815491,1,0.9529918592908898,0.07165644939826366,-0.014849455630700392,0.9849850433661707,-1,1,0.03487947367613187,0.06223161780038644
1945-02-16,-1,0.031160672751827767,1,-0.9692353784649049,-0.0441401462490254,1,1,1,-0.9240200472188963,0.9287481041355313,1,0.01558229938383715,-1,0.8909292053511145,-1,0.9725725222542464,0.9604009776148293,-1,1,-1,1,1,-0.04423733473733815,-0.918367304938337,-0.9822489558553422,0.026659393044164204,-0.008767521018567703,0.03362340678590192,-0.8906447971228216,-0.9362888568698385
1945-02-18,-1,0.9532326412423969,0.039471001816122175,0.015002497351665034,-0.9990975652805337,0.08643517506748277,0.02175153881849834,0.030043808791068938,0.03738748500844857,1,0.008837109671938848,-0.9753438543353246,-1,1,-1,0.002526807484724336,1,-0.01561678110911402,0.0035627803704102456,-0.10017153788484456,0.016137313589988267,0.031868529889884645,0.9317056576452318,0.055009326451729734,-1,0.9519187811098836,0.9736142910907764,-0.9345620176307986,-1,0.06257585069115335
1945-02-19,-0.03441869485107896,-0.02867443812874171,-0.9523223527795829,0.9839267497269499,-1,-0.8733484353682125,-0.8254530109831553,1,-0.9027041025150951,1,-0.9392333872108765,-1,-0.05076926327460618,0.0857699959785192,-0.017013524275992675,-0.9239312753156456,0.029416629558171925,-0.9829306109528392,-0.9486964683876707,0.7292944399712821,0.9550310415869238,-0.9083235031191765,1,-0.8742854348072955,-1,1,1,-0.003020247502530826,-0.051210540600369336,-0.9041533475636515
1945-02-20,-1,-0.9492992080431604,-0.015093077866524918,-0.0039968239425314245,-0.03213100287700954,-1,0.08832181536334749,1,0.05443733120804617,0.0915623006317906,-1,-0.05454805882940028,-1,-0.9030955041078963,-0.9819997411091494,-1,1,-1,0.02284769364329331,1,1,-1,1,-1,-1,1,1,0.9287151933776545,-1,-1
1945-02-21,-1,0.03336732528432529,0.9699138115269424,-0.99572853480378,0.9232726162813929,-1,-0.7945960021521139,1,-0.8904617561063073,1,-1,-1,-0.005258598178049079,-1,-1,-0.06105887634674467,1,-0.023331901134158617,1,0.0642427139255779,1,-1,1,-1,-0.0159072635539379,0.03913097881967742,1,1,-1,-1
1945-02-26,-1,-0.892943314071629,-0.02739482419946615,-1,-0.007632598707944194,-1,-1,0.13097292287992102,0.04910332988256938,0.15363983684770577,-1,-1,0.8869225791633447,-1,-0.0023194967397777155,-0.991081584441139,0.04351563746238063,-1,9.461527733138908e-4,-0.8474970011729821,0.07529971771316635,-1,0.01588438203674647,-0.04321049005514188,0.842240149627625,1,0.011892008124045561,0.07291253424989774,-0.013619980679544286,-0.018892876752057752
1945-02-27,-0.025947965455784816,0.046392997289094406,0.8729707455179949,-1,-0.9788992579806592,-0.0035197854066832956,-0.009511496101276329,-0.8207042531558691,1,-0.8429586234752197,-0.0577123301306125,-1,1,-0.10006445881258152,0.9956458191348134,-1,-0.9135378243876997,-1,-0.9974768229501697,0.13805783635057622,-0.8607100950215004,-0.04994859913149474,-0.951236600795702,0.8530058884992469,-0.15002877671416437,0.07230731249955258,0.9269410178653187,1,-1,-1
1945-03-01,0.9645099854730821,0.9856855684331062,1,-1,-1,0.9610037525713926,-0.9681789857611044,-1,5.25130240066507e-4,0.09548412279781449,-1,-1,0.036657587498501676,-1,0.07414492376591508,-1,-1,-1,-9.755768959623934e-4,1,-1,0.9449089601536902,0.011193854695781602,1,0.831242436546452,1,1,1,-0.057148623032624024,-1
1945-03-04,0.0070068750216120135,0.06940760405575408,0.039367365883478334,-1,-1,1,-1,-0.015663169076463035,0.9842676611058259,1,-0.040259615562204476,-0.056866321782687135,-0.8931353990874922,-0.09358186050616013,0.9916770399240717,-0.00821918247860065,-0.059258361028195816,-0.006681091253337046,-0.9040951035606062,0.014539312089970724,-1,1,-0.9297013002362545,1,-0.166689567541615,1,1,0.023107126385290777,0.9408189855876448,-0.008866843916894962
1945-03-05,-0.9357073299365997,-0.924907506029734,-0.9569895811141912,-1,-0.0481483780215467,0.040614471063187274,-0.0016083989796852327,-0.9551006009718678,1,1,0.9304268379816572,-1,-1,0.89320976976744,0.020432910652392833,0.9487761365822122,-1,0.9507858059418729,0.03931905679041281,-0.9479572459667467,-1,1,0.03052228478230168,1,0.8211478944868486,1,1,1,1,0.9499749120278701
1945-03-10,-1,-1,-1,-0.021407704736432387,0.9389073066649377,0.9692264539881723,-0.9787500824283161,-1,0.014367629203985044,0.0790859035540642,1,-1,-1,-0.08982413889070207,0.9136649459340914,1,-0.0020453277760167365,-0.015349964349750223,0.9537170512519686,-1,-1,0.048617789771632,0.9917143104881367,0.041814878137980904,-0.15415032422972608,1,0.037737429942440004,1,0.03520028418703469,1
1945-03-13,-0.06029675083051056,-1,-0.01701242417799398,-0.9766346317143342,-0.024847642325107278,0.020099986721344942,-0.00422917068494244,-1,0.9965888008510813,1,0.017032655511471706,-1,-0.01327587637193317,-1,-0.07574483737486748,0.023233924862910205,-0.9602078072266539,-0.946919080364321,-0.03821460072381244,-0.024499240277181755,-0.004645108387759445,1,0.019904844030867674,-0.9408390586671681,-1,1,-0.9462755326353944,1,-0.917766278925494,0.004099350452961725
1945-03-14,0.8406521080304229,-1,-0.9937621709678821,-1,-0.9780269459211014,0.9855023008054334,0.9751905096208263,-0.0597087594801351,1,1,-0.9086414707774275,-0.029268640930463108,0.9848675028546794,-0.08392942249646307,-1,-0.9075301518984985,-1,-1,-1,-1,0.9448901484785309,1,0.9846939016781587,-1,-0.0905625479863661,0.024158851981100793,-1,0.019431093698544677,-1,-0.9660496850940596
1945-03-15,-0.02749192665295941,-0.03749594755345109,-1,-1,-1,0.011713756622425908,0.03228897157474908,-1,0.024890404121284182,1,0.07138871220372645,-1,0.006837343384820893,0.9023817265047126,-1,-0.005400677838990453,-0.06806684195489576,-1,-0.027595293506657015,-0.09043337260952378,1,1,1,-0.049932620175688336,0.8927945520053763,-0.9388820592674413,-0.044620791134118876,-0.9648697618642544,-0.015293411759747522,-1
1945-03-16,-1,-0.9689308991580581,-0.03828219619455908,-0.053293184751217915,-1,-0.9782229414358499,1,-1,0.9950130258570636,0.05045249885167258,1,-1,0.9781772722868116,-0.05936239062790094,-0.045221914963162746,0.9134830826655677,-1,-1,-1,0.9011410402446421,0.0010814657140499895,0.012422007079034292,0.003916365579354153,-1,1,-0.031759574257508416,0.9433177784791399,-0.026940087434343507,0.9481112375142718,-1
1945-03-18,-0.05218308105656977,0.029903427371558045,-1,0.9429946767729737,-0.05503104527809044,-0.01892833664961402,1,-0.008123592305826488,1,0.9705316695409304,0.042697884349311876,-0.04219954832318551,0.10842711091827306,-0.9792819532525219,0.9436486224328483,1,-0.023843012374794803,-0.057530748631529405,-1,0.07649709267859195,-0.8918184445935393,0.917399666223186,-0.9356773371639403,-1,1,-1,-0.02593964790018566,0.8779211138121861,1,-0.10560571275376263
1945-03-20,0.9060199895396136,0.9700665310283143,-0.04568832076563889,1,0.8770655750469881,0.9468399598198379,1,-0.9390885430504664,0.08723973135661611,1,-0.8509549879826676,-0.9849589277800262,-0.8374282569456183,-0.03154627352617856,0.016443785891118057,1,0.959917805838595,0.9148734030701936,-1,-0.9029781615749124,-1,1,-1,-1,1,-1,0.8625661626490357,1,0.053488740317235384,-1
1945-03-22,1,0.021562640781581544,0.9379612040889564,0.10058887885881806,-0.1120095060418489,-0.047374519446193086,1,-0.004779529197594168,-0.80775421365513,1,0.12521363824858922,-8.805869879050521e-4,-1,-1,0.9202666815058945,1,1,1,-0.06715129468623593,-1,-0.0028739322661039957,0.007378397213357646,-1,-1,0.04771338009675852,-1,-0.1213695822319143,1,1,-0.03414919203701261
1945-04-01,1,0.9698410534533165,1,-0.8631095373771367,-1,-0.9316732091149345,0.0851363287610225,-0.9569650930357075,-1,0.052916867184346295,-0.8464178509118532,-0.984006504558463,-1,-0.06184573871764831,1,1,2.7646715207385597e-5,1,-1,-1,0.9771927955080377,1,-0.023099434526161033,-0.04110329773364152,1,-0.07221039500590376,-1,0.09548539818819601,1,0.9226225086002429
1945-04-12,0.03920498993767185,1,1,0.10871733027371455,-1,-1,-0.9046518244209847,-1,-0.017751826921183933,-0.9022933998607987,0.12275838242776449,-0.016573483534269684,-0.06473362896194745,0.895110238240851,0.0033169196853476413,0.10581631483578424,0.9894163187199435,1,-1,-1,1,0.06263067291439284,0.9650930083758713,0.8510382852840414,0.054570286624348485,-1,-1,-0.8597471502986113,1,1
1945-04-13,1,1,1,1,-1,-1,0.09092904495126486,-0.028582915312040935,0.978063578333375,0.059381533849076185,-0.8660463686478952,-0.9975546001726731,-0.9773637278974686,1,-0.9935401691817415,1,1,0.04984182630544243,-0.0531243891185722,-1,0.010258428572730516,1,-0.020385652680564248,-0.11629409941189306,-0.8756393795194856,-1,-1,0.1022754906495259,1,0.02798638021368227
1945-04-14,0.045099652654639666,0.014799520713052128,0.006092799778084967,1,-1,-0.004287600258152446,1,0.9188731492236485,-0.018152480922565495,-0.9379060635277895,-1,-0.059405695641979506,-0.020802488448725343,0.06937870830212889,-1,1,1,-0.9164523901565094,-0.9441262634132278,-0.10228158382086194,0.9706165047211399,1,0.8993019493921446,-1,0.06047708569541921,-1,-1,1,1,-0.9718529761127694
1945-04-18,1,0.9957162014584557,0.9251090429269296,1,-1,-0.9936027239807609,0.04405760004316228,1,-1,-1,-1,-1,-1,-0.9165677928957799,-1,1,1,0.003390338751763977,0.04243597728591386,0.8561297606233277,0.021684038581363807,1,-0.0768505490335597,-0.1410331782809524,1,-0.01795264806883845,-0.07993026548521165,0.08353090281518727,0.025669262014490157,-1
1945-04-29,0.04320740035726778,1,1,1,-0.01739858070162892,-0.031621194545389475,-0.9364323088248981,0.04708471420982807,-1,-1,-1,-1,-0.04153391475546897,0.07102974224454917,-1,0.040954354761495226,1,0.9680712784904011,-0.8608339926218345,1,0.9278655623265742,1,0.8763597803900036,-1,1,-1,0.8554997507632036,1,-0.9212437730539379,-0.013746754149501439
1945-05-01,-0.937543161598834,0.0546814278012131,1,0.024515621000990806,-0.9699009510855151,0.9123697708835986,0.01300695543497521,0.9548681103090271,-1,-0.14923255769103416,-0.0950878759588969,-1,-0.9994644291648457,1,-1,-0.9294294638437974,0.034104858955314565,-0.028635748314351006,0.05958420303698164,1,1,1,1,-1,0.04380014656076281,-0.00791704379875402,1,0.11370285971915306,0.064551206446266,-0.9732261235138465
1945-05-04,-0.0064198246909881185,1,1,0.997354215281037,-1,1,0.9604591241682637,-0.0030185785231315876,-0.010829058524416513,0.8467681201515581,-1,-1,-0.020321098207394583,0.01938641454358503,-1,-1,0.9374741799787331,-0.9981283036147774,1,1,1,1,0.003981863273025854,-1,-0.8894302923685597,-1,0.03463976287416126,-0.876881524638616,0.9980009763993386,-0.03512322490360542
1945-05-06,-0.9643971438291199,0.06522002406875238,1,1,-1,1,0.03198415873198113,0.975258058094222,-0.9687703282330958,-0.09658242250680837,-0.007617876216468922,-1,0.9502206522261644,0.9643101732459196,-0.02600219519945679,-0.02972600820226845,-0.0075233293277834346,-1,1,1,0.04853168113343809,0.08749615691373824,-0.9791669028686433,-1,0.10645410717969728,-1,-0.8630060209515477,0.05666633720626979,1,0.9469269853091048
1945-06-04,-1,-0.9343706844628394,0.026288934490046878,0.02257964435955806,-0.00468984794884153,0.008999784044273818,1,1,-1,-1,-0.9814837644862819,-0.06417281780025297,-0.0031375882456043946,-0.01958424769507905,-0.9393646617694487,0.9457030112605054,0.8871190101094786,-0.04861730193953551,1,1,1,-0.8898541435901135,0.0024231130818829216,-1,1,-0.011188089544946545,0.1365491032284858,-0.9245842104379922,0.10039940052343954,-0.050729722032394786
1945-06-07,-0.04683250300960895,-0.06116583598175784,0.9941499890609994,-0.8949727385214966,0.9547483582325076,1,1,0.062246606446455965,-0.010276020243116468,-1,-0.02334228711404529,-1,0.9706559619921526,0.9559151072909179,-1,1,-0.09512246136660907,-1,0.03322748943849374,1,0.009204813132549172,0.05761978937130108,-0.9747159005040026,-0.03203150942739963,1,-0.8789994417347455,1,-1,-0.8962965537568811,-0.9805323805828573
1945-06-14,0.9395995794869455,-0.9895472954335572,1,-1,1,0.03858192544623584,0.026417886842459826,-0.8817818509317882,-0.9559337495577275,-0.04640065156368067,-0.9781357147022478,-0.007373324836634221,1,-0.029185620488828556,-1,1,0.8234594357317316,-1,1,1,0.962951235302436,-0.8528189720927466,-0.03957753264714148,0.9621851313116075,1,0.11355531620735637,1,-0.02629897357145161,-1,-1
1945-07-01,1,-0.09179225106979672,0.010490105197118127,-1,1,1,-0.8784802130653868,-1,0.025775069904612202,-1,0.018658329886122926,0.938970427002065,0.06717546616563519,-0.9303481424908995,-1,0.0669931440780891,-0.1679072234192659,-1,1,0.04236713815265736,0.02420667983164393,0.10591815715696329,0.9040963702559005,1,0.08339145255342417,-0.8546876496645635,0.006165070013023466,0.9418588583209168,-1,-1
1945-07-09,0.0026256594809180855,0.9005602780964767,0.9638750452797706,-0.052586801237349934,1,0.005523721948662352,-1,-0.03740288972289563,0.9901303879771788,-0.0012291374769920482,0.9870979157953713,1,-0.8597509113012528,-1,-0.024090619311887163,-0.9266770688398868,0.6989124366955571,-0.02565030854343142,0.05112479405848791,1,-0.9233851090152051,-0.8834983125605186,1,1,1,0.04213810676207441,0.9642634227035071,-0.00551449637105017,-0.014901983086775372,-1
1945-07-13,0.9734826418180079,-0.0681139216822697,-0.02178066971330095,-1,1,0.9703970545226851,-0.013948846698530581,0.9247204250266806,1,0.9688530061188471,1,1,-1,-1,-1,0.05982267136886443,1,0.9595784221936963,-0.8790336113672468,1,-1,-1,1,0.032707471492539164,0.040896126496719254,1,1,0.9255446001387085,0.9359764297892135,-1
1945-07-14,0.07019671486969503,0.8603181015844201,-1,-0.08836205389759544,0.07524591305817407,-0.017660340242415806,-1,1,0.04684235424140826,0.02416656531365824,1,1,-0.021093071033879807,-0.08659634484321033,-0.06919061480690458,1,0.04302339587176773,-0.015921758855998558,0.030621172869622626,1,-0.07682024773854845,-1,1,-0.9627046911646374,-0.933332464384188,1,1,0.011527774861739615,1,-0.06219166388645625
1946-01-01,0.989957361538616,1,-0.03675418834660249,-0.9904266857469605,1,0.9607621791895847,-0.051183972620506,0.06571234645306157,0.9283978415286025,0.9681050978644287,1,0.023164461672681158,0.9584184683557831,0.8675093321745675,-1,0.027431686079460005,1,0.9015433191109551,0.9246307104351328,1,0.8864546657056527,-0.00677580735690253,0.03665571818408986,-1,-1,0.05833675271369754,1,-0.9393314906952911,1,-1
1946-01-15,1,0.05088736918683767,-1,-0.05432986665988815,0.08940643612597421,1,0.9291924918802842,1,-0.05609037642382475,-0.02859381093853075,1,1,-0.009611888542734093,-0.13207720881673723,-0.004390299217867044,-0.9664910479180453,0.02343793948631201,-0.058182579542329305,1,1,-0.06690581782969285,0.9886243067480344,-0.9438247434124728,-1,-0.06483415610632781,1,0.04468876911692421,0.05447469061206045,0.002716396476033389,-1
1946-02-21,0.06967140808420247,1,-0.003187586554189603,0.9382680381871534,1,1,-0.030840866979313875,1,0.9386011817195182,0.93473059692949,0.033002531381862044,1,0.9487474593629148,0.8575977334637286,0.9316900039374055,-1,0.9349939550594206,-1,1,0.04163179927800398,0.8806918933731586,-0.01072257153549283,-0.0038851456208806034,-1,0.892795054017775,1,-0.9514582536293376,-0.9442307802638632,-0.9250999673024676,-1
1946-02-26,-0.8988904325796214,1,-0.9871798079314958,1,1,0.020671461786785694,0.9428603724549813,1,1,1,-0.95736748676003,1,1,1,-0.04694113250420384,-0.04423523853637712,1,-1,0.08459097756757128,-0.9085712798027843,1,-1,-0.96468315400973,-1,1,1,-1,0.04728405690178461,0.07464038665011563,-0.03818733605930913
1946-02-27,-1,1,-0.02443170864618749,1,1,0.9863155169012718,-0.01455765971842593,1,1,1,-1,0.03807707851573161,0.04714115503256944,0.07435673090954587,0.9453378908392259,0.9072901458106267,1,-0.034607635503719814,-0.903927214451792,0.00124083998738167,0.11585775360528294,-0.06125074589484503,0.00480386265567756,-1,0.01064151538348912,1,-0.060040067375791706,-0.8974614625766085,-0.8741753890741231,0.9207884797209553
1946-03-01,-0.06512004921874748,0.008425345457853228,0.9180549631473399,0.011580758696366877,1,1,0.9254024445911677,1,1,1,-0.041329549677046384,1,-0.9135473072642998,-0.8893162559537465,-0.037656888337814776,-0.06718912364893326,1,-0.9826853457557041,-1,0.8826813406862578,-0.8735820462633989,0.9031914361932237,-0.9515452874557307,-1,-0.9726132114042062,0.008574557966069318,0.8978202808298845,0.0836487206350971,0.12579639822043165,-0.05460959938105103
1946-03-20,-1,0.9923759887494953,-0.07369675128525821,-0.9415717562086299,0.014711613063681073,1,-0.07236050510862413,0.030808500576139708,0.003386734295145022,1,-0.988460854279395,1,-1,-1,0.9096775621147207,0.8719928555135549,0.05803310379207671,-1,-1,1,0.03468785240125283,-0.07304584586285667,-0.023732736152782596,-4.1103434753442247e-4,-0.018368135285436238,0.9757776729434259,1,-0.8952911423552748,-0.8651610354316,0.9144004993156049
1946-05-01,-1,1,-1,-0.019347837130743395,0.9941689403734226,0.08393523057107666,-1,0.9823420355708182,0.9308630641891157,1,-1,0.029001851984709726,-1,-1,-0.0772648036756346,-0.07296471554813833,-0.8560682545087697,-1,-0.011228535209724666,1,1,-1,0.9637534716702447,-0.9130742236487656,0.9515230947392793,1,1,0.09494732865029532,0.10153441584473755,-0.07075830484891699
1946-05-05,-0.0023095120791973844,0.0030243452556583117,-1,0.8669108421575638,0.017545641651598776,1,-0.057534057193550314,1,-0.033410999642576544,1,-0.03431493846247702,1,-0.015410066142375833,-1,0.9147137221746232,0.8745183458454509,-1,-0.043904113004162304,-0.9777042952654137,1,1,-0.06973990310093225,1,0.05773955045846357,1,1,0.045043774259152514,-0.8712334144502943,-0.8277726484125576,-1
1946-05-28,-0.9094328082111425,0.9764964934434556,-0.0362911055809193,1,-0.925553000475679,0.0044395329139446105,0.9100167220252355,0.0735564183605063,0.9246206142726784,0.0029628713919185312,0.9389924253744348,0.031277411770154084,-1,-1,1,1,-0.042531960127932256,-0.9737835395101303,-0.021453074401758365,0.01502486181397844,1,-1,1,1,0.017578667911270496,0.020048156291401886,1,0.12451788197333968,-1,-1
1946-05-29,0.07997631787711001,1,-1,1,-1,0.9781249393115948,0.024425476753755393,-0.8313764998737155,-0.0167385342926768,0.9365090860331021,1,-0.8817600116858723,-1,-1,1,1,-1,-1,0.939207222977491,-0.9820346310141618,1,-1,1,1,0.9902907508857006,0.9155874858332346,0.03168615834036781,-0.8740304273134254,-1,-0.03128432913092749
1946-05-31,-0.9131568600602691,1,-0.013031986468635681,0.01722014367231306,-0.0441585974020271,1,1,0.16056329506333178,0.9183037240607526,1,0.10046548346089246,0.04118718377120023,-1,-1,0.012496918111217115,0.003930377411212271,-0.07133692181762574,-1,1,-1,1,-0.09669474824641844,1,1,1,0.012615998047348476,-0.9463982963124647,0.1067269044170791,-0.023169751235214475,-1
1946-06-01,-1,0.04755926643514763,0.9066475406115369,0.9316349652035458,0.9550829713448137,1,1,-0.8165992267389148,1,1,-0.8935965786918391,-0.9296650598068071,-0.012517136186886546,-1,0.9494635290687529,0.9634744315488117,0.878882370324043,-0.06294985156974964,0.032450992236619736,-0.038008484475172466,0.03617669891949671,0.8506672236130541,0.03270812050923677,1,1,0.9486380825909589,-1,-0.865300115124596,-0.9990212941546742,-0.013244675181469545
1946-06-06,-1,-0.8956193863360409,1,1,1,1,0.006008555791442438,0.13942935243753307,0.017029788810013713,0.05567060944366453,0.0922876151484553,0.06102666578398541,-0.9927778918042015,-1,-0.033934499949243135,-0.036498285551601395,-0.05432076727213653,-0.9997216871987072,0.958500555094134,-0.9543554441282699,1,-0.1425308925168972,1,1,0.10041344125564033,1,-0.026383815441816005,0.12770605550407488,-0.024677898039732526,-0.9995702451228563
1946-06-08,-0.04776565956774592,-1,0.02553928156979335,1,0.03308403598441434,0.03273625068364172,-0.9698858570643667,1,-0.8564998998685717,-0.8791047288707639,-0.8877239433939454,-0.9350490175173266,-1,-1,0.894940692608128,0.937758545072203,0.9422595395933346,-0.002094546922137841,1,-1,0.1312495338664128,0.8317442134404978,1,0.024533525797841182,-0.8422450311002782,0.07298193867640035,-1,1,-1,-1
1946-06-13,-1,-1,-0.9678803837792485,1,1,1,-1,1,-1,-1,-1,-1,-0.03267070931655147,-0.05282135959428713,1,-0.057565757869668666,-0.057430972361409816,-0.9306917018714046,0.019711589642439353,-0.03219231902513198,1,1,1,-0.9441466374249499,0.12569016480396344,1,-0.04377175919131793,1,-1,-1
1946-06-15,-0.059690930480684856,-1,-1,0.007137498041640433,1,1,-0.048857849308432066,0.06790665624180792,-1,-0.004412430122048838,-0.009330739623935824,-0.0571634384934856,0.9294722556181324,0.9347357988541126,0.015421382325094046,-1,0.9237194974239601,0.011320831421056443,0.9911989354481404,0.9275528587196757,1,0.06271850476641339,1,-1,-0.8408618712711085,1,-1,0.0107611200815112,-0.045913051631407575,-1
1946-06-17,-0.9620435851356798,-0.04517648307580846,-1,0.9870154668778333,1,1,-0.9531936779366169,-0.9159107848325424,-0.046822321938145395,0.9556466812627838,-1,0.9379007105026804,1,-0.04882276185849321,-0.9152397126562528,-1,1,1,1,1,1,1,0.004147853358778764,-1,0.12261958452028265,1,-1,-0.9514348772973826,0.9331955668014296,-1
1946-06-21,-1,-1,-0.014743203221702972,-0.0028386290864396146,0.012876920827267213,1.6390719296710543e-5,0.03671745185560815,-1,0.9045237398842754,1,-0.0486166788639435,1,0.040012025846044796,-0.9689622522511636,-1,-1,1,1,1,1,1,1,0.9802853696179198,-0.0033293073692207686,1,1,-0.03604256051820509,0.034889592591787144,1,-0.03127291517544817
1946-06-22,-1,-1,-1,-0.9430057359465366,1,-0.959745929341681,0.9695053566635619,-0.03291944876934361,-0.05516118112538615,0.007964297152210698,0.9207552004474842,0.05316227799269657,-0.9343963177649481,-0.06062425453375586,-1,-1,0.056669049478556444,0.06163343017451273,1,1,0.03884528248011998,1,-0.005977859136950814,0.9408640043606469,1,1,0.8933631566472089,-0.9509530365849518,0.010779852566654369,0.9360068891554322
1946-07-03,-0.04343368874538822,-1,-0.06385768854365104,-1,1,-1,1,0.8989204940853435,0.9305132211722176,-0.9414838578221488,-0.019922361427086588,1,0.05414095886471515,0.8326626361972927,-1,-0.0033463386316009425,1,1,0.0803307002304493,1,-0.9396747632601159,0.055462411617133056,0.9715213329145965,1,0.026355315456569328,1,1,-0.02241777367496245,0.8774838967985686,1
1946-07-20,0.8766946036859394,-0.015552655188987075,0.8979104989621652,-1,0.08834581667802666,-0.015859905760688076,1,1,-0.05886496827470633,-1,0.9673922050503527,0.012734055770921238,1,-0.15352885009711592,-1,-0.9752202027298783,0.038640658771798786,0.015117689275845114,1,1,-1,-0.9349759952312255,0.009213456166680456,1,1,1,0.056355283938088974,-0.9894957926481157,0.0016894488667823504,1
1946-08-24,-0.11797371538598589,-0.9754127964733685,1,-0.004242793069315409,1,-1,1,1,0.8993591124285141,-0.006379147522268314,-0.008586783558674371,-0.9358420072992828,0.03309908080750612,-1,-0.02294235704037395,-0.013830275893284782,-0.9459675471492326,0.9670593976193536,0.017222808734439377,1,-1,-0.0038966466266004973,0.9860035718927006,0.04614591838247839,1,1,0.9826352189390106,-0.002548005393028241,0.9875878077902341,0.03542105660143846
1946-09-01,-1,-0.022687726563000443,1,-0.9367553951848373,0.02923104543270194,-1,1,1,1,-0.9681852446393504,0.9246988123421167,0.052394818075625293,0.975379613228931,-1,-1,0.8988869679830603,-0.044060898498733625,0.014770183638782575,-0.9575884955960646,1,-1,-1,1,1,1,1,1,-0.9647555679847167,1,1
1946-09-02,-0.01219431654355363,-0.9889236745734848,0.024491843774150035,-1,1,-1,1,1,0.060436174358782235,-0.03552188457757255,-0.05949680211705122,1,1,-1,-0.09190410421858641,-0.02397401839197899,0.9138543540732827,-0.9786316663278232,-0.10085976787321849,1,-1,-0.04661664335370597,0.016866244123500684,0.0932927922491722,0.038134385195259135,0.044614117273891085,0.07763917964071865,-0.04080950113968307,1,1
1946-09-03,0.9832100040215099,-0.10995018835676451,-0.9530594665734746,-1,0.034164884829857245,-1,1,0.09861725743119942,-0.9026014719140775,0.9053048154122216,-1,0.04488551352123382,1,-1,-1,0.9172082028504386,-0.06898670186850386,-1,0.8921714182778743,0.010562115936282868,-0.011799070233791342,-1,-0.9582975094494136,-0.8151754416483072,-0.908664937862757,-0.9131676882957768,1,0.9480339531455692,0.07659041516851617,0.03244022216332121
1946-09-22,-0.0013492515525339588,-1,-0.02404809621583137,-1,-0.9506990018557447,-1,1,-0.8399725568439562,0.07057827046519183,-0.04992025723234317,-0.014610269114889496,1,1,-1,-1,1,-1,-1,1,1,-0.9823952240208064,-1,-1,0.13805728306828857,-1,-1,0.08802783908371681,-0.03869144286409043,0.9919947554500761,-0.8969670421835084
1946-09-28,-0.9591662906840722,-0.06678103172794891,-0.9851478321946154,-1,-1,-0.008840806391098965,0.03626666389300681,0.13122872486286208,1,0.8966832931996255,-0.9327584358256379,1,1,-0.008261476056824812,-0.0405937042308635,0.017874899368922836,-1,-1,1,0.01789839385200165,-1,-0.013560646614905525,-0.027124556718823967,-0.8572023366828867,-1,-1,-0.9005579280376492,-0.969136352637032,1,-1
1946-09-30,-1,-1,-1,-1,-0.023149970176028045,-1,-0.927742813455569,-0.868715713188965,1,1,-1,0.04131503396904135,0.02948111634501749,0.9271679643566666,-1,-0.9676692860986218,-0.01478086220050856,-0.018091089391180537,1,-0.9543989620439549,-0.009827931734875173,-0.93420378313289,0.9380455863218669,-1,-1,-0.034313901842971894,-1,0.030150730505487555,1,-0.08165199372170762
1946-10-01,-0.035519786835128686,-1,-1,-1,-1,-0.026673989754786298,0.041771000651130596,0.071776847033587,0.029351100402806862,1,-1,0.9750922696540136,-0.9682352573946381,1,-1,-1,-0.9886145497099084,-1,0.0016809765897541906,0.03248063185010164,0.9710544626135621,-1,1,-1,-1,-1,-1,-0.9247564734215996,1,-1
1946-10-14,-1,-1,-0.015683570819428727,-1,-1,-0.9784226642054366,-0.9067503277381804,-0.874910974625841,1,1,-1,1,-0.03197486560682683,0.1064595520468421,-1,-0.04619952802592919,-1,-1,0.9462966183833076,-0.954314210347015,1,-0.032926235894445544,1,-0.05203240816003374,-1,-1,-0.12238910516315049,-1,0.060101844864933085,-0.011126745655987036
1946-10-19,-1,-0.052798621479112295,-0.9572192789101059,-0.027965831892328374,-0.01399693047721784,0.0032465080349931563,0.052513321359286436,0.11671786081660018,1,0.06514553160765868,-0.0532027005526865,0.08065014135092952,0.942970400659293,1,-1,-0.9623230292107471,-1,-1,0.006308777385531261,-1,1,-1,1,-0.992516204426028,-1,-0.03329256629432942,-1,-0.003926008024460748,-0.8386963852431011,-1
1946-10-21,-1,-0.9740420206031309,-0.026704521216027954,0.8820685136417582,0.9579786119292254,-0.9479292899147584,-0.9339884536999513,-0.843675128380369,0.010087757197176694,-0.8798949612087544,0.9039666233798871,-0.8656999554018131,1,1,-1,-1,-0.018690031791908313,-1,0.964537593749769,-1,0.005808721414284124,-0.08063414924220813,1,-0.002696689371388117,-0.022100064411695652,-1,-1,0.9736825955235924,0.08393156844269223,-0.014578193420359264
1946-10-22,-1,0.02302643168802121,-1,-0.08569339146686938,-0.007266587276093972,-1,0.06400077035032958,0.1153411622272712,0.9794925704446249,0.029996594879102112,1,-1,1,0.08387406154325161,-1,-1,0.9409417125794962,-0.018191470414218314,1,-1,-0.9183633928691629,0.8946547832242351,0.031054589026512924,0.9340989062162067,0.9627944127379342,-1,-0.05294447931739543,1,1,0.9836594913327324
1946-10-28,-1,-0.9009575312044037,-1,-1,-0.9641066235219417,-1,-0.9155001057005996,1,0.015092412922361742,-0.9040653302508506,1,-0.030438673446003484,0.08314146430781977,-0.8974358719026363,-1,-1,1,-0.9580771232983889,0.009361552113627325,-0.04364584773201585,-1,-0.09853816119227965,-0.9557268550777512,-0.030861242987116788,0.021993521707712294,-0.002745206014120205,0.9078091918975958,0.07147955167400655,1,0.013950036406675581
1946-11-01,-1,-1,-0.06578801602886031,-1,-1,-0.017096814425516693,-1,1.2426392570841216e-4,0.9537863589101064,-1,0.029637693864399184,0.9620232276827831,-0.9062062148331468,-1,-0.030235022843056125,-1,1,-0.01175393226127941,0.9752032473362927,0.9283218478269164,-0.10179216791429457,0.8900844694711465,-1,0.9666935311309374,-0.977673393549766,0.8936920801231357,1,-0.9103226813644191,1,-0.9691328818724891
1946-11-03,-0.03470356203254521,-1,0.8525450027200762,-0.06657384099903307,-0.03383548251669044,-0.9228168620065444,-1,0.977603574698817,1,-1,-0.8611565555476989,1,0.07234139787567961,-0.02796921219996351,0.9401152675732726,-1,1,-1,1,-0.06643429693119673,0.8582232915931822,1,-1,1,-0.014364531290650517,1,1,-1,0.04696874163433318,-0.0032528149659744043
1946-11-06,0.9273126958255822,-0.08779404287060999,-0.14221456792759257,0.8989750730921712,0.9208831054932185,0.05175218738035625,-1,1,0.030719249322690434,-0.03376294433394411,0.11020539187077916,0.06483305024676389,-0.893801716944041,0.9338251651787696,1,-1,1,-0.004539207241612386,0.08146203692243614,-1,-0.10686540939501132,0.02098154297814725,-1,1,0.9154269054968313,1,1,-1,1,0.9885283961171439
1946-11-13,-0.051960972328434774,0.9087021661760258,-1,0.015244019578797396,-0.06653881057567435,1,-1,0.11175328388704686,0.9580853903140389,-0.9698490536538568,-0.8431172832563587,-0.8868666077804298,0.029544299395388163,1,1,-0.024392184832523367,0.001881863472896872,-0.9983065034408711,1,-0.07264400715252983,-1,0.894133944133325,-0.020168722228627423,1,-0.060643066038824744,1,1,-1,0.010490857520462527,0.06217818688232657
1946-11-23,0.9058283193201918,1,-0.0783454146888336,-0.9846098986942747,-1,0.02686937921378363,-0.0685597661690841,-0.8011896262816016,1,0.002390590878417198,-1,-1,0.9513148702563496,1,0.023968656795538723,0.9334726446082546,-0.9570653179189903,-0.02751156509351116,0.11744214224170924,0.9254011275576207,-0.035444041633595935,1,0.9425958468680017,0.02138838310939406,0.9253526523221803,0.02398899454935377,0.0068824247511243275,-0.02432327101307641,0.9667822629217271,0.9155191572962675
1946-11-27,1,1,0.9180270293342924,-0.005299936308373665,-0.028222267253256383,-0.9645664069626726,0.9092412760682319,0.11452325661499219,0.011628991847229986,0.9856245497696441,-1,-0.011617426437359302,-0.0031410987502453747,0.04579699172125817,-0.9437659720280002,0.020651496457088858,0.016806954963616172,-0.9570421232081296,-0.8757280404524271,0.006040534088968763,0.9080027375713996,0.012835625586464672,1,-0.9680864764909398,-0.06372146358541209,0.975819426355113,0.9886521340861557,-0.9472804695726025,0.028233289609743917,1
1946-11-29,1,1,-0.04151876505784413,0.9589907364658443,-0.9862896504144227,-0.013054934776481564,-0.07366833104076254,-0.8473825820713816,1,1,-0.05057953653323233,0.9537669162405271,0.9892280786302261,-0.8362533568821746,-1,-0.9602302146174709,0.983832497626662,-1,0.04874898176815301,-0.9514842764823613,1,0.8926849043841424,1,0.021757304860251958,0.8349857854669208,1,1,-0.010830074443661575,1,1
1946-12-07,0.047812121314320555,1,-0.9736834791101845,1,-1,0.9500895580252393,-1,0.10948881127020693,0.0162256945655479,0.052323973946547975,-1,-0.03991487080320455,0.02556763048599575,0.0987742588537126,-0.01662170635768967,-1,1,-0.022504177090095445,1,-0.07415707589864151,0.0424072858929232,1,1,0.9969281573985107,-0.11889403391352782,0.04890490546323856,1,-0.9750908571986275,1,0.014879683142729694
1946-12-20,-0.8689790539080446,0.06101263538750623,0.02090502227540525,0.01710847734353249,-0.1027294116537717,1,-1,-0.8627389852746994,0.9969481639309411,1,-0.044880517703015155,-0.9782227787806596,1,1,0.9657524982420573,-1,0.010451250267689227,0.8744638910435462,1,-0.9938928120226067,-0.9461150355772713,1,0.03151283793440485,0.040918192226802375,-1,1,0.09811995483229763,-0.014379004592892985,0.08065076704730656,-0.957568899007354
1946-12-21,-1,-0.9318892157027592,-0.9478587557376297,-0.9677023382868011,0.8712868809862986,1,-0.053326909496147046,0.13233851059756974,0.02049550394838029,1,0.9316397145067734,-0.11948662085267181,1,0.03397308781661246,1,-0.004119967269077152,-0.9260525228905301,-0.10723604196904979,0.07736439720238009,-1,0.02835632321347825,1,-0.9447432323017511,1,-0.01716324160425231,1,1,-0.9723250594302187,1,-1
1946-12-26,-0.004568934653616297,0.0343585731870929,0.03317235517850281,-1,-0.07390013932638151,0.030405366018862123,-1,1,-0.9739799061188894,0.06349731261579072,-0.06250174191483593,-1,1,0.988600399906789,0.013500211918513472,0.9834063777499955,-1,0.8665908204103098,1,-1,-0.910452228464733,0.023400980953134032,-0.06812522230214724,0.12550918662594368,-0.9210507600545706,1,1,-1,0.0621055317825554,-0.039964889438803275
1946-12-27,-0.9920747782449861,1,1,-0.06455873417681979,-0.9796099100624119,0.9044240810396296,-0.02565097818572659,0.0804514348391191,-1,0.9606530620908917,-1,-1,1,0.04489328814064908,-0.9610955948089202,1,-0.02574808193168454,-0.11823757658354561,0.07498774483232928,-0.007052505039251145,-0.007054984904701578,-0.9623658388461541,-1,1,-1,1,0.022323004906420474,-1,-0.8807402508076887,-1
1946-12-29,-0.03388578352939364,0.009659305307231025,1,-0.9693149214841357,-1,-0.06865325780896936,-0.9943366438839115,1,-1,1,-0.020905375816468452,-0.012776549256921399,1,1,-1,0.0029906103158211517,0.9140636707578663,-1,1,0.9401863366811467,-0.9728568317275457,-1,-0.007135671582036762,1,-1,0.01536908857335284,-0.924293288919995,-0.11681776059077187,0.09223073368775536,-1
1946-12-30,0.9418572311464058,-0.9657012720460033,0.02074026050876321,-0.03012117471630482,-0.01016505603812301,0.880194990939171,-1,1,-1,0.026772520594889215,0.9355513825781746,-0.9597903414966797,0.006570756046243242,1,-1,-0.9755088842269751,1,-0.14607891531643924,0.15787689855564213,-0.0439754391505951,-1,-1,0.961034218863837,1,-0.013732370250374326,0.9489624776626343,0.05935362969876201,0.8388660151856749,1,-1
1947-01-01,1,0.033747679281971976,1,0.96858599084643,0.970058914468659,1,-1,1,-1,-0.9702634975477805,0.02780233396383247,-0.05589964424929339,-0.9751876053034456,1,-0.07301945304180013,-1,1,0.7683113692012177,1,-1,-1,-0.14144026106903407,-0.020110013253924586,0.06072677432042006,-0.9542154100016955,1,-0.9152322146407064,-0.03706120043361383,0.052813389059412685,-1
1947-01-03,0.11649657359312182,0.9523675140496359,1,0.015979833769404816,1,0.04372175266779599,-0.022033899200973428,1,-1,0.015752603886084238,1,-1,-1,0.022231461531537433,-1,-0.0015033463875042674,0.09362527764767792,1,0.07327137522193594,-1,-0.013461488722815385,0.8389461207571829,0.9643946578894939,1,-1,0.013187770992331593,0.05596309166802649,-1,-0.9391586367015523,-1
1947-01-06,-0.7882604270550951,-0.01743452828132286,1,0.9865432584047031,0.03498502099679146,-0.9225176380341278,0.9632845405296561,0.024950493900762205,-0.0635375971145764,-0.9314018837166342,0.01697223683455462,-0.0028420856326111243,-0.07417371250085514,1,-1,0.9540529987386175,1,0.033097854801049986,1,-0.0659353875813139,0.9687883733780309,1,0.0040027401841168375,1,-1,1,-0.927168592935088,-1,-1,-1
1947-01-08,0.1888830817493553,-0.9125281975574008,0.007273470476651056,1,0.9387141273060143,-1,0.0413383092006997,-0.9460060577440909,0.8951421078364878,-1,-0.9821877784434115,0.9434860283074482,-1,1,-0.04917297701370926,1,1,0.9769990224672604,1,0.9097026604174951,0.04094537057827241,0.042592106727506907,0.9668419769834347,1,-1,0.01900116476681224,-1,-0.02261870524229803,-1,-0.012068615775069791
1947-01-09,1,-1,0.9954332863658675,0.06571854082803397,1,-1,-0.8887071513216764,-1,-0.09181365242425144,-1,-1,-0.0232369539148094,-0.021816104665493885,0.08343387204938157,0.9323671635943255,0.005631806345785861,1,1,1,1,1,1,0.05909990949739874,0.04394826892827275,-0.024645922108583407,-0.9582290710345661,-0.006515875936726645,0.946856582467233,-1,0.8023754811460879
1947-01-10,1,-1,1,-0.9267154252789257,0.04309912263035065,-1,-1,-0.055889207397116114,-0.9494769172209802,-0.08192858079959475,-1,0.885527938782287,0.8741671271914643,-0.8435802338905891,-0.04597788909646705,-0.9798455057154658,0.03845984017248161,0.059447349069571276,0.017170822458164703,1,7.098246500570893e-4,1,1,1,0.9214171999690232,0.003496854048188558,0.9434258106702731,-0.03533919402459618,-1,-0.1938818828896336
1947-01-14,1,-1,0.06452347171201134,0.07009637091335041,1,-1,-0.004455149802536695,-0.9754895099524071,-1,-1,-1,-0.05490368326200379,1,-1,-1,-1,0.9616957137934937,1,-0.977955693386596,0.011078226623181586,0.9867146897428701,0.07277224561936402,0.09269036082292681,0.042101686997016,-0.05097137152637399,0.9740066247835023,0.07054179904515478,-0.993198287359292,-1,0.7649348834410317
1947-01-15,0.05123342614964754,-0.021615638671314108,-0.902697088125923,1,0.03780910811762872,-1,-1,0.021375599800426137,-0.04369439498255767,-0.06321123572229737,-1,0.8805111740952192,1,-0.047643926675474235,-1,-0.017467255895004863,0.007325470791364697,1,-1,-0.9835309856629859,1,1,1,1,-1,0.001866813213942775,1,-0.028604043510104593,-1,1
1947-01-16,1,-1,0.04148032617887676,1,1,-1,-0.04348887809956248,0.9996077426674779,0.9319058680056643,0.8997246220233039,-1,1,0.07055736091763853,0.9043148316830387,-1,-1,0.9790365228610034,1,-0.015687094194491658,-0.04712706223643781,0.006867627819301503,1,0.016718381025047968,1,-1,0.9793814491293594,1,-0.9965339816777425,-1,0.020148545311145183
1947-01-17,0.05420893040368879,-1,-0.9115334106690977,1,1,-1,0.9277465966228865,1,1,1,-0.026164857874134695,1,1,1,-0.004186808490559191,-0.0691253286773551,-0.00880313349150219,0.013850528375451088,0.9490007619829298,0.9306485555739163,0.9148816270386991,1,-0.9081929722968918,0.039141568141904726,-0.031504105461911625,0.050242976633493974,0.06190741781359688,-1,-1,0.949572830023832
1947-01-19,0.9729508480258537,-0.05823975763709244,0.04331329637376913,0.13860491266366937,0.03861445195139479,-0.013210038602129548,-0.06657028565045742,0.007693821192989336,1,1,0.9656793858659827,0.04567139475902171,1,0.08167068108296649,-0.9284913380172687,-1,-1,0.9905564092730917,0.041840905134091,-0.030282359076659215,-0.07643699481233013,0.08042842826938157,0.0546605898881829,-0.9010567161006345,0.9508845557038341,-0.8707207879593588,1,-0.06156101136777958,-0.017525428418660893,1
1947-01-20,1,0.9141039680647721,0.996045140675805,-0.7562133478952165,1,0.9217492132873794,0.9309954900128223,0.9701808642863152,0.00431032399445519,0.014725382546405319,0.018722484124040872,-0.8927395199355297,1,-0.8982955655790253,-1,-1,-1,0.010295863731187849,-0.9464539913897905,0.9651659177272696,-1,-0.8928344978132773,-0.8947989992771054,0.09518826251165469,1,0.1132507205610912,0.0027224743712470634,-1,-0.9691705059338892,0.02380288666917274
1947-02-01,0.03670480400784348,1,1,-1,0.031078848855554897,-0.04733698713626533,-0.06636913117191012,1,0.9818206982727171,-0.9809718913555087,0.9716747823492803,0.0799043464082495,1,0.06712680246281366,-0.09169407333022384,-1,-0.05752270008167193,-0.985078401824984,-1,1,-1,0.10050319807731789,0.07441098629044118,1,1,1,0.9033510034955483,-0.013232973172168983,0.0023025660568566364,-0.8403069216263573
1947-02-03,-0.9407328097414862,0.0922727954950604,1,-1,1,-0.9690621801631356,-1,1,0.14665194458932196,-0.009441248276745973,1,1,0.011531812702562982,1,-0.9983414089872318,-1,-1,0.00279629566805506,-1,0.003051201907203427,-0.01957706992234509,1,-0.9141856519531341,0.026474936784850023,1,1,1,-0.9937890626815961,0.9867864308965955,0.13379156164967387
1947-02-05,-1,1,1,-1,0.025842535340732664,0.030282466841948685,-0.027703950509332498,1,1,0.9497199482136447,0.07601277126552719,1,0.999199602043326,1,-0.002258579930392246,-1,-0.03968368911223963,-0.9807699868964356,-0.010563052927577643,0.9511241062372825,-0.9797462354451214,0.017678814364564532,0.03268357280067247,-0.9527156918981134,1,0.0544134493897791,1,-1,1,-0.8046605202694963
1947-02-18,-1,1,1,-0.06827278939531167,1,0.96914982025776,-0.9362729033147504,1,0.022247231790736732,0.03830106765786134,1,0.03788396192160648,0.09050058718471043,1,0.9439967410588165,-1,0.949172288192056,-0.01681183779959905,0.906080301137774,-0.025191903688128958,-5.104466187405565e-4,-0.9435908289836468,1,0.029806760131474874,1,1,1,-1,1,0.1645698373127047
1947-02-19,-1,0.07647168834226858,1,-1,0.04528389731540805,1,0.04299800677398535,1,-0.9448167158883072,0.9145771499696193,1,-0.9498707356508282,1,1,8.399223087477425e-4,-0.06421920414205662,1,0.9706738973384713,1,-1,0.9471928722054672,0.05267950266411703,1,-0.9612661874310242,1,1,1,-1,0.06921235597894881,1
1947-02-20,-1,1,1,-0.015359402485926377,-0.9031807441713487,0.0726764004026379,1,0.06759318207803888,-1,1,1,-1,1,1,-0.9724884301795285,0.7942379309342265,0.008666150121612981,1,0.009027332330315496,-0.07755017379287799,-0.012824869349404966,-0.904586463393546,1,-1,1,0.1053404881918849,1,-1,-0.8903831624335191,0.11298810969653017
1947-02-21,-0.03531327668252826,1,0.007004392676720483,0.9743899902924826,-1,0.9573569143189032,0.00715109615268128,1,-1,1,0.061205327127757836,-0.056694284988826005,1,0.016527786496836838,-0.0105893966221704,1,0.9824941619329225,1,-0.9480198076525593,0.9202869611499281,-0.9871381541327935,0.021675694455110084,0.021590836051906925,-1,0.007281477322459096,1,1,-0.05807508456429278,-1,-0.8792235567337373
1947-02-27,-1,1,0.9363803665395154,-0.013340938875930908,-1,1,0.9757243416299729,0.04873941739581189,-0.039460191501036856,1,-0.9142212737285932,-1,0.004741026925802361,-0.940456550588155,-0.9363945993602465,0.01143543534525715,1,1,-1,1,-1,-0.9744636973781331,-0.9283795834703634,-0.048891201837876985,0.9645794289417996,0.028050479021726415,1,-0.9434303729183684,-0.05664395359365526,-1
1947-03-08,-0.030867321724603825,0.02803944896510968,1,-0.9662598603452323,-0.03443971068220952,0.020658845317978902,1,1,0.9589471365696287,1,0.07298087305009548,-1,0.9718981812002578,-1,0.02424214213794751,0.9627207141509923,1,1,-1,1,-1,-1,0.0704140597091154,0.9442702425264019,1,0.9987494596221478,0.022675036343680177,0.007469720843686023,-1,-0.01520033954892408
1947-03-20,-0.980663486223369,1,1,-0.0025673755661274056,-1,-0.9503866944859524,1,0.029227043689111776,1,1,-0.9132883674586384,-0.02158159090589784,0.015994900545510893,-0.02897142685635834,-0.9277883688919359,1,1,0.02256924677873562,-1,0.057693276150574846,-1,-0.013967839049146336,1,-4.038114910109858e-5,1,1,1,-0.9509058220840606,-0.01894008101169864,0.8807645726735723
1947-03-21,-1,0.08996930539283798,1,0.9744538907146498,-1,0.02506749797904262,0.0331835855570336,-0.9492218015108418,0.0027540369602330195,0.03248033745719259,0.010617261895880414,-0.9817199759003475,0.9476791247013064,-0.972353023538016,-1,1,7.001799842911716e-4,-0.949214562433435,-0.010600527699571871,1,-0.056253965494633684,-0.995395085059732,0.05761861159733783,0.984437933602817,1,1,0.01996825801375146,-1,0.9655273126803043,1
1947-03-22,-1,1,1,0.005774980181863398,-1,-0.9262052127721819,-0.9640424782975491,-1,0.9972008258242584,-0.9527695503429195,0.9872579226997416,-0.04571161509150112,1,-0.021830062243580084,-0.005878645348208367,0.03577584227944186,0.9896834013514612,-1,-1,0.03228402026404642,-1,-0.09031993376917136,-0.8787732426478814,1,1,1,1,-1,-0.027128391265324292,1
1947-03-24,-1,1,0.07769209300664393,0.9624493688172923,-1,0.04685103562920567,0.027221402428516117,-0.015250410513169887,0.08655140061073863,0.017898010482337967,0.0025382009677302753,0.8506727771195968,0.06677285864937554,-0.9927950486899785,0.9492240515346979,-0.9304879856309032,1,-0.13232015300185906,-0.03553100044667201,-0.8754171281982788,-0.013393513703684135,0.8671694168029549,-1,0.017516461700352592,1,0.014254536161710352,0.007696934374993081,-0.06802901048572407,-0.9848592116125047,0.02306091487215911
1947-04-01,-1,1,-0.8976082113876284,1,-0.13868475964840177,-0.9409498789984703,0.9700726079047771,0.9807344433735998,1,0.9897868980691868,0.9693678227101141,1,0.9918027037111042,-1,-0.03360480216719952,-1,1,-1,0.9259343403255964,-1,0.907881461776292,-0.08148442491132668,-1,1,1,-0.8926189182202404,0.975486087715058,0.8545075642525958,-1,-0.9521468549469605
1947-04-02,-0.050280861766055285,0.10251675436375962,-1,1,0.8324374370630779,-0.01951398848198127,-0.024619576829410517,1,0.07513165087427487,0.03417042447588914,1,0.07080046580823718,1,-0.10526064310148953,-1,-0.02645514268331617,1,-1,1,-0.056935986379192505,-0.050645675988415406,-1,-0.0036241635250878756,1,1,0.05706416304874762,1,-0.14433680381710423,-0.02635621034533908,-1
1947-04-03,-1,1,-1,1,1,-0.9978183215436964,0.9627693885515552,0.08043722397860609,1,-0.8940177706542016,1,1,1,0.8657800400629705,-0.0028315828477593064,-1,0.015324184214721592,-0.043925641592487574,0.01913708855268259,-1,-1,-0.03746388701165693,-0.9490152969498136,1,0.01484982575368854,-0.908609489485488,1,0.8500727827943256,0.9594770628525305,-0.020531136772526493
1947-04-04,-1,1,-0.06187583215403025,1,0.03197931305912216,-1,-0.029749078696494347,1,0.03793727606745689,0.05713409012212767,1,0.05007884499771431,1,1,0.9776189069397472,-0.036985426564106305,-0.9318154244948168,-1,0.9871380255611261,-0.07141289112153137,-0.015324382641937917,-0.9946767903869264,0.037501191315595594,1,1,-1,1,-0.13243256500464762,0.011253736455817398,-0.9432103277562208
1947-04-06,-5.679851686983817e-4,1,-0.9518069944538864,1,0.9750480452278945,-0.020351656695854037,-0.9892636333033574,0.006729942661007904,0.9916165651886932,-0.9243855811979008,0.038443929509958896,-0.9281855928473408,1,0.08324163244230165,1,0.958679521134401,-0.013849489804594994,-0.04836316245625638,-0.012371119399661068,-1,-1,-1,-0.9212424873287673,0.048158059714624946,1,-0.022111853603763443,0.06434558519553069,-1,-0.8717260160644603,-1
1947-04-10,0.9373881496705213,1,0.0027054036606894982,0.03846564628489302,1,0.9398075283942809,-1,1,1,0.0497380094547174,-0.9614057407800531,0.01951134680617117,1,1,1,-0.02974650975549864,-0.9724726694319579,-1,0.9112534119638475,-0.019216875136502165,-0.05392160051799966,-1,0.06123271337680669,-0.9449856031939641,1,0.9202768021252681,-0.9227121323029837,-1,-1,-1
1947-04-12,-3.779665465695192e-4,1,0.9893814655161539,1,0.026208367407474564,-0.021461693975475815,-0.02245126650600282,1,1,-0.8778041504524349,-1,0.9852806546552573,0.020466658216020117,0.0011839730098042178,1,0.8749387618865089,-0.03441657384634689,-0.0045189071913854795,0.010173415591793744,0.9339919619791109,-1,-1,-0.8693667480955067,-1,1,1,-1,-0.0032897127475949306,-1,-0.009663670461635299
1947-04-13,0.9360662476752736,1,1,1,1,-1,0.9497991802457316,0.0047679289493256505,1,0.044265577106890164,-1,1,0.9779470773832751,-0.9776092432829243,1,-0.05793167946527944,0.955739749633326,0.9108106873826575,0.8674356697917686,-0.01875007790787897,-1,-0.11355916544994149,0.10326864819846371,-0.04877777118135418,1,0.05178110872342767,-0.08861230654357599,0.9810088799960667,-0.04565289527166316,0.9375329659135451
1947-04-16,1,0.014208115578116187,1,1,0.09714205278644461,-0.06681529507411088,1,0.9696961380372464,0.019231431498230367,-0.9398244488380594,-1,1,1,-1,1,-0.9997763476044472,-0.021531938791674365,-0.029953305568783173,-0.07465207294530796,0.9560839897269261,-0.004282264283961168,-1,-0.8114956195848975,0.9414263564188624,1,-0.9443666586682631,-1,-0.018315790326116854,-1,-0.02858578141657686
1947-04-17,1,1,0.04238181167873378,0.0541179992222921,1,0.8378667833754644,1,1,0.9553749829854242,-1,-1,0.011457723308861634,1,-0.006726650166537507,1,-1,-0.950481766401096,-1,-1,0.008901893470600108,-0.9507574352452869,-1,0.10335361699302437,-0.013199113525347861,1,-1,-0.0037535228972169765,0.9179552323246872,-0.09719930740050386,-0.9405838734426147
1947-04-26,1,0.01101318985616595,1,1,1,1,1,1,1,-0.037527860232127286,-0.04439648456832168,-0.937153625118729,1,-0.9955618093737035,1,-1,-1,-0.026943350867312477,-0.04491837958164113,-0.989216049266586,0.03539577341895861,-0.026063272759379474,1,-0.9779019990979834,0.09556333182802312,-1,-0.9927627896274412,1,-0.9706075397898976,0.02118031102180995
1947-04-28,1,-0.9055380471580611,0.018377868993276536,0.09435600679792588,1,0.05246053838660214,0.05890222827760605,1,0.042633580951597305,-0.9961770251257746,0.9190111618325211,-1,0.05502531122728738,-1,1,-0.03676713312300928,-0.060862967528494516,-0.8945681360258679,-1,-0.030790049739283565,0.9960947339226871,-1,0.04922864538946903,-1,-0.8775447696656631,-1,-0.0021490031604917137,1,0.028381479546498833,0.9977233942343618
1947-05-01,1,0.022219769913962684,-0.8979269173432426,-0.8998404869330854,1,1,-0.8828039516860363,1,1,-0.009592021733355494,-0.069375229110054,-0.048982119152050085,0.9913950339946211,-0.029726566892096296,0.009466406615016965,-1,0.9274093865662839,-1,-0.042113105801001804,0.9553571768170902,1,-0.10008631343899832,-0.8766276118053775,-1,-1,-1,-0.9595886266184752,1,-0.8738220875479579,1
1947-05-02,0.019420202910790385,-0.9319893917403929,-1,-1,1,0.04493317745416936,0.10802978366166172,1,0.061314505222145765,0.971709600669669,-1,-1,1,0.9612740965688139,0.9871745242546013,-0.03712267449746909,-0.017067169516544523,-1,0.9061888420143912,1,0.04587115038088152,-1,0.058080677651278334,-0.09975732460554076,-0.07600270627393402,-1,0.03296294353654705,1,0.04789849895258669,1
1947-05-03,-0.9524584968680779,0.059328180975169786,-1,-1,1,-0.9383382492444454,-0.8682476993467468,0.031453265891427495,0.9579139465897248,-0.022587801112714745,-1,-1,0.02065023668487309,0.008962556161689283,1,0.9314364327473283,-0.9922408256860126,-0.021380072885846313,1,0.0251881012002233,-0.9232150660047888,-1,0.9555450933583874,0.8687756190681295,0.9105000639545608,-0.061223864935847194,-0.8935114638706174,0.03460753515631565,1,0.08637896487213914
1947-05-26,0.015340960689600669,1,-0.07103459299159876,-1,0.1508771523514444,0.026696280135757422,0.0661518222603924,-0.9318224489689554,-0.016417061645233377,0.9761227936602,-0.043365021252260605,-1,-0.9666825000528687,-0.978913500654015,0.005613859443648006,-0.055422913538353824,-1,-0.9532669470134908,0.06015467021328358,1,0.06637608557738395,-0.014249623391521471,0.013182205711674944,-0.12490698534575506,0.028775264995111627,0.9080308150422433,-1,0.9569462728411229,0.054248225688385054,0.9936457033885759
1947-05-31,-0.9590930856154218,1,0.9162274242274795,-1,1,1,1,0.053638765147673184,0.9783826609948885,1,0.8986778104764156,-0.011476865871472341,-1,-1,-0.9678636625313677,0.9021297283323515,-1,-0.03959225288993762,-0.910003069840525,0.00600618915193829,-0.9143730505641768,-1,-0.9475894912562565,0.8206917719867916,-0.8560732267843967,1,-0.02387122559040189,-0.022293305130634544,-0.9174342274788072,0.06726792437021056
1947-06-15,0.038503308640738476,1,-0.009721560839455412,-1,1,0.0981004055717053,1,0.9501757058056172,-0.005572180255368209,1,1,-0.9704686691915875,-1,-0.020871589458534956,-0.0018780528935649077,-0.059238453117039014,-0.0027936691887119336,0.9547862714274791,-1,1,-1,-0.011530999891096405,0.030291261975778805,-0.14471454790022653,0.12759662930293703,1,0.9659971313223188,-0.92743695263857,-1,1
1947-06-18,0.9797208771434991,1,0.9523893556182991,-1,1,1,1,-0.017638581475254433,0.975943313482435,0.009655727904111178,0.057784199602175734,-1,-1,-0.9570390092503287,-0.9138788888066529,0.9292365891716505,0.9355261955320945,0.011692493779255853,-1,1,-1,0.9816816940957721,0.9591468857320246,0.8036226451401419,-0.8512205726593485,0.017785787122596708,0.01232425302165463,0.07015803111343577,-1,1
1947-06-23,1,1,1,-0.1190095852498878,1,0.0776123649284095,1,0.9642779426035646,7.101866344305652e-5,-0.9867657736393627,-0.9226233428569978,-1,-0.02852018855293581,0.03258031072388057,-1,-0.01738278359156875,1,0.9930443231198873,-1,0.02718994585320822,-0.06381198202728777,-0.01643756749355929,1,1,0.08079695680323484,0.9983232385282127,-0.9266243969193472,1,-1,1
1947-09-01,1,1,0.014228531388923438,0.7950803985121743,0.07754360782113445,-0.9048401557300618,1,1,-0.935290254278659,-1,-1,-1,0.9646196774326474,-0.8561469490536754,-1,-0.9824648963418687,0.07522519818058493,1,-0.006612720585617016,0.97584579640229,0.8657968152105915,0.863109734787314,1,1,1,1,-1,0.08457586806081774,-0.06445039269706498,0.008319075459986114
1947-12-14,0.014371267633443763,1,-0.972436913912152,1,-0.9044831329959303,-1,0.04922716213410061,0.010370904998618813,-1,-0.0056314465112417,-1,-1,1,-1,-0.04006285350994743,0.015235919282563626,-0.8556451304649778,1,0.9412226462481377,-0.02002648548706909,-0.12435316373339655,1,1,1,0.10107214246811425,1,-0.016647089329457243,-0.873289299027181,0.8731298887590928,0.9991877082728033
1947-12-21,-0.8932977636901076,1,-1,1,-1,-0.022396129476297544,-0.8781030480978119,-0.9468642461293623,-0.09435488672494641,0.978419262232769,-1,-0.005857367968781668,0.06383829179346445,-0.003793851612256649,0.9223877917441992,0.9660555346145815,-1,1,-0.048019687065464334,-0.9489504408216292,-1,1,1,1,-0.8744710002768333,1,0.9498049123951888,-1,1,0.003195212820542026
1948-10-01,-1,0.05110218405031053,-1,0.008540220616837457,-1,-0.9678164823725435,-1,0.027450638811186034,0.8350078484651111,0.048064633979003846,-1,-0.9985670320681344,1,0.9696571495275964,-0.058499389199082374,1,-1,0.08368329442461409,0.9417110267620379,-0.030718998227683758,-0.03811674480145033,1,0.04852174165107659,0.04260851956819878,-1,1,1,-1,0.028972451794744503,-0.9817775001678176
1948-10-07,-1,-0.9488305052347636,-1,-0.9009088660163433,-1,-1,-0.008015185084337073,0.981013293311899,-0.12151406465925851,0.9768779191933605,-0.028413508147390742,-1,1,1,-1,0.11936437062214345,-1,-0.9144812903952231,-0.04553428381944524,-0.9820168894642876,-0.996828186313672,0.007475728725950148,1,-0.9093218716350908,-0.08050729647991872,0.011582089149452024,1,-0.005772117993295911,-0.9274039470128276,-1
1948-10-23,-0.04539295410577371,0.041554347575791906,-0.21637233616271834,-1,-0.008505975013006872,-0.03596475115115283,0.9865407398358376,0.05150056067386366,-1,1,0.9248587987821492,-1,0.07163438467239691,0.022202925374808724,-1,-0.851274016116798,-1,0.03531534638369216,-0.9706302333951976,-0.04734663373828196,-1,-0.9056302999927581,0.012926157158337448,-1,0.8500512343463739,0.9619267775036724,1,-0.9000000887969696,-0.0579107856177693,-1
1948-10-25,0.9511952851223879,-0.9397635969667815,-1,-1,-1,-0.9860843226136348,1,1,-1,0.017976996596202666,-0.034661668650909805,-1,-0.8811001858955595,1,-0.05485080038457513,-1,-0.027210224685811024,1,0.02754192878536532,0.9187842506879975,-0.017801104963035885,-1,-0.9840709518889179,-0.07994576757168437,1,1,1,0.01773849866175925,-1,-1
1948-10-28,1,0.0488147810267161,-1,-0.0870062614635323,-1,-1,1,1,-0.061619260803155385,-0.938828311611726,-1,-0.037416158784266074,0.11535897529696681,1,-1,-1,-0.9462524765932022,0.06371149343864346,0.944220808107679,1,-0.9678557567834922,-0.035313258810595105,-0.057440484350877785,-1,1,1,0.0387413712637652,-0.9340411690203139,-0.0027817566867295307,-1
1948-10-30,1,-0.7972807940963574,-0.0021904016879144006,-1,-0.06796549242740946,-1,0.09199157072840003,1,0.8801619977956414,-1,-1,0.942801340266992,1,0.0246234182446331,-0.03413709558778166,-0.05279645722447546,0.041743496957512116,1,-0.022335726121112676,1,-0.045193273406146095,0.9415314977467574,-1,-1,0.016493724452091074,0.08033376624297939,0.9521252239195338,0.057079147056718016,-0.9971790508606434,-1
1948-11-01,8.006490761761631e-4,-1,0.9073256134471265,-0.019933867333801314,-1,-0.02074963945603836,1,1,-0.04369939531915423,-0.008682833627030262,-0.027897813187441334,0.01740724932865001,0.029170371542150297,-0.9152000368490151,0.9296654881280294,0.9087800240237194,1,1,-1,1,-1,-0.02796558153894535,-1,-1,-0.9816153605442638,-0.8863199459667204,1,1,-0.013965236441374151,-1
1948-11-08,-0.9627009258119653,-1,-0.008667735575621616,-1,-1,-1,1,1,0.889772064319652,0.9569348403355005,0.9149046046167612,0.9817366855209521,-0.9354169070935052,0.06244701616288717,1,1,0.003954933893971169,1,-0.01092648391009765,0.02631748199313444,-1,0.9676559543393402,-0.06833406227983829,-1,-1,0.07738487735469934,1,1,-0.9322836680072041,-0.08071200697613645
1948-11-09,-0.10410546185055858,-1,0.9501411161434902,-1,-0.027314580616919826,-1,1,1,-0.10716339192166147,1,1,1,-1,-0.9304936942394296,0.030197122386599662,1,0.9996033449890434,1,-0.9740450598219115,-0.9729099603308526,-0.08360129588334009,-0.02673819611893835,-1,-0.024096705490343484,-6.884067710574149e-4,1,0.0032594940139247797,1,0.06112513481996573,-1
1948-12-05,-1,-1,-0.04302670275907172,-1,0.9420931660455912,-1,1,0.011252437611318888,-1,1,0.005250777268105189,1,-0.01862301269573985,-1,-0.9645138929026474,1,1,1,-1,-1,-1,0.8848735266802848,-1,-0.9993729297135645,-0.9836197490904847,0.011974215831112467,0.9881100467259044,0.03229770344282534,-0.9036060346627924,-0.034933098725766
1948-12-15,-0.05721438678814483,-1,-0.9948370872064894,-1,1,-0.08170965014831477,0.02701337035784035,0.9795877650760119,-1,0.0077247878402804115,-0.939771590853698,0.07355332872575493,-0.9701557504440056,-1.7688202074916948e-4,-1,1,1,0.01208276037197531,-0.007955018537567304,-0.003836288045430014,-1,-0.07075594963876353,-0.03419437650719137,-0.029474052430837783,0.007402080500253039,-0.9717260068066644,0.023243392633306437,0.9803425308768279,0.04192180179448579,-1
1948-12-24,-1,-1,-0.014791196306289,-0.05612698193972576,2.625461452162581e-4,0.8699646105126158,-0.9237129209371481,1,-0.03859054338261647,0.9839759900837082,-1,-0.8836649450980475,-1,0.9698128851524008,-0.01862827414047341,0.006215458426356291,1,0.9413702607809977,0.9151830297564387,0.9892056199699996,-1,-1,-0.9813959051885877,-0.9334647333102293,-0.9305393142363343,0.024276298446682665,0.9844590715031045,1,1,-0.04315672112139868
1948-12-25,-0.00868818698142304,-0.01259742339440073,-0.9767751015704289,0.9100191616374161,-0.9655957585140169,1,-0.02130676384032637,0.07736542604208885,0.9501577399133784,1,-0.03438340604327772,0.06869873915679692,-1,0.031353433582428925,0.9451242572273544,-0.9753564714290025,0.021169819855847094,-7.736576127888029e-4,-0.001587911423758026,0.02291422712323199,-0.035702864207166174,-0.04219272890320125,-1,0.0642822512745137,0.046876939050090605,1,1,0.067377891820662,1,0.912331977676504
1948-12-26,-0.998982251029858,0.9277267581719656,0.005446746206951625,-0.016414315670267854,0.014886815683785692,0.06601166725664209,-1,1,-0.025491565374155867,1,-1,1,-1,-0.9304008251169129,0.0018107181532061034,-1,0.9626279862849646,0.9317119489902275,0.9959224523857428,0.9623623672406868,-0.960407927838365,0.8487121893064195,-0.11913729546297092,1,-0.9238367709366879,0.009620255895307683,0.1290263340389033,-0.8924839850122092,0.0184457905241171,-0.08318010673143028
1948-12-29,-1,-4.429283089614211e-4,-0.928568459584751,0.9683378660563406,-0.9737445604474778,-0.8332175803121912,-1,0.06622101899335375,0.9572946805068622,0.06384102112702394,-1,0.047303882694179955,-0.056829216471733446,-1,-0.9365456207144616,-1,1,1,1,1,-1,-0.12810300184976176,0.7785797609365274,1,-1,0.959624430548825,-0.8184957997507883,-1,0.9589848548616611,0.8610675258468657
1948-12-31,-1,0.9842422970710392,0.0500904728335726,0.0202999957970994,-1,-1,-0.08460028303419698,1,1,-0.9123108482331312,-1,1,-1,-1,0.030015407343880307,-0.02380341833648525,1,1,0.06964053977779638,0.04126904054044278,-0.01562824609548452,0.8704588055349558,-0.21021218090117644,1,-0.032816664521483796,-0.02064548278772993,-1,-1,1,-0.10279271827151026
1949-02-19,-1,1,-0.9392750703136531,-0.9751975986025148,-1,-0.06586479322745431,-1,1,0.04075624831741076,0.06935082791692615,-1,1,-1,-1,-0.9433790439923418,0.9357365074826146,0.05535644509494231,0.027247062637821173,1,1,-1,1,0.746960969698686,1,0.932100883200512,-1,-0.015526072298814864,-0.11880669596730675,0.01624112330093641,-1
1949-02-20,-0.044554090222522214,0.016803801319249412,-1,-0.023721356710812103,-0.006856456824804735,0.8984788200513965,-0.05556960552961976,1,-0.9320792433946556,-0.8669799438061445,-1,0.03532556448906943,-1,-0.010374282513705757,-1,0.046252536743764394,1,-0.9247293505687257,1,1,-1,1,-0.2361794872780607,0.06555260082099801,-0.057676280858515394,-0.06378940557275936,-0.9037720741352702,0.8715279296532659,-0.9605261825213718,-1
1949-02-28,-1,0.9839142681350602,-1,0.9698594090710377,0.9726463481280381,-0.09411355307147218,-1,0.06817324896724353,-1,-1,-0.04320024835611769,1,-0.021199277623633828,0.9193396679049614,-1,1,1,-1,1,1,-0.01043450474101193,0.06388031119882143,-1,1,0.8150564090433823,0.9290219996645768,-1,1,-1,-0.008785728591818476
1949-03-01,-1,0.02897412305304059,-0.023837203068635793,2.426041706278248e-4,1,0.8271955172715216,-1,1,-0.049222317327356935,-0.0651280619661797,0.9279230364413075,1,-1,-0.03523160436038919,-0.013854470869301694,0.03612858116530471,0.015330130658235408,-1,0.06054152310835481,0.010566168904388662,0.9250672524105567,-0.8995063932618966,-1,1,1,1,-0.03149130041776971,1,-0.07443501516030371,0.9622728142385457
1949-03-06,-0.033087840804806756,0.9816079528233232,0.9393569695319905,0.9376158993678244,4.046599857879807e-4,-0.16381556188004953,-1,0.009366601674894781,-1,0.930588695570692,-0.05905515962108909,0.02768022445954499,-1,0.9263090019739629,-0.9641632836406023,-0.9390560111849008,0.9550116791806612,-0.03807935561829656,1,1,1,-1,-1,0.052337151700487916,0.055648892708566544,1,0.8926576201299495,0.0417480776721918,0.8328016536204191,1
1949-03-07,-1,0.06000668814413146,1,-0.019285797627322743,0.9585769082511403,0.8105637731859268,-0.05922452184286486,-0.8852111774029832,-1,-0.004217745718885779,0.9333427248325025,-0.9063901210538383,-1,1,0.010950217761636183,-1,-0.008349642027423165,-1,0.04559094941776631,0.044810775010009074,1,-0.04221064857393553,-0.00806216169544316,1,-0.933920584870745,0.08123839260174992,1,1,1,1
1949-03-09,-1,1,0.006742783758927562,-0.9953115530805252,-0.00488170922177944,1,0.9112044002398513,-1,-1,0.9896082647850184,-0.010387803934395978,0.01563628747169654,-3.95509939132066e-4,1,-0.9319202095073847,-1,-0.9659320612450517,-1,-0.8706379474428051,-0.9138659553040486,1,-0.9930166990573128,0.957215615033316,0.029653118439172288,-1,1,0.02310508670058775,1,1,0.14968261300005814
1949-03-13,-0.009534672591514748,1,-0.9275285981247391,-1,0.9186690394735372,0.05381510174495785,-0.07879385457684518,-0.003682809824787414,-0.007467184384942205,0.025647278706473098,0.9474957808423359,0.9334629580600946,0.9528710850694466,0.03832028642167573,-1,-1,-1,-0.04887658643717219,0.06617957500495031,0.0629611553778534,0.037675279905599046,-0.047150149543032205,-0.041536472149414805,-0.8891949630481409,-1,1,0.9681795663321031,0.049830431036701595,1,1
1949-03-14,-0.9143555822583868,1,-1,-0.0028850325215071804,1,-0.8250567565964245,-1,-0.9927249611816545,0.9388641716921898,-0.9539017972234993,1,1,1,-0.9500493131017985,-0.09267355202769278,-1,-0.040846642927959476,0.9443897464465881,-0.9308981816777944,1,0.9956199293567735,0.9053758576136914,0.9534725531636123,0.015364634725894888,-1,0.010908252886456138,0.06530956093123463,-0.9476366207229814,1,1
1949-03-15,-1,1,-0.020022075277858375,0.9806964113629876,1,0.16858831335109703,-1,-1,0.0043315725578563224,0.008440001481845427,1,1,1,-1,0.904076812646216,-0.05751368812264068,0.9503208023450518,1,0.06213776967987539,0.038197988978510455,1,-0.07011463920935657,1,1,-1,1,1,-1,1,1
1949-03-16,-0.08507757768960555,0.11304636334920315,-1,1,0.034063354000103296,1,-0.02713118542219506,-0.049130034077642826,-0.9814120984138927,-0.9359155605595362,0.015393639258605707,1,0.07106483435538613,-0.019535332844236364,-0.03343846508478587,-1,1,0.04711181317955193,1,1,1,0.8691029935585399,0.03325378333266793,1,-0.059358088613350346,1,1,-0.03214296371556491,1,0.08771017264075232
1949-03-18,-1,1,-0.006411007186057471,0.007387959899980423,0.9908739745679029,1,0.9591650387863473,-1,-0.030232828133844314,-1,1,1,0.9439874645128337,0.9547049901595654,0.9046016902029429,-0.07171195008995368,0.04521563534890838,-0.933549162745525,0.015920605814670696,1,1,-0.11665870615031948,1,0.025699851220934433,0.889148914123622,0.010779670206319869,1,0.8931761956094731,1,-0.8849050098699566
1949-03-19,-0.04922236955715631,0.007837931649861463,-0.9804256262002262,-0.9790818059546643,0.014152369740919268,1,-0.03444255844577471,-1,0.9309020000255354,-1,0.09734282715313736,0.026641368821240907,1,0.009651291887238456,-0.01829567945494348,0.9239912922859107,-0.8792471701475825,-1,0.9311776288809819,1,0.04483406492674913,0.8550523165035845,0.027849664066780355,0.9951120115999575,-0.046642051958145636,-0.9362443595817297,1,-0.08566784413621786,0.0642615122873812,-1
1949-03-20,-0.966472380259331,1,-1,7.441625101644034e-4,0.9350736180804735,0.049510310016046666,0.960440064930714,-1,-0.03509182565187863,-1,1,-0.9644067687500417,1,0.9803519439257643,-0.9472778352080254,1,-1,-0.0778214713991956,0.050942234995898894,1,1,1,-0.9720005789026872,0.04623370715812203,0.9283573291851963,-1,1,0.8995328655756856,-0.8519659599454931,-1
1949-03-21,0.028239636545250857,0.05029031099645276,-0.0737840578858927,0.9726734386051236,-0.01305661265249114,-0.9282392581047044,1,-1,0.9083983635133357,-0.07900181552376129,0.02921610705062394,-0.05839383928637509,0.03441451492290015,1,-1,1,-0.0326856241255602,0.8581312772526534,0.9540011516377256,1,0.03208057726043079,1,0.02568696609296972,-0.9516460354314592,1,-0.006314610304923862,1,-0.05860427563238502,-1,-0.1197995652478796
1949-03-23,-0.8917794247696356,1,-1,1,-1,-1,1,-0.012483891121660706,-0.08646880074635366,0.9059605931680061,-0.935660445494813,-1,-0.9428874372636574,0.019492392152120508,-0.010693383843879745,1,-0.9645873428821419,-0.07351168583685663,-0.022126795331911087,0.08827829625688377,1,1,0.9990455557613438,-1,0.04016999436854807,-0.9455928157328765,0.08777414253734817,0.9272307488614941,-1,-1
1949-03-24,-1,0.0725866709785058,-1,0.04892853799571706,-0.0018476571993738533,-1,0.06871860987721756,-1,-1,1,-1,-1,-1,0.9668539556359452,-0.8804848513132497,1,-1,0.9087170255657898,0.9695391767741031,-0.9056620486681792,0.05108345366916467,0.049197014413643325,1,-1,1,-0.012209535851552267,1,1,-0.006530435260268863,-0.028566074024801824
1949-03-26,-1,-0.9244720334223989,-0.018058466975372833,-0.9339646543196215,0.9883762971286779,-1,-0.9206244138012154,-0.05297989258669722,-1,0.05139956075601915,-0.022137460325078573,-1,-1,1,0.10274650394490492,1,-0.026654520402478843,-0.04678353202419416,1,-1,1,-0.8456076009763637,0.029644628817234953,-1,0.010890203931583908,-0.9383791102249369,0.03962927611596834,1,-1,-1
1949-03-27,-1,0.032993235724374625,-0.9796838405528365,0.04300997274744489,0.028097407627881488,-1,-0.014324359510788254,0.9343994820485306,-0.025177222824047996,1,-0.9863429935975483,-0.01761651581700574,-0.029010494957911304,5.848830288828211e-4,-0.7923133212964731,0.025740304507512524,-1,-1,1,-0.05927235689155219,0.03903977326707819,0.11071890011444208,1,-1,-0.9233692790532531,-0.058731164974964,1,1,-1,-0.014100256231395991
1949-03-28,-1,1,-1,1,-0.8953124641909259,-0.043459060454417386,0.9248789892525889,-0.008913623494349987,0.96840933852155,0.006873918300915771,-1,-1,0.951905427309079,-0.9482038360791113,0.1885259299724794,1,-0.03907565459083018,-0.04721976043871501,1,0.8887450225109463,-0.8845941938413919,1,1,-1,-1,0.9053467639601794,1,0.011711478905230943,-0.11582307137963233,-0.9646083315428996
1949-03-29,-0.13348688986698198,1,-1,0.01015489446368567,0.06909469016804992,0.9505583163839828,1,0.9629505253014181,-0.004009504461177427,1,-0.025496017746561073,-1,0.05684022355006568,0.015024989634955133,1,1,-0.9894970704584144,-1,0.03495317920535068,-0.09573207527389305,0.114225438672934,1,0.015506823162536154,-1,-1,-0.08137021400448996,1,-0.9540532243262606,-1,-1
1949-06-09,0.8333300608409017,1,-0.007647721522835216,0.9398775459969697,1,0.015176413383774068,1,0.04084103087440327,-0.9281051375494157,0.016191358281475,0.9696637866224281,-1,1,0.9995097661787391,0.06401061498522465,0.0968295498212024,0.0049816614619454525,-0.11821871498958747,1,0.8743028826344659,-0.8670151794722399,1,1,-1,-1,-0.9820757149478023,1,-1,-0.026676692610366093,-0.008554018773810346
1949-06-15,-0.1653439661514422,1,-0.9654457176693736,1,1,-0.9792496472184047,1,-0.9296718291353713,-1,0.969307475588921,0.009676709249274551,-1,1,1,1,1,-0.9941691097927629,0.8554684199097803,1,-0.12290701071972376,0.11652263715929834,0.05543175936916267,0.0051749875680442425,-1,-1,-1,0.0492490815623009,-0.11186943544357686,-0.9731382349249577,-0.9725282489519375
1950-01-01,0.7309255474696473,1,-1,0.01683129904351499,0.06844933623375915,-1,0.016770904175191004,0.01608259386283284,-0.002805592821170988,1,1,-0.025659878942072445,0.028389125808112592,1,1,1,-0.006341963179982257,1,0.08257599178334152,0.8281975669933085,-0.8111446439487746,0.9954868476198919,-0.9835572161372542,-0.027863755985654493,-1,-1,-0.933309225360265,-1,-0.05536538439481098,0.010019921161685152
1950-01-12,-0.2629556483315685,0.007091736464300391,-1,0.9042252110227028,1,-1,1,0.9357059205887028,0.9970976540753821,1,0.005870797294861618,-0.9901965016864135,1,1,0.046954001612334095,0.04357269396663077,0.9620575834550159,1,-0.9117108176619478,-0.11180623042969962,0.12865404758470234,0.02693796209447974,-1,0.8933500940452601,-0.11324508353124307,-1,0.014423540383701972,-0.028824814687293032,-1,0.9887549816306116
1950-01-15,0.7048338303717784,-0.9425994048689205,-0.04940922650430668,1,1,-0.014749210427704607,1,1,0.07966301448048829,1,-0.9411334849452743,0.008370269898567928,0.042282149405435066,0.04666806290915804,0.9990929010009485,-0.8993686244616945,1,1,0.03127909320517963,-1,1,-0.970287168135565,-1,-0.059872896545766885,-1,-1,-0.979084947685031,0.912439043329289,-1,0.06507763113298082
1950-01-20,-0.27666845672804685,-1,0.9308904357789507,1,1,0.9839826975106638,1,0.05384594124614073,-0.906081689529107,1,0.04460640639769731,-0.921328769273081,-0.9572655751790526,-0.9189983819024262,0.09516721653288773,-1,1,1,1,-1,1,-0.01524643752397481,-1,-1,-1,-0.026954968503685728,-0.049236203162537184,-0.07782564450487861,-0.009678525039196084,1
1950-01-24,0.6560182436609122,-1,1,0.150124216536077,0.051866631067332025,1,1,-0.900777727573073,-1,1,-0.8982164408353287,0.06836476707793404,0.00313960307817418,-1,1,-1,0.022002039963976205,0.026625183037642497,1,-1,1,-1,-1,-0.030780509934341227,-1,-1,0.9143798284864135,-1,-0.9337447461437699,1
1950-02-01,-0.324968511745201,-1,1,-0.8069477372451003,-0.9349343736605856,1,0.002302624079892568,0.06078183876881549,-0.012042405494866237,1,-1,-0.8974884925096998,-0.9300594967565068,-0.02376905470234658,1,-0.07055689297373335,0.949977828727317,1,0.011812772798742155,-1,0.07394034189183962,-1,-0.009108418519955697,-0.9904320166475094,-0.009530889419389177,-1,-0.031182581823944733,-0.08782817045180025,-1,1
1950-02-22,-1,-1,0.01881607762405768,-1,0.03455371104957583,1,0.952730079573469,-0.8979313198155228,-0.9863455957951198,1,-0.04048009726928792,-0.009644450007164518,-1,0.9675450623357212,0.020464867745702553,-1,1,0.07970110502831218,-0.9080660845121508,-0.08893148829739805,-0.8494672837345137,-0.028203288337815158,-0.975747703260861,-0.010537338698586973,0.9803503338697768,-0.04289772478756804,0.9523253435719938,0.850672020906412,-0.043428533072691344,1
1950-03-19,-1,-0.027292952220657973,-0.935341925959506,-0.009459731584576359,-0.9299141746166012,1,0.0067711030989008325,-1,-1,0.00960172111217561,-1,-0.9921387187961844,-1,1,0.9830998160926389,-0.0779576133119001,0.03143192084441793,1,0.0903644927191668,-1,-1,0.9565543104021875,0.003557155043868998,0.9577608455975177,1,0.9022931256077353,1,1,0.9268140422069652,2.5067617634721984e-4
1950-04-23,-1,0.927353795900568,-1,-0.9769650955059737,-1,1,-0.967218159242229,-1,-1,0.9220235232711774,-1,-0.1104887168218267,-1,0.027234282911945962,1,0.8764071998031865,-0.9418596064852787,1,1,-1,-0.024220272070770377,1,0.9372633244093994,1,0.06047246707686427,1,1,1,1,0.9604123014086349
1950-06-15,-0.058941135517543763,-0.008446286041691398,-0.017908882096793755,-1,-0.02742842229567799,1,-0.07101027847916541,-0.013969760272585785,-0.04344936701234681,0.015245014276693003,-0.00437203020920518,0.8347878680879184,-1,-0.8664623089099897,0.010386595875093163,1,-1,0.012705046166266554,1,-1,-1,1,1,1,1,2.788074194171042e-4,3.9977236516386405e-4,1,0.16798896507474215,1
1950-06-21,0.8779335542399007,0.9623973270489786,0.9170162992048247,-0.014721035195839116,-0.9423081748254918,0.012694568593833666,-1,0.9809527140812787,0.9259950912607992,-0.9820135859866944,0.9678213020507528,-0.07081026620289133,-1,-1,-0.8905222815004196,0.047422607389933646,-1,-0.9734992500171337,1,-1,-1,1,0.08651811504485685,1,0.026194095226831804,0.947081769826376,0.9217290565802347,0.04459886284931269,-0.7723566734136079,0.0043888546365101755
1950-11-12,-0.06341250669324272,0.0022723782166855777,1,0.9470878783323577,-0.023317437165794375,-0.9487784707506992,-1,1,1,0.010952848070285848,-0.011729043879236234,0.8881115068359432,-1,-0.07749711940695769,0.05432018635848557,-0.9434824009344718,-1,-1,0.0011924334480369891,-0.07565817882996262,-1,0.0741503216452335,-0.8818030075828653,1,0.926917003242754,-6.197572916712968e-4,1,-0.9190741908218207,0.15240398025908286,1
1950-12-22,-1,0.9429706835566863,0.027876971166206577,1,0.9423470618698352,-1,-0.07330026713278537,0.08202280414983132,1,-0.9666543057714707,0.9820422586386774,-0.08823539522141499,-1,0.9073796640894969,-0.9174936630775317,-1,-1,-0.05400512327919049,-0.9845634606315639,-1,-1,-0.8748704269977017,0.08150883953876553,0.02103360345053662,1,-0.9543886827671825,0.0024020414832558457,0.0719665701235459,1,1
1950-12-25,-0.019991333164959157,1,0.9583419860837408,0.06399195041197436,-0.04208385898140399,-1,0.8535995056245703,-0.9132367081437816,0.037663862216373634,0.02784530040704758,0.015862515387033982,-1,-1,-0.07981885439148917,0.04114230400508867,-0.026872533881876604,-0.03619682343569275,-1,-1,-1,-1,0.12243555577649057,-0.8617031484373815,0.9495348188692083,1,-1,-0.9907098789995026,1,1,0.006347161155086711
1951-01-01,-1,1,-0.005113234633519537,-0.9303192105508716,0.9446794875096162,-0.0354153355818706,-0.11644066837757039,-1,0.9841670501211386,-0.9273144165502843,0.9816736700640617,-0.009750578606294802,-0.13786603128698838,0.8974801939619501,-0.8777451824986354,-1,0.9634088951139949,-0.05313216104234775,-0.01109405217588888,-0.003953993788386678,-1,-0.8539185077291552,-1,1,1,-1,-1,1,1,-0.9205475877271724
1951-01-07,-1,0.07705694004761632,0.9366197432286761,0.03967690848641692,1,-1,-1,-0.014522330420679519,1,-1,0.02693378570932148,-0.918891320627447,0.8555733098431634,1,-1,-0.011829585410154886,1,-0.9880361613588875,-0.9459447173336089,-0.9586141502056987,-0.03629862401878281,-1,-0.022654261259975828,1,0.052851371720125107,-1,-0.004249409293264339,0.06800229505324529,0.013038163805233371,0.04631963164931274
1951-01-08,-0.08532523171280382,-0.890425114670416,1,1,0.007719725740305772,-0.052403533327531115,-0.055279771451500426,0.9143684261347277,0.025519742004163737,-0.001573139588541106,1,-1,-0.1155357447438139,0.0430912981563043,-0.011281836956197444,0.9301603323757206,1,-1,-1,-1,-1,-0.01657621251493613,-0.9821431122703097,1,1,-0.030686394443199205,-0.9330260287674806,-0.9077036499927817,-0.919857741769212,-0.8830533025424996
1951-01-09,-1,0.10264981252253258,1,0.00818642165109118,0.97737196547725,0.9027250164580991,0.9034991581201701,-0.029020052929675244,-0.9433566497681829,-0.9949104469027887,1,-1,-1,0.9909791697111431,0.9630397506014244,-0.04624789456958145,1,-0.09461637908700438,-1,-1.7362689923794417e-4,-0.024877174599566176,-0.9429722005063714,-1,0.048344013660534535,1,0.9194156720212424,0.020632756189037593,0.047870593572499676,-0.002387016547505616,-1
1951-01-11,-1,-0.8689940780894199,1,0.956768761642197,1,1,1,-0.9884058711157028,-1,-0.02360935302710876,1,-1,-1,0.011520523595895171,1,-1,0.03935689506040174,0.8878619215479666,-0.06790403793802613,-0.9153647301709404,-0.9954781989402189,-1,-1,-0.9088090846567564,0.023618025177100765,-0.021096933420717057,-0.9293271329907287,1,-0.9393147542708888,-1
1951-01-12,-0.04597634913608073,-1,0.02594527618611897,9.223151142058184e-4,1,0.022106860392053562,0.032209766267272344,-1,-0.05101261257132228,0.9427843428593103,1,-1,-0.10409602699413478,0.9800337572916432,1,-0.014637265365182062,1,-0.1000610088709688,-1,0.008905131504072128,-0.025026981458471376,-1,-1,0.08788245364441016,1,-1,0.04369369745642537,1,0.046926068485879546,-0.05610984006482522
1951-01-17,0.9273503319694797,-0.014803458922371782,1,-0.995886694982924,0.035983726622697665,-0.9430000150635917,0.977887128233804,-1,0.8573747812263796,0.015173915543473693,1,-0.06393823701704549,-1,0.03444391255049095,1,-0.9968620216338105,1,0.85697293170787,-0.02498442316345073,0.9845398516890801,-1,-1,-0.0196785751025641,1,1,-1,-0.9193916215742145,1,-0.9263798414905265,-1
1951-01-18,0.03610977090315759,0.9645332893374625,0.00735650548487865,-1,0.9703083301425802,-1,0.0859218252642493,-0.03367021283561766,-0.10530598541917335,-0.968730279810947,0.0034425810797121814,0.9108152964996672,-1,-0.879541593705461,0.03474827685439141,-0.051828775076416256,0.05082355727603183,-0.11710222698597961,0.941380997359237,0.07066549694830448,-0.10351562683373516,-0.0038259355461476297,-0.9836971867302556,1,1,-1,-1,0.006356817562513828,-1,-1
1951-01-25,0.9918669337120386,1,0.9794730638416418,-0.007294707705742254,1,-0.004770688696525416,1,0.8429877327106585,0.8795788366814407,-0.02715231431205556,0.8847683879624927,-0.07725499635653321,-0.10418882980614974,0.11142694220034643,1,0.8508397328889236,0.9067245181979228,-1,-0.0160158950357433,0.9929111768342044,-1,-0.985088811662586,-1,0.0340630002829998,0.024038334918565107,-0.03537614550756474,-0.04217054256065622,0.9429357332336272,-1,-0.010812082081011254
1951-01-30,1,1,1,-0.9084256744065798,0.01499968996411749,0.9483636581630587,1,1,-0.09951991786043057,-0.984460946751956,-0.012130202607987473,-1,0.8731799411875297,1,1,-0.14368442706518691,1,-0.01441031307861862,0.9406648675596565,1,-1,0.007973365551495748,-0.011409312636109559,1,0.9944210288356167,-1,-1,1,-1,-0.9822209947844869
1951-02-02,0.01069226028792103,1,0.007535727828497096,0.012268906554553927,0.9848879539852784,1,1,1,-1,-1,-0.9706121726466863,-1,1,0.018664914087398565,0.0676518136928308,-1,1,0.9726366234527724,0.020388181077538148,0.05977810696062691,-0.09090117719692692,0.974870769012514,-0.874303650978837,1,1,-1,-0.06917953905257712,1,-0.06172782259056031,-0.028025192887446315
1951-02-04,0.976957701023685,1,0.9597478547292733,0.9297482221845225,-0.004759674172904016,1,0.04834859779746126,0.013130393354685688,-1,-1,0.01636874056209281,-1,0.03408643058591987,1,1,-0.026740650289451273,0.005494296210098892,0.026298892169685062,-0.9407376358906727,1,-1,1,0.09478970780256801,0.0902957410626275,0.0838190797054501,-0.04741508295562524,-1,1,0.8524740552704285,-0.9882898054932664
1951-02-16,1,0.04898774471397882,0.034932017771113655,-0.06129384057187348,-1,0.016062407320310612,-0.9362892163000105,-0.9450043168250082,-1,-1,-0.8834063667863663,-0.05302226598326665,0.8705747699061313,1,0.12183261935054923,0.8808180213493564,-0.9938805382311516,1,-1,1,-1,0.007027449492174154,-0.8591795583454592,1,1,-1,-0.032938784509280894,0.01942878658556968,-0.12656168456627126,-1
1951-02-23,0.035409877189820915,0.9501495488222935,-0.9458390983288532,-1,-1,0.9712652893705533,0.04246758626882008,0.010792204152182627,-0.08310373437736351,-0.06868388791164004,-1,0.9278414203364338,1,0.01192497697346917,-0.8174812575968785,1,-1,0.01078391951266744,-0.10174361900984863,1,-0.005080721085250706,0.9254446704307653,-1,1,1,-1,0.8991062216439658,0.9715977120482452,-1,-0.023744087263575353
1951-02-24,-0.9367324365003081,-0.033755751434285,0.04268187656429456,-0.02103551623497446,-1,1,-0.9466556526274246,-0.9684173713851483,-1,0.8888611834803576,-0.0697633336039305,-0.03088475417532499,0.010129459842527444,-0.976367295353104,0.17251314273128282,0.017194103869739297,-0.05498963234025045,-0.9616216480643863,-1,0.06522996652014335,-1,1,-1,1,0.05647922552921103,-1,1,1,-0.044104376893601915,-0.9879763333521439
1951-03-01,-1,-0.9332008723864386,0.9932902510624377,-1,-1,0.009654760937406581,-0.012494056128174558,-1,-1,-0.1022856363095922,0.8748337607311337,0.9142436873770414,-0.928253421393246,-0.025782303098431658,1,-0.8960100887331512,0.9305881713776845,0.003134461414675105,-0.05835943116873732,1,-0.0604837067804902,1,-0.10349516351855315,0.008924815662846308,-0.8362650686734172,-0.024364309235325288,0.014064232521621478,1,0.9359932661960008,0.010504289981812964
1951-03-13,-0.06369620216275795,-1,0.029689240832005526,-1,-0.04211078730893192,-0.9830527711238424,-1,-0.06764757420811374,-1,-1,-0.09449537668618813,-0.055654834227429006,0.03963032298787583,0.8832739583472643,1,0.08912567730959031,1,-0.9534540598530241,-1,0.040825052484979474,-1,0.049621948415500716,-1,0.9805786890852843,-1,-0.9886720044974188,-0.9516351195536019,0.014566823167793452,1,0.9949125913633554
1951-03-17,0.9247729345775367,-1,0.9319156449968277,-0.015556214308266925,-1,-0.0019126478356941146,-0.020205904396341512,-1,-0.16001827263198387,-1,-1,-1,-0.9047677240513232,-0.08840296350552468,1,1,1,-1,-0.006927760663424376,1,-1,-0.9209308635752802,-0.0015823891256966371,-0.004861561050489627,-0.004661018395393901,-0.02375596462520002,0.01135370838867078,-0.9825546506508297,1,0.03125660944935993
1951-03-21,-0.00698931373090339,-1,1,-0.9824951836868463,-1,-0.9970162217845062,-1,-1,-1,-0.054165665134490615,-0.033789918951575126,-0.09417930785111217,-1,0.8521262051455382,1,0.09724540772796308,0.12685901262608912,-0.04066017152680301,-0.9954437327284831,1,-1,-0.015683926759625044,0.9534483760466052,-0.9879769136320785,-0.9923427483732993,-0.9833127364577112,1,-1,0.071421247752671,-0.8917958226684005
1951-06-14,0.9850109007825556,-1,0.006841607064504096,-1,-1,-1,-1,-1,-1,0.8924677757139206,-0.9466718058434453,0.890054183743855,-1,-0.08956480492043484,1,1,-0.7427744754064652,0.8902485073054907,-0.0012888715670552608,0.041378567995225546,-0.013633304500305643,0.9667579113596211,-0.03690324034494652,-0.012490865229208947,-0.045201544664219884,-1,1,-1,-0.9066919340362574,0.04824414390826892
1951-06-15,0.06313650255503866,-0.024358789711587336,-0.9773007469406381,-0.04770173134343281,-0.04111806339066815,-1,-0.06818810496603711,-0.06205885763798935,-0.084410346905471,-0.054667907595400855,-1,-0.05244498620385185,-1,-1,0.07550565470872983,1,0.20130366972730085,-0.013630573281834146,-0.8462676932067873,1,0.9657511471381421,1,-1,-0.9816318034042163,-1,-0.0729260966855586,1,-0.0023852569701676707,0.05253799381667368,0.9541445296793462
1951-09-22,-0.9331403159499421,0.899231423990556,-1,-1,0.9587183200115637,-0.00292010599078274,0.9171451389867508,-1,0.8651946903810136,0.9310100635049097,-0.025295321144063854,0.90853183574005425,-0.013526546327860323,-0.03388878160364439,1,0.07979712256179383,1,0.9175600103478274,-1,0.04371180948599318,0.01918854132118264,0.00943274435031538,-0.033693818540318166,-1,-0.04110225544288171,-1,1,-0.991051635142234,1,1
1951-09-26,0.014247232491625073,1,-0.01101283211487214,-1,-0.03744861183537063,-0.9815736343834505,-0.029956896957902712,-0.00943398091390879,-0.10896684776089693,1,0.8877576106262823,1,-0.9788963669504092,0.863812823993058,1,-0.8705240300183531,1,1,-1,1,-0.947615077756397,-0.9341850332179933,0.8819331929668828,-1,-1,-0.004697994366798963,1,-1,1,1
1951-11-07,0.9496055750583765,1,0.9148232042067757,-0.11542342459197341,0.9575338380165409,-1,-0.9808519558128271,0.955566571589252,0.8898662607608613,1,1,1,-0.0275219593021363,1,0.054888392279108245,-1,1,0.05379202337060496,-0.039605115719719475,0.06831055499952599,-0.049530128770441495,-1,1,-1,-0.09411586881523659,0.9478006600693318,0.011798381836281235,-1,1,1
1952-03-20,1,1,-0.04345814117899205,-1,-0.03973951059316594,-0.13555258534447479,-1,1,-0.09037753788046043,0.02395308180616129,0.015532081318811675,1,0.8679373738969568,1,-0.9131160177244497,-1,1,1,-0.9506842137255701,-0.8954775958933586,0.8673957450112757,-0.02461252775201994,1,-1,-1,1,0.9537100080627645,-1,0.04862867355777034,0.015554690829786555
1952-03-25,1,1,-0.9991801218766498,-0.007063379312682416,-0.9604606135670097,-1,-1,0.03435872181546984,-1,-0.9455724334395976,-0.9789995163492117,0.020530566002948114,1,0.06083488401772286,-1,-1,0.04067592907825812,1,0.012517068348337657,0.05967529673881933,1,0.9446972033423776,0.04489247066373703,-0.11326180780404016,-1,1,1,-0.05354582887799242,-0.9442881270164324,0.890202391883884
1952-03-29,0.06069607263457555,1,-0.015657770170341867,0.9669770407858014,-0.022869739132943212,-1,-0.03228134795083415,-0.9203522343423551,-1,-0.02904209195616747,-1,-0.9422994341651444,1,1,-0.013051317800570339,-0.07338320538947862,-0.9537961991408171,1,0.9317366112077035,-0.90149307045377,1,-0.037112787220676124,-0.9424794230115136,-1,-0.02464244583302677,0.04503759199369928,0.045747030803213184,-1,-1,-0.09820638961185812
1952-03-30,-0.9379608365618923,0.05294937515390152,0.9748908465467356,-0.02083176487888838,0.9081827560818404,-0.11475885028408706,-0.9755650451652428,0.03711407534397604,-1,0.9312119922985529,-1,-1,1,1,0.8975610559031352,0.889283108223041,0.045689549915964967,0.026859927499783498,-0.04249866591469398,-1,1,0.9390110769694169,-1,-1,-0.920511072718848,-0.8275619452443236,-0.87649240282972,-0.0633214398301204,-0.06259441055079662,-1
1952-04-15,-1,1,1,-0.961242458963006,-0.052533008988963736,-1,-0.004542272183995388,0.9546090788623508,-0.013950001108189447,0.004744655727315861,-0.005687914482394585,-1,1,1,1,1,1,-0.8915127203412762,-0.964585773841949,-1,1,-0.016558860594477975,-0.14625972293568568,-1,-0.019445723048574837,-1,-1,0.9203010545798687,-1,-0.013247165207529221
1952-04-16,-0.05102419363641286,1,0.01618823626163457,0.015880869112484763,-1,-0.024287001864109814,0.9629022805798316,1,-0.9579701273566125,-0.9286821087049139,0.9384023811265221,-1,1,1,1,0.08996262793575427,0.04950141757480808,0.07397048313263543,0.027256627914160614,-0.044227467525644215,0.05861614865469367,0.9818083503831085,-1,-1,-1,-0.04703264662720863,-1,1,-1,-0.9408060607733775
1952-05-11,-1,1,0.9827390105882227,-0.9097989268241796,-1,-0.9965960203186447,1,1,-1,-1,1,-1,0.06477394585069818,0.04195221878769684,1,-0.9063090571888314,-0.9001428609828752,1,0.9693292251077518,0.945542686387596,-0.9073033820845147,0.014264129016036131,-1,-1,-0.03906365428010805,0.9214989663153218,-1,0.033420352826406874,-1,-0.003898225140341327
1952-05-13,-0.02646837348167186,1,1,-1,-0.03887290876937455,-1,0.03767890367199411,1,-0.03014717293567426,-0.08125941290534844,0.1108155922784202,-1,1,-0.9473535086663832,1,0.09290514870653643,0.04245520979206885,1,-0.007885991092807298,-0.014367627374505032,0.0034872974540350876,-0.9836423797780477,-0.06839261793178131,-1,-0.9991221444974354,1,-1,0.9959656846522056,-0.016743002960280973,-0.9767274402050584
1952-05-16,-0.978751091068715,1,1,-1,-0.9652904035921541,-1,0.9916011856552075,0.05006729129722243,-0.9654202148730203,-1,-0.8456699990091019,-0.09835240685082025,1,-1,0.09519865607047073,-0.8336078374675376,-0.9070320046904865,1,0.9485071214126285,-0.9775846693174365,0.9567529767766093,-1,0.855919895231783,-0.0022107296140790877,-0.05368432730512174,0.09735433038075814,-0.04345554173896704,0.013604228335487245,-0.968426838139431,-0.1108705058500602
1952-05-22,-0.0044594649708450396,0.05626818968546665,0.023511692993650635,-1,-0.07756960712964378,-1,0.02789550958451048,-0.9362789583030956,-1,-9.7483937103926e-4,-1,0.8303583178500116,0.019736346300877283,-1,-0.9009402650019279,-1,-1,1,1,-0.03015017998934988,0.04044938041742063,-1,1,-0.9695165791034724,0.9323635741555943,1,0.8952648281671163,0.9323581046729713,0.02626495078293689,0.8771921582843372
1952-05-23,-0.9080015528917765,1,-0.9212040174494375,-1,0.8967993314565001,-0.07706071179522256,-0.8652536161667228,0.04230890158273748,-1,-0.9412648173697649,-1,1,-0.9717432206994223,-1,0.08896366120390253,-1,-0.054798355590125025,1,1,0.8720592835018829,-0.894980905387939,-0.004644499313310568,1,-1,-0.057776745638382976,1,-0.09531756396166646,1,1,1
1952-05-24,-1,1,-1,-1,-0.09532542677828115,-0.9624694511709604,-1,-0.9188700589860732,-1,0.01588751741935046,-1,1,-1,-0.026023764975968144,1,-0.05287200102131695,0.845341932349249,1,0.07562454302729482,-0.0716491798976513,-1,0.9545347241104075,0.02211250792651165,-0.0059090662166720875,0.8592882724395675,0.026378084321351136,-0.9937440447984184,0.0539409534624371,1,1
1952-05-26,-1,0.02731581802353311,-0.0030287481294367646,-0.08158409358520269,0.9031743590893502,-0.005160816243104049,-1,-1,-1,-0.9400809410077829,-1,0.02950381752946174,-1,-0.989579474249205,0.01794022578250576,-1,1,0.0618454666976308,-0.915524881163146,0.9261990543893887,-0.01851264918218465,1,-0.9396730697588868,-0.9376727490024934,-0.11017026055956114,1,-1,1,0.021632677273810685,0.016635027094477728
1952-05-27,-1,1,-0.9790249886287734,0.8744873238068998,-0.04187345821130273,-0.9691905718614526,-3.1970145587689736e-4,-0.04513269388867236,-0.02347525690907959,0.013764129726096863,-1,-0.9136052229696227,-1,-0.040796309608515435,0.9880549956509094,-1,0.0038284110958441975,-0.8581810110952417,0.07083038357155058,-0.04522680949289459,0.8992492594446252,1,0.04208777739424385,-0.05086592651622324,-1,0.023067874612826555,-1,0.06697449393116572,0.9796933629923431,-0.9216627432524565
1952-06-21,-1,0.011373299033486939,-0.00774202333038565,-0.10624660249908235,-0.9982456315702448,0.0010780754086157085,0.9913473310123726,0.9363678647228811,0.9569506920576445,0.9080037545727235,-0.024677666521761732,-1,-0.002907911853356926,-0.9860879519933561,-0.008519928510642871,-1,-0.9432672929048418,-1,-0.8636825529468939,0.9364489060955963,-0.09728987019016988,0.04864672286313998,-0.9045565456041964,0.94727039250525,-5.47176438879915e-4,-0.9110481938834263,-1,1,1,-1
1952-09-06,-0.006667748791702732,0.9147525929677459,-0.9948640717050662,0.8612033316869732,-1,0.9164265300115239,1,-0.013445156620674359,1,-0.07750477763614838,0.9189601313889401,-1,0.917562945800903,-0.057894579912506794,0.9801073221718671,-1,0.03754229972984002,-0.0023117006396807804,-1,-0.04276540734330336,0.8306073098184092,0.9761337277942902,-1,-0.03965037415896688,-0.992022905803787,-1,-1,1,1,-1
1952-09-07,0.958453205195954,1,-0.018870069306264114,1,-1,1,1,0.931456396071876,0.028267734376825615,0.8517353218965874,0.011658279381852266,-1,1,0.9364212279189064,1,-0.11341181926991062,1,0.973686729386929,-0.041779957140929413,-1,-0.10078482971452252,0.003807256670301351,-0.006406435239510899,0.8766053190981788,-1,-1,-0.005557826686687584,0.014485290051497013,1,-0.004076141626632279
1952-09-10,0.03447501339735193,0.05480179982999778,-0.9474118800415635,1,-0.03729723728085721,1,0.05607875490989067,-0.0634894469198437,0.9352751128480332,1,0.9783500354728281,-1,0.04683156750990547,-0.06230900483989221,0.04911356429340974,0.8677996923355876,1,1,0.9209928622020336,-0.04855170672314946,-1,0.9862170915107169,-0.9537382333535355,1,-1,-0.015272720624034397,-0.9106694752277427,0.9879755600982283,1,-0.9019735454800901
1952-09-14,0.9773154363029286,-0.8930394635431609,-1,1,0.9311666638503123,0.07117367852626089,-0.885540157381851,0.9042994075829807,-0.034462795142577995,1,1,-1,1,-1,-0.9150365878297796,-0.088396924471275,1,1,1,-0.9633829466189118,-0.020554265558966334,0.019527054239222408,0.03462044900236316,0.022897228531897795,-0.009427378837224554,0.9421480016214211,-1,1,0.061797773161841096,-1
1952-09-30,0.02816507351945252,0.024432645499075867,-0.05064587110591501,0.06695586751811544,-0.03444333413114353,1,-1,-0.04460136795150249,-0.9855120730667207,1,0.015687750337916917,-1,0.046465485175356314,-1,-1,-0.9797233961435263,0.00588065571092411,1,0.01338421026430714,-1,0.9200298881086774,-0.9784998648504302,-0.8664899352082166,0.9900295898924658,0.9437069433036667,-0.026552724501040736,-0.06956078894100082,0.031373602953950086,-0.8854231146447817,-0.047180340563683254
1952-10-01,-0.95937038935471175,-0.9268846051012806,-1,1,0.9169815421992669,0.04477871644822429,-0.02010259041183915,-0.972718781892663,-1,0.06436174708334819,-0.9201316869209022,-1,-0.9168003165579707,-0.00545871476343307,-0.05400609084612307,-0.04584356430618408,-0.9662847343769992,1,-0.9153377279448246,-0.04957084386219168,1,-0.037671230646117104,0.06700824107639736,0.020979075704718686,1,-1,-1,-0.8858049191211064,-1,-1
1952-10-07,0.006227527763918328,0.008322711678501071,-0.05804626304878391,1,-0.07208341004186458,-0.8850178310904591,0.9594702086031718,-1,-0.006970952585904855,-0.9144205969782482,0.06695531473977234,-1,-0.0210758849478051,0.9706099218425189,0.9111328352715323,0.9072659691521057,0.013801724126722648,1,0.04282006882579703,-1,0.10962161692062444,-0.9945000298497872,-0.928341423795334,-0.9135991933390074,1,-1,-1,0.1120759759569796,-0.02960975433366364,-0.0028668862600133016
1952-12-13,-0.9585419688135557,-0.948664211029053,-1,1,0.9085981533566538,-1,1,-0.050361427314066454,-0.9603457740139562,-1,-0.8950735514010143,-1,0.9640738530593135,0.019253750550175308,-0.06400272787195949,-0.004053089198038595,-0.926034977530954,0.001837163888959159,-0.9306220569023598,-1,-0.8403346366961866,-0.0058426151219294065,0.058521294211082986,-1,1,-0.08129385813970347,-0.021300258958853235,-0.8111533991425364,0.9261997747748575,-0.9304241342771752
1952-12-21,0.01576934894988513,-1,-1,0.014760557877710134,0.040045687655706486,-1,0.03358093860870759,-0.9542321362362426,-0.013035551124581324,-1,-1,-0.04479334851832151,0.04751521558006844,-0.9547341258823699,0.8905302702311044,0.9491684674682934,0.023702313103098782,0.9960626733080487,0.0395796541378467,-1,0.1301086565156978,-0.9298803674254803,-0.8550390531310411,-1,1,0.8470750944798296,-0.9342862918091872,0.17460172295386345,-0.06381362200605456,-1
1952-12-24,0.9988906664293569,-0.07147967648758369,-1,0.9533869040385022,1,-0.013218028612921984,1,-0.020721230168183946,0.9426772643434549,-0.07226478407685777,-0.013739960988635391,0.8620910303259381,-0.9096592733300229,-1,-0.08118734326935917,1,-0.9087964930654909,1,-0.9576043443957651,-1,-0.8162975816774983,0.06983534572352101,-1,-0.010698378980850798,1,1,0.05723059777638617,-0.8134904275091783,-1,-0.0783763784771967
1952-12-28,0.014875102842500487,-1,-1,1,0.08396430363894869,-0.9981607500605296,0.008095365077804062,-0.9938920920376582,1,0.9218075600221348,0.9760436960802735,-0.10505243726273972,0.08589723983140551,-1,-1,0.028387912727632747,-1,0.010303817668550819,0.03525904403707858,-1,0.14722039919240126,-0.8630780786527623,-1,-1,0.07361599360122839,0.004672572499287764,-0.9384379487733976,0.13742800618078577,-0.18632366988139548,0.8789719797211509
1953-01-01,0.9768203840528483,-1,-1,1,1,-1,-0.9473552702218221,-0.016736850086359945,0.0039015931150760963,1,1,0.8756936530546616,-0.8917678654983597,-1,-1,0.9622136723974827,-1,0.9648560298100375,1,-0.10016233022797971,1,-1,-1,-0.0775774388804541,1,-0.955170534121677,0.05391882639611412,-0.7959142243045795,0.770975273852121,0.003963897566910735
1953-01-09,1,-1,-0.00989534783157664,0.04060788305229701,1,-0.04084594081469928,0.01554253713674203,0.9440565744450671,0.9942961644440104,1,0.009163673765742564,-0.0890311403320505,-1,-0.012280273265119601,-1,1,-1,-0.004309544743609561,1,0.8388862467638641,0.05276094949722798,-1,-1,0.8907652921773347,1,0.03023915403842714,-0.9263060324414658,0.1675849484558346,-0.18986244531014473,0.9858042942776135
1953-01-29,1,-0.008861152117876192,0.9660046770519557,1,1,0.9118599861000644,0.9923077273887572,1,0.00658472639077512,0.06560147550302708,-0.9645451890165098,0.823115804763614,-1,0.9255307404679071,-0.05562067277617133,0.002956867175250455,-1,0.9671356663436551,0.01299328319446369,1,0.9579613363678874,-0.016606953255833057,-1,-0.09138204024753749,1,1,0.06642686248147467,-0.7769606268231433,-1,1
1953-02-01,0.026078178573887834,0.9805751124744604,-0.014644000551605307,0.0064692072335273965,1,-0.0737503707328726,1,0.017375385506678276,1,-0.8518936327012339,0.03257212315486269,1,-1,-0.0010959196150384098,0.9198229100450519,-0.9466087140788153,-1,-0.011836851754460476,-0.9385955533321734,0.052006399768369405,1,-0.9681482743394068,-0.07908378833328378,0.9036708633558769,0.12521188767915814,1,0.9960634151827978,-1,-0.040230393449640633,1
1953-02-03,1,1,0.9568244523595588,-0.9844464228180884,1,-1,0.022980316703899217,-0.8948678205529715,0.02174908416124932,0.1161545786209266,-0.9542494183847549,0.001568497587444595,-0.04160719191159168,0.9256113027798051,1,0.04760547115488489,-1,0.9842828147276917,0.010522126922045016,-0.9218146168435919,1,-1,-0.9862424335442868,1,-0.872803057428898,1,1,-1,0.9334317608707826,1
1953-02-04,1,0.01731524622777625,1,0.01101488083628599,1,-1,1,-1,-0.9384230848562978,1,0.04195191146269883,0.9809648146689375,0.9064793527666087,1,0.03384211721004582,-0.942393823685843,-0.03932659634118596,0.05967825323182796,-0.918946183058074,0.044490264522545675,5.9247381264615484e-5,-1,-0.018241342584565556,0.04480470102965051,-1,0.06266593569446866,1,-0.04550880812262181,1,0.04538742152585529
1953-02-06,0.011976938018298577,1,1,0.9571141620716633,1,-0.04875670316559377,0.006377078065733621,-0.005571888168292238,0.05333402006435828,0.07564119658159885,-0.8804049703775328,0.09703765438173784,-0.08707469999826545,0.07233160578196429,-0.963845882873391,-1,0.9592597617277661,-0.8925085174012813,0.07240431954077353,0.9709801064997623,-0.9721349452272081,-0.021551320477884772,-1,-0.9505234978280459,-0.026467097554157104,-0.9126364348022857,0.03769654077657114,0.922182420072803,1,0.9558795596317438
1953-02-10,0.9233618590803758,0.006951355253095204,1,0.06505106178875508,0.09212488573335476,-1,0.9584396021491565,-0.9402826125810171,-0.861022312199298,-0.8543085557333197,-1,1,0.8849383462580731,-0.8765580636660852,0.0027199813827688546,-1,1,0.05291906793721679,-0.8941058081604792,-9.393130761118362e-4,-0.047655093087434985,-0.9403116644762992,-1,-0.04721823272766934,0.9493211999933533,0.06985874472838294,-0.9195880416083896,-0.0491280536830101,1,-0.03869661202011765
1953-02-28,-0.054687475431403065,-0.9499344517918689,1,-0.911950557915499,-0.8975300294878705,-1,1,0.0031535507905409155,0.09210582155663649,-1,-0.046457259826280795,0.01980252046576647,1,0.06390274499569748,-0.9871560364435278,-0.05386186418554462,1,-0.9271350255189821,-1,0.9583052811228495,-0.9533010946965602,-1,-0.006455894123622907,-1,1,1,-1,0.8942991333731667,0.09455209138343701,0.9454671343806037
1953-03-05,0.9088677582475748,-9.825346433768312e-4,1,-1,-1,-0.040997669203222786,0.07748323231385523,-0.9419967566714191,-0.9031213557902658,-1,0.9022455724096151,-0.9142507913101781,0.06722255206904315,1,-0.0470221514326129,-1,0.010002840053498385,-1,-1,1,0.03810671451736569,-0.003470544316390267,-0.9621540516954656,-0.016472697401697878,0.05254319876897651,1,-1,1,-0.8315358793661342,1
1953-03-06,1,0.906251659847483,1,-1,-0.06541575904345887,-1,1,0.038236370444783896,-1,-0.09505942886988938,1,-1,-0.9063901235598504,1,-1,-1,0.9282003230712845,-0.001740083489291444,-0.007959444161145135,1,1,0.9602113307823686,0.02271140815576511,0.9448345273092965,1,0.09203965738969089,-1,0.005798037505204134,0.10525110569934049,0.017026221684523057
1953-03-08,1,1,1,-1,0.8919969951721768,-1,1.312841037476309e-4,1,-0.05563072851018569,-1,0.00882105857304083,-1,-1,1,-1,-0.034299572135269685,1,-0.9452228140964801,0.9523310477620556,0.0472365382414448,1,1,1,0.039386495657746656,1,1,-1,0.9395425559212046,-0.8008121571268728,0.9918737373414834
1953-03-15,1,0.027440230135134636,1,-0.02140600101226786,1,-0.040044267590127025,-0.9477814866181307,0.03581584955472372,0.8788483525233229,-1,-0.9683560574870613,-1,-1,1,-1,-1,1,0.02861411948939785,1,0.9639303470620053,0.03478576397983202,1,0.017673610662648165,1,1,0.04981879532774869,-0.021882755659471287,-0.025765069086449377,-1,1
1953-03-19,1,-0.8903621546256818,1,-1,1,-1,0.028194897921974493,-0.8316619337083399,1,-0.019064423521492957,0.016006514778612924,-1,-1,1,-1,-0.026769932920829853,1,-0.9247121908634062,0.0809401061299112,0.02787056353136208,-0.9368453963688563,0.004514828480632227,-0.860487939143432,0.014114187262258993,0.054352550899039787,1,-0.9876258379437917,0.968188435453512,-0.025747419963353613,1
1953-03-20,0.005743502325255112,-1,0.03583962814371866,-0.055607005063607495,0.05671191591473557,-1,0.992434210897835,0.14983574253868848,0.030116065259484848,-1,-0.9768951356536979,-1,-1,0.03191198354434377,-1,0.9619563182241492,1,0.04280457672583937,-0.9147632223247637,0.9884339043425804,0.049074061389422496,-0.9005629593405813,-1,0.9230963268014397,-0.9111553663276202,1,-1,-0.0066310084983215445,0.9473362134586306,0.039532890771271756
1953-03-22,0.9226125011771573,-1,0.9338731345058439,0.9076818868761013,1,-1,1,-0.7752826835872431,-0.9406243134871639,-1,0.0021667689237294674,-1,-1,-0.902222422982654,-0.011845513527864338,0.01744404113755038,0.025569380801631847,1,0.06316515543381007,1,-0.9081800866291032,-1,-1,1,0.045084313046572344,0.05984778362276133,-1,-1,0.00288880159857674,-0.8786787631740813
1953-03-24,-0.058304472640217875,-0.03954551250535043,-0.02667740969940502,-0.07684694738429709,1,-1,1,-1,0.013858287421370963,-1,-0.9319243765835483,-1,-0.11224518325628374,0.09716780381175527,-0.9722591485869918,-0.9743127537004695,-0.9389075569624475,0.004960943896465619,1,1,-1,-0.03542187939761432,-0.05190963990178776,0.04298579571551231,1,1,-0.015285040613004286,-0.0019284966885494415,-0.9553720879960981,0.09772070063726357
1953-03-25,0.8980634039244846,-1,-0.9549862769031022,0.881766515427432,0.007037532384702949,-0.08800200826060778,1,-1,-0.9784136203055908,-1,0.02474217935337064,-0.027039335863321745,-1,-0.8485669384533463,0.0017960280503581671,-1,0.012254450156569341,0.9971945587356438,0.07389404780501463,0.08169933022167952,-1,0.9198913052870178,-0.9886740316095518,-0.9384069228731319,1,1,-0.8785784646417769,0.9921007946028071,-0.058719407579568506,-0.8088778033392029
1953-03-27,-0.07277071509987587,-1,-0.017662977877577313,-0.02419912492881582,0.9919875587258877,-1,1,-0.046742040600948,-1,-1,1,-0.9727814784185518,-0.010829059639541061,0.1271122430815852,-0.9778687250341794,-1,-0.9452749845550651,0.06657734023107365,-0.8068327995004224,-0.9032593108815169,-1,1,-0.017122660123621958,0.04928510578604062,0.008536156964497499,1,-1,1,-1,0.13675587970953018
1953-03-30,-1,-0.08954604301238656,0.9749646436464353,-0.8671087297340826,1,-0.04963317900818198,0.03501334703600756,0.8153925999734883,-1,-0.025534126016256153,0.03758693812947966,-0.016096144319958094,-1,-0.8664990757500004,0.008419122331910778,-1,-1,-0.9306856651023279,-1,0.0959712625418856,-0.011948946601379795,0.003437804882599038,-0.9812975603626142,-0.927842021193672,0.9718619338819342,0.06778318130916561,-0.019848726719507548,1,-0.01294649113207158,1
1953-03-31,-0.033242791807325145,0.8732132363361357,0.013445295721247752,-1,1,-0.9789138705025274,1,-0.14425769571065128,-0.014813692982194038,-1,-0.9187906967934222,0.91990019333276,-0.020359345339775792,-1,-0.9780671101812941,-1,-0.01670683143575835,-1,-0.019521850200294733,0.9988306570600514,0.8720073889092295,0.9925878319427306,0.0037470129437535693,-1,1,-0.9126984696647878,0.9657605910653286,0.06741136428495365,0.9546310005589447,0.01220147647377523
1953-05-04,-1,-0.08538367490486909,0.9848246935222821,-0.05365242033087747,0.06530610837156026,-1,0.01842053279144351,0.8511438777640844,0.9118807341031594,-0.07974676622393206,0.07341512707250497,-0.011325237208695493,0.8632989801503796,-0.05175570171006827,-1,-1,0.9818167444345838,-0.04319292657024709,0.9601890043054113,1,-0.036885998815879395,0.013705164452119556,0.9006682568516604,-0.06350143488369264,1,0.0406724791097437,1,1,-0.03181748037808674,0.9968534391246835
1953-06-05,-1,-1,0.031270212710074685,0.9103261427624969,1,-1,1,1,-0.038848954859951546,0.9133358819099436,-0.8924332774987366,0.9834575233961,1,0.9083274738234575,-0.007231538027591133,-0.05526089786522448,1,-0.9898611576959911,-0.03242078590597541,0.07153280436404141,-0.9749720405855432,1,-0.040761398503142865,-1,0.06336517425137578,-0.9473720264244551,1,0.044889838750310496,-1,1
1953-06-06,-0.0038465162584296886,-1,-0.958762142546589,1,1,-1,1,1,0.9178801006945663,1,-1,0.04163733831381078,0.026753318064723808,-0.06470631325368337,0.9285957585259113,-1,0.03348405420869405,-1,0.9336290489506914,1,-1,0.091167994670728,-0.9110785310227918,-1,-0.8513124124757488,0.022367613040256473,1,1,-1,1
1953-06-07,0.9282071889427077,-1,-1,1,0.03391781304526942,-0.0733818076040672,1,1,1,0.018336272502011974,-1,1,-0.9518475999709287,0.8525898453375763,-0.053284201287985944,-1,0.9525897531234319,-0.010169855456879984,1,0.026506474268364832,-0.05621538808096416,1,-1,-1,-1,-0.9418007009648687,1,0.04910850280926071,-1,0.028448888872096068
1953-06-09,0.023537027752303485,-1,-1,1,-0.9538577149913515,0.8851595923702952,0.056075082142215904,0.1039525824122628,0.09133049331125875,1,-0.030256274262164373,0.016633753006478846,0.01224889569968135,1,0.9263887001974023,-0.030682221930218967,0.0200503329391698,0.9074503764752919,1,0.9759112893476228,-1,1,-1,-1,-0.029668041745543827,-1,1,-0.8658827075587808,-0.08460029516441114,-0.8979998423477112
1953-06-10,-0.9479751450397702,-0.05338792654789282,-1,0.07201038750941713,0.03979807528176971,1,1,-0.8248806881312059,1,0.08672979248539447,-1,-0.8795181451119128,0.954557319554753,0.08583639339634463,-0.047537688525830735,-1,-0.9702756951292176,1,0.0142377476294554,1,-0.03174289496223481,1,-0.05840080600367581,-0.022925832429553483,0.8615434759436148,-0.07598437070713349,1,-1,0.8654406881482521,-1
1953-06-12,-0.004749631786768238,-1,-0.02101097412738917,1,0.9785606013418084,1.4927891320637432e-4,0.03526964238135888,0.1240798986735624,0.03950377610986511,-0.912104570322599,-1,-1,1,1,-1,-0.1368542130142264,-1,0.007914754526482937,1,0.10309068932744214,0.911109221147557,0.00681476863213426,0.9335742094540188,-0.9677535844927281,-0.10304150827247038,0.877651616842239,1,-0.08795941362637871,1,-0.003198164699945605
1953-06-13,-0.9787061672380679,-1,0.9461491432149038,1,0.013992657666158537,0.9145731018904542,0.88381673274031,-0.7828182925139908,0.9961980809330298,-1,-0.015853308019363466,-1,0.017939502428663823,0.028280008698633008,-0.07217739449179705,-1,-1,-0.9224663004079877,1,-0.8830703519232443,-0.04546184520565233,0.9735884716319853,-0.05953150155812348,-1,-1,-0.11165197892819556,1,-1,0.05169757175906997,0.979165685583998
1953-06-14,-0.022103385947677134,-0.0621434753831267,-0.02031943625324295,1,0.9840480476390483,1,1,-1,1,-0.09006587746992323,-0.9852472980285951,-0.02061388904851158,0.9886676991952807,-0.9401171319307491,-0.951901460415963,-0.02357735746167411,-1,0.05139397385432409,1,0.09134682351322576,0.8856633851633677,-0.022587143013047872,0.9285513714744956,-1,-0.039145940189352135,0.7838541994745036,0.004025599374193667,-1,1,0.03557118056973574
1953-06-15,-0.9952651894397281,0.9056400336213806,0.9791457326826605,0.07766182746705752,0.017626367245614727,1,1,-1,0.017373681204592484,0.8480139956108713,-1,-0.9417750934403801,-0.011015854196263164,-1,-1,-0.9928162330361356,-1,-0.9389599241632257,0.07738511121820024,-0.8968867207019416,-0.11069368209662334,-0.9498805058753843,1,-0.04586171341370837,0.8990538941961215,-0.16652206973703065,0.9030635496181069,-1,0.028846612286927087,0.9520618781580333
1953-06-16,-1,-0.011669787693385225,1,-0.9068189059180848,0.9928979668922228,0.050050099570799755,0.009798654164415721,-1,1,1,-1,0.002970654803360895,-1,-1,-0.012363718945050284,-0.03277439856709874,-1,0.03419388924722011,-0.9163125616176238,-1,-1,0.01751353439550063,0.05893965975221582,0.9105481088171526,1,0.8164590567643526,-0.09314226840778306,-1,-0.8548412457486168,-0.03316896522070256
1953-06-24,-1,-1,1,0.04031539141692675,0.04712116325600657,-0.9465725598513856,0.9875295488499829,-0.06352902703486907,1,1,-0.16349916693982647,-0.9570377416355692,-1,-0.03887122181788094,-0.93941700393451,-1,-1,1,-1,-0.010809338495715637,-1,1,-0.8704354396295793,-0.06678860593537428,1,1,0.8721967711717268,-0.054118856804665993,-1,-1
1953-06-25,-1,-0.03368082562002184,1,-0.953602518433221,-0.9416126642552363,-1,0.0274238362783783,0.9217123681487426,1,0.13829728776406758,0.7925473491024235,-0.008159180764910068,-1,0.9317581933254232,-1,-1,-1,1,-1,0.9476142874673507,-1,1,-1,0.8865604269030751,1,0.006166648507058503,1,0.9427429333683182,-1,-1
1953-06-26,-0.05241468358179757,0.942126263451701,1,-1,0.022182342284959633,-0.08088291709313067,1,-0.07217546399220531,1,1,1,-0.9913943579424348,-1,1,-0.05561660816645542,-1,-1,0.008315684175141613,-1,1,-0.03189819404171168,0.02493376993041385,-1,1,0.026620127952594053,0.9682305294947653,1,-0.03804998467362353,-8.49464897974328e-4,-1
1953-07-01,0.9161915599105989,-0.0160986599669366,0.07505346554272108,-1,-0.9673796665820034,0.8995336202683065,1,0.8096894865560199,1,1,1,-0.007587873276559964,-0.041849699560663756,0.042339295134214194,-1,-1,-1,0.9642159134753575,-0.05172772530946046,0.04937364333723315,-1,-0.9398040886284522,-1,1,0.9674484889081896,-0.02188106726133321,0.03730200642490733,0.9524629365036487,-0.9722015491545066,-0.027972665093478732
1953-07-02,-0.07754285584692544,-0.9780034888365654,1,-0.016198618908309315,0.014916861759541877,-0.0954532670899999,0.08237068272822368,1,0.0648263472466849,1,0.02131704050876193,0.9617736021010445,0.8968763201076219,-0.9442322929853879,-1,-0.008439819917883007,-1,-0.03205427646606662,-1,-0.9011727886630242,-1,-1,-0.019987225288264576,1,-0.0060795773865606195,0.9613931111937266,-0.953395179916727,1,-1,0.9600600661718338
1953-07-07,0.8145362276222711,0.01121267292337258,1,-0.9488143860167492,-0.8688360539330233,0.8753904409752707,-0.8723097178239658,1,-0.883782333025008,0.07783717852464545,-0.9149376983627958,1,1,-0.010801438952365183,-1,0.988218303974815,-1,-1,-1,0.08126613328130039,-0.044489088897441076,-0.017731956847578778,-0.9899323339749354,0.04260665897428084,-0.953849745179706,1,-1,1,-1,-0.015797711763450684
1953-07-09,-0.14216656829190388,1,1,-1,0.07919513059470606,-0.034109356179799044,-1,1,-1,-0.8774065023655018,0.07118909239372895,0.0211480432329898,0.0826315257534862,-0.9835551176358277,-1,0.003623897343049687,-0.03592864885351632,-1,-1,1,0.935195208486056,-0.9700364470891062,-1,-0.924857958903992,-0.004817810400259526,0.003574676430064594,-0.010497193754703815,0.03859412882951774,-0.041520929708786736,0.9284994401417358
1953-07-12,0.7876282361593998,0.023497346664923424,0.013975877414101667,-0.004534955875843516,1,0.897118705413588,-1,0.08795191046989359,-1,-1,-0.8529204974396177,1,-0.8876924792561667,-0.016533176582268716,-1,-0.9679274788119127,0.9218698236580947,-1,-1,0.007294661838025629,-0.0044063014789894606,0.008514410377990056,-0.04740402294114232,0.05856837238734014,0.9694566418718488,-0.9093351537515015,-1,-0.8137751453081741,0.9436394314359187,-0.06878819578264694
1953-07-17,1,1,0.9727366561245432,-1,1,1,-0.015744639686584683,1,-0.01566527267072726,-0.06157850909325435,0.13733101422109173,0.04402288388005193,-1,0.8403993542402083,-0.015476478083909173,-0.004428352641209776,0.007509181916284247,-0.07150896048886857,-0.025074939862197998,-0.9572100130022368,-0.9031491288484805,-0.9541848828687796,-1,-0.8934951371427209,-0.001732828083605642,0.06327909767390238,-0.035107027250937395,0.17797035407407302,-0.023267596652121747,0.924295816243254
1953-08-02,1,0.004201122722378381,0.0073625133315740054,-0.020667352857657084,0.036376744769030966,0.007905706125089562,-0.9299268859014528,0.009775110704823509,-0.9522503937282555,-1,-0.8373192772157674,-0.9555534082396632,-0.036890696578436244,1,-0.9966427956297376,-0.9666329740585528,-0.9601111125064905,-1,0.9357319404946493,-1,0.05329616248022018,-1,-1,-1,0.9697429319465876,1,-0.967778355930579,1,-0.9870268622176952,1
1953-09-22,1,-0.9832784575936532,-0.881048717090661,0.9588342338941067,-0.9208996932225665,-0.8912441449115012,0.04042842892272025,0.9590737184073319,-0.011093380293511368,-1,0.09621143333585647,-1,0.9510981566808262,0.029454267029919268,-0.06866788824144787,0.022542329075911027,-1,-1,-0.009541958004892104,-1,-0.9368535251581894,-1,-0.037296452961817717,-0.006287912932179562,1,1,-1,1,-0.0792932524885932,0.013332424490710038
1953-12-11,1,-0.0012182547841862457,0.09636846802658106,0.0038330544408500256,0.051445711146930195,0.03944562380778471,-0.9394722416329551,0.04384049462980344,-0.9939219531032487,-1,1,-1,0.03783969480082894,-0.9471700480724419,-1,1,-1,-0.028877078149551316,-0.9034570829638956,-1,-1,-1,-1,-0.994627378436833,1,0.011807207921792684,-1,1,0.8984233480808522,1
1953-12-12,0.03877972896929671,-0.9345426900554589,1,0.9929193772603223,0.9523281452159168,0.9839632840979564,0.05961920423457978,-0.93520692623022,-0.07127032562998459,-0.08868150673578878,1,-0.010966488613303182,-0.9177744933775681,-1,-0.011251271433058263,1,-0.09697625571707846,0.9090886736060665,0.008326534138387909,-1,-1,-1,-0.030358393487650237,-0.05276208692182904,0.01617007632322265,1,-1,0.0910694182263665,-0.0037162116032193326,0.03000335336022808
1953-12-13,1,0.045979092519630504,0.032239394399229404,1,1,1,-0.9333302138529411,0.05069098451881837,-1,0.8378026998269136,1,-0.9804208985411007,0.0018825079880900875,-0.034376810973195226,0.9414836649707492,0.050154797317361055,0.8645374465177046,-0.0887466858247512,0.9626231483194362,-0.040091657867971864,-0.09854367706923317,-0.06287447934849322,0.9547855462094126,0.929956144746522,-0.9562833330816459,0.07996894764318652,-0.018741215269014955,1,-0.9842271242269103,1
1953-12-14,1,-0.9290005664198441,-0.9230652538861939,0.012893656016247479,0.01716861819669291,0.024421583366736943,0.04554092065046911,-0.8850372824006715,-0.02272465695441106,1,0.0426436244780769,-0.03766905372341767,0.9881754160440541,0.9404298439447273,1,1,1,0.8739123721896986,-0.006157713464480574,0.8817824689822928,0.7688018425398161,-1,1,1,-1,-0.8663302329339146,-0.9810051335278475,0.014089354491315431,-0.06338065955167838,0.07352718447611895
1953-12-15,0.01411588108184425,-1,-1,0.9293289853186971,-0.9263769843075382,1,1,0.035070795433698065,-1,1,1,-1,1,1,1,1,0.004092510148676176,-0.11023648915781836,-0.9738128185454089,-0.11572392003234477,-0.19495384099744661,-1,0.03330692754879916,1,-0.02315242546267493,-1,-0.023623779482965457,0.9783966410429998,0.8728161729725243,-0.9255080907789717
1953-12-17,0.9964409040554242,-0.015487971561949143,-0.009363453219216944,1,0.03454172759647878,0.08210973599792393,0.00882429952898367,-0.9385870567346761,-1,1,1,-1,1,1.153278952900072e-4,1,0.030233298392095653,0.9371780707002333,-1,-1,0.8303952747750467,0.699256061377566,-1,1,0.0026763684736470505,-0.9848791611800538,-1,0.9663557914991211,0.0022167552351539666,1,0.07125766614507156
1953-12-20,1,0.9652880599071966,-0.9649000276062886,1,-0.9104684110247251,1,0.8739569725998233,-1,-1,0.05750928095175856,1,-0.01060072931391065,1,0.9560897693004126,1,1,-0.05736288868641681,-1,-1,1,-0.22873261440601078,-1,1,0.938655055782861,-1,-1,1,-0.9671160534028925,1,-0.8732087986650381
1953-12-27,0.03725787282351878,1,-1,1,0.011429236595510872,1,-0.060166255297293914,-1,-1,-0.911394682782297,1,-0.9712509571135146,1,1,1,0.05410769015252315,0.9071990653018235,-0.05546931116429876,-1,0.022762750946646815,0.7417448249111189,-1,0.036646692976151196,0.036689947910968135,-0.033664470786503475,-0.023811453311438413,1,0.032706243097391896,1,-1
1953-12-29,-0.9447573504608351,0.0026629129291261266,-1,1,-0.9862685233851562,1,-1,-1,-0.03041744979958161,0.03612006289882763,0.02870554767051159,-1,0.014625702000442553,0.008809695918877924,1,0.9709848427709122,1,0.8444741061588577,-0.03381449821444649,-0.9723261154995165,1,-1,-0.962131832038469,-0.9612460720232167,-0.9501967925203247,-0.9440856620036449,0.016077479956005614,1,0.01889228747344529,-0.03136246114678354
1953-12-30,-1,-0.8973904781183243,-1,1,-1,0.10719512661529162,-1,-1,-0.9532948134221987,1,0.9313506440224804,-0.026879185427916896,-0.9831443676024781,0.971937326052207,0.07813795946209712,-0.011114396400965898,1,1,-0.9905304552354826,-0.005814354708776448,1,-0.022959813008644026,-1,-1,-1,-1,1,0.008666361967155756,-0.9647411900324204,-1
1954-01-29,-1,0.01392875760850576,-1,0.025046625606370054,-0.04175054173068915,-0.8398038713863621,-0.07638700247255259,-0.05809521979214016,0.021876405137993826,1,0.03271307751369168,0.9706706325756318,-1,0.04023178407168693,1,0.9779877713715179,0.0014898710938179294,1,-0.007388631367041043,0.9757614846911777,0.008952137689866246,0.9613033001730531,-0.0314482502198562,-1,-1,-0.011307631898051729,0.04262974144504883,-0.9060466809927503,-0.0422271678094458,-1
1954-02-24,-0.013018500700944458,-0.9544009009098825,-0.01787023023660428,-0.9551041756456345,0.919516754579649,-1,-1,0.9338116955146928,-0.8903624997140508,0.06937258542883407,-0.9434742995302835,-0.005840004398693366,-0.02246407640253012,0.9913838861580284,1,1,0.9320239097775741,0.00964526928708942,0.9564333543943735,1,-0.9670819751932265,0.007368007417265288,-0.9650434966761664,-1,-0.03043950474907009,-0.9774785485998831,1,-1,-0.9440164504036138,-1
1954-03-01,0.9358335407142595,-1,-0.9770794461092953,-1,-0.018830842925744773,-0.03697329699077667,-0.027296563381968175,-0.03925768438551036,0.08187314729591544,-0.8861925110687078,-0.017332103662022535,-0.9329464280637794,0.9071776064076851,0.08470769851484827,1,1,-0.020358896768750134,0.9653208445678613,1,1,-0.016959357938697406,-0.9317129934882344,-1,-1,0.9460092627953278,-1,0.043673792471568884,-0.034414634030056956,-1,-1
1954-03-02,1,-1,-0.04160340275885033,-0.014254909504052282,0.945056611466562,0.9335009933853621,-0.9568628251538541,0.9188343290259962,-0.8760095792744738,0.10210316786194995,0.919274431676589,0.037917323007739645,-0.05883507665681542,-0.899220810816364,0.04354318417774028,0.030710686784130803,0.9710583347554708,0.027373629958037937,0.020041372841893668,0.01641565759785124,0.949099148043374,0.06403692731320376,-1,-0.011122723048037186,-0.034021366284348487,-0.031229945982114815,0.99153766506102,0.9427732538624065,-0.0183770946893429,-1
1954-03-07,0.02461393075241891,-0.07852369298213746,0.8916437660597337,-0.9726034219618279,0.0010848224916029103,1,-1,1,0.030773902995889335,-0.8697443048370057,1,1,0.9252030422840912,-1,1,1,-0.02366137490182807,-0.901048647551674,1,1,-0.0416910475388671,-0.9333800933781226,-0.0528252161668199,0.9667637893610945,-0.9834795170942245,-1,0.06710372139073328,-0.008925450836179682,0.9235299107803098,-0.08397006302876764
1954-03-18,-0.8937160596018189,-0.998808257310419,-0.07502640462982446,-1,0.9314580026571737,1,-0.02456039266061205,0.0531315535764737,-0.9225914281090395,0.0823552397931826,0.0872762880382616,1,1,-1,1,1,0.9394490685318213,0.0797835577923004,1,0.06389625444324643,0.9031753706648771,8.926389804887469e-4,0.9137772479412373,1,-1,-0.03699575601261684,1,0.9249390186663771,1,0.9157809532603619
1954-04-01,0.10485126253873367,-1,-1,-0.039423782712189714,-0.05770279798160782,1,-0.9247106604168672,0.9999924210698666,-1,1,-0.8626420089037222,0.0034556252816645427,1,-1,1,1,1,1,1,-0.8061991053441546,-0.017982080020121916,-0.9656925066462421,-0.016636337510826937,1,-1,-0.9871608555612822,1,-0.06517249969669403,1,1
1954-04-11,1,-1,-1,0.8703241218585234,0.9274001416763895,1,-1,0.07517447334461091,-0.017572800269904154,1,-1,0.9141353458840321,0.009942922300378743,-1,0.038760266078988526,1,1,1,1,-1,-0.929481449665423,0.022553853624681652,-0.9819989510884519,0.06093645906698353,-1,-0.05661408199670759,1,-1,0.06776121856071315,1
1954-04-12,1,-0.0030263896995204043,-0.03870392088796082,-0.04667227989530809,-0.010383055675252661,1,-1,-0.898192989731872,-0.9638725804864957,0.026623653390730917,-0.023151750475570054,1,-0.9624651283115602,-0.025525533923988375,-0.9146693450510426,0.011019632978672367,1,0.039758396037369526,0.0029231030554366377,-0.00811062293735354,-1,-0.9191367647740917,-1,1,-1,-0.9900072567760783,0.006424752678770074,-1,-0.8983527015392894,1
1954-04-15,0.010393760362702342,0.9287988488388137,0.9178615474182817,0.9298573131633099,-0.9994077948885253,0.05823042956490965,-0.08446734517163323,-1,-1,0.9830372649215966,-0.9670749308112806,0.008970411849506088,-1,0.9532597699006775,0.031210394037223366,-0.9686301824291186,0.04493602115753259,-0.90565146339849,-0.955328506984942,0.9779559031845367,-0.04959829768175439,-1,-0.059738519629501274,1,-1,0.007246671287638562,0.9441520768662827,-1,0.0966119412141575,0.11812314085284836
1954-04-16,0.9231853609583558,0.02779171731860175,1,1,-0.03423753160339704,-0.8601414828994167,-1,-1,-0.10581074047577199,0.020983630742368087,-0.01620181029418155,-0.9544883733267582,-0.00640356177448953,-0.03003406042453083,-0.8824753659740493,-0.017920715021858324,-0.8656119346396873,0.04784302783700689,-1,0.056966850324951523,0.9465177512892378,-0.002795479804868828,-0.982199888105237,0.06506338014662671,-1,-0.9821186112179934,-0.049562497866465716,-1,1,1
1954-04-17,1,0.9633910800672546,0.03520297724946486,0.09312676862971647,0.87460808261418,-1,-0.05411419137606954,-1,0.7808780212972831,1,0.8836558974100494,0.00838636811934601,0.965134968631317,-1,-1,-0.9828013826037838,0.09151799389069049,1,-0.05413134623062199,-0.8190964278762091,-0.035404453848331574,-0.956958792242468,0.01733581021585362,1,-1,-1,0.9339731980892775,-0.05247643903841792,1,1
1954-04-18,0.01338532641805501,-0.0070091556591727056,-0.9430677600618086,1,1,-0.05237727550751803,0.8901858834264607,-1,-0.15580447406844644,1,-0.08933968366879019,-0.9612920643218283,0.03879082942976131,-0.027834012671194786,-1,-0.04571600558232225,-0.9044330802861688,0.005931746417701889,-0.9978221298537241,-1,0.8686093949320102,-0.009868478733069286,0.9629083521578607,0.0182268163702467,-0.051933191860635386,-0.050698836113936996,1,-1,0.014457033547789155,1
1954-04-19,0.933848133356449,-0.9737430580741777,-1,0.0612747534968201,0.05186750336169288,-1,1,-1,-1,1,0.8877895080109791,-0.03437193371600489,0.9550703062295666,-0.9887068783812918,-0.06650607144350573,-1,0.07936813282360644,-0.9523128604960143,-0.10664058673172838,-1,1,0.9362497408063386,-0.00723598263616021,-0.9140082595749938,-0.9883094690663868,0.9377723116784953,0.040944775168515135,-0.009148528206922912,-0.9616427097274578,1
1954-04-27,-0.03496521101816008,-1,-1,-0.9271211525366951,0.9875105470956731,-1,0.009086837976314155,-0.009768049763156372,-0.03189900036007376,0.01748874523251487,1,0.928156221367622,1,-0.01042912302272403,-0.9778197272369825,-1,-0.8877898189202741,-1,-1,-0.03937557078989229,1,1,0.9103572185804922,0.046944754269574895,-1,1,1,-0.9857937663185833,-1,1
1954-04-29,-1,-0.05480140092018737,-0.03158265128528803,-1,0.06339264681634305,-0.05626215459920958,0.9415498444122854,0.9406326335109021,0.9547181909885004,-0.965210054140547,0.018161800205942047,1,1,0.9740186312781857,-2.219674622533363e-4,-1,0.0971502650613213,-1,-0.04465383446679683,-1,1,1,-0.06058962054834771,-0.8771749528991813,-0.04426694499504402,0.015308199453668236,0.01671034819225692,-0.0038075646978926736,-1,0.052552888740223014
1954-04-30,-0.014867027519303577,-1,0.9678152745588064,-1,1,-1,1,0.006679626678543493,0.01224050966894441,-1,1,0.02345878695136383,0.04890515292693587,0.0971013857765951,-0.97537790670652,-1,-0.8770807070055329,-0.053667721693156145,0.9129298261619069,-0.09878868688496878,0.01816907194391082,1,-1,-1,-0.9796885878131935,-0.9390329583220184,0.9946993229708408,0.9939258518829227,-1,1
1954-05-01,0.9509565678006212,-1,1,-1,1,-0.012505667960294953,0.01725009708186176,-0.9702184450171091,0.9560339174791421,-0.006477647428608679,0.023861841448196808,-0.9376684613042602,0.9833750527446264,1,-1,-1,0.1200698719041906,-1,0.012870961184866525,0.8814250376046603,0.9898809235145026,1,-0.044405838203071646,-1,-1,0.0353949179296803,0.008836049158542858,1,-1,0.09581013561671803
1954-05-02,0.05854891110287541,-1,0.06656474877256169,-1,0.0016518125568096842,-0.9945517435806605,0.9825672700891849,-0.00252004135438455,0.01299319226698381,-0.9677292259903119,-0.9633393667796153,-1,0.005265162272250934,0.00930348237907519,-5.805287666194037e-5,-0.007224245926337747,-0.8053653514736645,-0.006311607884935677,-0.9777662688433406,-0.06085277436815184,0.003665686588931516,0.004701787379432387,0.944059454965988,-1,-0.046169625521068514,1,0.9563625750614637,1,-0.049375721799493344,-0.7986671570766818
1954-05-03,1,-0.015400650975859964,-0.902344226493318,-1,-0.9965892078801862,-0.09238142763366486,1,-0.9922989471664969,-0.9785613613885686,0.016587309053704757,-1,-1,-0.95236343248664,-0.9699146983987693,0.9615813641154431,0.9862654477781062,0.09934911676623004,0.9098844981387967,-1,-0.9835470716884797,-0.8814993887586466,-0.9238648103086801,1,-0.07804439969018573,0.9312595596745449,0.04910166031381258,1,0.004106370738732434,-0.9908486582606709,-1
1954-05-04,0.009279227571575066,-0.9450425147125083,-1,-0.0142877997974864,-1,0.8754759982726147,1,-0.07110642693552582,-3.01573969010982e-4,1,-1,-1,-1,-1,-0.02288132269816867,1,-0.8563301411815402,1,-0.03467720226683535,-1,0.06865389204166905,0.06906820100638122,0.006047253375668693,-1,-0.05944590400407179,-0.8822685733142518,1,-0.9348966836120743,-0.02338450515981849,-0.04139222096932238
1954-05-05,0.935578527655295,-1,-1,-0.9535017151187002,-1,-0.09903548088379421,0.04310559380868306,-1,0.9978479819216607,0.08270075850886993,-1,-1,-0.034496614823232186,-1,-0.9735969489998302,0.033800727287223165,0.07974345709211605,1,-0.9949156304077893,-1,-0.896497731248598,-0.8792314892694991,-0.9529135163011021,-0.027328125266542935,-0.992214709264248,-1,0.0465639051132094,0.036638157086991696,-1,0.9452608279212154
1954-05-12,1,-1,-1,0.045592533750657416,-0.05574278158109591,-1,0.9995927099950285,-1,0.09480282685330799,1,-0.025173603579646375,-2.7288025237659497e-5,0.9645626876266286,-1.9553352412315927e-4,-1,-0.9557633161173704,-0.8600276328298544,0.005064682432301626,9.457706560640489e-4,-1,0.10038501442263537,-1,0.02223115964563993,0.8930187642809686,-1,-0.008131267422522681,-0.9231840634485537,-0.9141878689599002,-0.06805947448914773,-0.046660932105245134
1954-05-14,0.003553808756242116,-1,-0.07684867364442605,-0.8684549368570503,-1,-1,1,-1,-0.9033667800703039,1,-0.9659046460542643,-0.921990959600484,-0.002684574627963565,-0.9452209388791,-1,-1,-1,0.9723062456818211,-0.922214159140699,-0.0013793136640422032,-0.8351323609665987,-1,1,1,-0.05828443285917018,-0.9984451149745704,0.042519841660932145,0.0856373582363551,0.9130446626831782,-0.9906130739749649
1954-05-15,-0.9007569032272802,-0.022587693909657203,0.8666276141685606,0.13023831539477748,-0.016423138043422103,-1,1,-0.0034412602905864453,-1,0.060917688785961044,-1,-1,0.8907062488691903,-0.018959410352864747,-0.04477769483809868,-0.07789888950331503,-0.05527513303645781,1,-1,0.9534497286724555,-1,-1,1,1,-1,-1,-0.8958125157336702,1,-0.08558181532687414,-1
1954-05-17,0.0839133937241553,-0.96866876446847,1,1,0.9681965924007887,-0.05677677646442525,0.030058530075488865,0.8743607386766428,-0.03498500445569397,-0.8771429575748821,-0.028448868134114402,-0.02407529996779212,-0.04404368089037547,-1,-1,-1,0.9215972093355328,1,-1,1,-1,-0.0384251940001723,0.0229330086436621,1,-1,-1,0.10170092518790042,0.08163899141089404,-1,-0.02239867599559231
1954-05-18,-0.9095717887519009,-1,1,1,1,0.8620936532123152,-0.9373777206757025,-0.12174946440740508,0.875237701969722,-1,-1,-1,-1,-1,-0.0014821832549319902,-0.03463270972387178,-0.06586792087367799,1,-1,1,-1,-0.9777824422003145,-0.9256449629586726,1,-1,-0.0127970359780748,1,-0.897433844642447,-1,0.9624559611679488
1954-05-19,-1,-1,0.0034773305198722015,1,1,1,-1,-1,-0.11563975594281006,-1,-1,-1,-1,-1,0.9260941991303312,-1,0.9049335671870797,0.03702405586989832,-1,1,-0.0011803135964660871,-0.040387862206080594,-1,1,-1,-1,1,0.03907959586756771,-1,1
1954-05-20,-0.029016105835319994,-1,0.9432545254698856,1,0.16521368243862344,0.15201797120160399,-1,-0.022967907212439798,-1,-0.06246523692330208,-1,-0.023485758461855077,-1,-0.03556101143794177,1,-1,1,-0.935255662595284,-0.0020583200718323758,0.07517486762186076,-0.9556759317678117,-1,-0.050035595781945386,1,-0.0022837581885416514,-1,1,1,-1,0.06358046425645703
1954-05-23,-1,-1,-0.03843765594790671,0.02004031682242624,1,-0.842524132972614,-1,-0.9774029802580981,-0.02382412423929048,-1,-0.03607821466442118,-0.9343287340712237,-0.022407251212509194,0.9177093925596056,1,-0.01222098647743286,0.013955452795227141,0.03985204360333683,0.9407221715935475,-0.9076447349125055,-1,-0.03177106432215193,0.9458254308569587,0.05688122307530563,-0.9768275309993036,-0.042769822741996366,0.06575695756008848,0.03504304610167197,-1,-0.9315294282260493
1954-05-24,-1,-1,-1,0.9726973935619377,1,-1,-1,-1,-1,-1,-0.965534738825577,-0.01079827704609193,0.9053207923683677,1,0.0816003244384198,0.9191333962958883,0.9727194183037389,1,1,-1,-0.023341837087564432,-0.9141765683004446,1,-0.9070160954961263,-1,0.9568133700561647,1,1,-1,0.03696187297681952
1954-05-30,-0.007882814410844374,-1,-1,1,0.10020548140645524,-0.033257254709676,-0.03057783005225634,-0.04839311307001626,-1,-0.03720684868185853,-1,0.9697531037224918,1,1,1,1,1,1,0.041190732500953176,-0.03138565336952337,-0.8984383414717789,0.05408294333475516,0.032921403551639306,0.08586656744306109,-1,1,1,1,-1,0.9700240821176239
1954-06-01,-1,-0.03474943494899996,-1,0.0804215142040452,1,-1,0.9046707592147849,0.9324769015759771,-0.09259666774396014,-1,-1,1,1,1,0.05997053824012333,0.023473581263068533,0.010159527948128577,0.13612382746584417,1,0.894118854298644,0.005650724231231363,1,-0.9090721037957503,-0.8909106036424993,-0.017694084118367037,0.099716890911693,1,1,-0.00896064565783683,0.012754762263407105
1954-06-03,-0.07144212636489933,-1,-0.018395910509688473,1,0.03534977957351981,-1,0.0012331610397972037,-0.05294957805109313,-1,-0.005745366747767933,-0.08288431480808756,1,0.05750101685799491,0.008367785802006034,1,0.99435013210878,0.9875643779636661,1,0.02757121991021394,-0.064402120972475,0.9374078825542984,1,-1,0.06067995910613466,-0.9983697844362696,1,1,1,-1,0.951617437719927
1954-06-15,-1,-8.085431394857512e-4,0.8887409837859006,1,-0.9558069381084321,-1,-0.9915833421696724,-0.9973098288073401,-0.004479372644106028,-0.9528922375575808,0.8657639707925643,1,1,-0.95127109572752,1,1,1,1,-0.9672672280218193,0.9088111596411241,-0.04605871447087795,1,-0.05137553799600525,0.9680181335154876,-1,1,1,0.0620856400031542,-1,1
1954-10-01,-0.014756439695226664,-0.8944076101541897,-0.008609763728608777,1,-0.010276731963848595,-0.01725218000192097,0.0024128831092669056,-0.02986578788342531,-1,-0.07781087864896319,1,1,0.03503984840497232,-1,0.07659465886162309,0.008790973344781627,1,1,0.018602559030292398,0.032351384691438945,-1,0.05133877085678129,0.9148153050910471,0.06307825321979588,-1,1,0.09045562795758044,1,-0.03425025036151008,0.033093349607296374
1954-10-05,0.9497747972896404,0.06977123832927934,-0.9978371613132282,0.028283482220792466,0.9881420477292142,0.8774770295036374,-0.9794086739807063,0.9065293332802965,-0.0025150294512799043,-1,1,0.016409060854728152,-0.9403773000076112,-0.024645031395438055,-0.8651591988921955,0.9981214417585599,0.052646303958960416,0.04328477217757132,-0.9645833261075316,-0.914140786537197,-0.026809736149499108,1,1,1,-0.04160410396409686,0.011251586793996848,-0.8961223658817388,0.011150610439206288,0.9238260177436001,-0.946744175314186
1954-10-08,1,-0.9108604650443792,-0.03857706214048573,-0.8853458383999747,0.0432890465631951,-0.12242088854115052,0.018825214029148274,1,-0.9969726466720163,-1,1,0.9521646538375118,-0.01177255046253678,-1,-1,1,-0.9172406180162022,1,-1,-1,-0.983730613591752,1,0.04359456908397885,1,-1,0.9576456674254848,-1,0.971755917583004,-0.04931126302334765,-1
1954-10-11,1,-1,0.9613174035702631,-1,1,0.8454734431255032,-0.9168842698442554,1,-0.03743317475202779,-0.06092213382145517,0.09316555394716053,1,-0.9716334408302769,-1,-1,0.012035910776192149,0.0583081396300561,1,-0.011490901908181916,-0.07176803667592369,-0.01118286381941469,0.045884551109262595,-0.8912748430439844,0.035496079256859825,-0.10939428641586257,-0.01576567276324925,-1,1,-1,-1
1954-10-14,0.04276991191764912,-1,0.05501587163490407,-1,1,1,-1,0.08988025749519835,-0.9821250118634598,-1,-0.8799978781383061,1,-1,-0.011237645977978494,-1,0.9822490501562217,-0.9137315830576228,1,0.9825691335417078,0.8742301810540826,0.967869052559091,-0.9311801690638446,0.08696693331353034,-0.9415804178029238,-1,0.9470229006504445,-1,0.03712087282823773,-0.10269733245851298,-0.03533945484371426
1954-10-16,-0.8704419095416739,-0.04032869259793159,0.9579476353037409,-1,0.023392704092770722,0.03316718771232041,-1,-0.7888059394026282,-1,-1,0.09214986168313122,1,-0.10813729206558731,0.9454215707880416,-1,-0.0023925136690646776,-1,0.005148165721249098,1,-0.12019259181993347,0.010838527658225794,-1,1,-1.9797237009366864e-4,-1,0.05803694164014461,-1,0.9971873466050633,-1,0.9611686871845287
1954-10-25,-1,0.9172038067655356,1,-0.12811674718289034,-0.9515429807697096,0.9837446512186704,-0.05675272312142743,0.2071404232921049,-0.08021650520740697,-1,1,1,0.8590998483643539,-0.02149376527157798,-0.051118064545205955,-0.9377568259563726,-1,0.9334252070606879,0.04576479141066325,-1,0.9562389939675211,-1,0.034802426244290086,-0.9418162770249658,-1,-0.8737327710695374,-0.022677548244631862,1,-0.02167664403681746,1
1954-10-27,-1,-0.06307877822704344,0.006445780428808612,0.8605882849048376,-1,-0.01513875590830438,0.8667284173535402,1,0.8928731640200411,-0.04726334402000998,1,0.06226259465478412,-0.11980456024946384,0.9507326758639416,-1,0.05783399658839228,-1,-0.03866639255906967,1,-0.015361095852024498,-0.008967135803069515,-0.002398620758826908,0.9779566747913397,0.04050037006543239,-1,0.08868251245790448,-0.9556417780026359,1,0.9388970603914022,1
1954-10-29,-1,0.9247609059566176,-0.9739981271228332,-0.09370049364334554,-1,0.9449529036858919,1,1,1,0.9186824069945324,0.04003661630747801,0.9655899328368375,-1,1,-1,0.9996123189562716,-1,-1,0.0022244576373628977,-0.9650874107064229,-0.9941621556037267,0.9920958457627472,-0.017582845473532505,-0.9459176090797164,-0.07853543686371467,1,-1,1,1,0.017776941991932027
1954-11-02,-0.022270795349072392,-0.022516928795348723,-1,-1,-1,1,1,1,1,-0.0535317096932052,-0.9277778158457516,-0.003174036680715142,-0.05342042410184389,0.017501097275547828,-1,0.07324131227842257,-0.017895237546616483,-1,0.961899136491389,-1,-0.02694216919844261,1,0.951359156145788,0.048004937855481655,-1,0.06743925677791152,-0.0614931245914041,0.039874178091612755,0.0356908814355984,0.9846808540629574
1954-11-09,0.9482667927157032,0.9238537188126493,-0.05165491012734058,-1,-0.035006788174948844,0.018411062200883954,0.006602129240591892,0.08514163073433578,0.04293785349159518,-1,0.002311883114931912,-0.9474838576448674,-0.9917597289471975,0.9765776841673743,-1,-0.9123734097968078,0.9648582219446608,-1,-0.005810707006522753,-0.062368164871036136,0.8871314785320344,0.07578674754592518,1,0.9904645301339394,-1,-0.8672132702336979,0.9045274838849332,1,-0.8477264771523886,1
1954-11-18,-0.014352489749097974,1,-0.9785598904767617,-1,-1,1,0.9192234376012663,-0.9027049815455911,-0.9509431688684388,-1,0.9964190961284517,0.025700085882776835,-1,1,-1,0.07641806401952678,1,-1,-0.9735867071979203,0.9345931185944982,-0.10620684589441187,-0.9087624039708149,1,0.07097182739947694,-1,0.07827081849022355,1,1,-1,0.026688503834181643
1954-11-26,0.9561130373122817,1,-0.02008482132767031,-0.024941493570447726,-0.05828630624628417,1,-0.05640790586107114,-1,-1,-0.018293240644990494,1,-0.9314556846864459,-1,1,-0.03818374975144545,1,1,-1,-1,-0.05336009907613293,0.8367237046034185,0.09042547163814296,1,-0.9072874084406215,-0.004804260676198657,-0.8853836552935265,0.04069375376961226,1,-1,-0.9598344668684045
1954-12-13,-0.025584590453760048,0.05515743344040758,-1,-0.9695453867748571,0.9379599932789617,1,-0.9286091868801905,-0.08343124518246392,-1,0.8679036502188416,1,-0.04972218802362394,-1,1,0.8269684334817623,0.03946359388766474,1,-0.007189305624624831,-1,0.9347300814044509,1,-0.8710735085346095,0.05642055708939986,0.05497244524807576,0.9385062885364541,-1,0.9912372758295024,8.130588052864818e-4,-1,-1
1954-12-28,0.9093012406074106,1,-1,-1,1,0.10917125552292195,-1,0.9107184903813339,-0.06220091918353987,1,1,-1,-1,0.1045954271878301,-0.17119461544164338,-0.937591237351375,0.00199766095813414,0.9894918876518625,-1,1,0.025480379586908852,0.10355141303605742,1,1,-0.012796619886589422,-0.04395299388050522,1,-0.9616576577656561,-1,-0.06124162300706926
1955-01-01,-0.0522634797414655,1,-0.04764195732105214,-0.0581151913512572,0.025777285749776335,1,-0.08474751234946365,-0.08004703422834092,0.9040316351975408,1,0.03216202611206764,-0.003062376724859761,-0.0234257839741564,1,-1,0.025150529827099866,1,1,-0.037585417604425575,1,0.9870277165962456,-0.7414904513523943,0.029219256292220885,1,0.932868590417358,0.9042099314466369,1,-1,-1,-1
1955-01-12,-1,0.019104804165625433,0.9269532615006933,-1,-0.9328072101280266,1,-1,0.8717836421339306,-0.07455513338227993,1,1,0.9324480555250166,-0.907568089073179,1,-1,0.9732017086266851,1,0.06374248868720978,-0.9966321927575846,0.058456489578811,-0.004609624812904167,0.22744156257150105,-0.9557877625409879,0.041314705948372055,-0.017004106309421396,-0.033432801319138616,0.0337250063520661,-1,-1,-1
1955-01-16,-0.03412140382879714,-0.9443968734049286,1,-0.0029034553978997124,-1,1,-1,1,-0.9826930594073869,0.018052230773322187,0.03320474657665562,-0.05444262675732969,0.06267445061838539,0.017696701724274955,-0.03423046670630203,1,1,-0.8634823063111288,-0.04197334897931204,-0.8872036519853259,-0.9234754240990254,1,-0.029641805124126175,-0.9582784622492857,-0.9954515071458524,-1,-0.9658541032691205,-1,-0.03572418486287998,-0.03288222113505779
1955-01-17,0.8716711101478087,0.05042286292599496,1,-0.9812785120209037,-1,0.08362654511185064,-1,1,-1,0.9562693920957894,1,0.8842347489613885,1,0.9570177721530077,-1,1,1,0.10722087417064652,0.86432105154194006,-1,0.030947076337784263,0.044531978580552245,0.9586927686032245,0.021293424706407604,-0.023407964843944362,-1,-1,-0.02334572839757021,-1,0.9537644133100466
1955-01-18,-0.07696687867059915,-0.8675548611440946,0.03995966652595029,-1,-1,-0.9098902356267655,-1,1,-0.020347998715195326,-0.006041646351930607,1,-0.045525812348783945,1,0.026947678707279876,-0.012159309270306395,1,1,1,1,-0.03544528646182665,-0.9399081257444856,-0.928128623970228,1,-0.920950634785977,0.9248821032248633,-0.023810795751603386,-1,-1,-1,1
1955-01-24,0.8396329506868283,0.1194522305880088,1,-0.031608459521088594,-1,0.04655094555070238,-0.05681087534560225,1,-1,-0.9898043893054984,0.0053465296600552215,0.8681024658263288,1,0.9144485966072037,0.9572518374497929,0.06943816549087556,1,0.06630671722574777,0.05769093854549889,0.808894859738313,-1,0.018802824837037657,1,-1,-0.03274586798121504,-0.9965049351093138,-1,-0.02408038783873112,-1,1
1955-01-26,1,1,1,-1,-0.017940747782812516,-0.8926592639977643,0.793300018601641,1,-0.04672315362413948,-0.028786643326725758,-0.9587268039522922,1,1,-0.06291087841146203,-7.847294653302583e-4,-0.8647095636573829,0.0430523113676331,1,-0.9380124869504324,-0.18366917305069064,-1,0.9886556207886356,1,-1,-0.9481739544712698,-1,-1,-0.9659154718472217,-1,0.07100015060949472
1955-02-06,1,1,1,-1,0.9387113040419333,0.07115305706387798,-0.19692952865557678,1,-1,-0.9926661462011764,-1,0.09492791863280359,0.02800567940612586,-1,0.8774957405858177,-1,-0.9386453013880309,1,-1,-1,-0.11962184015473132,-0.0028007732111660077,1,-1,0.042606144403163015,-1,-0.09602497248324082,-1,-1,1
1955-02-09,0.09619700384745589,7.369228553902873e-4,0.0588635401636044,-1,0.020134453668383623,-0.9076474317221791,0.7329507748890519,1,-0.10262989498974506,-0.06209086743440573,-0.009079894574827718,1,-0.9569321174982895,-0.042618443941507156,0.02482381931149047,-1,0.02684335851192965,0.009999838959677265,-1,-1,-1,0.9694263478808306,1,-0.029090785939593578,1,-1,-1,-1,-1,0.049011280702868865
1955-02-11,-0.8487963253762402,0.8998347485506418,-0.797751364396944,-1,1,-1,1,0.023519609903317584,-1,-1,-1,0.04660654931150299,0.04048183010080286,0.9040981700125702,1,-0.10366637289007108,0.9688261275739714,0.9752350866075884,-1,-0.062520243375214,-1,1,0.019664033864898567,-0.9731582953608597,0.0158584074992576,-0.004417413448141061,-1,-0.011293316327444458,-1,-0.9248807105330558
1955-02-13,0.12188216251634731,1,0.19167706528512807,-0.013971065898906176,0.008875971249748815,-1,1,-0.9386771784624007,-0.03398200437738108,-0.10190486522971431,-1,0.987185952340338,1,1,1,-1,-0.013765884619475033,0.008587383820194194,-0.01854640665547902,0.9332906174476878,-1,0.03268546369454617,0.9666628239642422,3.6692474837674016e-4,0.9888233779068683,-0.9527451150627684,-0.08610581469000567,0.9026693534166761,-0.06016319721963148,-0.06549044573174312
1955-02-14,1,0.035246447960686544,1,-0.9386529903795889,-0.8766645197005405,-1,0.06990118432027226,-1,0.8901254286052811,0.8930675286420692,-0.01965689946192628,1,0.038860062256833916,0.029474682519774253,0.08963525769693359,-0.06483663118002059,0.9469185742887419,-0.989937066708079,-1,1,-1,-0.9401968196999599,0.021517334965950763,0.9646653348142095,0.0397315814618302,-1,-1,0.012047374466247485,-1,-1
1955-06-10,0.00414655068452896,-0.9438937306225564,0.03900357747274319,0.05100552154073934,0.1136929664770312,-0.022363195251897672,1,-0.025421147402587718,1,1,0.9501333920004573,1,1,0.9166261040671175,-0.8653960338999745,-1,0.0032290896411841796,-1,-0.0015823393544350806,0.0065394905961703165,-1,0.047951611502392244,1,-0.020114246928579216,-0.8357091237363885,-1,-0.023074387055721957,0.9426542918236991,-1,-1
1955-06-21,0.9801681949212371,0.013170283190368726,-0.9359076662526642,-0.9184619773305371,-0.8829728628123332,0.9754469853513936,1,0.958618291293456,0.03084341880623076,0.036009196264059073,1,1,1,1,-1,-0.008312695374363632,0.9177722359866157,-0.04994242445755104,-0.9554455281575427,-0.9625282113460076,-0.05117128185194064,-0.9447156245496753,1,-0.9989848380771366,0.10366626670663515,-1,0.9674459067800467,-0.051793713410350106,-1,-0.02088401325736622
1955-07-09,1,-0.9830574542258117,0.04179775649553363,0.03643746472167475,-1,-0.0016609291303011364,0.016210336453374774,-0.010236555505562794,-0.904965748769124,-0.9203840711627885,1,1,1,1,-0.011001834414574696,0.9221945378328855,-0.0551743512491335,0.9059543080343505,0.04297889388366749,0.026140152482068024,0.8743093879362123,-1,0.034364750179256776,-1,-0.8444598722884908,-0.006877307747722994,0.004320156349294835,-1,-0.0021598919807001016,-0.976473227564347
1955-07-10,0.08598054780791542,-0.09090474018989825,-0.9035461512511017,0.9317303206109876,-1,0.9553662045773914,1,0.9574443366721627,-1,-1,0.049968188352314424,1,0.0035634670373918542,1,0.9074362907895964,-0.05931439623888635,-1,1,-0.9537755352243468,0.9853071535763656,1,-1,0.9989900234704424,-0.004332231288042054,0.12066601227894957,-0.9481189114481849,0.9648872339050302,-0.03227142080053125,0.9362281231854228,-0.03658969123431188
1955-08-24,1,0.8453988646394042,-1,1,-0.11068233412594375,1,1,1,-0.020953183611898463,-1,-0.8830610622608469,1,-0.9909966052968622,1,-0.03934491146461605,-1,-0.040146910731801655,0.03867727910257668,0.04078179255018444,1,1,-1,0.05144153103636806,0.9707234386346938,-0.8536899459320373,-1,-0.031476652916356596,-0.9268709336559767,-0.04130208375618083,0.9545757887264614
1955-10-12,1,1,-0.031728906364406506,1,0.8768098298561726,1,1,1,-0.9690809130535313,-1,0.027590055254870904,1,-1,1,0.9068592416000221,-0.005890480294132527,0.8824485926997131,0.9991664196241019,1,0.030381026541911216,0.051892011263549476,-1,-0.9034664477588691,1,-1,-1,-1,-1,0.8971452715997372,-0.036503226195440996
1955-10-13,0.0049396962423408075,0.00910223019851153,0.9632218713217033,1,1,0.1020161867883379,1,1,-1,-1,-0.8976981327428376,1,-0.020918308438833022,1,1,-1,1,1,0.02479452032567908,0.9174262074596583,1,-1,-1,0.04382312067371841,-1,-1,-1,-1,-0.03470764613938482,-0.9639722827271775
1955-10-15,-0.9696294553057918,-0.970323883651674,-0.03663075335333521,0.017849242246664843,1,-0.8582602006372233,1,1,-1,-1,-1,1,0.962064880781495,0.08646276817910759,0.0027522436364014746,-1,1,1,-0.8923104662919371,1,0.04711543980421917,-1,-0.03342041954870123,-0.8182120707476593,-0.03450287235088201,-1,-0.16990093266946327,-0.04171283198440545,-1,-0.06387177977738479
1955-10-23,-0.004062147340455735,-1,-0.9610748520225907,-0.9624759767172949,0.043556159295925045,0.13912992054356565,0.012938789458440736,1,-1,-1,-1,1,1,1,0.9405647964129892,-1,1,0.08151939473745073,0.07005003998247317,0.0891974867845533,-0.866332186609152,-1,-0.9928158279202403,-1,0.937201812549619,-1,0.797119925614542,-1,-0.023740130142381632,0.9286794232853427
1955-10-24,-0.971685723406232,-1,-1,-0.04919915343407466,1,-0.7831494715270235,0.9702663594581415,0.04807374123387509,-1,-1,-1,1,1,1,-0.03820795708990754,-1,1,-0.8849897602266791,0.9904380345543462,-0.8954487833855244,-1,-1,-1,-1,0.010126482638825096,-1,-0.16967669407851926,-0.012021478852245804,-0.9425786719002818,-0.020382904505542254
1955-10-28,-1,-1,-1,0.8343863759976392,1,-1,1,-0.9228565772989958,-0.012629955474083077,-1,-0.02378435111631294,0.04725979017745685,0.032760081990115486,0.015176396034368711,-0.9932752230973518,-1,0.09262755454417637,0.04161442299675577,1,-1,-0.019928686038316323,-0.024699134325541827,-1,-1,1,-0.021767435818813685,-1,-1,-1,-0.9515775488033671
1955-10-29,-1,-0.0017944077681865123,-0.09479378903230018,-0.1465280465066774,0.02684619107082875,-0.04557312820390469,1,-1,-0.8808794423652134,-0.02713408954994523,0.9464664875831545,-0.8715894802164861,-0.9039778430519628,0.9882177613988812,-0.003356210415303096,-0.0017604331651309701,-0.8455663296979516,-0.9091586071950297,1,-1,-0.9816654505273549,-1,-1,-0.030823959846061455,0.020071976911769873,-0.923536590531445,-1,-1,-1,-1
1955-10-30,-1,0.9716912014835253,0.8080199449498444,-1,1,-1,1,-0.05064831547965731,-1,0.9104366691263832,-0.03294079020435392,0.060940544010853026,0.06893826394044089,0.015254649582511659,0.9647457465338865,0.9490551219252619,0.11032982975855599,-1,1,-1,-1,-1,-0.024797519174936,0.9019143305547221,-0.9453781451302272,0.022563158002702033,-0.0026558089951970176,-1,-1,-0.029130974649604346
1955-11-12,-1,1,-0.130359056169856,-1,1,-0.03283287362478726,0.008741810363703362,0.8364750034337116,-0.020683311272429727,1,-0.9941670735022139,0.9693127254927261,0.992156571856751,-0.9568106400854752,1,1,1,-0.033110749432777364,1,-1,-1,-0.16460647726802946,-0.9611814756904883,1,-0.030861538602517946,-0.972417844892436,-0.9845912611405326,-0.006143068165582077,-1,-1
1955-11-19,-1,0.0348916432128763,0.8504156213738125,-1,1,-1,0.9925912805142353,1,0.9116634610758781,1,-1,1,0.005845757914997085,-0.062370582246150996,0.008865077425734613,0.05083603531833758,0.04837364203399985,-0.9855221792074333,0.03821412220908893,-1,-1,0.7481578908487848,-1,0.01283989019100018,-0.9730597666292398,0.0064995246127939055,-1,0.960882968570783,-0.0751978503927524,-1
1955-11-20,-1,0.9951575027396383,-0.14641580839857982,-0.05566466973583806,0.005599760905936724,-0.08348518571112185,0.0024676452661636095,1,-0.07623044125276068,0.034544413743214375,-1,1,0.9735282938646858,0.9200289770735706,0.9781581693291237,-0.9358549256023025,1,-1,1,-1,-1,-0.17144945894201957,-0.12701946338059966,-0.9281088637337988,0.0010540888008068183,-0.8878373019246522,-1,0.02597355498214282,-1,-0.05285805423741141
1955-11-22,-1,1,0.8463498228611404,0.9256579882686373,0.9907148282121846,0.8535784051816557,0.9748499986203094,0.10632865340968234,-1,-0.9285846744730432,-1,0.04119244483597151,0.03259012716236287,-0.05860874953302253,-0.011048324861097969,-0.027506710376108745,0.04530837261511289,-1,3.9302994726586604e-4,-0.07093048264694934,-1,0.8175005120724558,0.8581549571132289,-1,0.9560037665297014,0.01953344098210541,-0.13283380436320802,-0.8927986401092375,-1,0.8459492309784045
1955-11-24,-0.020929232562935995,1,-0.08891957180781462,1,1,1,0.09974659649323214,1,-0.03994489593760142,-1,-0.028016383920478782,1,-0.8572155875760233,0.9352278347567038,-0.9522560318521791,0.8760793841056557,0.9891192929247247,-0.037691299575929205,-0.9904853212021508,0.8412361477083657,-1,-0.17712969669333234,1,-0.02530064798956988,1,1,0.7625442697103862,0.10398452956693782,-0.06701354440935503,-0.09021026185424363
1955-11-26,-0.9944544148724854,1,-1,1,1,1,1,1,-0.9589698043878427,-1,-1,0.015735734183255023,-1,1,0.031023819116356544,-0.0691548619022403,1,0.9351571555349643,-1,-0.11400235433936279,-0.06628355163719923,0.814835473250077,0.026101855227485427,-0.9374421629462345,1,1,-0.227655696194892,-0.8769970137831578,0.8493835354715118,0.824224499242366
1955-11-29,-0.0035084164348941904,1,-0.037218673206502406,1,0.0733732477003709,1,1,0.08295019048110375,0.03774803890564438,-1,-1,-0.9487761089853137,-1,0.07536913381511667,1,0.8831481367047077,1,1,-0.036888175119830335,0.8743817644565798,0.9129489076473717,1,0.9865193353538033,0.003134288731170609,1,0.0325299492652652,0.761123625047455,-1,-0.04751242404357814,-0.15160159889303604
1955-12-01,0.9368830478625353,1,-1,0.0124035241597098,0.9825782260696296,0.023261135758549045,8.889721606297751e-5,-0.8376866060631131,-0.9287495062897811,-1,-1,0.00544113421073289,-0.013736464050954633,0.992511519992453,1,1,0.035194528399670855,0.06607653954851833,-1,-0.07958934239800886,1,0.018688286285390987,1,0.9964066535521948,0.028447647222741623,0.9631663943095309,1,-1,-1,0.818371339752608
1956-01-01,-0.04740998844284017,1,-1,0.9559601679795904,0.02791641446852411,0.9790243735972652,-0.9669775247353378,0.15178192428719794,-1,-0.10131388297203614,-1,0.9585582416769813,-1,1,0.09066962509382637,0.028492677250941068,0.9579248033024244,1,-0.08235073203749999,-1,0.02888081262549913,0.9884087460814367,0.035651837451157964,1,1,0.004313064292236546,1,-0.07507259264772259,-6.47072211360622e-4,-0.18142271876232485
1956-01-02,0.9496765264739566,1,-1,0.030815749917086133,-0.9701425864234711,1,-0.06671730428974554,-0.7971525519877397,-0.014479726407458315,-1,-0.02375055539065385,1,-0.02787470074288867,1,-0.8857118965452304,1,-0.029339025170533328,1,-1,-0.0146345359893294,-0.9567465476648442,-0.007616634819404222,1,0.07016733704275702,0.0068936301298400116,0.9872869437868488,0.03440276920528518,-1,0.9699948383975416,0.7820636518938399
1956-01-03,1,1,-1,1,-0.02182567800893509,0.023927730041735318,0.8532983610921657,0.14470893631845172,0.9818055346466721,-0.03998948941719671,-1,1,-1,0.03697009910136306,0.07918592939726743,0.13511581190493072,-0.9926279857164194,1,-0.02025861629786574,-0.9856750691744762,-1,0.9814304280607731,1,1,-0.9807928777765167,1,1,-1,1,-0.1908171807356953
1956-01-04,0.018436559988863732,0.1109883529248491,-0.08139051204638692,0.002840593665283886,0.8921069693117966,1,-0.1296329482093862,1,0.008253231426389784,-1,-1,1,-0.04405757291994761,-0.9336292989945949,-0.9133064556524488,1,-1,0.06391894851657076,-0.9573956654183459,-1,-0.03257200559399387,0.049978892635342165,0.09010539890712688,0.025432140944600112,-1,0.050345850918425694,0.027278296279347414,-0.06902282544037597,1,0.7890639265979087
1956-01-27,0.9655744001217139,1,0.874107259994898,-0.8600520044726213,1,1,-1,0.09362131874130442,0.9660710072334745,-0.06734585088503364,-0.04601095066966432,1,0.9331144392759567,0.038301286542259505,0.0864540301190938,0.0027161671495840034,-0.2149996078242683,0.9938448122320039,-1,-1,0.9617742927245349,-0.925367501033251,-0.8446906342579774,0.9958558776584326,-0.04638568836346457,-0.936847815895825,-0.9073230416061983,-0.9953272252058798,1,1
1956-02-16,1,1,-0.11369737907449495,-1,1,1,-0.014401671379945635,-0.8080299620371634,-0.00989830924875057,0.8880097860459587,0.9115754791153046,0.0033763197648333243,1,-0.9295867801662147,-0.9062354494089558,-0.9805952563454433,0.7457624768638015,1,-0.03913344852714884,-1,1,0.07046819136176852,-1,1,-1,0.001654201696934532,-1,-1,1,0.032599408659165996
1956-03-20,0.04972502186985284,1,-1,-0.06162327081300245,1,1,0.9733778124982114,-1,-0.994089244549828,1,-0.06156473657171013,-0.9859284000902722,0.04164664624811165,0.04772171096806366,0.08959498023423962,-1,1,0.042619783172684,0.913588007788989,-1,0.06121137867185722,-0.9063492271879212,-0.10984053446417852,0.017822684821011348,-0.010333961349545895,-0.9612653265102614,-0.013126169912774155,-0.020823779266649356,1,-0.9475938172731219
1956-03-25,-0.8155085728693994,0.03763414776202545,-0.04922100994157197,-1,1,1,1,-1,-0.015330890083716575,1,0.86516931146011955,-0.030504234948163123,-0.9308766203462975,1,1,-1,0.003917190493195166,0.8885256035716689,1,-1,-0.8873183071896887,-1,0.7755442481829593,0.962384743023161,0.9014360936256613,-1,0.9774108837306886,-0.9735718762957862,0.029809141235900283,0.02505119210748097
1956-03-26,0.0998795211389969,0.9990708731167195,-0.9821274078122061,-1,0.026482991483517848,1,0.019153548199116965,-0.044939039923716395,0.9461334572512006,0.051893012551641915,1,0.9001525949721906,-0.012166167868650324,0.011889131923609297,1,-0.005107915350075376,-0.9267575968237554,-0.06712983220475377,1,-0.011053809450568108,-1,-0.002049848270619159,-0.21505196581539032,1,0.009610191539209834,-1,1,-1,1,0.9813642913777025
1956-03-27,-0.8607180676560298,0.006549652857190336,0.004952318440810899,-1,-0.943592793495679,1,-0.9345796036185583,0.904220455904863,1,1,1,1,-0.9516285482092245,-0.954423403516796,0.05390719465032612,0.966038567651624,0.038910283679380875,-1,1,0.9698935983617386,-0.042115334203692734,0.945094828510493,-1,0.10540013318365005,0.9759532562496167,-0.06637175720471733,0.0650644625339486,-1,0.04884062824268631,1
1956-03-28,-1,-0.954418537226086,-0.9887834688558397,-1,0.01948501991636542,1,0.035202259180124984,1,1,1,1,0.06939941499384217,0.009835531952154697,-1,-0.91329986352627,1,0.9997958307078819,-0.04504085134200708,1,0.04462382682186594,0.8767616327395487,1,-1,-0.8748811574153545,0.067282530057855,-1,-0.880237144752439,-1,-0.9334194942175519,0.08169420452664533
1956-03-30,-1,-0.015140864643817253,-1,-0.06478800630742376,-0.9599216904318075,1,1,1,0.08554844896864433,1,1,1,0.9638807008160392,-0.02180161277618653,-1,0.04130179736681194,1,-1,1,0.9753808162954425,1,0.047046627689458775,-0.046040906609225773,0.1104550046008771,-0.9013127764847999,-0.03757023659887293,0.0940624241881054,-1,0.05330115519766354,-0.8777549054848593
1956-04-01,-1,-0.9622529784097996,-1,-1,-1,1,0.06083050512132926,1,1,1,1,1,0.004181707493368214,-1,-0.033862936951335465,1,1,-0.010108832771482112,0.008580797805530782,1,0.005688067351162007,-0.9474227480047019,0.950982029610054,1,0.04580287981000597,-0.9411788479633387,-0.8434374646735401,-1,-0.8650134218968704,0.08927985943484473
1956-04-02,-0.005589614354097994,0.031139346502109255,-1,-0.012302100589515419,-1,1,0.9964782003612168,1,0.03593642355891358,1,1,1,0.9929235198332015,-0.06715631202979111,-0.9180771736420383,0.013067390616281815,1,-1,-0.9894323880040888,1,-0.9852469554329363,0.022593023316606065,1,1,0.9896755557470874,-1,0.1421029997569484,-0.006665527816633432,-1,-0.9030473841064898
1956-04-03,-0.8907978785975099,-0.9411234572160291,-1,0.9566687077905709,-1,1,0.021203117394360982,1,0.9782110765948924,1,0.04456688886219273,1,0.01704234638373181,-0.9982948510396703,-0.014344191575960896,0.9585282882399022,0.23101648699338417,-0.059610197510056584,-0.02214612909107294,1,-0.060790291613112224,-0.9651964890509078,1,1,0.03214662194982676,-1,1,-0.9513072106001648,-0.009908893022717025,0.07066476909982777
1956-04-04,0.0460352238788182,0.007731513956829028,-0.023928806779772716,1,-1,0.03506054997507868,-0.9740030420458492,1,1,0.012194159565451446,0.9952549796629381,0.018175347473452175,-0.9350622328109772,-0.06211526770746245,-0.984117697536259,-0.015784935063801186,-0.7525129052389691,0.8977232162300509,-1,0.04096678845601198,0.9271957118015967,-0.00409972934541003,1,0.02962176389609672,0.9911468901470801,-0.0064165013524177805,0.0164251744966194,0.044861140971873215,0.9391283287216196,1
1956-04-05,-0.9511271433787725,-0.9882330364637499,-1,0.02644654245245137,-1,-0.9483336987221026,-1,0.02613213896867239,1,-0.9546667977289105,1,1,-0.005034009900916292,-1,-0.010017893481048201,0.873555364423093,-1,1,-0.09920148733445322,-0.9451905087488078,-0.030956491645188766,0.9164437819646724,0.09161277349828323,-0.9293086692031943,1,-1,-0.8864192254833898,1,1,0.03382115957426435
1956-04-06,-1,-1,-1,-0.8867601804440925,-1,0.024688315092730173,-1,0.9532996929729498,0.014301206259656918,-1,1,0.027022359470386448,0.9104185266121263,-1,0.9310390980333296,1,-1,1,0.7865115450331742,0.027964538926704807,0.9625594372415539,1,-0.8815515791185634,0.056461824857574894,1,-0.00348349494650646,-1,1,1,-0.9325368869208226
1956-04-18,-1,-1,-1,0.0893654183165653,-1,-0.9287577625879869,-1,1,-0.9540518810706378,-1,0.03847293176728439,0.9442555037770901,-0.007210865245740328,-0.024199527274843757,-0.06395992439682097,0.07980086251028518,-0.015533326880017961,1,1,-0.9575807282963977,1,0.0922178690728993,-1,1,0.0466090786099681,-0.9520184154475543,-1,0.09246456128435865,1,-1
1956-04-19,-0.04673629893182918,-0.03114160050368653,-0.026702507319742996,1,-0.015801490620998004,-1,-1,0.056870945243549076,-1,-1,1,-0.04084373511035577,-0.9392082946042264,-0.9595909195191676,-1,-0.8166694580620523,-0.9726733027337134,0.0037396299189761395,0.018226150100753458,-1,1,-0.8919883722379492,-1,1,-0.899605852244251,-1,-1,-0.8621324672969468,1,-0.06396092837050915
1956-04-20,-1,-0.9952438052344629,0.9728437754968206,0.008519192648805518,-0.9939992105525868,-0.060407782124871856,-1,1,-1,-0.007141083360447942,1,0.9192674390799823,0.03945322029744103,-0.012944537285141666,-1,0.06843022487927364,-1,-0.924874572280071,1,-1,0.10012473760930185,-1,-0.03878369639102919,1,0.062414010555970956,-0.005319486792565553,-0.031161514556553582,-1,1,0.8778368139769771
1956-04-23,-1,-1,1,0.9356675899476189,-1,0.9238485792059816,-1,1,-1,0.9896672870559883,1,1,-0.9580328136282001,0.9644967051631856,-1,1,-1,0.01720510120575136,0.09040005895071501,-1,-0.8211493208506798,-0.0843679843212799,0.850879870919167,1,-0.8800009448128632,0.9916967304246358,-0.9965355394159956,-1,1,1
1956-04-26,-0.08045146570080886,-0.010248066892081575,1,1,-1,1,-0.022229566317567784,1,-1.837807111912948e-4,1,0.019299709255068298,1,-1,-0.017882361587439943,-1,1,-0.024533061855327554,0.9812530817102485,1,-1,-1,0.836965270302325,-0.07319839407589168,0.009166989769898937,0.06283665037851771,1,-1,-1,1,0.0011662969958496916
1956-04-27,-1,-0.9936655572394828,0.035828297987128055,1,-0.01171033503504948,1,-1,0.0038290151436165543,0.9352287819119621,0.029333617205934415,-0.9391279977455866,0.10558899423743129,-0.043181124106256075,-1,-1,1,-0.9584484924621519,1,0.028682727609262604,-1,-1,1,-1,0.9621869327982865,1,1,-1,-0.012737292080763796,1,0.9936450213173232
1956-04-29,-1,-0.10001992449624897,0.9505049709718654,1,0.9103426719164454,0.005005367022224205,-0.008705193472009154,0.9246580386016636,1,-0.9668679835672925,-1,-0.8755603465060299,-0.9639718078225379,-1,-1,0.09250264950530496,-1,1,0.9807635707564663,-0.0381083508243224,-1,1,-0.10401257883019044,-0.03489570077072801,1,0.03209834774173381,-1,-0.9508733188385381,0.024689387620255188,1
1956-04-30,-1,-1,1,0.05413857198828553,-0.0582799341547241,0.9919148313063259,0.9598881265648376,1,1,-0.0027457331463111023,-1,0.08993442767405424,0.00520992325040992,-0.012103851360593887,-0.013924712744973866,1,-0.09509345706334627,1,0.00936918152795041,-1,-1,0.03838004979799525,-1,-0.9878854575019058,0.012093603631248784,1,-0.060799832183671465,0.024149205627998827,-0.8718781436808196,0.0933841399559816
1956-05-01,-0.007320501381597788,-1,0.02746058897750636,-0.9327608023277292,-1,0.05714824513576955,9.71605287411581e-4,0.011692524734995047,0.10153789616254083,0.9834094557621111,-0.02299950099887549,1,-0.8910043774961651,-0.9831033106476141,-1,0.0011387355260134013,0.8707722971014308,3.6161872064122136e-5,0.9899237881135842,-0.0980032829123908,-1,0.9944099545045993,-1,-0.0017575742055714327,1,1,0.8907578286440074,1,0.061804797347722706,-0.80518572647457
1956-05-10,0.9691885414354042,-0.035632210764382055,0.9848208595015843,0.046706237039780274,-1,0.970947440686878,0.9614485127200888,-0.9038966107021553,1,0.04715638546688272,0.9349985731863967,0.07576012031810886,-1,0.0021444742410285933,-1,-0.9967086016873565,1,-0.8737694884747307,1,0.895135267091184,-1,1,-0.018021407922595878,-0.9529719124430649,0.02684316214403737,1,-0.06466713885361308,1,1,-1
1956-05-11,-0.026043495763479196,0.9037004190497369,1,1,-1,1,-0.025163112705927526,-1,1,1,1,1,-1,-0.9736919534225126,-0.06796088535222156,-1,0.06496290192771281,0.048716727741524246,0.013752708276487224,-0.10004122842595997,-1,1,-1,-1,-0.9243474702022632,0.015628902233743802,0.9338848220189983,1,0.008001233681705133,-0.014291836480241127
1956-05-18,-0.8905771133407243,0.0037042351057321454,0.07667404331644412,0.03552463018462859,-0.05206732001757586,1,-0.9609738242683106,-1,1,0.08957967959285229,1,0.09881291841544715,-0.082189792528372,-0.07419829341962669,0.8732231746651983,-0.0011618481211655984,-0.8878384362072311,1,-0.8851143832992046,-1,-1,1,-0.021161630209159954,-0.026136929993203828,0.06782729381343033,-0.8767395706720212,-0.012719530948664515,0.0029703157864606755,0.9711931789177081,0.9843349965972427
1956-05-19,0.07597959837482482,0.9579613026312791,1,1,0.9342607111764051,1,0.030442886816789083,-0.01401283589831881,1,-0.8640233602432986,1,-0.8666665925284499,0.8529677715578319,-1,1,0.9176263005549562,-1,0.025649308195845655,-1,-1,-0.030245548512062403,0.1114526705046015,0.9546072142270599,-0.9775323496806324,-0.7989826335876584,-1,-1,0.9782837056051714,0.0493303737275651,1
1956-06-05,1,0.014504895373210092,0.03579029755803398,1,-0.054665136510898216,1,-0.9656084374696012,0.938213604584361,1,-1,0.0475581055669847,-1,-0.1339302890934475,-0.0812654364241232,1,-0.03895069138707996,-1,0.9665352635453927,-1,-0.014478808981622349,0.9649345215486673,-0.8571358842936587,1,-0.021328275528043394,0.19626912188829626,-1,-0.005473747673637952,0.019675317855739616,-0.9091656410813449,0.08069886442143481
1956-06-11,1,-0.9326976054070528,1,1,0.8982847301893692,1,-1,-0.03607489886293458,0.08552864776154256,-1,-0.9396051018528945,-0.040007810563802315,-1,-1,1,-1,-1,0.05067734762308718,-0.08976456002653643,0.9715990077253042,0.034998952733825583,0.08418475897336164,0.048887610591108244,0.9694220660852497,1,-1,0.9935898270720902,-0.9301238731452576,0.03098540449874132,-0.8673102912880408
1956-06-15,0.0061111996477906105,0.03639563724934558,0.01785704793202003,1,-0.08346002611606484,1,-0.06873289731408727,-0.9980846459228917,1,-0.13901669220148505,0.05841407102882734,0.9495328772958868,-0.09089779862772585,-1,0.02916311033352048,-0.06603598327940796,-1,-0.9119923567332087,0.8818256422135333,1,-0.9096885867622523,1,-0.8809955902308938,1,1,-0.006748713541312679,0.09547133245244666,-1,-0.8855835608762544,-1
1956-08-20,1,-0.9137660896891115,1,0.0711772544518855,0.9006068134151138,1,-1,-1,0.06674278044635029,0.8259191912342703,-0.8466524816083069,1,0.8282399663505976,-1,-0.9653537369363787,0.8913518926758353,-0.039076580273221695,0.07668358527990393,1,0.011657756654872786,-1,1,0.11322311375380045,1,0.027576570724852534,-0.9544139601118315,1,-0.00340443934880863,0.08661456642165832,-1
1956-08-28,0.014420381006646776,-0.1006713299582056,0.012832085471039978,-0.9149635015193368,-0.03629488985517115,0.09500213488546227,-1,-0.0383891468100539,1,-0.14577789993855428,0.08156882729362325,1,1,-1,-1,-0.05653804966603493,0.9166491199057283,-0.8635621483408576,1,0.9551090503503632,-1,1,-0.8836718636242504,1,0.9892954446924402,-0.0028141940474548655,0.011882141820594216,0.9632965792175125,1,-0.006243922319395634
1956-08-29,1,-1,-0.9735608955866065,0.075226720582971085,-0.9584157503440099,-0.8947046327394906,-1,-1,0.06055046497196703,0.7742141416038586,1,0.012746233295738651,0.046496162307502864,-1,-0.007233108139772737,0.8773743459778783,1,-1,1,0.0017418238317754575,-1,1,-1,0.033736508287025235,1,0.8706244902351845,0.9935666414140238,-0.025506520384262044,1,0.9408238273211298
1956-09-18,1,-0.011970963706596116,-0.008765873148908754,1,0.03257149072085275,-1,-0.06771812160728885,-0.04267177817760037,-0.8912885081699656,-0.1684695133477948,1,0.9498320763466349,0.9684721756095207,-0.022071157472735026,0.9277990588974521,-0.11141071154291382,1,-0.0445547760924494,1,0.9384563852537378,-0.037791281061840376,0.04272617683446278,-0.03959224217048485,-0.8849763396563942,0.004123031546057421,1,0.03700597917955273,-0.9595495158480741,0.015700155782792824,1
1956-09-20,1,-0.9850654825057179,0.96514554159729,1,0.9692985838107364,-1,0.8883737273796334,-1,0.07972188524023416,0.7905832003895592,0.07532461647126643,1,1,0.9241826920848993,-0.05601098582311359,-1,0.037834571796417804,0.8578200943154726,1,1,-1,0.9945900132519533,0.8779462375971483,-1,-0.9416274993153024,1,-0.9590935710639954,-1,-0.891305197822266,1
1956-09-21,1,0.012164809371871477,1,0.007741241319825232,1,-0.04264729749138885,1,-0.007534829964305767,-0.8867543877333978,1,0.9764730347435222,1,1,-0.06492366825352158,-1,-1,-0.8834347347461313,1,1,1,-0.061486918925266476,0.024749367973852188,1,-1,-1,0.0027881838052928876,-1,-0.057859749275163797,-1,1
1956-09-25,1,0.9338986362082032,1,1,0.07118947583119184,-1,0.027910821130825103,-0.9464594417552986,0.09600551029760651,0.005820996233588893,1,0.092242914609861,1,0.9117074033372913,-1,-0.12792874914364594,-1,1,1,0.015880711142969628,-0.9388257490183881,0.9957088007741355,1,-1,-1,-0.9289957943069815,-1,-1,-0.0279295524106824,1
1956-10-06,1,-0.0425346507525195,1,0.039911517458157575,-0.8888715491537519,-0.12738951081470262,1,-1,-0.8805733143956241,0.9935374334218662,1,1,0.010737462868112058,1,-1,-1,-1,0.03421594736208955,0.040157833443329904,0.9618750661947283,0.02196693341904843,1,0.025144285049367943,-6.784224489637669e-4,-0.08314878100822609,-1,-0.024297836784710647,-0.009017293155484496,-0.9261182662996243,1
1957-04-25,1,-1,1,0.9867557375397421,-1,-1,1,-0.09041073576288328,-1,1,1,1,-0.956909785073845,1,-1,-0.023415345949970412,-0.03964190158012726,1,-0.941757263188267,1,-0.9591936390877146,0.032902841296543084,-0.9362742533721948,0.9304698965790446,0.8533439213887966,-1,0.9563500807206528,0.9474357592881337,0.010762801429216484,1
1957-05-27,1,-1,1,0.059859581113522076,-0.06306977657424895,-1,1,-1,-1,1,1,0.05800682354018627,0.019138800973063197,0.035104207136226084,-0.04464150943742684,0.9591264783911456,-1,0.0387627694575835,-1,0.04221862981032165,0.03177077416023322,1,-1,-0.05508016101321034,1,-1,-0.008300505700873817,1,0.9762951521368745,1
1957-06-15,0.05238740969329758,-0.0866869324663897,1,-0.8827700231349761,0.8825967993949335,-0.1107979249732749,0.06897207457763721,-7.776648491697458e-5,-1,1,1,1,1,-0.9120340097602084,-1,1,-0.02415076652668624,1,-1,1,-0.8880343829965857,1,-1,0.8666287790169569,1,-0.01732355956803966,-0.9517993219305498,0.05931677875860131,0.014200553385908199,1
1957-06-18,-0.8943764898308937,0.8729318912452649,1,-1,-0.09981497336262424,0.7810788109616096,1,0.9970847426764398,-0.058865967793464646,1,0.00558786085617935,1,1,-1,-1,0.09243022468097428,0.9441412082593239,0.0055384017934297924,-0.07924209579549057,1,-1,0.015567182673616453,-1,-0.1302631579990775,1,-0.9782322534489142,-1,1,0.9852373765688462,0.016167752601003227
1957-06-19,0.0761886152292427,-0.12119001286870457,0.08755186774864732,-0.06106321222369382,0.88162365592335,1,0.023526378109333,1,-1,1,0.989004178748164,1,0.031238855177595837,-1,-0.0763766674279085,1,1,0.9961309229679052,0.9022265187583213,0.029810480515868543,-0.009119161783881391,-0.9066756304543664,-0.06115393111650169,-1,0.027045223438608712,-1,-0.07818319957207465,1,1,1
1957-06-21,-0.8386748841339083,-1,-0.8938702018672321,0.8786112848010073,1,1,1,0.02223419257427106,-1,1,1,1,1,-0.0474113110144172,0.8706623743934947,0.014732883498595806,0.0596900894343555,1,1,1,0.9488442352776302,-1,-0.9352737995757499,-1,0.9598391491074263,-0.03920538152555786,-1,1,0.004725687693260094,1
1957-06-27,0.15660515146612042,-1,-1,1,1,0.08895174373568837,1,-0.9399649390492167,-0.10129355686152408,1,0.044590380568000576,1,0.06190700101243085,0.9401311953469165,1,1,-0.934208991983902,0.04665610284935651,0.05116854233996215,1,-0.03229204371501215,-0.004854058057098043,0.05093583558129944,-1,-0.018107466797497307,-1,-0.015474507985179575,1,0.9945654055200397,1
1957-06-29,-0.7662263957082777,-0.052006260483033806,-0.002694129183821503,0.0011392818225332002,0.0312701589940666,1,1,0.04759475711530081,-1,0.014647596080518022,0.9923273145936222,1,1,-0.03322848622291319,1,1,-0.03993811134094061,1,-0.9447805863375599,0.032118949447961564,-0.9842969747658752,-0.9974826499491227,-0.8738455957953299,-1,0.975518415422268,-0.01749366574500144,-0.9330877776096297,1,0.0508897697548123,0.027495078361759795
1957-07-01,-1,0.9101677634211881,0.9650463038312426,-0.9611392133314222,0.9899468869497898,1,0.013596103173522889,-0.9200240276469672,-1,0.9626272079778333,1,0.0782524964670398,0.04021962760639619,-1,1,1,0.8831194891929047,0.017591265873954653,0.039121275277281375,0.9654139026690798,-1,-1,-1,-0.11526943260159062,0.04923740804566912,-0.9948243343069083,0.02551698771746025,0.04308461233580718,0.9426984135157319,0.9859335847670244
1957-07-10,-1,-0.059171289729876175,-0.0027301718616001835,-1,0.006224159356321479,0.0017701569051170596,-0.9711831673590275,0.016591925396756024,-1,0.053688859353469676,0.03689564296058301,-0.8660611905671874,1,-0.010360727157764482,0.02242435327002834,1,1,-0.867107327054692,-0.9563434769800779,1,-1,-0.004121823733548302,-0.10113876847226377,0.876821798021265,-0.8710609520335987,-0.01976434256788928,0.9273139032566653,-0.9097535818472898,1,1
1957-07-22,-0.025958875744304555,-1,-0.9828610966388578,-1,0.9932646710577501,-0.917107606656282,-1,-0.9172701919890699,-1,-0.8974888016794517,1,0.10365501115362874,0.06975154352656021,0.9806029671226371,0.971010212788969,1,0.021500837387407934,-1,-0.0010514538383527006,0.04439531655551088,-1,0.9522841699049441,0.8808545487128865,-0.11318028744365372,-1,0.9288790087504306,1,-1,1,0.01920631041569898
1957-08-06,0.9570422639208308,-0.08883817161536434,-0.026708733543276852,-1,0.02669098870997444,-1,-1,-1,-0.08019902209319685,-1,0.05511879539909181,-0.8931693218294005,-0.8838567966671875,1,0.061632024127092455,0.013694056754136819,0.9842111061592307,-0.02550377326689479,0.9398441808025219,-0.9513523302861696,-1,1,1,-1,-1,-0.03957956938275531,1,-1,1,0.9779068626221253
1957-08-17,1,0.8677608123359624,0.8587918043893602,-0.02965807488616068,0.9251185812908195,-1,-1,-0.11189401712380342,0.8540466231609533,-1,1,0.07967922057069277,0.06256162628564299,0.04211956716344367,-0.8832365171416219,0.9012272986704681,0.006180376100839768,0.8721233414573464,-0.04379665110729025,-1,-0.018499466384312102,0.029504358546252107,0.025887821163784408,-1,-0.046837047644150975,-1,1,-1,0.009190600859217857,1
1957-08-20,1,1,1,-0.968555493024697,1,-1,-0.01050241700915322,0.8415343431002476,1,-1,1,-0.9067383828104065,-0.8458587580643451,1,0.031046250047743418,1,-0.9182402121756197,-0.1245650044678398,0.9423880782490105,-0.014758663455632481,0.9716938022670026,0.9818311840625968,-0.9508486286856414,-1,-0.9766292337065795,-1,0.008974205746129837,-0.06783238962636262,0.9646115192304122,1
1957-08-21,8.674472147157664e-4,1,0.023546016763404953,-1,1,-0.056948862611550743,-0.948635339830181,1,1,-0.037673627209718674,1,0.021761895973174905,0.10202829518486356,0.055020288056610744,-0.9670745522767749,9.907713947332475e-5,-1,0.8640689367446948,1,-0.9359176515285828,1,0.02625898149396133,-0.004867699943038928,-1,-0.012692883335269967,-1,-0.9630097621368113,0.8964749897710153,1,0.021175359353641565
1957-08-22,0.9603869391336398,1,-0.9408931888253887,-0.004763264488646501,1,0.9288279827046539,-1,0.021324375183654265,0.040563442922999404,-1,1,-0.8987867002555222,1,1,-1,0.9409797332344835,-1,1,1,-1,1,-0.8924049693925826,0.9008252068236815,-1,0.9677793088357917,-0.07454163353711218,-1,-0.03127610939641878,1,1
1957-08-26,1,1,-1,0.9719382890275461,1,-0.04895568158525132,-1,0.9801909348029917,-0.946693277801185,-0.0022349978743846366,1,0.07923567269674114,0.057983794255120236,1,-1,-0.03381924993405516,-0.02250186926481801,1,1,-1,1,-1,1,-1,0.0047496692042837685,-1,-0.007467338736575679,-0.9604340261187533,0.017288408720382842,1
1957-08-27,0.07570006482758884,1,-0.04947844915369426,1,0.027945607852110754,0.8950505878971291,-0.008621542651937153,-0.011186276176383458,-1,-0.9489361784036509,1,-0.8392306495510182,1,1,-0.007566493805714836,-1,-0.9988600800541619,1,0.037376504910374364,-1,1,-1,0.06258512381839787,-1,-0.9796088448109067,-0.07823890316277449,-0.9654664927620016,-1,-0.968779185662266,1
1957-08-28,-0.900673959866015,0.0021950300306144976,-1,1,-0.942093477027578,-0.09169056989414703,-0.9660396441836288,0.9495782805437459,-0.024025835449302035,-1,0.02662574812023899,0.14086549361351774,1,1,-0.9269583420343368,-1,-0.01590734567633445,1,1,-1,1,-1,-0.8767957237516316,-1,0.013977158110965338,-1,-1,-1,-1,1
1957-09-04,-1,0.9812934476237867,-0.009523834573260337,1,-1,-1,-1,1,0.90873532969814,-1,-0.9512196673811575,1,1,0.0157354871908022,-1,-0.026475957974135045,0.9649457193043406,1,0.012974470097526947,-1,1,-1,-1,-1,0.9950484745830512,-1,-1,-0.042483806470748675,-0.05204131756233221,0.021257410671556398
1957-09-05,-0.06456449714076595,1,0.8965622863821121,0.07315073962049479,-1,-0.024539714493834408,-1,0.02181276901438367,1,-0.003089871210889661,-1,0.046950711169135184,1,0.93748031413341,-1,-1,0.018844364192582286,0.0050961018820617765,0.9988952447168705,-0.015729602051474556,1,-0.0563547798728109,-1,-1,1,-0.0785243916731323,-1,-0.9691028891704705,0.910587712342327,0.9916390768171061
1957-09-06,0.8758398766747604,1,-0.0442895226474781,1,-0.033414489820752125,0.9291334314426671,-1,0.982650690829749,0.055204471515762576,-0.994600143876797,-0.04450687486945204,-0.9199470960031342,1,0.020465749020379898,-0.0498043800373712,-0.003594659048788973,0.9314385326005842,0.9629757406008788,0.06764215156052389,-0.9595161051715847,1,-0.9601613920652969,-0.053843890937538386,-0.11070457819762058,1,-1,-1,-1,-0.011475206297771878,1
1957-09-07,1,1,-1,1,-0.9611364929896774,1,-1,0.001512110325162186,1,-0.05688799728148741,0.8836762796402291,0.04230987660786201,1,0.950325645629718,-0.9933032822397108,0.9893220678481371,1,-0.007607875929025232,-0.8710166666506605,-1,0.05808922337542011,-1,-1,0.86391073260891,1,-0.005340759625846014,-0.02314388823686253,-0.10582016922801973,-0.9701160251209872,0.038028923373319534
1957-09-11,1,1,-1,1,0.0056309500038036475,1,-1,-0.9931075460238887,1,0.892094667033944,1,1,0.1104206500400996,1,-0.03268693052240368,-0.001783696500193943,1,0.9300419521846034,0.10404811203212583,-0.050237499634010696,1,-1,-1,-0.13045427351593408,1,-0.9266222686129174,-1,0.8797681685054284,-1,-0.9363675198170421
1957-09-12,1,1,-0.030341555549847743,0.014010338538741895,-0.9497371993062221,1,-0.02454790886890612,-1,1,1,9.779075878020294e-4,1,-0.8183028559440226,1,0.8869067405576362,0.9864726970054949,1,1,1,-1,1,-0.023136470897416994,-1,-1,0.006102288418032842,0.05378790813919987,-1,-0.06601518843293508,-1,0.02497627536669933
1957-09-14,0.02481027003118763,0.01965227846296458,-0.9626379488956702,-0.9705213973505309,-1,0.06247232157696303,-0.9721776531687574,-0.07315572789749958,5.78850522908736e-4,0.008851549825834248,-0.938715509013377,0.06842918285634281,0.08352276893019872,1,-0.10254815986408994,0.11144720118403761,0.059943964125767524,0.031043470865554368,0.03259360405144973,-0.057212235721283755,0.025764553443142213,-0.9467526318747477,-0.05327668064367619,-0.11676471280285894,0.9620559865236663,-0.9019025986093759,-1,0.8867275955298153,-1,-0.9715058127886013
1957-09-15,-0.9585182083119083,1,-0.021517707512397122,-1,-1,1,-0.039508514937346084,0.8859107517265575,0.9802713244200565,-0.8914325708229417,-1,1,-0.90300322234294494,1,0.8449054637695833,-0.8246525589567288,-0.9194648921231448,0.9899439578877545,0.9847274544244368,0.8942324455740225,0.9735614796247779,-0.025245561053259813,0.9282410289837635,0.8831283085056926,0.006535045209261292,0.05454895032334539,-1,1,-0.015683613910302818,-1
1957-09-17,-1,1,0.9105441998136832,-0.02228558581530249,-1,0.04497569159034798,-1,-0.03149879060375982,-0.018831238759856594,-1,-0.12290556766808236,0.04229134769473053,-1,0.06199122410722824,-0.12602616640417708,0.053471466376140975,0.07462429673466764,1,-0.002341605850807005,1,1,-0.9645975086513839,1,-0.07272998221484173,0.9434028131525711,-0.9398980368754988,-0.008804216373052842,1,-0.9677172890841013,-0.05385162659180365
1957-09-18,-1,1,1,-1,-0.057633632646254096,0.9908348665548615,-1,0.9528713592811745,0.9667321038160325,-1,0.8205195987155812,0.9798653662940476,-1,0.9822597391605241,0.8602293261150546,1,-0.8998152394059195,0.057586226452937206,0.9138297682522222,0.016345832576935893,0.003617986955114394,-0.03212459121673683,0.03377837064732914,-1,1,0.020526611762111457,-0.9673772450427112,1,-0.010992139451724392,-0.9738845256745401
1957-09-19,-1,0.03946229008317237,1,-1,-0.993219604742333,0.014256759478020187,-0.03720666794754535,1,-0.009330331246821033,-0.02744964092537716,-0.13203706931165737,1,-0.059409812295564635,1,-0.13784572659317063,1,0.047684174949038316,1,1,-0.9766275563607282,-0.8757829284963895,0.9365283819089378,-0.9661155895613562,-1,1,0.952674842243037,-1,0.029993193651924654,-0.9942194915765381,0.013403026598903356
1957-10-02,-0.022253378872115204,1,1,-1,-0.021665903868417602,-0.9619976642240192,-1,1,-0.9077593465686459,-1,-1,0.039358718349701616,0.9018929211357455,1,-1,1,-0.9222002052189244,1,0.0026187169039696423,-1,-1,0.010972059914977628,-0.017581846415194557,-1,1,1,-1,-0.949265312311325,-1,0.9729150558092059
1957-10-03,0.9639931084953451,0.012733757788424671,1,-1,0.9780255346380451,-0.047416943388561617,-0.03053084574899889,1,0.04876366910094432,-0.05669460519613634,-1,1,-0.09576160939299239,1,-0.02410317918915561,1,-1,0.04910104177548402,0.9373630648398017,-0.11575631730271341,-1,-0.9577488983832947,-0.9784297901400594,-0.001318367097698614,1,0.03878556684304024,-1,0.03348877791357552,-1,1
1957-10-09,1,0.985995092964546,1,-0.06653232673614362,1,-1,0.9634546207728506,0.054513122715968865,1,0.9224679747145501,-1,0.041320002905124054,-1,1,0.9661344833390392,1,-0.06659177574904884,1,1,-1,-1,-1,-1,-0.9925201965011798,1,-0.9473373619488928,-0.005602668144605194,1,-0.053995491208893576,0.09385832057693033
1957-10-10,1,1,1,-1,1,-1,1,1,1,-0.0037767523966364402,-0.11700216574970557,-0.949313297110118,-0.09668674004950717,1,1,0.03929130597694985,-1,1,1,-1,-0.004119114519584466,-0.005516750979965401,-1,-0.001204590787862836,1,0.023787119918340482,-0.9830071579012765,1,-1,-0.8409118873986501
1957-10-17,1,1,1,-1,0.023187833481318143,-1,1,0.013884696791157669,0.08204406054057534,-1,0.8630517154106796,0.04479296917023157,0.7942103621048829,1,1,1,-1,0.018086645273689195,1,-0.026744009869345775,-0.9704359086038834,-0.9491828374727364,-1,-1,1,-0.8679046394175903,0.006812620386370427,0.03936290570527401,-1,-1
1957-10-24,0.0542577543355004,1,1,-1,-0.9550917585323231,-0.007713713451900306,1,-0.9054466441360768,0.991857069355438,-1,-0.13301935326329362,0.9871350041406821,1,1,1,1,-0.03683028761564888,0.9659262680077197,0.04682964169676451,-0.9859254487836814,-1,-1,-1,-1,1,0.06504904820469648,0.9845474641836554,0.9820171790714423,-1,-0.04718536883570257
1957-11-08,-0.884842567271498,0.016722563747925356,0.05055025511065536,-0.02260878234659014,0.03507118288351918,-0.9151573619073066,0.03444886026923244,-1,1,-0.04128297439221551,0.8651846783588856,-0.004736094805075752,0.03248900342025529,1,1,1,0.9158517029956775,-0.03213785713639028,-0.952545333871351,-0.020595932048053878,-1,-0.017028105530090265,-1,-0.005202300403432281,1,1,0.0490190537962929,1,-0.01172173412564581,-0.9685086126000925
1957-11-15,-1,-0.936779910210877,1,-1,-0.9588173363501508,-1,-0.944290430108654,-0.0011749310590192241,1,0.8628861640362577,1,-1,-0.9498968234093312,5.074562470822608e-4,0.10071980171512895,0.06004129335896802,-0.08154829151934928,0.9601320587919796,0.030472366840459175,-0.9963786948390743,-1,-0.9937555706067932,-1,0.9535441537702225,1,1,-0.9430502435384117,0.03746780042861653,-1,-1
1957-11-17,-1,-1,0.048169142946978605,-1,0.014739059885811923,-1,0.014885123571549586,-0.9383323022869855,1,-0.12284136149074476,1,-1,-1,-0.9979500813926946,0.9980759331399887,-0.9058027495369573,-1,-0.013596748404778203,0.985000548695054,-1,-1,-0.03416393849856736,-1,1,1,0.05694738752599826,-1,-0.9474144325845738,-0.010604459027559798,-0.016672207855332855
1957-12-02,-0.03495508469975339,-0.0017057210184308058,-0.9450946051623,-0.11898675621354715,-0.957877037829068,-1,-0.9069183306672007,-1,0.05516973773504996,0.850589907238913,0.04394737586499842,-7.932583020022754e-4,-1,-0.005653137403336617,0.0036628444009377814,-1,-0.04920631763594496,0.913839286452837,1,-0.08415264368324071,-0.03380806337713693,0.9284247748978487,-0.02394601883101377,0.016684487947126847,1,1,-0.0252169339677617,-1,0.9801224309787719,0.9351914508198927
1957-12-03,-0.9953776326619708,0.9528778704627147,-1,0.8520184144430054,-1,-0.06170212781132567,0.08160091313127393,-0.09217986083646657,1,1,-0.9511353045186469,0.8317950199128612,-1,0.9501591584389296,-0.9258679950084034,-1,-1,1,0.04357239046705885,0.8980024677006838,-1,1,0.9454751399540863,-0.8956325617016923,0.009041009353230267,1,0.9596020919977144,-0.03933515337245341,-0.0018684823327407285,-0.03469485171519726
1957-12-23,-5.714561544942764e-4,1,-0.03254751292415026,1,-1,-1,-0.9098550941633408,-1,1,1,0.03068390494038009,-0.13739320030683055,-1,1,0.03201035571919986,-1,-0.05848027142138168,0.07935667283578474,-0.9484903158011362,-0.07914240008385964,-1,0.0038050785598727765,1,-1,0.9805426309097742,0.045009766954446695,-0.038167825594303095,-0.9792121047826249,-0.9194276507036445,-0.9299725817607973
1957-12-30,0.9477088921891604,1,-0.9801224431227639,0.028483323511707126,-1,-1,0.0837026352573641,-1,1,1,1,-1,-1,0.054785288466201454,-0.8301522464619496,-1,-1,1,0.04847942573545505,-0.9928746646672262,-1,-0.9818928404763182,1,-0.023906661207588442,-0.004121609846371332,-0.8648546615572245,0.9034834125946413,-0.013002279670214945,-0.03770873414590459,-1
1958-01-13,1,1,0.008436784449105117,-0.9300347938564917,-0.0015392098049928915,-1,0.9907615692287266,-0.04091481472504044,1,1,0.031834147104399024,-1,-1,-0.8904220046695147,0.09522737187846986,-1,-1,0.023028788080939777,1,-1,-0.021326037197543335,-0.060643242632311245,0.014662227641957792,0.9593998769483376,-0.998033709862885,0.1291163420376592,1,-0.9814277082706503,-1,-0.012744608784710065
1958-04-01,1,0.004146299732239567,0.9834530158000797,-1,-0.9962735892375651,-0.07341907877024045,1,0.9272595266829519,1,1,-0.9525840285333477,-1,-1,-1,-0.7838835894294366,-0.011703995757623264,-0.03422898940744179,-0.9629545958837359,0.04031226839399915,-1,0.9293493081449744,0.9050676085727505,1,1,-1,1,0.029424361971742696,-0.07131364825326292,-0.062148224438577815,-0.9679639821731882
1958-04-02,1,0.9242026873709646,0.0051787497173994,-0.03366213953788311,-0.040780234676328964,-1,1,1,0.0273168161466818,0.0038876130089549044,0.01471624580749109,-0.04820437522031806,-1,-1,0.19613408196686544,0.9850993593948262,-0.996464633792738,-1,-0.9311742329857073,-0.050426633968208456,1,-0.0750342368841963,1,1,-0.04067853084245365,1,0.9248583278157593,0.8600863819374933,-1,-0.019053098976232086
1958-04-14,1,1,0.8868189319819122,0.9581800463651652,-1,-0.010689578945278777,0.030777254023769518,1,-0.9392439366604602,0.9276064478011851,1,0.8526459587334968,-0.041177923795639115,-0.037359014624472664,1,0.05250511056921692,-1,-0.024718944056670966,0.03335731848672263,-1,0.03129439113267585,-1,1,0.007202436453193073,-1,1,-0.07389880210435384,-0.05754229605050065,-1,0.9676745056591208
1958-04-15,0.018113336950186465,1,0.05023385717221995,-0.03908730465846755,-1,-0.9688976237980081,-0.9639091501419104,1,0.044587696560025925,1,1,-0.1303606163406793,-1,-0.9438305714003115,0.022048330916576542,0.997112168493497,-1,0.9744967725079597,-0.879384131880149,-1,0.9302441701687765,-1,1,-0.9776529698863098,-1,1,-0.9992351117680449,-1,-1,0.03359232440039872
1958-04-17,-0.9753358025644732,0.014900624827793973,1,0.9606649562849005,-1,-1,-1,1,-0.8807880257999685,1,0.03378771249558221,-1,-1,-1,-0.948910436461905,1,-1,1,-1,-0.07793999689595521,1,-0.04882398105485031,1,-1,-0.016143652445891776,0.018786196189009896,-1,-1,-1,0.9483291040549022
1958-04-18,0.006673807135621268,0.9840795134976053,0.03280048319990503,-0.032636488528201,-0.021432639258567865,-1,-0.09282255073120527,0.015149374499709434,0.0435437626797448,1,-0.921870808283802,-1,-1,-0.020990791282615162,-1,1,-0.023723238969803773,0.008269895822415108,-0.040757777109106,-1,0.04664638515624142,0.8500714351079243,0.040812328694335376,-1,-0.976500980958948,0.9482848109575993,-0.00966913201158881,-1,-1,1
1958-04-19,-0.9688526408067258,1,-0.955955057367916,-1,0.9191419541732979,-0.01329376476017119,0.7954610383709768,-0.9420488460255151,-0.9465454487693727,1,-1,-0.048942521755194424,-0.024703856120892764,0.9730661999117067,-0.07430074055587488,1,0.9565708534765782,0.9555801895098517,-0.9601563558167057,-0.026994589189393348,1,1,0.943291661300414,-0.04443882554179568,-0.008578568343775794,-0.0503239466844958,0.9885699023929647,-0.03398005847701602,-0.08073817496960767,0.09573398752675077
1958-04-26,0.017085689998280973,1,-1,-1,1,-0.9885649562225606,1,0.009450502872062616,-1,1,-1,0.8960468624949268,-1,-0.021985042478413486,0.8967214856919228,0.014085990060352827,1,1,-0.03656700375657296,0.9095698804279121,1,1,1,-0.9787471544481767,-0.9624379504748629,0.8533783287744152,1,-0.9158811211324889,-0.9929808217364238,1
1958-04-28,0.9694100061737901,0.036823832411116975,-0.034894121643910925,-0.027350653477993814,1,-1,1,0.9819280595303848,-0.049964441904730816,0.009227432861542262,-0.06043733879481705,1,-1,-1,1,-0.9779710181364918,0.07159220042064185,0.04226637179356141,-1,1,1,0.08453290708369243,0.01176465279195793,0.004462492305423504,6.312288167061864e-4,-0.12757221850600076,1,0.05731890851374988,-0.012650730482197114,1
1958-04-29,0.09806348188267078,1,0.9622372154279647,0.9535875199043834,1,-0.061728162494100736,0.004961697855796032,0.015169602283212402,0.8395830930260595,0.999276654806352,0.9169179732677825,0.004107242980978532,-0.044541532287763475,-0.049744690573944816,1,-1,1,1,-0.04076604165194664,0.0923449362540052,1,-0.9019306527622611,-0.9505888236649123,-0.983161974436523,-0.9621049461413013,-1,0.024727545678092766,1,0.9145503451506328,0.04385109955732602
1958-04-30,-0.8981347884504124,0.019031607896249914,0.029056444765027778,-0.021010589674650193,1,-1,0.9387834952321364,-0.948897896430747,1,0.06266498091462969,-0.07177907955827745,-0.8935510687199224,-1,0.9394002216668336,0.10734898863757181,-1,0.061819474816638964,1,0.9123940219669997,-0.8372170710702816,0.019623585576799774,-1,0.012953911633183268,-0.07823199094006061,0.005383685346699196,-0.09537232091983017,1,0.06500792333421701,-0.043247082545376236,-0.9341185079498812
1958-05-25,0.06619394622114483,-0.9121305980250509,1,0.9266322939699733,1,-0.0023928303976359366,1,0.01899686695785774,1,1,0.86744606100777,0.08493304990419259,-1,0.0015717015448996063,-0.8910044516415916,-0.0026464488321630286,1,0.02675927406636358,-0.054675189425501314,0.1187892820797023,0.9635201571441293,-0.020424372819807135,-0.8979785906671551,-1,-0.9405933267418874,0.7983716809747893,1,-0.8333944454825183,0.923941841478142,0.032588195969849854
1958-06-15,-0.9063902872606521,-1,1,-0.063172474056574,0.02925881507406336,0.8959709773921071,1,0.9881421647734921,1,1,1,-0.9092064762794962,-0.02673620864024928,0.8945200197972355,-1,0.9325997943542533,0.08136750937027903,-0.8992648980342262,-0.9506169482710151,-0.8478875346183531,1,-1,0.07439631753200981,-1,-1,-0.16130040766747844,1,0.13158772704467803,1,1
1958-06-16,-1,-0.05147927355488102,1,-1,-0.9477894026159404,-0.04374829824916948,1,1,0.004133929942521264,0.01664766155700259,1,-1,-1,1,-1,-0.002447520878102405,-0.8844900209223105,0.09310033213554336,-1,-1,0.032835242861446234,-1,1,-0.014984627451197663,-0.08381625084803868,-0.9865815889382749,1,-0.828185690422231,1,0.04929957829090603
1958-06-17,-0.07343312207342434,-1,1,-0.003272838448274751,-1,0.8068816077680354,1,1,0.9999597448360957,-0.9554440726463425,1,-1,-1,1,-1,-0.9463078609673183,0.04263869620769245,-0.8539141659717299,-1,-0.08086591739619808,-0.8907335954721118,-1,1,0.9270542709002187,-1,-0.02366732313479636,1,-1,1,-0.8833486558507986
1958-06-23,0.9098500080505205,-0.026783905819239284,0.016465769486264104,0.988528800948317,-0.03413771126596443,-0.15537793845410686,0.020854452928545153,1,0.036170604737238876,-1,0.012319112567915513,-1,-1,1,-1,0.0022575147988930233,-0.9070316818269392,0.06241394008785195,-1,-1,0.10436733465725256,-0.0700639009865569,1,0.009899536779695683,-1,-0.9649830008866332,0.001228617618154626,-0.005457610210551689,1,0.10323274698967444
1958-06-24,-0.08770522916754231,0.9130413115989535,-0.8585751037469723,0.09366948972170219,0.9318404704994251,-1,-0.916572581484493,0.036840797509069656,1,-0.01796739399648062,0.9997830018325315,-0.03068707455219266,-0.0030952028863451275,0.05122763672056152,-1,-0.952804144068043,-1,-0.9268805290332851,-0.01062942568406211,-0.0056382242104140445,-0.8088215607165122,-1,0.044317285980200793,-0.987288637494644,-0.021509885820117258,-1,0.9776254277747585,0.9926245916391274,1,-0.8638333874770341
1958-07-08,-1,1,0.010041460168156768,-0.905052041504516,1,-1,-1,-0.9493581968162254,1,-0.9673897044812763,1,-1,-0.9916903507020546,1,-0.04789486746012939,-0.032769910858190254,-1,-1,-0.9671374068403588,0.9858041201030585,-1,-0.0716079233182696,1,-1,0.9567687816851737,-0.04526250849435731,1,-0.006272814645208125,1,0.12488626671413783
1958-07-09,-1,1,0.9254986710452121,-0.006931321941754498,1,-1,-0.038071787373566424,-1,1,-0.004263431399364137,1,-0.00814997423435282,-1,0.08841783753315013,0.9467637308237897,-1,-0.03413029493481512,-1,-1,-0.0036099494959518363,-1,-1,0.04630685927254419,-0.07810026982249085,-0.012463762106740162,0.9116526622777369,0.020093331470926068,-0.9912906322308842,0.08455180155156583,1
1958-07-13,-0.0819970747851817,0.042092412141050195,1,0.9824253131387669,1,-0.08540005008389906,-1,-0.01392930088597455,1,-0.9558410818997316,1,0.9760844037083741,-0.030342335548907973,1,1,-0.0687708074397525,0.9292201573882123,-0.12079510457570164,-0.012380045091027081,-0.9773611005099604,-1,-1,0.9857344974185752,0.8132486037479034,0.9864418819479275,-0.04515650962800899,1,-0.03342746737867397,1,0.04488533747882428
1958-07-14,-0.9675160067202048,1,1,1,1,0.8979745391703396,-1,0.9709765837771785,0.032077083140979235,0.03768228848408395,0.005534721220647576,0.01686546450412918,0.9364614837018799,0.01814619431197395,1,0.8952131667904585,1,-1,-0.9870837351502795,-0.049249311898752035,-0.003283395302407399,-1,1,-0.1587681703574042,0.04712740060167453,-0.945593875482986,1,-0.9958974218821458,1,1
1958-09-01,0.0035465493867479214,0.0953953180495638,0.06883750598758165,0.08125401951816791,0.027098660671468933,1,-1,-0.02599535823975363,0.9398969745324264,-0.9062071327011338,0.9653563116819136,-0.9625555066928647,1,0.9800611255619814,1,1,1,-0.04250520714345485,-0.058034886668375085,0.9346462252383085,-0.9776588181921119,-1,0.09399180760046755,-1,-0.9469252518553034,0.045549285167891584,1,-1,0.012930494741150489,0.008377579709049288
1959-01-20,-0.9696685470480125,-0.8679882010865412,-0.9049097061948707,1,-0.8880618099189885,1,-0.006820329950733339,0.9627273752987784,1,-1,-0.030287731819890196,-1,0.046639984225129494,1,0.00369049177142855,0.005684797256447549,1,0.9042205349462862,-1,-0.05812399960312775,-1,-0.0021737105151433678,1,-0.04930023010628526,0.030912246115981645,-0.9183393108398188,1,-0.011808117402505647,0.9896207362674158,0.9529902681549846
1959-02-08,-0.08026804264812137,-1,-1,1,-1,1,-0.9595916032817317,1,0.023486375315054597,-0.03694097650420747,0.9149509390682138,-1,1,1,-0.9000263062856356,0.9509632503045744,1,-0.06046896578073957,-1,-1,-1,-0.9998457487076329,1,-1,0.9975964439875042,-1,1,-0.9250084997629622,0.02047737419018192,-0.032137143168839866
1959-02-10,-1,-0.028344483819541355,-1,0.042786192541392265,-1,1,0.004642120788704074,1,0.9417552373594289,-0.9687641212342671,4.36774539463225e-4,-0.01699337876225715,0.05034094216973728,1,-1,-0.03374287055816949,1,-1,-0.05718012518134352,-0.023040198145020896,-0.005430604061382738,-0.03932118195949852,1,-1,1,-0.010689284596413384,1,-1,-0.8769103835790016,0.9629152987274987
1959-02-13,-1,-1,-1,1,-1,0.05207958672827817,-0.9661098967768736,0.050826079841528204,1,0.001648552359287847,-0.9107635940040196,0.9257804817857437,-0.823172072059554,1,-1,0.9653316991855612,0.06165421950865868,-0.012274482984414914,0.9378791075629042,-1,0.9640754274760834,0.9528519520699479,0.0630657018958467,-0.026640264152978155,1,-0.9994894225296677,0.07665016614726006,-0.02637664660839034,-1,1
1959-02-14,-0.01025698594850688,-0.024712649691771005,-1,1,-1,1,-1,-0.9057841552678099,1,0.9550024796890213,-1,1,0.16028428390350846,1,-1,-0.027352936552072604,-0.9271691474954205,0.9174419699197386,1,-1,1,1,-0.8879553381882782,-0.9170964914201737,0.007190312767675899,-1,1,-1,-1,1
1959-02-15,0.8774068201140375,0.9287661819353679,-1,1,-0.0012370405390317307,0.07376312265090723,-0.009993860638411234,0.061921346770249075,1,1,-1,0.09034369034756673,-0.7783484207134664,1,-0.053327187582656865,-0.9792666812607296,-1,1,0.0692868206173598,-1,1,0.012275542991607491,-1,0.05037842633767742,0.9094081761206625,-0.10885543606444159,0.05261932974125261,-0.07452024820692049,-0.09319888680489674,0.011566576254531058
1959-02-16,-0.042199573896620546,1,-0.011439185920357087,0.09748492120261909,-0.9486461055861988,1,0.982439899955293,1,1,0.005382896785531832,-1,1,0.2136540358010327,1,0.9123374130113615,-0.007124486634844884,-0.013697874600634541,1,1,-1,1,0.9896674009203645,-1,-0.874503304431719,-0.06938174744515047,-1,1,-1,0.9050442088351074,0.979035372139249
1959-02-18,-1,1,0.9769227370250446,1,0.005391597436612883,1,-0.001832051517855815,1,0.0706167041098944,0.9685561980097961,-1,0.090188847464168,-0.7384764267553159,0.0599069110130811,1,-0.9020263656938622,0.9043025612278878,0.04377481402373262,0.06847418155565599,-1,0.0024815603505252692,0.008132395026059447,-0.05579103846681699,0.09950396521234572,0.920868902543419,-0.03296845768296364,0.09827656046981859,-0.018793476079935978,-0.0663022999615992,1
1959-02-19,-1,0.0781988249779666,0.002582248652266861,0.01902697636328199,-0.9731302228252642,0.06006772567020324,-0.9602926420767375,0.010782908579278327,-0.9100799290897144,0.039086080281673485,-1,-0.8960170403733809,-1,-0.8807828828557991,0.03449012699902543,0.04094433047553503,1,1,-0.8667390349315501,-1,-0.9790928179852816,0.9889772110616111,-0.9867705466407982,-0.823087496637046,1,-1,-0.8462186228157393,-0.8765647809307962,-1,1
1959-02-20,-1,1,-0.9573700081251592,-0.9651033525315157,-0.00617978059680746,1,-1,-0.9368593802429852,-1,0.9321246803054437,-0.05364810294261735,-1,-0.023633779811461864,-1,1,0.9979281021641231,1,1,0.06680987171771902,-1,-0.012384319179558179,1,-0.016460484095860872,-1,1,-1,-1,-1,-1,0.028403451745846908
1959-03-17,-1,1,-1,-1,-0.9933449445882203,1,-0.07854108052189446,-1,-0.04245618567866727,-0.055612121631560485,0.870064082249555,-1,0.8977180416811561,-1,0.08735602181168323,0.015329771875851272,1,1,1,-0.026483169072147095,-0.89141428764777,1,0.9388371957520653,-1,0.04366216872450479,-1,-0.07851597560359125,-0.03878656477545617,-1,1
1959-03-18,-0.07049830959115433,0.056481552070038354,-0.031801616643066355,-0.0430464000260109,-1,1,0.9165235346000142,-0.012401325899223492,0.8922711188020935,0.9101075265473775,1,-0.04956536085722196,1,-0.015427618802612897,-0.9017421045601469,-0.9810076568392503,0.014285815971444404,0.022124797340761893,0.03485348275605149,0.9669693414976727,-1,0.025595090039292612,1,-0.08025561254736269,-0.858984324358646,-0.0032893372876576787,0.866522772857309,-0.9607201402259187,-0.015639430634737717,0.026544616301044988
1959-03-19,0.8937920053650444,0.9610840010462165,0.9333870713955807,-0.9816184089220031,-0.030003660380256814,0.06540705063673535,-0.07914411210209027,-0.9881779918046283,1,-0.08233937736993913,1,0.8973907831705761,0.07380908927600882,0.9546569845909364,-1,-1,0.9687693156772327,-0.9201562675458416,1,1,-1,-0.9421491526007763,1,-1,-1,0.9645873416790229,1,0.01541612962294836,0.9410250556059568,-0.9283202579150973
1959-03-23,1,1,-0.0059195106841094525,-1,-0.9725857782372385,-0.9287239851405208,0.9162972497107892,-1,1,0.9158385401220013,1,1,-0.9073859028299132,-0.012719023341852376,-1,-0.043131063159323246,1,-1,0.042608930572074155,0.010246663962085067,-1,-1,0.028214373185376784,-0.03341575456427803,-0.047747161272103766,0.02501609588697906,0.029342241965122473,0.9977086530983852,-0.038899621431216724,0.07142812159883549
1959-04-10,0.007294098608889743,0.024807749149746594,0.8773623505008565,-0.00710012806103677,-1,-0.01761979704146943,1,-0.006299860728489093,1,1,1,1,-0.005101002833165169,0.9282567456813926,-0.100601183536839,0.9200167325576243,1,-1,1,-0.9455901164162748,-1,-1,-0.9704192791419547,0.9487668239164956,-1,1,0.992539914553123,-1.8422413072782806e-4,0.9463981660044786,-0.8905258109204519
1959-04-11,-0.9730693206594764,0.9362108664456478,1,0.9212936849311317,-1,0.962702586187018,1,0.9242744592705676,0.02302693419929569,1,1,0.004184815390647523,-0.995669550867642,1,0.8784346519589955,1,0.06538170540335309,-1,0.016942956289855537,0.016536239673739073,-1,-0.04014344572434736,-1,0.015559910557401246,-0.004266435215780517,1,1,-0.9726058553793017,-0.033337249356153564,-1
1959-04-13,-1,-0.06180645344425162,1,1,-1,1,1,-0.015673362045965034,0.9686652872547922,1,0.006598805701322652,0.9614001421888262,-0.024620308267853552,0.03300491214134482,-0.09509329355595542,1,-0.8917157860901597,-1,-0.9101592959892814,0.9838903852737978,-0.05016435583270917,-0.953383841408757,-1,0.938914722418618,0.9365365310905507,0.05306158902113556,1,-0.02235630844817349,0.8721081921876973,-1
1959-04-14,-1,0.9155259966307887,0.007896591793120189,1,-0.050481538695066774,0.001935689094195836,0.12892350031940714,0.9347886254524733,1,0.026993686370751835,-0.9516438347801862,1,-0.9618788845418269,1,-0.9663610730235395,1,0.06352664387931461,-1,-1,-0.0022021253228551307,0.9311913880240934,-1,-0.05146002656499116,1,-0.03791662737399859,-0.8782290703509823,0.03148322570727513,0.9375288979281912,-0.09592506745910534,-1
1959-04-16,-1,1,0.9921187422573288,1,-0.9962925025579136,0.9211746587562077,1,1,1,0.9919327273444732,-1,0.05944842391916938,0.02539696374397582,0.020323736630082356,-1,0.002615899791842957,1,-0.10702819492236992,-0.12650303810146402,0.9811080391363316,1,-0.01943435454747411,0.8923005138892556,0.07722287409332029,0.9075893352985266,0.12061323031092186,-0.8946694202918265,1,0.861803907032265,-0.07821677938884397
1959-04-17,-1,0.02863830762369768,0.0030698926975932794,0.016825737359825954,-1,-0.06302628122870524,0.018034383785842323,1,0.04407351117595504,1,-1,0.9687389931714893,-0.9239623439863055,0.9833748064071599,-1,0.9901436991887761,1,-1,-1,1,0.03877495891475946,0.9585430801092335,1,1,1,-0.8614102937117241,-1,0.012107445580790355,-0.083478326150078,-1
1959-04-20,-1,-0.9282943087225072,0.9824574626377693,0.9665465567798471,-0.04617341504801642,0.8828512109738593,-0.9601705693217337,0.053533605061858114,0.9939969332458166,1,-1,-0.023619846858461524,-1,1,-1,0.024913392727161532,1,-1,-0.03101814305608508,0.01155684031505011,-0.91328500534039,1,1,1,1,-1,-1,1,-1,-1
1959-04-25,-1,-1,1,1,-0.9827027138738573,-0.10278405521088396,-1,-0.9352672261430516,0.009348381434033826,0.02611892597531884,-1,-0.9900981734968978,-0.05214739109554434,0.02455655809570423,-1,0.9819609380500123,1,-1,-1,0.9981662722254696,-1,1,1,0.009749304185892038,0.03121898771878684,-1,-1,1,-0.09371521977292996,-1
1959-04-28,-1,-0.0767894714659011,0.014931776307372635,1,-0.004039679857706924,0.8696039318568559,-1,-0.01683700710810354,-0.9493345848335017,0.9250700739484777,-0.01687118956289846,-1,-1,-0.9543348388225449,-0.033136417977916,1,1,-1,-1,0.05849732398776164,-0.010609797169897628,0.007173045558961699,0.09462379341012317,-0.9049378058947299,0.942664662389658,-1,-1,1,-1,-0.0154262885422487
1959-04-29,-0.06083913367085925,0.843280256385335,1,0.011771396206180063,-0.9264562021309308,1,-0.0926283662008629,-0.9895085329905253,-1,1,0.9685675778038555,-1,-0.018628247459194336,-1,-0.9692808534991669,1,0.0786212677624325,-0.07311756957318427,-1,0.9666424086040654,-0.9795859471308592,-0.9404409987956028,1,0.08458206788110878,1,-1,-1,1,-0.007596375582522685,0.9207419004098882
1959-05-05,-1,1,0.04053272563473398,0.9818352106264627,-1,0.02658877834762996,0.8891639569099596,-1,-1,1,1,-0.06504019953786844,0.9454291073162621,-1,-1,1,1,0.8703033634742324,-0.06858630061802007,-0.007547621404581872,-1,-1,1,1,1,-1,-0.04030967203660463,1,-0.9875506160038875,-0.0461329271357277
1959-05-13,-1,0.059937618585897745,1,1,-1,-0.9091769095987866,1,-0.0340346185652356,-0.1049438922987993,0.03904568076211057,0.0994457573307459,-0.9819942740534394,-0.007313133764101809,-0.023583048169932064,-0.004690805411666221,1,0.030838935621488983,-0.06533120808397352,0.9208610311557709,0.9004301609668289,-0.07471886537065531,-1,0.037577082146747376,1,1,-1,0.8725124710369629,1,-1,0.9203688770113849
1959-05-17,-0.06433112719221012,1,1,1,-1,0.07658717941926296,1,0.8370267078718925,-1,-0.8372500821577115,-0.8757312710660732,0.002158030086409801,0.8807069452874982,-1,-0.9593071380318396,0.009287016067288212,-0.8525428966146198,0.9177693984576023,-0.044677831091642695,-0.09322530994463663,0.877522577659331,-1,-0.9470825513211113,0.04490253197106442,0.04957875541277634,-1,-0.12372048561232962,1,-0.052945643531403186,1
1959-06-14,-1,0.004883692495220804,0.009768060344641394,1,-1,1,1,1,-1,0.16121125357101318,0.049204688818933695,-0.9879214820542164,1,-0.00613532424040486,0.007675540956457283,0.9896201121770792,-1,1,0.8770759359764824,-1,1,-1,0.009653741909546376,-0.9525302319288368,0.9920131288281128,-1,0.8592293962721332,1,-0.9947073486927002,0.0068943751142875875
1959-06-15,-0.07761686838743931,0.8929331621995141,1,0.059605110355430146,-0.050342117417895293,0.08933415362782227,1,0.06934416364222262,-1,-0.7891034200988665,1,-1,1,-0.9017567446549616,0.9649808741187087,1,-1,1,1,-0.054474118022589835,1,-0.009910321933089716,0.9751267470934994,0.025996601470703484,0.011295050225345826,-0.06783394999067449,1,0.06530954526574817,-0.051967368622988896,0.98198922125599
1959-06-21,-1,-0.09752848674145909,1,-0.9036776465131012,0.9294541984847735,1,1,0.9832674093983307,-0.006029416174512359,-1,0.030305379557837075,-1,0.054609973001422896,0.06508330323927924,-0.010470764208609928,0.07329537583556434,-1,1,0.013364901964162734,-1,1,-0.9580415633597583,0.020905169375526444,-0.9533800393952416,0.9139982940521252,0.928685232176678,0.09255543585972026,-0.932274033597165,-1,0.016431091483499638
1959-08-11,-0.012735404807478812,-1,1,0.055909149039346295,1,0.10368246607491927,1,1,-0.9597430451154388,-1,0.9799730445607181,-1,0.9626480095610424,1,0.9133060255422758,-0.8533140618487177,-0.08551204549092628,1,-0.9690464905402015,-0.06351970858230671,0.05719316153739018,0.030885297754706942,1,-1,1,-0.009687102750695398,-0.8128669045314866,-1,-1,0.9810487714434807
1960-01-30,0.9747558329751848,-0.06286939597243735,1,-0.9102353910491315,0.013582527873009398,1,0.0333397079429536,0.06898291127536904,-0.032543990658357225,-1,1,-1,1,0.033620610599261136,-0.07434568280674614,0.07216710234311396,-1,0.013513586888528217,-1,-0.9874238873040033,0.9875375832678192,1,0.009963567900918013,-1,0.14681246834439055,0.93081334799864,-1,-0.0515583069162433,-1,1
1960-02-02,1,-1,1,-1,-0.9374232113369099,0.011850646717869173,-0.9032511127350001,1,-1,-0.06393208194241318,0.03263809665630846,-0.04338960840661654,0.0492406789341997,0.9917306420722634,0.8738337539430987,1,-0.030665381468867547,-0.9743397430088858,-1,-0.03891636128883702,1,1,0.9743797406578354,-1,1,-0.03816970130802644,-0.026271219791443756,0.9479118286681567,-1,1
1960-02-03,0.06164154755209594,-1,1,-1,0.03159871350183319,-0.9864421570367699,-1,1,-1,-0.9657727388849147,1,0.9192236089507223,-0.8614064122393755,1,1,1,0.9522559060116295,0.025423020459898305,-1,0.9484829861242032,0.039207571593373514,1,1,-0.08026089444899187,0.01278146701134053,0.9294973599360467,-0.9998356014346954,1,-1,1
1960-02-06,1,-1,0.010356182824827531,-1,-0.9352537635557355,7.857914372061403e-4,-0.01845263699679267,0.004914108988076649,-1,-1,0.04225390184588573,1,-1,1,0.06587990121726128,0.02504859512005797,-0.03552673318648436,-0.9693073150527739,-0.031218230151320525,0.02189344327243048,1,0.041545289657838325,1,-1,-0.9566167610771109,-0.03154380933975853,-1,1,-0.0906311199810812,1
1960-02-10,0.03925915211919362,-0.03211671182110454,0.9591408932116796,-1,0.01641800679201022,-0.9593281494408042,0.9034873567438225,0.9907428642066876,-1,-1,-0.9092279235266694,0.05165371276484665,-1,0.07847548465804954,-0.9282047083528986,0.9500951005719859,0.8958122623316452,-1,-1,-0.918898957537346,1,0.9962426261550732,0.035869793224746926,-1,-1,0.9100592368572649,-0.04178161667494873,1,0.8213907479522234,1
1960-02-11,-0.9096369386144024,-1,-0.014274850068502709,-1,-0.955305683666051,0.01362856345116914,-0.07334543620067246,1,-0.03373054972451839,-1,-3.5488692514840103e-4,0.9659748658139949,-0.05676468257592493,-0.8756936652142292,-0.017665540040786132,0.07231636767755423,1,-0.016668153159558274,-0.021670730690652062,-1,1,0.007959671610784147,0.993915178005994,-0.06796818421823991,-1,1,0.8850371826547594,1,-0.12868726890593962,0.031775623115310236
1960-02-12,0.051807018305994434,-1,0.9456605881095328,-1,0.0121760507603208,-0.968538400185479,-1,0.08755736691844884,0.9285806086773559,-1,-0.9615825205476374,1,0.9197387123037957,-1,0.9203993094400499,1,0.07926820485506647,-0.9976270021204521,0.9624747315200903,-0.02132066600304028,1,-0.9803398933692065,1,-1,-1,1,1,1,0.8471780260843134,-0.956777065203193
1960-02-13,-0.8835802824230242,-1,-0.05007336125000916,-0.08706981300608807,1,-1,-0.047716196202364114,1,-0.021467471754929357,-1,-1,0.05282949075610177,1,-1,-0.038717064888047825,0.08154804715706998,-0.8900920119681073,-1,1,0.9442545152519877,1,-1,1,-0.0633883860516008,-1,1,0.10621720919212396,0.011120607819703587,1,0.040263341755453874
1960-02-14,0.003481677853983234,-1,-1,-1,1,-1,0.9473601226590347,0.11022929265220693,-1,-1,-1,-0.9384682279651647,0.08673167623949973,-1,0.941373498815188,1,0.09480633671051941,-0.06020363570776133,0.03402662399718259,1,0.031609770872564336,-1,1,-1,-1,1,1,-0.9643881399637971,0.10030193143477173,1
1960-02-18,0.9724850257753607,-1,-1,-0.03615349081017005,1,-1,-0.0290599987627993,1,-1,-0.06633667854820935,-0.05580761341148088,-1,1,-0.03153754831046618,-0.02057720779893646,0.00456138559191599,1,-1,-0.9374630467659162,1,0.9988496240709999,-0.06426837385116901,0.007716193476350441,-0.07570784704478262,-0.06940309196981698,1,1,-1,-0.8610375534314875,1
1960-02-19,1,-1,-0.007480478877896823,-1,0.0705259905052753,-1,-0.9965406964701958,1,-1,-1,-1,-0.030713481081219407,0.026128522788275155,0.9666221512898763,-0.9289012948020943,-0.9026138911228757,1,-1,-1,1,1,-1,-0.9908162074725861,0.8482888225350809,0.9171914377209278,0.06131515640857643,0.04571288256338257,-1,-1,0.020650221514320943
1960-02-21,1,-0.04821370767595845,0.990546339209183,-1,0.9611041450341573,-0.00829521558786317,-0.03808272812567537,1,-0.039133605599589893,-1,-1,0.9519853492153572,1,0.008575657099544998,-0.0355963400889453,0.0010767084962211015,0.0012178506340639883,-1,-1,1,0.020044406083464694,-1,-0.11422551212638132,1,1,-0.9371786903531921,1,-1,-0.0058350280810007815,-0.9683756850931784
1960-02-22,0.04664914347188809,0.9480722195688337,1,-1,1,-0.9476976190490635,0.9421997822104852,1,0.926148484481745,-0.04716890140251351,-1,1,0.011246315453142253,-0.9456042685119295,-0.8921912546740383,-0.9322994877852078,-0.8777761508296369,-0.029679610090700526,-0.018234228528525076,1,-0.8675607721199008,-1,-1,0.11910584160953619,1,-0.02245387917210051,1,-1,0.9562321568671189,0.01905691003161214
1960-02-25,-0.9150257534587828,0.03253227505753775,1,-0.03371636712167325,1,-1,1,0.062056028591617185,1,0.9409590638864043,-1,1,-0.9606041380837271,0.0393177643830247,-1,-1,-0.010415348009144787,-0.939093878790254,-0.9439872360713673,0.018703853993727648,-1,-1,-1,1,1,-0.9835899274269665,1,-0.009531946854580142,1,-0.9277345406439199
1960-02-27,0.04023294964939761,1,0.042197534882368104,0.9048242799515493,0.049485979230726396,-1,0.04768999641882865,1,0.05843992205766013,-0.04095759575249802,-1,1,-1,1,-0.025222171615526645,-1,0.9302431453090394,-1,0.050515022667476206,-0.9482331075748025,-0.02279707423060906,-1,-1,0.08586855678182137,0.01945866910381644,-1,0.035339152144964525,0.9658527593422976,0.0013155301872558312,-1
1960-02-28,-0.9142198635903751,0.06943483330573119,1,-0.09206967681967693,-0.894461175681174,-1,1,0.02433406799931248,-0.8917596298323592,-0.9696284389046197,-0.026736934449186678,1,-0.01830959947409705,0.030022342819172487,0.9649964540266317,-0.0064634293678187404,1,-0.030995386595369268,1,-1,-0.9392197477478648,-1,-1,1,1,-0.04242581815895752,-0.9444992937080857,-0.01595441971336864,-0.9560618573971438,-0.03359116672646911
1960-02-29,-0.003799511894209129,0.997500343574065,0.050844447900823875,0.869154519107732,-1,-0.015191954044129541,1,-0.8667787843294137,0.04564818041281138,-0.012524618642965502,0.9652658912874393,0.04338571693195459,-1,-0.9688224468515004,1,0.9735521899082104,1,-0.9738207489109598,0.04038616515115023,-0.09189912175003201,0.018220649881799278,-0.028939808527637,-1,0.03738339887103548,1,0.9164863795812066,0.05441210665382368,-1,-1,0.8899885582960058
1960-03-03,0.952544216173239,1,1,-0.05330713782249785,-1,-0.9183802519819674,0.0016102185364376131,0.11042088886548052,1,0.9828250393869331,0.05862100970695494,-0.914445585313101,-1,0.019791592213141973,0.03169560702160468,0.0015160734576447066,1,-1,1,-1,-0.9448800408555796,0.9698181583733545,-0.014279130151046981,-0.9295167385379657,0.03658513976851363,1.5630390223675406e-4,-0.8808695579064006,-0.03132253591673195,-1,1
1960-03-04,0.006370837045797106,1,6.496464130776314e-4,0.8193524160122236,-1,-0.019443252071414396,0.9778167822202226,-0.880815026635709,1,1,0.9871877053209415,-1,-0.014552498748701015,-0.9458017262298721,-0.9112603953302391,0.8684021707492044,1,-1,0.043943378603498506,-0.044583239857970414,0.03409670271332266,1,0.9214318624810616,-1,-0.8356667540752939,0.9697882952656971,0.0889480526946943,0.9568445446123344,-0.0031187396952041535,0.12685694800086167
1960-03-06,0.9368584989294926,1,-0.9938990353309305,1,-1,-0.9741960732048328,1,-1,1,1,-0.00666818173699435,-1,0.9066316696041398,-1,0.07388668846718105,-0.10931209634554806,0.006277535552661639,-0.06932713915583433,0.9805241872355681,-0.932832783302827,-0.9100785564985246,1,1,-1,-1,-0.019971160605726235,-0.8432491726303295,1,-0.9651285275144657,1
1960-03-07,1,1,-1,1,-0.01174147896936728,-0.00372178176049065,1,-0.09019547866013522,1,0.05856189099970732,-0.9258340662120487,-0.038289993021367597,1,-1,1,0.7727139825265088,-0.9243356077604886,0.9061048283202868,1,0.05586225706826364,0.01751361747489999,1,1,-0.03960881040818409,-0.026566714835401073,-0.9397246114246209,0.1096518821208895,1,0.019985783108451782,0.00784281944348797
1960-03-08,1,0.003030934682527797,-0.04257500831349503,1,0.9628089327195124,-0.9789608286697261,1,-1,1,1,0.06941450625612267,-1,1,-1,1,-0.20281403292609224,0.0755734953003957,1,0.04621038165169877,-0.9371472854516136,1,0.03742281189842589,4.6361447654152954e-4,-1,-0.9947958032966184,0.017419917589906242,1,1,0.9605926641375362,-0.9675659858152972
1960-03-09,1,-0.879259062310653,-1,1,-0.00889215116911668,-1,0.04829981372635461,-1,1,0.0323483697858008,1,-0.0473000704320633,1,-1,1,-1,1,0.04836523102092205,0.9970690510505914,-0.06135583656434995,1,0.9360478949154392,0.966401593908982,-0.06024034377886922,-0.06965906005952471,0.9396143970922133,1,0.05636818865543658,1,-0.02244277216791435
1960-03-10,1,0.01834171965566178,-0.08300458429559898,1,0.9896510455452371,-0.07229929585364991,-0.9191656763051165,-1,1,0.9695399829722829,1,0.9396249041144895,0.13325476543482762,-0.0181811020494681,0.04508666920373772,-0.06933074400862971,1,-0.9300300810353148,0.07093580403249766,0.8782748078081082,1,-0.06158497751973557,-0.03245784405482599,-1,-0.9547186627159919,1,0.033396823514197815,1,1,0.946448084176733
1960-03-12,1,0.9847366201421928,-1,1,1,-0.9451466417695117,-1,-0.04359063827813725,0.11322743705635152,-0.027759663285030434,0.08095036641827091,-0.021546504592097837,1,-0.9918059869879688,-0.93160333461402,0.7832718556183315,0.007190540076773666,-1,-0.9009906978575286,-0.08731366254830286,1,-1,-1,-1,0.035699915771405966,1,1,1,1,1
1960-03-16,8.264059112409461e-4,1,-1,1,0.001059289397777774,-1,-1,-1,-0.8581688230465486,-0.9288144974047515,1,-0.9704226804463816,0.06875267953420705,-0.04570780465151136,0.034918595084859616,1,-0.965101125484643,-4.87401425455114e-4,-1,0.8542117791001028,1,-0.0345482509543622,-1,-1,-0.9500990184625252,0.01058921044363903,1,1,1,0.029283617814548357
1960-03-18,-0.9164283282462625,0.06495285012666507,-1,1,-0.931939810701467,-1,-0.03197518168060465,-0.01977459921055924,0.13442683318037374,-1,1,0.0033176759531068356,-0.8650625787316084,0.887087038521462,-0.9514636434601302,0.0060141043966814856,-0.09916256117649735,0.9765553744665179,-0.024545796533183672,1,0.0076714805111027795,-1,-1,-0.0010615415096186798,0.029761544351213698,0.9828028165725353,0.10358354392455316,1,0.06618676386760913,-0.9300237682607513
1960-03-19,0.044345395621505745,1,-1,1,-1,-1,0.9176511817207558,0.9235810011118964,-0.8077982820090609,-1,1,-0.9849608076552465,0.09391773242966239,1,-1,0.9554975832298407,-1,0.07968756634641183,-1,1,-0.9546299192546986,-0.027845504774194785,-1,-0.945858343533767,-0.9251654884094809,0.04824958898114495,0.9596520398871894,0.034860211466169244,-0.8691590035001062,-0.0039646774292753095
1960-03-20,1,4.469528596225958e-4,-1,1,-0.045395606065716576,-1,-0.06229282285248361,1,0.17087503918389213,-1,0.01945814761218978,-1,1,1,-0.01770169947953537,1,-0.053800941774453825,-0.8738686369637559,-1,0.029417165755601715,0.0033220959218230872,0.9302930723566383,-1,0.029575492704973505,-1,1,-0.021843800586120565,1,0.09295490210176383,-0.9614788237619334
1960-03-28,0.05660454864628961,0.9468368387152551,-0.06417132231145017,0.017039717397527743,0.936696762976152,-1,0.9167312993334146,0.021627110325240895,-0.8106295693335603,-1,1,-1,1,1,0.9522718698232604,0.16018897498667395,-0.9906594421793695,0.03256079505215703,-1,-0.9350505978016173,0.9906695158988763,1,-0.13327829288882176,1,-0.024099977842079845,0.023698919480595104,-0.9545146104405866,0.009473895797906473,1,-1
1960-03-30,0.9897718148849464,1,-1,-0.9722791390952183,1,-1,-0.009914552524759257,-0.970939569324212,0.1546775254231073,-0.04670763377971732,0.0063838435063542365,-1,0.07731066260723407,0.005204587417133699,1,1,-1,1,-0.002023607568136465,-1,0.04887735390632597,1,0.8270633294094583,1,0.9004114811863029,0.9992185249839552,-1,-0.955246331710829,0.07914045160532579,-0.02130461832624775
1960-04-01,-0.004871611915865048,0.008656530176035848,-1,-1,0.044531112596254974,-0.01841583246766554,-0.9315195885438999,-0.037637540227482336,-0.8010894453421799,0.9290744260166217,0.9847619101782666,-1,1,-0.8938943493498155,0.023461643869220783,0.03968126586594756,-1,0.031515922373924976,-0.9859675544999966,-1,0.9610777367461919,1,1,0.00399945400722157,1,1,-1,-0.042301811970332115,-0.9156314081772454,0.9375065588526263
1960-04-02,-0.9990641973104865,-0.9896282461496552,-1,-0.035907216242124784,-0.9206275079331944,0.9241532263491549,0.05051841589413897,0.9063532145615568,-1,1,1,-1,1,0.05492249219005918,1,1,-0.013362895819364784,-0.9535606156317962,-1,-1,0.017910607931164613,1,0.08579947703146795,-0.9559037356083927,1,1,-0.09920075268170814,0.9278236339104716,-1,1
1960-04-03,-0.009187397165468236,-1,-1,-1,0.055751796124116626,-0.041391606988979035,-0.8909917240936622,1,-1,1,1,-1,0.01716440694859167,1,0.06536357587554431,1,0.9013219759209881,-1,-0.015452804589233149,-1,-0.8591694382605832,1,-0.8894343111518053,-1,0.001858316609021693,0.0860384788278632,0.8906781693493849,1,-1,1
1960-04-05,-1,-1,-0.02047338648039565,-1,0.9701935921012156,-1,0.08774011059400655,1,-0.00282756031895115,1,0.04598261158022776,-1,0.9952752964828815,1,-0.9271133815648639,0.006353981270986853,-0.07899146170345817,-1,0.9364063778554681,-1,-1,0.03832265328965623,0.07567504337500452,-1,-0.9879473680020406,0.9664910590777689,1,0.04896419385580397,-1,0.009652780460604582
1960-04-06,-1,-1,-0.9128645181735433,-1,-0.010178290425018721,-0.013364740253459129,-0.8945423555416917,1,0.971108085422838,1,-0.883837102253636,-1,0.0549749206973672,1,0.03170606844085233,0.9798436077256524,0.8609367882438421,-0.006446311869758747,1,-1,-0.0473374800627957,1,-0.8437745337483502,-0.04569081592403046,0.0010258156548337283,1,1,1,-1,0.9630501261518818
1960-04-07,-0.07672576883999349,-0.016653767762013882,-1,-1,-0.909193229371593,0.9532269957771041,-0.018927134264506762,1,-0.0018540007518568213,1,-1,-1,-0.8729150722829335,0.03173038583496024,0.9822605456614466,1,-0.13294776339773495,-0.9792680885237304,0.030080762443914555,-1,-1,1,-1,0.9454133403710461,-0.9968525321546944,1,0.032395596293582574,0.022669764260909497,-0.028632095326105778,-0.035674717256845345
1960-04-08,0.8492040620684728,-1,-1,-1,-1,-0.03827839705097069,-0.9238003144749201,1,-0.9696269117780213,0.03184409818899259,-0.02244750191452738,-1,0.08003058536018393,0.9861499157980723,0.04352098977410135,1,0.8491117145267646,0.005168397653430468,0.9284320319321805,-0.06255713829173737,-0.04195605725756024,1,-1,1,-0.04409788415803817,1,-0.8989969766943166,-0.9524223463127648,0.8868920706430139,-0.9688122871557345
1960-04-12,1,-1,-3.212271188346438e-5,-0.08483743487225837,-1,-1,-1,1,-1,1,-1,-1,1,1,-0.9250352532581587,0.03755364081152934,-0.14144701209157295,0.9924775904432199,0.0032403491672834406,-1,-0.9548962884642188,0.05403709023956271,-1,0.060836096559008235,0.8763245850917978,0.06216248169019656,-1,-1,1,-1
1960-04-13,1,-0.09070250134960467,0.9520430625589729,-0.9782994603699539,-0.007595302492875766,-1,-1,0.005611995089298549,-0.015328085294261551,0.05971144005259443,-1,-0.02627025500223501,0.00876806058555113,1,-1,-0.8781024518886098,0.7996341199919014,1,0.9311513348011486,-1,-1,1,-0.03681896680969676,1,1,1,-0.001527300851764779,-1,0.035889626974669686,-0.001962276229222626
1960-04-15,1,-1,1,0.01962976925650073,-0.8907812318908778,-0.0598233777199495,-1,-0.9660671883496956,-0.9429178975719253,-0.9365168798372179,-0.05236876923067635,0.8829784794112576,-0.9282694837637527,1,-1,0.044040105884231906,1,0.0728041364423685,1,-1,-0.00758592386431356,0.07828771516102095,-1,0.07462381466348322,0.018283453922175785,1,-1,-1,0.9739416347056236,-0.9724615881770019
1960-04-18,1,-1,1,1,0.009955880996622368,-1,-1,-1,-1,-1,0.9297154430632485,1,-9.450405825356389e-4,1,-1,1,1,-0.9238873634696125,1,-0.05417924787178918,0.98948101219376,1,-9.190010950455019e-6,1,-0.9721879482706991,1,-0.0207232965390044,-0.012535231374938283,1,-0.010730234480266887
1960-04-19,1,-0.05854283571633123,1,1,0.992918962329727,-1,-1,-0.04159207265589604,-1,-0.06785868689577979,1,1,-0.9541671656805785,1,-0.09360858115755599,0.025354406154455944,0.006210803034616186,-1,0.06720238546566504,0.9213897534592406,0.020630625457253027,1,-0.9584091463325817,0.07665112070627966,0.027400947885925064,1,-0.9622216771915387,0.9548411407804906,1,-0.9493868384580433
1960-04-20,0.004665705810886545,0.9397177808181868,0.021832745520816932,0.028531375621811295,1,-0.014116620807793412,-1,-1,-1,-1,0.048900815031192923,0.0017590921799706116,0.030170002576509924,1,0.8616253027270182,0.9711148569980885,0.9578394643530904,-1,0.9609566866290903,0.002121543920882374,1,1,0.03599546522876884,-0.8971528503486508,-0.9330790401482261,0.043809945629960434,-1,-0.03753207410513448,0.02170377394084011,-0.012187292884933143
1960-04-21,1,0.1022025315237659,-0.9061168604638237,0.9358107682663789,1,-0.9504707020072636,-1,-0.0038597319816258135,-0.0545823149729725,-1,-0.8738369951169299,-0.9603819218818354,-0.9316493623468467,1,-0.10847429005163278,1,1,-9.904900508991288e-4,1,-0.9240320178809709,0.08551916424221251,1,-0.9166832739949271,0.10100184104300658,-1,1,-1,0.9373645587439393,0.9325835019750573,0.9863835405566654
1960-04-23,0.03290520225512039,1,-1,1,1,0.009107062642683794,-1,0.9439820390153407,0.8985403699154616,-1,-1,-1,-1,0.1015837801740953,-1,1,1,0.9467801328678155,9.646800866954797e-4,-1,-0.8668117598581694,1,-1,-0.842449348365029,-0.0015111949263760804,0.001973200633930361,-1,-0.03811421141849736,1,1
1960-05-02,-0.9324483232317506,1,-0.10569911406647048,1,0.017196478432434548,0.9545299968876357,-1,1,1,-1,-1,-0.03885731747799204,-0.04569379283347608,1,-0.019808111245733784,0.04593792218393,0.04121770380101186,-0.016125330919248837,0.9567871407246928,-1,0.09225492692121562,1,-0.04798384132998057,0.11362934306041272,-0.9628856950074113,0.9750016738147503,-1,-0.9844928368296167,0.02990752869026536,1
1960-05-11,-1,1,-1,1,-0.9706292477034484,-0.01479086669818519,-0.03140704606290057,0.050213599913401796,0.003601299785040535,-1,-1,-0.9474246833981923,0.8948277326107275,0.09788920536768608,-0.9204251092838843,1,-0.9354324007156376,-1,-0.026719092218111196,-0.014355020605274937,-0.8228885517507674,1,-1,1,-1,1,-1,-0.05460769136142485,-0.9483886869782019,0.01895990943666248
1960-06-15,-0.007745164459176501,0.0648131626403805,-1,1,-0.027747892660399787,0.9287287921260031,0.9343701910169973,1,-0.8827686337871056,-0.10606952609436959,-1,-1,1,1,-1,1,-0.026621025332564052,-0.02261899351371488,0.9711858972999061,-0.9815170572348597,-1,1,-1,1,-0.04388208452083775,0.027741283127443617,-1,-1,-0.019565722639618977,-0.9427468959426744
1960-07-30,0.9267351872039519,1,-0.047880263619940244,2.7341559900473378e-5,0.9412842458162941,-0.026201364423703244,1,0.03435703931041023,-1,0.804155206526026,-1,-0.04090364816927461,1,0.03664617608250642,-0.046039987601459886,0.004652487715630427,-0.9634841002378735,0.89301737719177,-0.007130852816465194,0.004191480614254783,-0.11890901332344461,1,-0.10606774511660555,1,-1,-0.9147715437559832,-0.08802196903634041,-1,-0.9488637452320103,0.004374984564973539
1960-08-20,-0.05784308971104746,1,0.9327309632035224,0.9137332125778141,1,-0.9340421623179748,1,0.9251349643875038,-0.048548415828542524,1,-1,-0.977457119643677,0.007121439303487853,0.9992816909761298,-1,-0.9438001115328576,-1,1,-0.9756844575082663,0.9914954692583771,0.8603374739241634,1,-1,0.026552683489253437,-1,0.003307789799865568,0.8743409199952086,-0.002628779739448861,0.04637700844237436,0.981592071199911
1960-11-05,-0.959519541600609,0.04612694634469716,1,1,0.00582932206210518,-1,1,1,0.8616159529155218,0.048610097152127385,-0.015504925342653686,-1,-0.969501498141437,1,-1,0.0014134429687874261,-0.12360694517409687,1,-0.00318939948261987,-8.961202572429494e-4,-0.09969961081809597,1,-1,1,-1,-0.8804268709137061,-0.06915749174816943,-0.9716350926091096,-0.922413915338532,1
1960-11-11,-2.0793589445733396e-5,-0.9281364651448686,1,0.053726869337469174,-0.9767926283698478,-0.014047894043893505,0.018556230804590235,1,1,-0.8925196536681054,0.9564246795384956,-0.0991510386060418,-1,0.019252863701110567,-0.017500289672971014,-0.9070396073930022,-1,1,0.9557278824356286,0.9528165136685293,0.8948118754347412,1,-0.05164136565166266,0.012487437187074457,-0.019515724340750884,0.05044401987229907,0.9132950780561984,-0.015449309010301504,-1,0.024711826371982215
1960-11-18,0.9691378219757969,-1,0.07820345096233638,1,0.022895628217538433,-0.9771144884981411,-0.9445625772065136,1,1,-1,-0.013764456263960945,-1,-1,-0.9504581928456789,-0.995567938235816,-1,-0.08329043685316928,1,1,1,-0.011685358972482018,1,-1,-0.9356809293879906,-0.9208702112235304,1,1,-0.9099306435150828,-1,1
1960-11-27,-0.027771487390449767,-0.08135766654708121,-0.8840407608858954,0.011530455270394091,0.9303293720745122,-1,-0.0557271187858821,1,1,-1,-0.9559481821348218,-0.04289915581394843,-1,-1,-1,-0.05454999833680341,0.9030541015414992,0.022317682463054545,1,1,0.9804908768155338,0.023740407061366153,-1,0.039715575398224345,0.07353506993102377,1,0.05342666402554852,-1,-1,0.0021606413112111866
1960-11-28,0.9326030701912496,0.8867226350703316,-1,0.9644069215279796,-0.052153007625780234,-1,-1,0.03802064547196948,0.015237739619990087,-1,0.012184482491190307,0.9521798516348585,-1,-0.003289482590463466,-0.04443734688639056,-1,-3.7627027352415965e-4,1,1,1,1,0.9231711312077001,-1,1,-0.9031458425906618,1,-0.9238114771426733,-1,-1,-0.988425556495187
1960-12-03,1,1,-1,1,-1,-1,-1,-0.9482374496046979,-0.9792231921005113,-1,-0.8632770828149702,0.028437661574928108,-1,-0.9742634750655355,0.9386855776287244,-0.031729091125955566,-0.9898806434280685,1,0.011802834116966143,1,1,-0.07253180332538844,-0.029954265755073428,0.07488521689354255,0.026660708008371503,1,-1,-0.011501072053698214,-1,-1
1960-12-05,1,0.0222449179525136,-0.03630418779183353,1,-1,-1,-1,-1,0.008485204084324738,-0.045839271875249166,0.1306615277138602,0.9673699306134149,-0.13146136175940615,-1,1,-0.9983907954357435,-1,0.013933148783812577,1,1,0.056787759074848454,0.8400836073948864,-1,1,0.955610920201775,5.348476164894755e-4,-1,-0.9918852259721073,-0.0893143695434282,-1
1960-12-08,1,1,0.8888063276788086,1,-0.05639086951123895,-0.043093768069837446,-0.027054011520717958,-0.03918717943401795,0.9850545766747247,0.9430585688563773,-0.8189333504085096,-0.01631743123416929,0.847809690286032,-0.06804166501194131,0.011685351301132352,-0.045856906707883005,-1,-0.9733301412055853,0.09704640084598748,0.08614904605904006,-0.8682404061221463,1,-1,1,-0.03089798322474846,-0.9677265975338587,-1,-1,-1,-1
1960-12-12,1,0.016724721325388603,0.00927938681102003,1,0.9340158944773629,0.9239773051372261,0.8844620501078845,0.8672049806768849,-0.002507525450039516,1,-1,0.9479968799345596,1,0.8655514662686806,1,0.9210007144076015,-0.013183770091121816,-1,1,1,0.1149571710713777,1,-0.06912796209110972,0.016217595785157135,0.9591993995865143,0.0077712660156238345,-0.016224679192629266,-0.09180667662523234,-0.05109051327312342,-1
1960-12-17,1,1,0.9916024180775768,0.04765550433442389,-0.02493591749676094,1,1,1,0.902761949999427,0.004412120373640138,-1,1,0.06582989244152226,-0.10487655122988204,0.06710030783744758,-0.06303758579290453,0.9520530984402691,-0.050663770183365764,0.09913116974560754,1,1,0.03629934740217167,0.9095847157045982,0.9780880725560419,1,-0.9324954466281483,0.9578904221870229,0.9025630021726242,0.8947374521437483,-0.07978971872100615
1960-12-19,0.015924795034818584,0.0033601646405188035,-8.696751946735137e-4,1,-1,0.015073154023068192,1,1,1,-0.977721514350575,-1,0.018735971810011076,0.9685550719014113,0.8504982414737057,1,-1,0.03536727968560838,-1,-0.8492336995129285,0.05563632555108711,0.013665230636658587,-0.9167580152707441,-0.018141475104440086,0.06871006708545879,1,-1,-0.00999979720336519,-0.05632691130419365,-0.09602088117541663,0.9110759296527011
1960-12-21,-0.9448535869909908,0.9818743495031635,0.9744124226316643,0.0328685470807355,-0.05633238691162801,-0.9245832254185311,1,0.01382247789996216,1,0.008655716763008914,-1,-0.9686876318190956,-0.025275518354682225,1,0.05735792828604025,-0.04252860533808822,-0.9014328736444764,-1,-1,1,-0.9325069300087482,-1,-0.9626797420940854,1,0.06260668561857619,-1,-0.9937378558623362,-1,-1,1
1961-01-01,-1,0.02615678401417476,1,1,0.9120365804803264,0.05476830749972317,1,-0.9603632555704107,0.059867218017686685,0.9732643006251408,-1,-1,-0.9899759684009082,0.019351404216221058,0.9883215404938509,-0.9793679596484619,0.056290307557949615,-1,-0.014077279616540705,0.033366758016363685,0.0590006156394457,-0.021629134647535464,-0.056200366446391814,0.031319458529871946,-0.9297881563792388,-1,-0.04329416775326356,-0.005771352631953164,-0.035353103428157895,1
1961-01-27,-0.055980996980946496,0.9384033405242241,1,3.228737110938518e-5,1,0.9980115892930286,1,-0.04879446541887056,1,1,-0.011494413916165791,-1,-1,0.9805992791384146,1,-0.06347206303569586,1,-1,-1,1,1,-0.9725301189989622,0.8877493012862467,-0.9468108414413531,-1,-1,-1,-0.8988679484021498,-1,1
1961-01-28,0.9223782783559764,1,0.02383043804603513,-0.9693654582140631,1,1,1,-0.9678476240707572,1,1,0.9436591377538973,-0.005220348741298397,-0.028951458264215302,-0.013619874567916357,1,-0.9963610516582119,1,-1,-0.021532017396816094,0.001731056705104539,1,0.01815395388331653,1,-0.03437820233444522,-1,-1,-1,0.06884523871158366,-0.07906379601229174,0.12629262932891294
1961-02-11,1,1,1,-0.127740788189174,0.004985995219707107,1,0.03234558198336479,-0.002748246054684156,1,1,-0.018063699059458815,0.9627531191782871,-1,-0.9712825213866512,1,-1,1,-0.04185763196104442,0.9050427042171165,0.9840161972714195,1,-0.9557022698060543,1,0.9339201562980718,-0.09503943838584195,-1,-0.0259260527302827,1,0.9208417023694451,1
1961-02-12,1,0.005721046668525354,1,0.8393576927169685,0.9334160854163456,1,-0.8993600165072019,-0.98967249765984,0.011735672001056852,1,0.928723140551061,1,-0.02486502892448883,-1,1,-1,0.05657954994144787,-0.9641233588355319,1,0.062274030846778516,1,-1,1,0.011742191368932842,-1,-1,-0.9251026483406716,0.08500661513682428,1,0.024851802277810475
1961-03-21,0.03483584022678021,-0.8933376339418263,0.05300608259103834,1,-0.005348209634313483,1,-1,-1,0.963060464794243,0.0023182767858993536,1,1,-0.9307218275595216,-0.052419544875002555,0.01225540901817046,-0.08436978291166264,0.987122134335792,-1,0.10842272948020315,1,0.04716351099737426,-0.027543851799667562,1,-0.9581827913452415,-1,-0.08959019546641522,-1,1,1,-0.8792699484852424
1961-04-19,1,0.04808365551945737,1,0.06281507475226167,0.9551073119714301,1,-0.08982189240982352,-0.061124134912343475,0.015070747022936204,-0.9459328291501085,0.06122313447345307,0.008014307775997986,0.010500453024987588,-0.9420099780213331,-0.9468199816979839,-1,1,-1,-0.8637974621315192,1,-0.9294807702377692,0.9513787143021534,1,-1,-0.055057913436812655,-1,-1,1,1,-1
1961-04-20,0.04168668437164902,1,0.07774727732250541,1,-0.037172163714925044,0.07160616179536383,0.84724976397742,-1,-0.9651808983222421,-1,-0.9318920954915707,0.9024241690545449,0.9375134610848885,0.0389463518661568,0.03926863217766752,-0.15438691625590406,1,-0.08699582392678162,-1,1,-1,1,0.0632254497073732,-0.041395030681357414,-0.9994822085936945,-1,-1,1,0.041316837216166746,-1
1961-04-23,-0.9288967117497333,0.05143467598363627,-0.8243228450811789,1,0.9084114935151919,-0.9140348752295985,1,-0.019002914773985746,-1,-0.006095917426270581,-1,-0.05689190898829455,1,-0.8869293329247219,-0.9472397217563105,-1,1,0.8763282961422306,-6.378511957270128e-4,0.05930663358430688,-0.04838532755796687,1,1,0.8956174785566368,-0.05682720962089027,-0.1093628661625543,-0.0022784449026166387,1,1,-0.030673116795642774
1961-05-30,-1,1,0.16607755186343676,1,-0.06560114187289368,-0.026806341708214387,0.029755394345220676,-1,-0.018511603800991705,0.9915695879835958,-1,0.9407987727985161,1,0.03485508396313175,-0.018002436861623616,-1,0.10916891864333444,1,-0.9909924482137699,-0.8525750701591819,-1,1,0.010837911495635733,-0.08855858742982192,0.884987610783731,-1,0.9214556943840525,1,0.05151308858343773,-0.958431037335059
1961-06-05,-0.04991025054523235,0.021573609500229574,-0.8067146375413811,0.015440191142438775,-0.9917043855957663,0.9292233843587697,-0.9464922353684165,-0.08189006194535886,-0.9815325574088785,1,-0.05442444683704706,-0.01998524437721838,1,1,-0.9991378066099517,-1,-0.8874122528334829,1,-0.021378171934385404,0.0851180416720192,-0.03539325664570525,1,0.9868212278317215,0.889337776523054,-0.07821965612496773,-1,-0.009910122855118275,1,-0.9177658493499313,-0.015118378000469446
1961-06-15,0.898960149333621,0.9623910184375678,0.173218350421937,-0.9827352326833849,-0.027380279220219017,1,0.04729108307533181,-1,-1,0.0011087971105313565,0.9154799834239489,-0.9880968602098432,0.018200237020374765,0.041216072009447435,-0.04354030626512129,-1,-1,0.10512990164801472,-0.9555606689960766,-0.9135498064294898,-0.9995603453495153,0.01845248682340983,1,1,-1,-0.005097292083255378,0.9624601156990862,0.0432607422678809,0.009958045248035341,-0.9882615685731895
1961-06-17,1,1,-0.769913377787748,-1,-1,1,-0.8585938545155815,-1,-1,0.9549578367476043,1,-1,0.9198043971242216,0.9929238761531913,0.9551232899647483,-0.06700083350157049,-1,1,-1,0.04090861713349314,-1,0.9943512472966375,0.06315156389582455,1,-1,0.9804264423890099,1,1,-0.9869243121978875,-0.037475745193345955
1961-06-18,1,1,-1,-1,-0.02082345168406219,0.03821532681339335,-1,-0.04966945363878583,-0.04356352275615871,1,1,-1,1,1,-0.012411399313618898,0.9310680274792343,-1,0.03544080890011181,-0.042057349888313444,1,-1,0.06852521554166613,1,1,-1,1,0.0419187037425659,1,-1,0.9518108562894358
1961-07-10,0.01374303391377818,1,-1,-0.049203948525625485,-0.9954543606604008,-0.9055982310136705,-1,0.9036153115915557,-0.9993335885822935,1,0.027157533351530483,-1,1,0.06601753342448269,0.9550083767156413,1,-0.05708979707967354,-0.909651699823438,-1,1,-0.11156166383674049,-0.9173120269293598,1,0.09415737868276408,-0.04170828877649424,1,0.9654131750188011,1,-0.02084787383973996,1
1961-07-12,0.975872981799781,1,-1,-1,-1,-1,-0.03945137831976009,1,-0.10372335269997057,1,-0.9404878383277997,-1,0.07805357675245306,1,1,1,0.9306789202863205,0.04211742733356838,-0.1296198168099041,1,0.8676521007786782,0.003653654357902436,4.3636360764187643e-4,-0.897604197652978,-0.9977620893799634,0.06143808330598155,-0.010390569455371756,0.016564408842668854,0.9301384873796754,1
1961-07-13,1,1,-1,-0.003741805734692627,-0.12430527328574403,-1,-1,1,-1,1,-1,-0.055162999370061305,-0.8935713307966812,1,1,1,1,1,-1,1,1,0.9352624326108693,-0.9958485020835862,0.09564546845240984,-1,-0.9285757748883189,-0.93686345326295,0.932926576238293,1,0.0383381989827557
1961-07-16,1,0.015812750913519413,-0.03278497399336422,0.9937436954236996,0.8237261911511485,-0.008760644896757874,-0.06386497023485271,0.056110310356239035,-1,0.031107289382967473,-0.004660832421206518,0.9111317557067391,-1,1,1,1,1,1,-1,1,0.020009229100711345,1,-1,-0.8888356553675938,-0.031008192742927654,0.0545854855041108,0.024193973048864614,0.04892503368928336,1,-0.9551876538077403
1961-07-27,1,-0.9746867393211707,0.9220695133232172,1,1,-0.9886975208703868,-1,1,-1,-0.9245969837573864,0.9352992678491079,-0.0631443949435031,-1,1,1,0.017036572360504154,0.004998054400190077,1,-0.02893450910974993,1,0.9879118643861229,0.04043742241604775,-0.06036883790904968,0.10487781793837747,0.89307547711802715,1,-0.9471828622615668,1,1,-0.007748949507211722
1961-07-30,0.02760175456992464,-0.08192620764231973,-0.07003906673757732,1,0.04203484645894784,-1,-1,0.02425638080042547,-1,-1,-0.05122321744451985,-1,-0.028158081880652164,1,1,-0.9363525235483491,-0.9753059729448535,1,0.9598330536626097,1,0.00729079778185171,-0.9455059126786112,-1,-0.8728555805511412,1,1,-1,1,1,-0.9814973090564264
1961-07-31,1,0.9124140313173943,-1,1,1,-0.01376319422290151,-1,1,-0.04353278704010033,-1,-1,-1,-1,0.009162202287354093,1,-1,-0.0846151105744154,0.019545695469422864,-0.026168750398123164,1,0.9797220608436054,0.013551119004816536,-0.01572104520015516,-1,1,0.007157664535139441,-0.008003755435822657,1,0.029462827628112254,0.0020011245781681453
1961-08-10,0.016711098419005088,-0.06172649989212431,-1,1,1,-1,-1,1,0.945447469291598,-1,-1,-1,-1,0.9448915510003288,0.027241061832453006,-1,0.9003150065027304,0.9852207257350123,-0.9317228036154208,0.0988546416215007,-0.008527775954012662,-0.9802646751683473,0.9563548759528768,-0.016903467662920835,0.06321466440575552,-0.9611043109218136,0.9606616413137223,0.021522791976287148,1,-0.9613526221550817
1961-08-19,0.9100982146672912,-1,-0.03215781614403157,1,1,-0.07741726806071259,-1,1,1,-1,-0.04935306737703771,-1,-0.045074499825148884,0.022177154419311007,0.9943722398488792,-1,1,1,-1,-0.8431019409839604,0.9532052850025722,-1,0.01120315503418956,0.9571696281079154,-0.928450952419473,-1,1,0.9617479498788876,0.00345112410006454,-1
1961-11-21,1,-1,-0.9525891767890639,0.059069628763420035,0.08755231678140074,-1,-1,1,1,-1,-1,-1,0.9080472454876879,-0.9547864717680288,0.06376956342788775,-0.031839124387692985,0.034444262554615634,0.09387532302642909,-1,0.15456573135030283,1,-1,1,-0.009158188936239986,0.03905718834084637,-1,0.031310581538517845,0.01727425882613909,-0.9067147617158025,-0.004770649561674056
1961-11-27,1,-1,0.0255938446306897,1,1,-0.03418932620972748,-0.08069085526699127,1,0.05204525286010164,-1,-0.034499683580534235,-0.028763969012880142,1,-1,1,0.9166301251918936,-0.9418391239115388,-0.8125032101918169,-0.0012580884943292903,1,1,-0.047586208306871325,0.025646358978695827,0.9437797023375432,-0.9031354954577014,-0.039733147924210344,0.9789269825485537,0.977173800344182,-1,0.9683750667103901
1961-12-11,0.009966311511390491,-0.06685686245846567,-0.8469812187008843,0.016767958982756626,1,0.90321656899506,0.9140868864795997,1,1,-0.04037280602085114,0.9430523454214672,0.920044798761022,1,-0.025174704031941886,0.023498106598270896,0.03355342815980922,2.2106879319683248e-4,-1,0.9927087632868123,1,0.0493335184759528,0.8814763526476734,1,0.0025929766666394904,-1,0.8943517877162934,1,1,-1,-0.025193445919413415
1961-12-13,0.9655264098142724,-0.9899896479413938,0.08521588566290927,-0.9537579094184926,0.02851041854270686,-0.061002697358183866,1,1,1,-0.9609466503186944,0.0224297430536069,-0.033484867200103796,0.05643564317644223,-0.9940942386749292,-0.9486585817536374,1,-0.8702312530442952,-1,0.003009969273997326,1,0.975310114759805,1,0.049966807490468446,-0.9757751385552187,-1,1,1,1,-1,-0.9714187584378725
1961-12-18,1,-1,-0.8897537216675869,-1,-0.9673865714858388,-1,1,1,0.028199244766641485,-1,0.9961447508613425,0.9495272605099363,1,-1,-1,0.06953728814667437,0.06344992398181182,-1,-0.98782073159099415,0.003984677128172631,-0.017487606277780343,1,1,-1,-1,0.025759643811676836,0.011483477196746472,0.0446455653306721,-1,0.009202087351425026
1961-12-19,1,-0.00853647929043233,0.055375812630697574,-1,0.023227968336802518,-0.0043280882067838755,0.03860585472055755,0.10604265022871551,-0.9649258608562252,-1,0.013533697804117728,-0.047816551731845736,0.01160790809484924,-1,-0.008654776147604681,0.9730664488446171,1,-1,-0.07096137619988041,0.9970379922933136,0.9657439655282192,1,1,-0.026151032206017555,-0.0616894330989205,1,0.9377158862612708,-0.916250102310519,-1,0.9754160617343883
1961-12-28,0.03556479212395758,-0.9773317139944935,-0.9179414365891143,-1,-0.8924437476939682,0.9410791559747795,0.9580146438092626,1,0.034883595377502075,-0.04285068901508604,0.9879150673938287,-1,-0.9674232333459576,-1,0.9402864541621665,0.025007419033885592,1,-1,0.9000268246206592,1,1,1,1,-0.9859706650137062,-1,1,0.017377034313757256,0.07212325837197964,-1,0.0290321978839988
1962-01-03,-0.957899151737754,-0.030201354900362465,-1,-1,0.03736581398359695,-0.058697336838033354,1,0.07018093992629959,1,0.9066404806973505,1,-1,-1,-1,-0.042121474203711484,-0.9041347813142077,1,-0.024029429881597397,1,0.07248109675646874,0.04705509578787492,1,1,-0.019510812456904558,-0.1180682091385955,0.07260621059528904,-0.929754265951658,-0.8974354297330709,-0.13698559577100278,1
1962-01-04,-1,-0.9664255700185433,-0.05277882090441155,-1,0.9728817965303677,-1,1,-0.8740113990319475,0.026061536608146363,1,1,-1,-0.029463372987535208,-0.09514248459930119,0.9347689023448694,-1,1,0.9686945157940797,0.00909756573100462,-0.8822864957800152,-0.8650164611701355,0.014603296325039872,0.019986762646269973,0.9600289972471868,0.8621493500250148,1,-1,-1,0.823315664980407,0.03269444590574755
1962-01-06,-0.04597954978045038,-1,0.8587297106725088,-0.013084841634043776,1,-0.019812334838579804,0.030922052812269563,-1,-0.9088242105343745,1,0.05008900941892702,-1,0.9346626761847285,0.8751466932589163,-0.01741321671049534,-0.02062100341847506,0.08193595643868035,0.04624297952927148,-0.9686135127645958,-1,-1,1,0.9965452630748013,-0.006528524429865845,1,0.03833270580148329,-0.08486796989463152,-1,-0.16835755618152337,-0.9080315540376429
1962-02-01,0.9076297850171369,-1,-0.06378462716857125,0.9678557364331835,1,-0.9137596536012509,-0.9199557422515,-1,0.05792223387479023,1,-0.945579789704194,-1,-0.02167440914548424,-0.12079537206490121,0.9390800501011606,-0.9995013294023712,-0.8635464709764604,-0.862141496488188,-0.050272843385955945,-0.018750570642182773,-1,0.033789655822510034,1,0.9557889803345164,0.12559148956161392,-0.9232304842993563,-1,-1,0.8139038724721778,-1
1962-04-12,1,-1,0.8900924499230967,1,0.05976208894492219,0.02278099222640184,0.06734232387927752,-0.024237526684269484,-0.9092691791694396,1,0.025005386172842536,-1,0.9748491238441771,-1,-0.03787634388924521,-0.02292874848727333,0.0977282739715507,-1,0.9326027186389605,-0.9923808875145677,-0.03603861065080516,0.9550868309726236,1,1,-0.8483808364912908,0.04307999698984044,-0.05395208138687302,-1,-0.18580862125855835,-0.05415379365726747
1962-04-24,0.021676042390364136,-1,1,1,-0.8744556232807312,0.95300981751579394,-0.8562583016446742,-1,0.07213031152484428,1,0.9883672496812537,-1,1,-0.09132417374326152,0.900110788175749,-0.9093827984957281,1,-1,-0.001118431814140508,-1,-1,1,1,0.06220240583991388,-1,0.9921781998559402,0.8712650037884448,-1,-1,0.9299342937331955
1962-04-28,1,-0.008538912368310392,0.06641400558810351,0.008267104577060258,0.07415699796701214,-0.011813926383442586,0.14232549512119386,-0.053845758379462594,-0.8722745244521272,1,0.03398744535099141,-1,0.043737799184680126,-1,1,0.07432548319065335,0.08451612213214588,-1,-0.9690010829905653,-0.026735688620692977,-1,0.0032253334677448953,1,1,-1,0.03267989258006809,-0.08969183652249546,-0.06265624101120693,-0.014782613052568228,-0.017606599189962657
1962-05-13,1,-0.992406658830082,-0.8889447123636685,0.9919607423955956,-0.9043672602823896,0.9134302917545938,1,-1,-1,0.015449305689742676,1,-0.0021309409862355633,-0.9243642013400117,-0.08112384875814427,0.008067825893110503,1,1,-1,-0.015952874723985766,0.9575946125189597,-0.026918188198066018,0.9232450716745976,0.030431345562292655,0.10521913553093731,-0.011592486638789201,1,-0.9677922071890438,0.9049266812376976,0.9790321058496855,-0.9254704282795357
1962-05-20,0.0370725587711348,-1,0.05360919325251556,1,0.056287284237426016,1,0.09532380587569267,-0.06276446253979151,-0.010767360116342273,-0.9385635642038923,0.030020760007080094,-0.9951531471871254,-1,-0.919391333412038,0.9234887038896628,0.035785041144643426,0.005291906139034963,-0.019615071386617,-0.9543460669149162,-0.04200340713078887,-1,1,-0.9601371240031046,1,0.9804972108658487,0.10547045007363731,-1,-0.08471106365080194,1,0.0377248611056441
1962-05-28,0.9047236457629882,-1,1,1,-0.9026816941080766,1,1,0.8795780021237243,0.8950108850562226,-1,1,-0.060880830981735246,-1,-0.0023323066235851897,1,0.9373009408585832,0.9634382273159933,0.9128486735622269,-1,0.9189090837415842,-0.015609811911989513,1,-0.0045466802877977,1,1,-0.8727261760036673,-0.1141765845529783,0.90286764964149,1,-0.9038800997068803
1962-05-31,-0.05633958324580257,-1,0.0720430038997425,0.024717921490963746,-0.030876541436544613,1,0.024430724590231878,1,1,-0.03078723727509014,0.03912368728718307,0.9191551756962767,-1,0.9605145434929496,1,1,0.009142967139289526,1,-0.07173095891098424,-0.0533836435038928,0.9732426348011903,1,0.9160873074919618,1,0.08433875654984169,0.11033473787605907,0.7696116795101969,1,0.001711943796835591,0.03367964535561985
1962-06-04,-0.9866519238531196,-1,-0.8818401650786658,1,-1,0.006452252458512331,1,1,1,-1,0.9962351691934751,-0.04164921131708532,-0.012835248478795025,-0.03352390695754115,0.0036623752108504437,1,-0.950836230754597,1,0.9200081797943075,-1,0.051384662518530466,0.039818509834639526,1,1,1,-0.822087703606085,1,1,-0.9440559854469696,-0.9555947980117733
1962-06-15,-1,-0.001222831864729046,-1,0.06676971140947685,-1,-0.9858123677803466,1,1,1,-1,1,-1,0.9480986598522835,-1,-0.9211771983528628,1,0.026490871467212074,0.036784517241111314,1,-1,-0.9111096695033231,0.9955056837132255,0.04259680978213498,0.03919091099965011,1,-1,1,0.036192674438519146,-1,-1
1962-10-22,-0.05964096451087253,-0.9681517922008601,-0.05035492306299594,1,-1,-1,0.0642236221741791,1,1,-1,1,-0.057752361309239775,-0.026657652062821224,-1,0.05357990761508613,0.017819183799787974,-0.956399720168949,1,1,-1,-1,1,0.9532716617661132,-0.916780306205135,1,-1,1,-0.9444595198235463,-1,-0.05144302101874931
1962-10-23,0.8808885381322578,0.028661202036309175,0.9376679026733883,0.07916524796058921,-1,-1,1,1,0.044190372188813054,-0.06739834506214881,1,0.9262268735804784,-0.9874706443574921,-0.04223235604751452,-0.8678616497965724,0.9312768437933997,-1,0.046834144415007994,0.07228542426794382,-0.043249722294175896,-0.0015005590788119694,1,0.035600420315492154,-1,1,-1,0.030951720009552486,-1,-0.05135053303124226,0.8983216103485828
1962-10-24,-0.09328180070744829,-0.8625067255113913,-0.05610386666374689,-0.8865308725887187,-1,-1,0.02252435054177937,1,-0.9033849299885446,-1,0.020777556513168816,-0.029295384522766588,-0.083017748825718,0.950403923259933,-1,1,-1,0.9950979002231845,1,-1,0.9911164521986068,0.08619520125967417,-0.8840428468986523,-1,1,-6.476986084780201e-4,-0.8759088150199341,-1,-0.9390580897862649,-0.06756900652683817
1962-10-25,-1,-1,-0.965427064320084,-1,-1,-1,0.9961545732671213,1,0.07464005347656166,-1,-0.9650748806179676,-1,0.8898182387038699,0.05488412971270151,-0.0010339736550373235,1,-0.015972786594576682,1,1,-0.02198187105179039,0.05083379299399848,-0.8773941458171606,-1,-0.006415279621443837,1,-0.9822886751705076,-1,-1,-1,-0.9816311185925533
1962-10-27,-1,-0.04747287991227134,-1,-0.03295288603026936,-1,-0.0256247923311802,0.024697814662260398,1,-0.895968866236378,-1,-1,-1,-0.03704442718727752,-0.9317677891842469,0.9882890703235032,0.024174213031176395,0.9796463037148164,0.010388400287016597,1,-0.9198048630988878,-0.9039850694397551,-1,-0.11124781783619953,0.9750812105627498,0.006526888737455772,-0.012321119091107113,-0.03719008751420472,-0.006418134805034947,-0.007755596213572691,0.01739724170301593
1962-10-28,-1,-0.9268621396397804,-1,0.9421058329237632,-0.01627102816791115,0.9573333527624123,-0.9559396327205107,1,0.07322368595354578,-1,-0.05234941424440709,-0.004067990876653882,0.8839693789537773,0.006042469044164056,0.09644799132805448,-0.9407053236129964,1,0.9139843519864782,1,0.043040947864871115,0.06401027766571177,-1,0.8540694969026131,1,0.9470250950105447,-0.962346203082105,-0.9706675669492992,0.9116102040678125,-0.997999768236298,0.961021800969923
1962-10-29,-0.0020377030195090073,-1,-1,-0.019783226999954162,-1,1,-0.044514039738184685,0.07926362527824726,1,-1,-1,0.9910742683723465,-0.08146957923961073,0.9289128576561113,-0.8434173036082049,0.037735170570529,0.00986007825801316,1,0.06090451448058587,-0.8738729811669103,-0.9300510068298655,-1,-0.13813003315672123,0.0012442321349340757,1,-1,-1,-0.003862488671739217,-1,-0.017433262776003877
1962-10-31,0.955250624120462,-1,-1,0.9131061732042504,-1,1,0.8869021208857587,-0.8445910993944945,1,-1,-1,0.04404616553047058,-1,1,-1,1,0.9595094082773725,1,-0.8907673271085389,0.07830193661005591,0.058168241433262824,-1,0.8308692858215098,0.9514836135930724,1,-0.0038192327407285953,-0.017210820015123973,-0.9975115048617017,-1,-1
1962-11-02,-0.02186298800856079,-1,-1,-0.051412033498359766,-0.024812531028551632,1,1,0.105800243870381,0.06844048448712103,-1,-1,1,-0.0714122587983228,1,-1,1,1,1,-1,1,-0.9226506185147911,-0.03983908929291313,1,1,0.00313628114278397,0.9522170283009227,-0.9272621722541607,-0.08506239267295101,-0.015665731757090184,-1
1962-11-03,-0.988431741990082,-1,-0.04258506797284156,-1,0.9498336138250502,1,0.03737601242432431,-0.8258097332481978,-0.9101736188100449,-1,-0.06100430533531831,1,-0.9538030333823814,0.12457705445629164,-0.047998803707695825,1,0.03300153542961892,0.029112179721707654,-0.03566980860882463,0.0021050981515626788,-1,-1,0.05379396574481232,1,0.9491667613832,0.04937474915462381,0.051942650420480296,-1,-1,-0.004779622976920583
1962-11-04,-1,-1,0.9284030900854694,-0.11494270099142678,1,1,0.9208584604971322,-1,-1,-1,0.9311259193609502,1,0.0031191761269417917,1,0.9010169443945248,1,-0.9274977316982682,0.9858734023770991,0.953246193221737,-0.9563701799592554,-0.007740756740770904,-0.05327865068228177,-0.9414609122932902,1,1,-0.9489625245391643,1,-1,-0.043147901972257374,0.9844035078055626
1962-11-09,-0.020137893014387287,-0.020464796959042242,1,-1,1,1,1,-1,-1,-0.022058467788933722,1,1,-0.9571972283041148,1,1,0.16104798813460564,0.07114403538969727,1,1,-1,-0.9493331242738179,0.9053796051491538,0.03921170000929497,1,0.06574447692056573,0.0025421024115950264,0.08655811461749141,-1,0.9120550447230721,-0.013712109119757732
1962-11-10,-0.9906345214855058,-1,0.012860157291792795,-0.02709439701480254,1,0.07303823084941174,0.015599580096397614,-1,-1,-0.9725444209215369,0.007962372681318053,0.016643282666232162,-1,0.011508037930679338,1,1,1,1,0.013569279874117046,-1,-1,-0.08842300404648717,-0.9235142525478547,0.05162528367705099,1,0.9566103420397614,-0.8997838708270108,-1,1,0.9674979456494759
1962-11-11,-0.04473177693886765,-0.008872411577686368,-0.884008266599653,0.8930174050849997,0.055550449955477754,1,-0.8747337022348817,-0.02792476153011647,-1,-1,-0.9862727203705128,-0.9678685374952439,-0.02659507136316397,0.9847648366067008,0.042161100069270874,0.10594689736788132,2.0725047686787068e-4,0.05058980255608425,-0.8875834320286774,-1,-0.03744887647706585,-0.9818723131185807,0.011497244323825595,0.9751523017943855,1,1,-1,-0.06616810361911873,1,1
1962-11-13,-0.9672943857456286,-1,-1,1,-0.9288889734943117,0.016398070023828537,0.08389709499905884,-0.9092831378127838,-0.0684046499320985,-1,-0.016880286727341653,-1,0.9525702910536779,1,1,1,0.9018520655176935,-0.9210542230408267,-1,-0.034138717525654894,-1,-1,-0.9757757599912148,-0.022159576167863904,1,0.02447117510615604,-1,0.9038700062423389,1,1
1962-11-14,-1,-0.045720895213772206,-1,0.041949939199160013,-1,-0.8904950140357586,-0.8978055355813762,-1,-0.983829922894792,-1,0.9495967871589513,-0.020247903933828137,1,0.08099789806697699,1,1,-0.05073954471300923,0.045250564660935466,-0.03664218355078419,0.943989385312657,-0.012143131928143314,-1,-1,-1,0.009326424108546005,-0.9226256689344353,-1,1,0.0014805621053591844,0.04342104773847211
1962-11-15,-0.0412637282880578,0.8775710689694493,-0.00622033541550393,1,-1,0.0631901255808941,0.02054048973264877,-1,-0.019372405137249804,-0.044483146865693546,1,0.9796376159077376,1,-0.8769041647908116,1,0.00514190155265104,0.8595004480876481,-0.8709976164573816,0.9159534996217523,1,-1,-1,-0.03809902709562096,-1,-0.9435920490932884,0.04682332410875312,-0.04386383407356165,0.02235506447180402,-0.9562836667443697,-0.9278043129368445
1962-11-16,-0.9206453186961472,3.5771455884336945e-4,-0.978199063153153,0.028840378497213215,-1,-0.9016316934244146,-0.9545934261378836,-1,0.8530363139409065,-1,1,0.08489102647910718,1,0.11378291736107571,0.0712287175488524,-0.9430283768109693,1,0.04253737720133621,-0.010064988160659816,0.05861745968765464,-0.03312780557943784,-1,0.905595300828865,-1,-0.015413055731394398,-0.8757582670133304,0.9435723667625845,0.968053045071532,-1,0.04768458683137766
1962-11-18,-0.0032761723094910655,0.9560177276265047,-0.0548266022232875,-0.9634453218036547,-1,-1,-1,-1,-0.1431207940485224,-0.03224673500781594,0.04696427877873255,-0.885572182824445,1,1,-0.8946010666534605,-1,1,1,0.9692258610210175,-0.9165978628700656,-0.9686965606851609,-0.011918928286170694,1,-1,0.9843349260061975,0.1226616342482797,0.05137221956718474,0.0682292322018877,-1,-0.9022717339982598
1962-11-19,0.9928434783643993,0.0743193326289614,-1,-0.03258104828808017,-1,-1,-1,-1,0.7671072211774684,0.9074112089717007,-0.9450930793455466,-1,1,0.006832141773697842,-1,-1,1,0.044760731795261854,-0.01226234811671445,0.017935831640822908,-1,0.927450650550751,0.056628619215921217,-1,1,-0.8298860586697898,1,1,-0.05929375994500452,0.08818130892447495
1962-11-20,1,1,-1,0.9638065773005863,-0.05838975953176917,-1,-0.0320914625137132,-0.003210381006372942,-0.1722502903154033,1,0.030354191262843777,-0.1166089808205838,0.002087472618457875,-0.9920636158680343,-0.04814206321219139,-1,1,1,-0.990010921132658,-0.943468580389475,-1,1,-0.9150587329578409,-1,1,-1,0.014894094960548165,0.01709321957073917,0.8907325166508793,1
1962-11-21,1,1,-1,0.09457084765627066,-1,-0.001753671093123188,-0.9336924150589008,-1,-1,0.048593949285755,0.9999214171263194,-1,-0.989655204942706,-2.654943098744367e-4,0.8984070232459473,-1,0.02414652525069283,2.718799096402824e-4,-1,-1,-1,1,-0.025528937157101694,-0.007841654182700664,1,-1,-0.8093733729738907,-0.9800093756033781,-0.09513664153265322,1
1962-11-23,1,4.061564921903349e-4,-0.0281077813636168,-0.8543412521723012,-0.054159987099425155,0.9970994993159151,-1,-0.023774202096458974,-1,-0.883681253555248,1,-0.10084351755862697,-1,0.9719723550727656,1,-1,0.9789021025007023,-0.9741781027667806,-1,-1,-0.001607446137916635,1,-0.981357552716156,-0.949730813441432,0.025870798372441883,-0.08257699073326819,-1,-0.008079833280737247,-1,0.06800395004240956
1962-12-03,1,0.9689329470372613,0.9268491642762935,-1,-1,1,-0.056538298398606246,-0.9973185931077854,-1,-1,1,-1,-0.011592450657731734,1,0.045002524667444144,-1,0.026324040826415374,-0.0325388438403692,-1,-0.004090157277447548,0.936493903580067,1,0.009476758876192926,0.040715533797113346,-0.9370002771174273,-1,-1,0.9419550275715454,-1,-0.921785343608342
1962-12-04,0.0037929339637347015,0.010903341954733525,0.024871510101472816,-1,-1,1,-1,-0.011525032519927536,-1,-1,0.009266517893537385,-1,0.9215189836804635,1,1,-1,0.9780601476508977,-0.9582266707864264,-0.061401773881615274,0.9400037898980945,0.05691872038865986,1,-0.9311427984515859,0.9233846645591012,-0.0013084559310171384,-0.051015484604543415,-0.028893694897959232,1,-1,-1
1962-12-13,-0.9948608096448907,0.9901985454065559,1,-1,-0.07498204663908647,0.10153885262363138,-0.07197179408640153,-0.9584519928277109,-0.0980343162373436,-1,0.9933079057056188,-0.03066798688573369,-0.022783199662582576,0.06326532376637317,0.011024057946074861,-0.028867701590214234,1,-1,0.9304795915411115,-0.0040717263468308396,1,0.0427098117519199,-1,0.020690349111058715,0.8879373085007497,-1,-0.9746702256009726,0.08211842764132304,-0.05345372764099443,-0.0012322921765276496
1962-12-26,-1,0.007904845010388795,0.12826195703326249,-0.030123572327385717,0.9190570654206863,1,-1,-1,-1,-0.09584710836003185,-0.004763270500564798,-0.9916119673592022,0.9699020101536137,-0.9125642061326071,-0.9609766350438149,-0.9881003775588204,1,-1,-0.019187302085340363,0.9691799927508051,0.014883664888367343,-0.8791924545277626,-0.025793989069718637,1,1,-0.0219307509638359,-0.010279778605768675,1,0.8655541665444192,-0.9145643990857323
1962-12-31,-0.06929648503252117,-0.9084122112857774,1,-0.9881171960628052,-0.04021397885942579,0.022698978462661,-1,-1,-0.002337499576562485,-1,0.993400608071452,-1,0.0023016209426371947,-1,-1,-1,0.02761977310184016,-1,0.9320921868969902,1,-0.8791917980414402,-1,-0.9841175298573602,1,0.001996255186340612,-1,-1,1,1,-1
1963-01-03,0.8746995228294839,-1,1,-0.047679201815593375,0.9038482057033019,1,-1,-1,-0.9369052559540715,-0.07185937461785885,0.051999677744986594,-1,-0.9792543337616295,-0.01264276335004677,-0.06270012276136627,-0.0049154253043627305,1,-0.0055153621531187635,-0.05759468927511935,1,0.08488183926575266,-0.002041566081717683,-1,0.019684346765305616,-0.9574883945592199,-0.04437558262645025,-1,1,1,-0.02235874656288106
1963-01-04,-0.07916784147698741,-1,0.06956904504667583,0.8139403221765107,-0.037187512368751174,0.021473398872763227,-0.015743644551049263,-1,-1,0.9097243041451345,0.993490311577062,-1,-1,0.9613256294110344,-1,0.8940382438141475,1,-0.9618527171269218,-0.9904445998902529,0.0048993713728511246,-0.88791090680677065,0.9025880423824849,-0.09347714026558174,0.9967401666292196,-1,-1,-1,1,0.019552663403135218,0.9449313968257386
1963-01-05,-1,-1,1,-0.13917672702241346,-0.972574417107476,0.9055705610468068,0.9371916326004828,-1,-0.04712728481909112,1,0.08498737224759367,-0.015357424602509884,-1,-0.03222096231780647,-0.015322683292192552,-0.0759906253657745,0.008877081874206216,0.0020533171259767835,-0.025480013932784207,-0.9852377265381553,0.08415889791485054,0.00246149156809905,-1,1,-1,-1,-0.004981644380080974,0.08507183449397115,0.96581655739675,-0.05199854940887472
1963-01-07,-1,-1,0.0869967507392404,0.8347782385481486,-0.007024064810937536,1,1,-1,-1,0.09351646872703712,-0.8687224343417218,-1,-0.05717412033945357,0.9448755775038017,-1,-1,0.9714366201591742,-0.9669439635813123,0.9672865762052119,-1,1,-0.9262226399181601,-0.0588497897760587,1,-1,-1,-0.9187981559711146,-0.8638567477647001,-0.03014580886663132,-1
1963-01-09,-0.07487496911281954,-1,-0.9071279972252178,1,0.9868527006563117,1,1,-0.03186478000323978,-0.017728526919718046,1,0.08668520511733413,-0.08868831368742158,-1,0.003147811545056056,-0.01634985919226828,-0.033755288995248045,0.026158572901172072,0.009419331774091044,0.0019059957113334303,-0.061862159388156424,1,0.03151667423129678,-1,0.015515080592616526,-1,-0.02496702965915265,-1,0.12454910853034407,-0.9816238483548471,-0.03305187174189639
1963-02-11,0.8919276367862268,-0.032785725212393535,0.0835136615784231,1,1,0.055470181540728025,1,0.8607631028009736,0.9626353369478667,1,-0.901795376108035,-1,-0.035876166333707826,0.975607730905173,0.9218770944581994,0.946626350245825,1,1,1,0.9370668438897596,0.02856714469871169,-0.9374072969652472,-0.024722006017489417,0.9726942899745065,-1,0.9705452390950225,-1,1,-1,-0.9818693994935961
1963-02-22,1,0.926153148400441,1,1,1,1,0.051802717858372205,-0.09176973761991503,1,0.0032510802226410895,-1,-0.07607375052655152,-1,0.0037493668269775737,-0.05024384790581293,0.02821564571871149,0.023560357734502047,1,1,0.04453514713272455,0.9883072694240792,0.002832865584193378,-0.9728342562578288,0.008793750234890818,-1,1,-0.014480820683037576,0.021670983453634607,-1,-0.08270285806711952
1963-03-02,0.02297384604894337,1,1,0.0025463454848518863,1,1,0.9043515527662882,0.8856601142940264,0.09483169170001993,0.953740607348784,-1,-1,-1,0.9746649534616602,-1,-0.8986304658966727,-0.9716121801126308,0.06011440729025552,1,0.9943161170222438,0.03817220331763804,0.9319697153105482,0.009621687989330052,0.9414176445230297,-0.04340052923680382,0.033861368515308854,-1,-0.9239904338391963,-0.014115551091373413,-1
1963-03-03,1,1,1,-0.9602849612064023,1,0.032604758113738086,-0.09438364146829492,-0.09011969214322446,-0.8888211511207923,1,-1,-0.025722656730878812,-1,1,-0.0020140016250344006,0.06270270442919057,-1,-0.9213420569000983,1,-8.84936900523714e-5,1,0.00926304777208753,0.973471070656056,1,-0.9932559424587171,-0.9068228031572512,-1,-1,-0.9400852592444816,-1
1963-03-04,1,1,0.08104316396152178,-1,0.014580378478685208,-0.8960348136616965,-1,-1,0.09891229936714119,1,-1,-0.9277641376479326,-1,1,0.9743725749738585,1,-0.0659760720990028,-1,0.08186016199982404,-0.9213247615776611,1,0.9484891716052279,1,0.012360593426883226,-0.044945769726428164,-1,-1,-1,0.01742295806046501,-1
1963-03-05,0.024082581080882348,0.023718204229139728,-0.8445343722972377,-0.06957271874763127,0.9732820522844936,0.08954756113905227,-0.12072512417948555,-1,1,1,-1,0.049824784272573086,-1,0.00579566984926605,1,0.0037759104585569636,-1,-1,-0.9047406096348389,-7.521863423142205e-4,0.040605618342706595,-0.03766882409721006,0.027178048001939348,0.9795570022254555,-1,-1,-1,-0.014831062318364285,0.9727741035929943,-0.00113584833899949
1963-03-06,-0.9523082608670634,-0.8712716162292107,-1,0.8900025828633107,1,-0.9034012877609621,0.8165716827707507,-0.03636938823011149,0.003726665563003939,0.05021629142430706,-0.02952367260996358,-0.8639192010941715,-0.011378172086747185,1,0.020105495156827913,0.8880610720865237,-1,-0.03336596208794129,0.044273944313818814,-0.9430612800098633,-0.9450771273179795,0.9454942561452256,-0.9358765901274868,1,-0.037101182290372625,-1,-1,0.9049562339646138,1,-0.952532599488524
1963-03-07,-1,0.11795020143251089,-1,-0.0969761256144579,1,0.07044579162739939,-0.1318581853482096,0.9131967349720824,-0.9754966431257193,-0.8909507733310231,-0.9857784525437193,-1,0.979885980580398,1,-0.9395382847745819,1,-0.06490359885611019,-0.9895517455534606,0.9982786301141364,-0.03756814332996983,0.054385824276500516,-0.04742228886724742,-0.003975857320550613,0.019490930679047946,0.9556368479694354,-0.06278234480337297,-0.05355598350345392,-0.08644999947378507,1,0.018470533281100487
1963-03-08,-1,1,-0.08237168906502346,-1,0.034167938877750936,1,-1,-0.03806212641268414,-1,-1,-1,-1,0.05726545154600171,0.02352125942392791,-1,0.020778259732174842,-1,-1,0.05373914812660019,-0.9905229228615762,-0.93778885583227245,0.8746096181434156,-0.9080231682982491,-0.9800019549239288,1,-0.9914774181780597,-1,-1,0.009032963767001245,-0.976390685800561
1963-03-09,-1,0.020452773313973327,-1,-5.821242563464057e-4,-0.8983189969838359,1,-0.024341939799491397,-1,-1,-0.09228609421607192,-0.0342527296745706,-1,0.9679875539072639,-0.9452108062061623,-1,-0.9693454546447239,-0.03890797253612388,-1,1,-1,-0.005122624721119462,1,0.06494590871781758,-0.05694052903510283,1,-1,-0.04386415814437894,-0.056609218304486286,-0.9408775966844759,-1
1963-03-10,-0.0296066769013682,-0.920755443296037,-1,-0.9594384109193563,-1,1,-0.9535435634339607,-0.07606910680924228,-1,-1,0.9090139069194028,-0.07178486946122897,-0.011410030105805435,0.007245993645979332,-1,0.029209480468016524,0.9188751008631213,-1,1,-0.031954986005101715,-0.9315542112068503,1,1,-1,1,-1,0.9460617068582101,-1,-1,-1
1963-03-13,-0.9705327160551113,0.07576568476714529,-0.07336661994321525,-1,-0.10576515338105741,1,0.04234153668487928,0.8934969656650537,-0.057110077531477677,-0.11378798175260929,1,-1,0.9872129009400743,-0.9803342691507603,-0.04226141163617858,0.9709642840724233,-0.04247360714481474,-0.04703846652552246,0.04388239313922304,0.946533245641694,-1,1,1,-0.019256358663382267,0.02271523989730273,-1,-0.02377305684098019,-0.0756319717282592,-0.05394841338999001,-1
1963-03-14,0.014704461157225568,1,0.8967481109135478,-1,-1,0.007918198268669796,-0.9091346673741264,-0.09162876616170934,-1,0.8458620885724062,1,-0.05207834268565392,-0.010702493272930935,-0.013506413832795494,0.9283813887443573,1,0.9268817707979183,-1,0.9752755511621853,1,-1,1,1,-0.9998215608502528,-0.9596336844645406,-1,-0.963462741729634,-1,0.9258338724802309,-1
1963-03-16,-0.9245736460084442,1,1,-1,-1,0.9745085195213674,0.06726715066194644,0.9063098929608011,-0.04241948887623759,1,0.07175061798300975,-1,-1,-0.9222759798285449,-0.06611983065700533,0.03667810536890359,-0.06227809292686359,-1,-0.017419764945225236,0.00894067407919219,-0.07149789488997549,1,0.020081073866933807,-1,-1,-0.032492150008219034,-1,-1,-0.0608675068577782,-1
1963-03-17,0.03448125745877051,0.02162223928840412,0.07274491630546553,-1,-1,1,-0.9060244748089418,-0.06290688484429241,0.9167816935061516,0.034226214110860353,-0.8438344285600287,-0.002911364953877449,-0.0475519016657413,-0.007800895724119461,0.9094621281666964,-0.9299765801376093,0.8766373718931184,-1,0.979164396371778,-0.9723614824776895,0.9265425733776627,0.08879310111608574,-0.9705965031681872,-0.005674924259015168,-0.051944258825670886,0.9599894766100127,-1,-1,-1,-1
1963-03-20,-0.9334801979373294,-0.9688541004386205,1,-0.09001068703607173,-0.0025530641787608888,0.07107680773602454,-1,-1,-0.06995996458000076,-0.9202701367295764,0.09350023714905131,0.9742623713017953,0.9503545338662592,-1,-0.07698870392358947,0.060501210060239785,-0.11826151048869848,-1,1,0.007134067260634591,1,1,1.5488582929190642e-4,-0.9767243959287509,-0.9822226303959426,-0.01095327748202668,-0.013713277292781378,-1,-1,-0.041781966404762616
1963-03-21,-1,0.01862542325274197,0.013819444511631973,0.8796271151678333,-0.9281334879137447,1,-0.11406803521814446,-0.07141402563424515,-1,-1,1,1,0.02322188394102276,-1,-1,-0.9105863512947816,0.8686586573625374,-1,0.022847465203574835,0.9683621253134334,1,0.012326674801559023,0.9031435716254472,-1,-1,-0.987429136372624,0.9740659377429026,-1,-1,-0.9971975063560615
1963-03-25,-0.048678262414521334,-0.9738327633074226,0.9469343503918594,1,0.002516218498706979,0.0743284563610177,-1,-1,-1,-1,0.09001026732048067,0.054332190121923474,0.9972120867154682,-1,-1,-1,1,-0.057055795467705894,0.9891437299207981,0.023309268785527748,0.04163012710995706,0.9982009300163958,0.034471572742955425,-1,-1,-1,-0.002866957093353828,-1,-0.01849217320002572,-1
1963-03-26,-1,-1,1,0.04175470572823625,-0.9190342857128841,1,-1,-1,-1,-0.1334574968555594,-0.8512175989715759,1,0.034081156521821865,-1,-0.08836719408237148,-0.020369935259415994,1,-1,0.032781357613759776,0.9971386334392712,-0.9098887736368557,0.08176689081711896,0.9241372791249095,-0.07037940228308837,-1,-0.08451081857202336,-0.9697088522047211,-1,0.9693708647386048,-0.06796965729156468
1963-03-27,-1,-0.04667218903095438,0.08651570868895453,-0.9416979605281256,0.056362382961932744,1,-1,-0.011006800508134074,-1,-1,0.0943456131198156,1,-0.9357217710904263,-0.003718637085093901,-1,0.9712402939754747,1,-0.014324554919953658,0.9352166952798344,0.05769509532090633,0.08124524123425769,1,0.02090434743596381,-1,-1,0.9026217003982361,-1,-0.07691032796198105,1,-0.9738938999346769
1963-03-28,-1,-0.9316870876844086,-0.8948028373598294,0.013076008018455099,-0.8745720221500219,0.05789450145270547,-0.008581381386486453,0.8895117552131541,-0.0010185572135774645,-0.021620523485376575,-0.825226387918175,1,-1,0.9390871753972808,-1,-0.019657842693185268,0.034171177824731114,0.9397963819322418,1,-0.8740846226823775,1,0.037734213565801644,1,-1,-0.02416166792563612,1,-1,-1,1,-1
1963-03-29,-1,-1,-1,0.9508828437386644,-1,1,-0.9690914623238791,-0.08918453113372715,0.9917546793605164,0.9634354705035149,0.1672669825034654,0.018893008044423176,-1,0.0061145469347816395,-0.003571958240571216,0.8876918547206681,1,1,0.006010754335390001,-1,0.013971780833447967,1,0.04946073218334268,-1,-1,0.016428099845952282,-1,-0.013160558100778208,0.003498308359667579,-1
1963-03-30,-0.051342781112555747,-0.0366871401933494,-0.015870646647715203,1,-1,0.0997296165404793,0.014874424443130807,0.8914534930230332,-0.007754245123863135,-0.0044264727077056865,-0.7732075980283803,-0.9697019816782839,-1,-0.9726901825485623,0.9607712650232486,1,1,0.07440542447436815,0.9668791512503716,-1,1,1,-0.8973517745714806,-0.0732212615648219,-0.0655085610373729,-0.9454575079294804,-1,0.9728684796593362,1,-1
1963-04-02,0.8648621693785323,0.9592734007261652,0.8729574407522503,1,-1,1,0.969996423714567,-0.0730663048440533,0.9361583797340877,0.9530649578943194,-1,-0.008789726838398959,-1,-1,1,1,1,-0.904550390737194,1,-0.035855754476516344,0.011074739858924487,0.0749322827316079,-1,0.8763694857085534,-1,0.04401501754082715,-0.04164825473892675,1,0.007799854512489435,-1
1963-04-03,-0.0694273677959617,1,1,1,-1,0.05586900125228578,0.08277141629896723,-1,1,-0.01628163612431488,-0.03618565919211825,-0.9516392202092033,-0.0736240327383334,-0.09737829432494516,1,0.004191496245293913,0.057838915204547425,-1,0.05543460894354102,0.9348060755287212,0.9450727460725593,1,-0.06160748515933867,1,-1,-0.8653311209323946,-0.9635099057915841,0.02790089798812212,0.9934656608317949,-1
1963-04-08,-0.9832145334850215,1,1,1,-1,0.997110053700403,1,-0.057088364735587316,1,-0.9742189973216119,0.9012387791282057,-1,0.8325341131662455,0.8812859469633103,1,-0.9551872032729293,-0.9110338268351473,-1,1,0.016617909347469872,1,1,-0.9934647142418147,1,-0.03240367778494768,0.11540743792366914,-1,-0.9051244108682914,0.04301814787295499,-0.02305055956141866
1963-04-09,-1,0.0017320615616185364,1,0.02427076429048658,-1,0.005360709697225019,1,0.9410796858058357,0.07059018099098024,-0.02023477855762368,1,-1,1,-0.08733200032294752,0.025849480935356106,-1,-1,-1,1,0.9928477431968767,0.007341341008454627,1,-1,1,-0.9706674231265313,-0.8451388288807452,-1,-1,1,-0.9697444849565261
1963-04-10,-1,0.9183030915910417,1,0.9619532935244742,-0.0600752541283921,-0.9760534818548805,1,-0.04355168676955834,1,-0.9925373361133011,1,-1,1,0.9092207542929847,-0.9481103881426894,-1,-1,-0.028907905154725855,0.0384392310233016,-0.0051338120544528465,0.9897816595102198,0.030487723910485487,-1,1,-0.0675016135064378,-1,-0.021751567193131316,-1,1,-0.0643348283694486
1963-04-12,-1,-0.02381957260907286,0.030269807470704624,0.004452890443002455,0.8748085288773597,-0.0646873053541932,0.010171852902198908,-0.9741211204952052,0.0912005318106448,-1,1,-0.006320909630682103,0.04027626295910314,-0.04786921502153629,-1,-1,-0.05625639678552885,0.8925209282982217,0.994154019549768,-0.9537522023728965,1,0.9319134515004158,-1,0.013085091455610875,-1,-1,-1,-1,1,-1
1963-04-16,-1,-0.9604592248747083,-0.9452192727323516,0.9371182664349488,-0.07413237389722427,-1,0.9958747067151745,-1,1,-0.04465325244542273,1,0.9918072482451699,-0.9358050075364426,0.9115446446235922,-1,-0.005800296598889365,0.8787855262376738,1,1,-1,0.015758810746249963,-0.048161354437215254,-1,-0.907396611448096,-1,-1,-1,-0.03867611964963469,0.025176719025404193,-1
1963-04-18,-0.06138242633941027,0.02816573230205588,0.012314652410183258,0.012500639901719679,-1,-0.006574756609838084,1,-1,0.044607097675091745,-1,0.06066854806587152,1,0.022988025765217523,0.012171592223250371,-0.08821716601965068,-0.9539461441720068,1,1,0.02159091509009281,-0.09523734067195355,-0.937642848522215,0.9348877914128502,-0.03517947403939714,-1,-1,-0.017543928468650383,-1,-0.9277831528053356,-0.9339417277323648,-0.04784536515182436
1963-04-22,0.9276398663598806,0.9872617173046582,-0.9725181562725621,0.9149554919081264,-1,-0.9794349430556402,0.02870209979086069,-1,-0.9549905943968277,-4.858012706654424e-5,-0.9093401228877855,0.013718017791978898,-0.937991312618559,-0.9338703488227333,0.8614865121984744,-1,1,1,-0.932591838687099,-1,0.03568934807421931,-0.021422802980912925,-0.9955520614982956,-0.05994340404078957,-0.04957434675217942,0.9360468914600522,-1,-1,-1,0.9326875895547271
1963-04-23,0.0015563000930076676,0.012387280494137176,-1,1,-1,-1,-0.8927706614234386,-0.0011009746431556167,0.0224546841340858,-0.976755058689444,-1,1,-0.011915220654516001,0.026675881811813573,-0.037428390858377125,-0.06995486134217521,1,0.03752007891969922,0.06383299009472865,-0.08083610902896943,-0.9332004025093893,-0.980279699888033,-1,0.9021523693887904,0.8969062158010317,-0.055624736967417654,-1,-1,-1,1
1963-04-24,-0.9196594439601165,-0.9604842021862754,-1,0.06173995976971891,-1,-0.007882540397067594,0.011655719327484437,0.9563628863613106,0.9998845436672869,-0.08582618074073223,-1,1,-0.9862824784937737,1,-1,0.9052790580334064,1,-0.92823539970163,1,0.8307005329363608,0.028094451832901823,-0.08260447960038109,-0.045891955420440556,-0.010953149919989968,-0.07684198935208753,-1,-1,-0.00616158794565147,-0.04682495941103315,0.06071100509416105
1963-04-25,-1,-1,-1,-0.8945078814995905,-0.07425968616624257,-0.9285775349893588,-0.9792609678897063,1,0.06801846983051951,-1,-0.03152178884522183,1,-1,1,-1,1,1,0.03687083793763135,1,-0.12036801594156277,-0.9625274103106756,0.8958102008993024,0.9079769064643425,0.9798923965452799,-1,-1,-0.005481692541767114,-0.9870888625497659,-1,1
1963-04-27,-0.013253962134729402,-0.013777869953465194,-1,0.1052980731368619,-1,-1,0.0058906421499883566,0.011842107064473528,1,-0.0014905680211582117,-0.9877819233626174,1,-1,1,-1,0.0040675082235686055,0.06808241129959547,-0.9088717283790883,1,0.8027570641048639,0.02293414003158356,-0.09717390121100566,-0.028012667700573313,1,-0.011372332724116307,-0.011183367826726354,-0.937803561087093,-1,-0.06573255039463588,1
1963-04-28,0.9518499636027546,0.9776516589761792,-0.02931661900589977,1,-1,-1,0.9890777478364867,0.9956663414828251,1,-0.9563023452945245,-0.03969042857548277,0.00926438308394062,-0.03254073196163987,0.009126016695551242,-1,-0.9290899340554275,-0.8284515646499954,0.0757465001651757,1,-0.1834828618379558,0.973677733974761,0.8526650864073668,-1,1,-1,0.9674080658826841,-0.0010668226203668363,-1,0.9118956473642209,0.08585410834771046
1963-05-01,1,0.05361145978988768,0.9325429317746593,1,-0.030684493301688875,-1,1,0.08118345483994083,0.018996860355169565,0.027144026039267022,0.9439592134796494,-0.9581221462590327,0.9658457233759905,0.9926536674540455,-0.029186208569259575,0.0639178115921103,0.14904325607986113,-0.9102533286660974,0.061632307690144605,-1,1,1,-0.01880331046981365,1,-1,1,0.9783868630599338,-0.025222276315666425,1,-0.8325543651204261
1963-05-04,0.04043142580390824,1,1,1,-0.9973778053879162,-1,0.06722759177625881,-0.9000480275578937,-0.9748473652181444,-0.9257904039875957,1,-0.0033728641808749016,1,0.06234921934945736,-0.9981913353413969,-0.8743451791863083,1,-1,-0.8986735629328229,-0.04263876298643898,0.007332662992583727,0.018958089372724585,0.9402729274635421,0.08781403115910835,-1,0.021100318340841917,1,0.9313052312524566,0.09521903708933477,-1
1963-05-05,1,0.017328136004815975,1,1,-0.05707170399365158,-1,-0.8888469808712961,-1,0.022092739429953268,-1,1,-0.9954471885794689,0.047861741925393275,1,-1,-1,1,-1,0.0919383484822931,0.9012996704629386,-0.9637892044764996,-0.8792543118667695,-0.02859603288318957,-0.901608939963822,-0.061532538279259974,0.9769680004408238,1,1,-0.8954655396486607,-1
1963-05-09,0.009800742861516332,0.8628516877058507,1,0.0020914630655632926,0.8806510926333081,-1,0.05531720667838602,-0.020610096877577866,-0.9287636817794869,-1,0.012503717389708346,-1,1,0.07156028424934546,-0.10601205967952843,-1,0.06932720611642695,-0.04815307104650268,1,-0.05843561241708062,-1,-1,-0.9970709055956566,0.044642681488304636,0.8680648503779034,1,1,0.02736017110208866,-1,-0.04058760173742426
1963-05-10,-0.9576695576571712,-0.09479042120724734,1,-0.9602446795846495,1,-1,-0.9329146444492235,0.947408809161501,-0.0023481218489748157,-1,0.9895614856303736,-1,1,-0.912465723220609,-1,-0.01063366487864481,1,-0.9872785663988856,1,0.900562276504995,-1,-0.016996287368532537,-1,1,1,0.02423290970365599,0.014244557116894874,1,-1,0.8872237381314166
1963-05-11,-0.09102686325562293,-1,0.02782575748401417,-1,1,-1,0.04752600450371136,1,0.9813061585078523,-0.03079955662800271,1,-0.029298736260493285,1,0.0719989081321627,-0.02705544371365054,-0.9719255206153866,1,-0.02879716962541512,0.019036053571697353,-0.07725582284483112,-1,-0.9920175082288267,-0.05493121900629516,1,0.10489107027205735,-0.9075228216825377,-0.9847720912566671,1,-0.04517155361863323,1
1963-05-12,0.8772210717585514,-0.039145011495904214,0.9712827047801873,-1,1,-1,-0.9348695579852191,0.04616341400610824,0.03140622712381991,0.928401139339899,1,0.9395871188645273,1,-0.842162470756601,0.954968381084115,-1,0.04233167154500206,-1,0.9795214642096093,-1,-0.031925285404794446,-0.0011554480138595835,-1,1,-0.8730164164023924,-1,-0.014393934662688346,0.048217203632529904,-1,1
1963-05-15,-0.10443806743355599,-0.9176047956898575,0.025471161075444004,-0.00929783786513727,0.02699115710170885,-0.049780204569776276,-1,-0.8393501623168255,1,1,0.021386171774726237,-0.05298130743020313,0.03756213896530669,0.0938893918958893,-0.02780661999800571,-0.06873256069131162,1,-0.0515093864919034,-0.01035016780773601,-1,-0.9435589354606121,-0.9999153662187802,-1,0.0240463958186099,0.11523521847954366,-1,-0.9604314357769826,1,-1,0.09022433422377385
1963-05-16,-1,0.08215962604644433,-0.9150856559943985,-0.9928835405631222,0.9842421979325343,-1,-1,-1,1,0.012326927968730028,-0.9629528425396656,0.8879839277126619,-0.9571711956900015,-0.8644729261327532,-0.9945226280545456,0.9287347371084603,1,-0.9880407569037131,-0.8985639689055118,-1,0.026575142863513257,-0.04044362104912058,-0.010063269052946744,0.9615429890970596,-0.7759079486302775,-1,-1,1,-1,-0.9086186152563113
1963-05-18,-1,1,-1,-0.0014190255922819084,1,-1,-1,-0.07782915258799628,0.014212341744520463,0.9623246837723182,-1,1,0.02870719574627667,-1,-1,1,0.008771908753629543,-0.03625879707168467,-1,-1,1,0.9453388603523718,-1,1,0.20433079879613592,-0.015952313832880205,-1,0.02902394889600557,-0.01774920230782706,-1
1963-05-22,-0.0021603221938116812,1,-1,0.9674569477431282,1,-1,-0.010453741434393704,0.9042799000605015,0.9712003159736529,-0.023277869894509085,-0.06041641362342398,0.07961635403031875,-0.9382665017152125,-0.004766076837880329,-1,0.04617816815238507,-0.922122252296507,-0.9826888885168373,-0.060831713007053145,-1,0.09301063144737609,-0.041122804608366925,-0.030050794132336023,0.03478166434933039,1,-0.9936846527416296,-0.05720899944534785,-0.9542872421018712,0.9621107531801808,-0.016688915707584906
1963-05-23,0.9240970764095616,1,-0.009258809084243369,1,1,-1,-0.9041799412500895,1,0.06561953861965542,0.868339371746484,0.9378818074302073,1,-1,-0.9849347133812796,-0.057048415528164975,1,0.03949887500450766,-0.029689889413062387,-1,-1,-0.8830079307680779,-0.9762771050868235,-0.9671220744874353,0.9228438046585625,1,-1,-1,-1,-0.016726151330229366,0.9588772066059756
1963-05-24,-0.010025676551498441,0.037397381707204524,-0.9656891654694334,0.0010756589357698854,0.10259331387638382,-1,-1,0.013177228898490712,-0.927929716115887,1,1,0.07465207031227306,-1,0.008144345520410767,-1,0.07122943469917864,0.9553929512618705,0.9065545976400406,-0.080195981627882107,-1,-1,-1,-1,1,1,-0.13154934930356488,-0.041296295731831245,-0.014860690278854172,0.9733366981513508,1
1963-05-25,-0.9730314083918037,0.9750548092988636,0.022615307915867744,0.9753883304479385,1,-0.11317982753875921,-1,0.9906874878864377,-0.01708416379785771,1,0.022708460222270244,1,-1,-0.913244029431216,-0.0667932891224865,1,1,-0.004656826040106976,0.8296382676532035,-1,-1,-1,-0.06130051053445307,1,0.03046675414437683,0.7880364884390555,0.885380309348047,-0.969138075716534,8.084274771901212e-4,0.025258222191472668
1963-05-26,-0.030007478149804534,1,-0.9424592949291436,1,0.034101106260656655,0.8710840447377312,-0.03999768479254451,1,-0.9565358558467255,0.0031561628761549443,-0.9670505792813844,1,-1,-1,-1,0.06924848064462286,1,-0.9777470289148078,-0.059039600562778016,-1,-1,-1,0.870920677597814,1,-0.9353485980427059,1,1,-1,1,0.9929909686274396
1963-06-01,-1,1,-1,0.0012789933021423172,-0.9534309018962183,-0.09717190466200365,-1,0.04221175850230208,-1,-0.97618156069457,-1,1,-1,-1,-0.047944842801296295,-0.8888211401323741,0.017282266271149926,0.017880566562962663,-1,-1,-0.020785735184875254,-1,-0.09852998741553742,1,0.043167907881388246,1,0.04878900670936259,-1,0.001494318747956025,0.016763137514452908
1963-06-08,-1,1,-1,0.996085370633616,-1,-1,-1,1,-0.06261625784021985,-1,-4.301795845355061e-4,0.0045715353916443435,-0.003230969784843274,-4.021706187784524e-5,0.9005334828381444,-1,-0.9501334910433274,0.9793607836519111,-0.1326262135631845,-0.028412222414479493,-1,-0.031855215391500824,0.8368368992674424,1,-0.9122208339634966,1,0.9936021130814742,-0.08991610056535504,-0.9369472137268102,0.9800712693154906
1963-06-10,-1,0.04606041486348411,-1,0.07124645795219875,-1,-1,-0.010914600076588177,1,0.9322483027179691,-0.041086397000748454,0.9365879033829452,-0.9521310775363027,0.9694936470576034,-0.9157232223932166,1,-1,-1,0.013074107012180147,-1,0.9678578737083179,-0.05167939263882526,-0.9217815462716975,1,0.03964663032473981,0.054354898378539684,1,1,-1,-1,-0.010426618566550583
1963-06-16,-0.0830663445484684,0.9665401240069483,-0.015259310197804021,-0.9211378600214052,-1,-1,0.9030857116467522,1,1,-0.9675549091487697,-0.034351022249479946,-1,1,-1,0.04185885571027015,-1,-0.014348683387049421,-0.971602939657732,-1,-0.002311012312990468,0.9019575615498739,-1,0.03707556407072543,0.986283087770521,1,1,1,-1,-1,-0.96060054942107
1963-06-17,0.8737938371595142,-0.02786743509151335,-1,-1,-0.06259388979203595,-1,1,1,0.00818668189734928,-0.029374226227279032,0.95766457843558,-1,0.04273072516310228,-1,-0.8904323975498648,-0.014999721115836362,-1,-1,-1,-0.9420425323063958,1,-1,1,1,1,1,0.007683225439710006,-1,-1,-0.004831331277597051
1964-01-04,1,0.9331163333974449,-0.017012284796972144,-1,-0.9710558754583724,-0.04574589831811804,0.02032350974195074,1,0.9984380577960917,0.8801292850091549,0.08140712064505162,-0.011833676635466417,0.9711765325981224,-1,0.08030263318996578,0.9340792518350323,-0.021877462558149152,-0.00682643821988016,-1,-0.0045193940114324205,0.07735864363812839,-0.021201325634608525,0.01875510417241777,0.013094277730185788,1,1,-0.95506545974631,-1,-0.04528287408753873,-0.9911374962368508
1964-01-08,1,-0.042047114418623854,-0.9781449919988084,-1,-0.045700527607786645,0.9034974741473762,0.9907459723118613,1,0.031002773306909037,1,-0.8802709640227363,-0.9484953830350896,0.06401365284370097,-0.05355121964101939,1,-0.05697586703630919,-0.9825161882345943,0.9759099007260256,-0.006185496098985777,-0.9914263374856088,1,-0.9560611213960192,0.9728232288416749,0.9263342895155247,1,0.026695337875067615,0.042513542436837914,-0.022104888585839588,0.9229251825604412,-0.021155100730414267
1964-01-28,1,-1,-1,-1,0.9255008293723548,-0.06383697711394831,-0.007163755328045696,0.08667393873884077,0.9506460408019182,0.012183054518693504,-1,0.04392086251474825,-0.8880787537555147,-1,9.535396185387235e-4,0.9090089487100408,-1,0.0063586616921669226,-0.9866918463658586,-1,0.03614520564613133,-0.013988850333731873,1,1,1,-0.9618571171376024,0.8854400312717962,0.9551048538683272,-0.06338745144485025,-1
1964-01-29,1,-0.04025855351405039,-1,-0.006188213222081518,-0.05944127552593215,0.9211398050566272,-0.9825994297890119,1,0.01811453876575908,0.9994211574630248,-1,-0.8739057028021974,-1,-1,-0.9810213699264079,1,-0.043317804895665946,1,-1,-0.0463313474725533,-0.877322981268181,-0.9606132300237467,1,1,0.02238019591765894,-1,1,0.03185039088629471,-1,-1
1964-02-17,1,0.8912202848290035,-1,-0.9780567431730596,0.8210737989948782,-0.07103480463817302,-1,0.12091151613005247,-0.9559355738175256,0.07418972933215151,-0.06222191859381798,0.10868371019659928,-0.07210345082428271,-1,-1,1,-0.9361529282261148,1,-0.004783231285854339,-1,-1,0.008866128108992233,1,1,-0.9563200714187762,-0.0527540261386662,1,-0.9405335966426797,-0.041080365926670304,-0.019634337065080887
1964-02-20,0.10417002728636082,1,-0.07437484233377001,0.007563563438687915,-0.13013241549660648,-1,-0.004389935816950574,-0.8590430742488356,-1,1,0.93144314921205,-0.8559793527600342,0.8390160238816956,-1,-0.06540247362581653,1,-1,1,-0.9797463968890849,-1,-0.014375415007524595,-0.8636193828507595,1,0.037748735373240305,-0.023221651240685537,-0.9980237300499651,0.07262733929189047,0.057311509082215384,-0.9846381316652459,0.9691616962596719
1964-02-24,1,0.02910877343046836,0.9014627078814678,-0.9510597382170196,-1,-0.019056774187043657,0.9696802162021156,0.10724871188951823,-1,1,-0.03118544413005553,0.09386383950869537,1,-0.04172349075810189,0.853912652084384,1,-0.11163367913446343,0.09666154573023156,-1,-1,-0.9532319899642662,-1,0.05788796456027945,-0.9473865670939511,-1,-1,-0.8858393136714707,-0.871872601668034,-1,0.06129772673212619
1964-02-26,1,-0.9225650081855313,1,-1,-0.04101765697189774,0.8898765682224192,0.050964583190350465,1,-1,0.052360786295234885,-0.9607895477215319,-0.8058911822862889,0.0224622329120443,0.9324186518273144,1,1,-1,1,-1,-1,-0.005571660690482871,-1,1,-1,-0.018730462069674547,-0.047074639174067734,0.07959122858145495,-1,-1,0.9820252731457386
1964-02-27,1,-1,1,-1,0.8896372538135867,-0.09626868882971062,1,0.04252750348339229,-1,-0.833699302428868,-0.008009869788567658,-1,0.9696865327496046,1,1,1,-0.04662153021630355,0.040726320191479815,-0.026023681988246894,-1,-0.9740161182339963,-0.0438885825198706,1,-1,0.9372287410902967,0.9330005007622256,-0.8555661609963626,-0.0019205922507536943,-1,1
1964-03-05,0.04169950696709057,-1,1,-0.01311180453235894,-0.06734009067958857,-1,1,1,-1,-1,0.9475423271423389,-1,-0.025947489601686913,0.01623468586202026,0.00892852869211791,0.05126980984716867,-1,-0.8869852320445074,0.890703471955676,-0.07551022361253645,-0.026111934159327332,-0.9619769358769373,0.018910454195055437,-0.0097641487969512,-0.05158453636082949,1,0.09623600382579367,-0.9840068905280243,-1,0.009735610516752313
1964-03-07,1,-0.06975550461365632,0.010028304287163281,0.9208973169272678,-0.9962754453240544,-0.05224669510732394,1,0.046462686893083305,-0.06602975859225257,-1,-0.012466837605591863,-1,-0.9477882809841891,-0.9323576775063448,0.9333592159429797,-0.9136731351842174,-1,-1,1,0.9111534211124581,-0.9283685209437688,0.02232461566882571,0.9652003443417924,0.9644888545428105,0.9122855113686351,0.03671126456884066,1,0.013806550197216438,-0.00919982388506635,0.9117112468278388
1964-03-08,1,-1,-0.9502170189507267,-0.0683181507219689,-0.05352533331628895,-1,0.05696210045901362,-0.9410616505156839,-1,-1,-1,-1,-1,-1,1,-1,-1,-0.10547664089519149,0.02204997138352327,1,0.027300553138278727,0.9837586416031038,1,1,-0.05322409837819986,-0.9268313766366569,1,-0.9015591941503255,0.9854651585660532,1
1964-03-12,1,-1,-1,-1,-0.9973178594454962,-0.009383939139307573,0.9922787608015496,-1,-1,-1,-1,-1,-0.039304808775012745,-0.07087779302285813,1,-1,-0.026565715347233954,-1,-0.9286641701818875,2.9057425326750597e-4,-0.8464193591533825,-0.012209119215607744,0.07200175271077414,0.0370686303586536,0.8921732204414247,-1,0.10800559495324058,0.04311068482032754,1,0.0906222649029561
1964-03-18,0.003307370707408941,-1,-0.1650291678593956,-1,-1,-0.9618251609038789,0.061178858796264834,-0.04199736751897598,-1,-1,-1,-0.049687904363134305,-1,-0.9657642299747415,1,-1,0.9680622825083379,-1,0.0271516716006992,0.991076862350113,-1,0.9704776941077832,1,-0.9509252850796897,1,-1,1,-0.92755132756571,1,-0.8681824552845384
1964-05-02,1,-0.011875469053628684,-1,-0.020319263046679525,-0.08620083212006291,0.034486070004209224,0.9884826855963372,0.9328455353076479,-1,-0.04902879962134321,-1,0.9305464095921356,-0.0722119132189033,-1,1,-0.07411813229999753,-0.006968618013552197,-1,0.9586826866949372,1,-0.013853362720766316,1,0.046072340967990844,-0.006082829097261544,0.09059088228037626,-1,1,0.0032534331398325067,0.014221324868631036,0.12764813834243427
1964-05-04,1,-1,-1,0.9732300831634376,0.8906762041290788,-0.9400331248591678,0.03038971040685745,1,-0.06774486750224895,-1,-1,-0.03609077354411705,0.913556341548174,-0.03268187403462508,1,-1,-0.9872906404964698,-1,0.02745522667081224,6.75150150790893e-4,0.9615162815527728,1,1,-0.9884966208221109,1,-1,0.003515805075160472,0.9158453392986722,0.961663194221712,-0.825837413126075
1964-05-07,1,-1,-1,1,-0.08533820238821177,-1,0.9873216638315689,1,0.9184438023304193,-1,-1,-1,-0.050027405949597537,0.888133340579785,0.005570277053690842,-0.02964136089297098,-0.060835067303623314,-1,0.9689570554018827,-0.9618655837055828,-0.022237210885822867,0.005388653945340938,0.1089194413055985,-0.05465666841939942,1,-0.037789126427889785,0.964481405140862,1,0.0011094708391280461,-1
1964-05-10,0.05004305164380496,-0.03280142840792322,-1,0.07790780250798557,0.9076313711552707,-1,0.046126338495317,1,1,-0.04296166039640814,-1,-1,-1,-0.04454681086610757,0.9902683845722382,-0.9978517185123464,0.9270655739100693,-0.07818976343946549,1,-1,0.9255988598682104,0.9604720407540023,1,0.8922291091157396,1,0.8904396036288041,0.022421887504025406,0.019453422421319977,-0.9738793920005036,-1
1964-05-13,1,0.9377414172551214,-0.009826732817395656,-0.9133830984415595,1,-0.028540124177412918,-0.8682056326577201,1,1,0.9455520878042861,-0.04132558224853511,-0.08049747579837485,-0.023341313572510014,0.93248716943273,1,-1,1,0.9162869956534978,0.009258420371759724,-0.0198911604640869,1,-0.012791515376620044,0.03132738290246373,1,0.03129061764457597,1,-0.9725697472957691,0.9875941433412895,-1,-1
1964-05-15,0.054033366786390036,-0.008165588982328442,0.974350615999664,0.06266584087586102,1,0.9559675466819433,-1,0.011709889959930164,0.013893373175077106,1,0.9567344410457179,-1,0.9106897059978402,0.005651243316414756,0.07683514225544208,-1,0.02333725094725314,1,0.9172957164902926,-0.9325687740768186,1,-0.9891048000365462,1,1,1,1,-1,0.003922936040314906,-1,-1
1964-06-15,1,0.9682541642622498,1,1,0.04548489856491689,1,-0.028239876777512718,-0.9071910256267225,0.9568557369802099,0.006673970278282426,1,-0.09605831410378063,1,-0.967005638302681,1,-1,1,0.011782874761227413,-0.03624315187830751,0.048807692225921295,1,-1,1,0.04649326005891674,1,1,-0.038024009355368316,-0.9065552542444794,-1,-1
1964-10-01,0.005295791087682189,1,1,0.06687124507769948,-0.9406959417050296,0.07647738385274638,-1,-1,0.00913044649353223,-0.9866899740769436,0.04882418352143292,-1,1,-1,0.0023627339011554893,-0.040375153781344486,1,-0.9429128477660026,0.9191967445453294,1,1,-1,0.03352247062035363,-0.9154388232006441,1,1,-0.9590083000455791,0.0905647220043776,-0.00812233711780852,-0.03174078815064918
1964-10-13,-0.9861552272568734,0.006469836640038085,0.1529129453435718,-0.9221135573576827,-1,-0.9179744780878566,-0.037031454433729016,-0.021631773506524343,-0.9076046909316339,-1,-0.9159944228373748,-0.043004750330133845,0.02272288505798581,-0.10510108284366892,0.9481524380300135,-1,0.029166699571876564,0.04819750887003327,1,1,1,-0.04377835877690883,-0.9564901866550545,-1,0.0316659173734275,0.003363934763838783,0.03362421846673569,-0.7930205458286532,-0.9631130932433452,-1
1964-10-25,-0.021264273114120935,0.9546192685632305,1,-1,-1,-1,-1,-1,-1,-0.030147253505882876,0.0819581325449128,0.9451995729288082,1,0.8568066410063078,-0.03836250455244439,-0.05836225859709021,1,0.9725008273602928,0.010780092194745183,0.10048024046651449,1,0.9292896943386618,0.03638740193773515,-0.07654541477275367,1,0.9941350986365679,0.9704285290459719,0.19563855031714217,-1,-0.008576063888295793
1964-10-26,0.945463248325181,-0.012971681918233835,0.005925399266171416,-1,-1,-0.05222832358525997,-0.004694072622909218,-1,-1,-1,-0.8397201106588381,-0.04074932896305228,1,1,0.94430208459781,-1,0.028120765580726625,1,-0.922431661782754,-0.8613127755765204,1,1,0.9548060735543634,0.8820521507086367,0.03357773535454456,0.13977628374652062,1,1,-1,0.9904378707207533
1964-10-28,1,-1,0.9717608037158582,-0.01765117026004903,-1,-0.9670023669648652,0.9192694666027326,-1,-1,-1,0.11194894676726486,0.9263007970715129,0.0063922870389906405,0.03035682374773796,-0.04967755601567503,-1,-0.8524341701324957,1,-1,-1,1,0.02500062343147902,-0.011066209705484442,-0.0749677403770963,1,1,0.11710228929359501,0.006236713487383971,-1,1
1964-11-01,1,-0.07006524449939866,1,0.9688484530047401,-0.02931712242723339,-1,-0.062316282287985136,-0.07726162881018084,-1,-1,-0.8585771374005592,1,0.9766936939383214,-0.9443221764630207,0.9054267491971204,-1,-1,0.017176241359151634,-0.10565627242136633,-1,0.09661641277733146,0.9913841950867666,-0.9624724837165574,-1,0.08538418350482824,1,-0.879576672682313,0.9375334294874129,-1,1
1964-11-02,1,-1,0.017714257957261892,-0.015238482547507703,-1,-0.010984394423206756,-0.9735534949188982,0.9183593609422651,-0.023901798945884623,-1,-1,1,0.049695887237277914,-0.053475687883315914,1,-1,-0.07348199516811937,-0.9717419801317385,-1,-0.09729631407322281,-0.8523917387677122,1,-0.01655292289845689,-1,-0.8559774802686624,0.0717039335910491,-1,0.044111886700930913,-0.0058984680780787,0.01683501310654667
1964-11-07,1,-0.02835361100867928,-0.9454902959854455,0.9356290537638284,-0.030374178037304467,0.9196054462009875,-1,1,-0.9498598242061298,-0.0988247398537524,-0.02282562277939526,1,1,0.9448331524770798,0.05968163300263518,-0.017539606218422432,0.8763314210133142,-1,-2.4000724177108967e-4,0.8488732904408083,-1,0.033614981400517885,-0.9250393851221999,-0.06715406787946798,-1,-0.8836132833467178,-1,0.9641347459188903,-0.9479052502707982,0.9986235074925485
1964-11-08,0.00993386307558275,0.9157631559060095,0.05207639005154441,-0.050567247288457406,0.9457238221946416,-0.06535887041980004,-1,1,0.016110294025295402,-1,-0.9446858845622815,0.005655854576934738,1,-0.023468984070393883,-0.9211210967752586,-0.9483586640390849,-2.7997597825968334e-4,-1,-0.9866073560368991,-0.007975481617211067,-1,-0.9406039195376932,0.04973792332756022,-1,-1,0.08177731327339233,-1,0.0196294298289581,-0.011508595470268168,1
1964-11-09,-0.9895420859666987,0.009277292404261894,-0.9198186085263984,0.9483025230233216,-0.0013532406369410888,0.8123717668971037,-0.0236936207149121,1,0.9364892682439384,-0.11658183589618498,-0.019086288122826756,-0.9496195533605096,0.057383071944736797,-0.9757611887512636,0.027517001484751114,-0.018106756007984837,0.9110818413238984,-1,-0.020881604520327723,0.9863801228644948,-0.040923087804517144,0.011910547974824826,0.9729594055389993,-0.02366130716754722,-1.4631776476448088e-4,1,-0.0841259503076619,-0.9796030925563356,-0.9520255774375203,0.0340021798279776
1964-11-11,-1,-0.9864788064184181,0.04810958809236188,1,0.9970726391719911,-0.1851772503520187,0.9524056613773255,1,-0.0338168686815411,0.8820684545623778,0.9328023531620672,-1,-0.8244713477973016,-1,-0.9528593767406462,-1,1,-1,0.9641711112017042,1,0.9210503401990336,-0.9624474432048837,0.006902219369612328,0.8970995925277638,0.9772965687690469,0.030356656791747372,-1,-1,-1,-0.9238109213508993
1964-11-12,-1,-1,-0.8704989408409407,0.010525283756723791,0.004878425533844988,-1,-0.04577638692766528,0.09022148999772295,-0.9814363911514329,1,1,-1,0.07638258368513706,-1,-1,-1,0.020948065142207928,-1,-0.010409292622193922,0.05970058818443047,1,-1,0.9949312997929439,1,-0.00898191796820913,-0.9637621946624076,-0.03249601134081004,-0.040788229652867214,-1,0.07529292325951864
1964-11-13,-1,-0.027340373240689497,-1,-0.9586591256884688,0.9586096006157089,-1,0.8675915464723399,1,-1,0.005161139545290627,0.03744993352298209,-1,-0.9191429936510381,-1,-0.005811632841803083,-1,-0.9539538982299547,-1,-0.8386640610267225,-0.8707802372370557,0.009313565970212156,-1,0.027761983199313223,1,-0.9917246996469505,0.029635663226031395,0.9464377104570828,0.9500293598370445,-1,-0.8788291371579325
1964-11-14,-1,0.8743920620899274,-1,-1,1,-0.005430702689391276,1,0.028480742928233882,-1,0.9853048428489141,-0.9380193530202774,-1,0.05647398415077953,-0.03423517104206564,0.9762152248537578,-1,0.03977686915671519,-1,0.07877689477773964,0.08736542158701788,-0.9634845513790006,-0.0933638687150311,0.9475555734243517,0.06267954468279835,-0.039619942097663174,-0.9295717898867077,1,1,-0.05264825403878093,-1
1964-11-15,-1,-0.11592078949897366,-1,-0.007504081167613141,0.02445896093156108,0.977961775225557,0.04022278727472095,0.9378253554483678,-1,0.05463155208706039,-1,-0.10224710972797746,1,0.9387419207907862,1,-0.025543804170585882,1,-1,1,-0.8915362003795849,-1,0.8418766049331354,-0.03105445716129218,-0.8839173560945989,-1,-1,0.047422015785571925,0.006530311125451771,-1,-0.046257781815804755
1964-11-16,-0.085554745390652,-1,-1,0.9679462110900438,-0.913841109651947,0.00411696878276091,0.9532044883519091,1,-1,1,-1,-1,1,1,1,-0.9945589034240704,0.021355012613134883,-1,1,-1,-1,1,0.9267608477154826,0.11521663130978688,-0.01736733308603111,-1,1,-0.9763998810777638,-1,0.9156917030712545
1964-11-19,0.8413949168812469,-1,-1,0.006128822831503622,-0.027730537341005057,0.9304344910302873,0.006355871010635505,0.0961972211445351,-1,0.03277532455857013,-0.025251379766271453,-1,1,0.05166475612562538,0.01042176379010784,0.0033794855321086503,-0.9556654019215777,-0.04752213913385539,1,-1,-1,1,1,-0.8597417000271127,-0.9962096392431372,-1,0.006646748889730714,-1,-1,1
1964-11-20,1,-1,-0.060689671793876965,0.923003719449255,0.9591285510254661,1,0.9629386345048335,0.9792135027820417,-1,1,0.9485748536633691,-0.05508040227771871,1,0.9665612328870147,0.9793774959303846,0.9887259282993638,2.5653215575383026e-4,0.9299270241612636,0.03315657174657516,-1,-0.014198861721420375,0.016181989500532956,1,-1,-0.041523989383786986,-0.0011482736457733012,-0.9630580937397483,-1,-1,1
1964-11-22,0.009079572669412284,-0.025791527512788126,0.8084088104345747,1,0.02007045487482151,1,0.027770338242347314,1,-1,0.0577059935882539,1,-0.9415257733356966,1,0.005176038147894468,1,1,0.9622836966437768,1,-0.9130373618324428,-1,-1,0.9894930453880841,1,-1,0.9218586318050815,0.987621473657827,-0.04312801665951882,-1,-0.02174151539253366,1
1964-11-24,0.9651339766353116,-0.9502182855200639,1,0.02236472321109506,-0.8932087943338499,1,-0.9501121029037355,1,-1,-0.916513841926955,1,-1,0.013605137541777612,0.9448336504869388,1,0.030076333581476544,1,0.023921239817478734,0.04930179060203321,-1,-0.010351675733153098,1,0.027817423404849273,-1,0.004331902673864074,0.0018957164873055765,-1,-1,0.965302755476381,0.09945704544053746
1964-11-25,0.00464929749794496,0.013406629699362793,1,-0.9503812288302933,-1,1,0.027445290091346553,0.05511096629853307,-0.015163504251140436,0.023717664133826033,0.047189926741389,-0.040142340309717306,1,-0.007206181645902254,1,1,0.032289796558475414,-0.9418801963299956,0.9914381567162656,-0.028803892551000576,0.9884335312674531,0.058418889181963585,1,-0.01782906665007633,-0.9458115499368719,0.998519965544232,-0.02760315328725027,-0.016836649555897365,-0.034181616193590836,1
1964-11-26,-0.9341584600821853,0.978221643471286,0.009987649003451615,0.036503943333274,-0.10289744852598226,1,-0.9077254770575354,0.940159207129487,-0.9985456120276961,0.9822523593681086,-0.9167482276141102,-1,1,-0.9729197868641195,0.01708586802717571,1,0.9646765926536173,-0.00733308852984782,0.04303377500914218,-1,1,1,1,0.9817567005223458,0.04407437761336963,1,0.9624066930572032,-0.9930260404411891,-0.966076064302199,0.026864169984786246
1964-11-30,-1,1,-0.9897360057354304,-0.8619825531238935,0.8865157104447076,0.08845525634354467,-1,-0.053964915962390614,-1,0.002589094396706182,0.04018947519493621,-1,1,-1,0.9687254826700551,1,1,-0.9360522145877291,1,-1,0.06025052274639875,1,0.07356907469333751,0.09286087911802932,-0.9140376675002696,0.02489127920072587,-0.027473433505652456,-0.02164486392612719,-1,-0.936564590567864
1964-12-03,-1,0.06336131964702452,-1,0.08072554569686019,-0.08515050255162937,1,-0.080502609467485,0.8945200686845216,-1,1,1,-0.0659369031058934,0.009436591835725094,-0.02809765196622216,-0.015816058263718125,0.0018694589706720333,1,-1,0.03309328982473614,-0.022184171712351763,1,1,-0.8990277153862835,-0.9049577065430185,-1,-0.9166555780372023,-0.9727340727620044,-1,-1,-1
1964-12-04,-0.13351698794139266,-0.9090834658910311,-0.04037101144844546,-0.8867686352789432,0.858563797388196,1,0.8703882200751979,1,-1,1,0.023835445244695053,0.8893177563353274,-0.8694731297690992,0.9481581152070965,-0.9763054884162853,0.9911496383634735,1,-1,-0.8985415680664305,0.9552994462537295,1,0.014873161001049628,0.011006150077802368,-1,-1,0.010207054980512442,-1,-0.034489707581070506,-0.015698386898911565,-1
1964-12-05,-1,-1,0.925408684911397,0.06458424738080226,-0.06338502944336977,1,1,0.07910726157882131,-0.061064424409576046,0.09903340898791269,-0.8771034942230316,-0.04933415082440029,2.575928445893716e-4,1,-1,0.05395571310514857,1,-1,-1,-0.0042074302459866875,0.04474414182306985,-0.9739639851114269,-0.976657581394976,-1,-0.02262645912854544,0.9612823187190136,-1,-0.9516179235091003,0.9657522876184634,-1
1964-12-06,-1,-1,1,-0.8948945340695342,-1,0.01453863351715079,0.07212912911134328,1,0.8476625791165546,-0.889956798191873,-1,0.9480185644697423,-0.940309181444041,1,-1,-0.9432319006727046,1,-1,-0.022909058033505736,0.9771447633471352,-0.9489973162837596,0.0227529260483903,-1,-0.026677607270431225,0.9557828364250001,-0.013681749954147504,-1,0.04108877062488825,1,-0.06491776073185518
1964-12-08,-1,-0.11063108943428679,1,-1,-0.025079011107798643,0.996881910950557,-0.9092888866204979,0.0072772771539806325,1,0.07701723291244145,-1,-0.036790238696594146,-1,1,-0.049421124870515865,-1,0.05412492681994463,-1,-0.9638649000231622,0.02283904318651986,-1,0.9472600567049185,-0.016423688354512134,-1,0.03074040516192489,-0.9862494384829786,-0.010265920628568792,-0.9474715634617895,0.022351157021585633,0.8905873008628566
1964-12-10,-1,0.8739309981936417,0.08226584051476049,-1,-1,1,-1,-0.9853889626266391,1,-0.8971560792634107,-1,0.9538448808235844,-0.05190383547926625,1,0.9076002614779212,-1,-0.8718117747288835,-1,0.026580780328411602,0.9296674621335582,-0.05135720521132825,1,0.9696069054078231,-1,0.9956021171374727,-1,-0.989477578197148,-1,-0.9080832701139557,-0.009528023270706343
1964-12-11,-0.05683369017860651,1,-0.8843301606932281,-1,-1,0.028101992971720224,-0.0074828058921981855,-1,1,0.0949981331863643,-0.04395503503527198,1,0.8685916921127891,0.06420286747239046,1,-1,0.12513615340178652,-1,-0.9351137844556819,-0.05266278936038671,-1,1,1,-1,1,-0.09314460151369564,-1,-1,0.04861069023518316,-0.9733983639581292
1964-12-12,-1,1,0.10681864347876646,-0.024081647082572655,-1,-0.9094780355847546,-0.9339175517420369,-1,0.0159107686922062,-0.8418398830828088,-0.9506830808723021,1,-0.0397205453065157,1,1,-1,-0.8278555361667614,-1,-1,0.9425697771159938,-0.03548383395101751,1,0.027453694580872212,-0.0590957816679919,1,0.8168580115047732,-0.06257227740200777,-0.01793868706446544,0.9823865258160379,-0.036442530878309065
1964-12-14,-1,1,-0.8741890497312309,0.9232763136756533,-1.4120995933675218e-6,0.06607424584511212,-1,-1,0.9558332989388703,0.13784374089342144,0.03597883604166563,1,0.8702674152961589,1,1,-1,-1,-1,-0.010661044380684492,1,-0.9926951839017797,1,1,-1,1,1,0.8689987617753356,-1,0.026355998856362417,-0.8883684408484562
1964-12-15,-1,1,0.049651852815613906,-0.046835426208246655,-0.9805920274227103,1,-0.019597020919495445,-0.026357853358582206,1,-0.8576824987263475,1,0.03039847426306741,1,1,0.08681341806504073,-0.004347808883335635,-0.07936481264304263,-1,0.9539748551695818,1,-0.032768024820051256,0.06960389568102188,0.017463878248048403,-0.03471116154857656,0.03583536273577659,0.019248362548441533,1,-0.02648244811886391,0.9734509921992407,0.05983291000864066
1964-12-16,-0.018733243872939287,0.020532426426205563,1,-0.9629828908986889,-0.05595691773170641,0.01892973765280448,0.9735018000862551,-1,0.056262528895637653,0.0860285242535268,0.024432555518670962,1,1,1,1,0.9878047985186061,0.8723312373296547,-0.07246416955319368,0.006950782390363619,0.013256238538323029,0.9614452321994177,0.9808721538791684,-0.9373662689238093,-1,-0.9051473556905736,0.9385955631182711,0.04956581623377332,0.9604363077375447,-0.02484329115972761,0.9532175188920302
1964-12-17,-0.9521836660446276,-0.9665182743892944,0.015421912986156916,-0.01195074004073382,-0.9900234940370864,-0.8312749570581167,1,-0.08455310396324445,0.9648500631788591,-0.8800565432835601,-0.9402396637730066,1,0.06248259451856175,1,1,0.0027348214083391387,-0.11179460766101634,-1,0.9559542342610522,0.9514766539821061,1,1,-1,-1,0.08977320150243484,-0.04412901136574687,-0.8966140742390329,0.02781708541941419,0.9281379573027985,1
1964-12-18,-1,-0.012808647885843683,0.9012882095974002,0.9490108799113236,-1,-1,1,0.8841671416416733,1,0.09687142682238903,-1,1,1,1,0.026245159577467758,0.831168080453728,0.8454105231105851,-0.05857459732753734,0.018083237895180182,1,0.05189808657604922,0.05702503647448287,-1,-1,-0.8157132857781519,0.9089961043723811,0.10180247165931,1,-0.04309389425409482,1
1964-12-19,-0.007744392296835878,0.9302630375931672,1,-0.03749042307967887,-1,-1,0.07985248626038033,-0.11303138333413898,0.08703865083684059,-0.8846707713149046,-1,1,0.045378777250399516,0.0814608965742939,1,-0.11155181999108787,1,-1,1,0.09618048465054008,-0.8766743765336439,1,-1,-1,-1,1,-0.8496987617892954,0.059747510447654584,-1,0.06420045657928541
1964-12-20,-0.9626566010352796,1,1,0.9480839477433793,-1,-1,1,-1,1,-0.006568298866394207,-0.021461847607353257,1,1,1,0.02094031924451889,0.8558166561903466,0.03499511045673054,-0.054109891764790974,1,-0.8310694765902724,0.022046545618678692,0.0435631055548954,-1,-1,-1,1,-1,1,-0.10766539388880103,1
1964-12-21,-1,1,0.0664840226332506,-0.006210834468344473,-1,-1,0.030991704082121263,-0.043267988121269196,1,-0.9409527940529543,-0.991835201082695,0.05131556224881173,1,0.02331300093680333,0.9731685177250985,-0.1337192274778196,1,-1,1,-1,-0.9765991547419263,1,-1,-0.02632973321155474,-1,0.09226700790074593,-1,1,-1,1
1964-12-24,-1,1,-0.9094287842246537,0.9255479337670601,-0.03621749141143382,-0.0034422433460353785,-0.9164512942938359,-1,1,0.02846880168837851,-1,-0.9349554385384657,1,-0.9645551472108568,0.028796426460505065,0.8490334491402388,0.0641590398270312,-0.02535658309154487,1,-1,-1,0.042496784026450185,-0.07115784127722502,0.8913496633958532,-0.02236293262911815,-0.869626726171101,-1,0.12497223461883167,-1,0.00988786933640895
1964-12-25,-1,1,-1,0.019038321143748704,-1,-0.9890735047241824,-1,-0.05046475944936046,0.029467740725190872,-0.9252229504315225,-0.04843985031292075,0.06213942314187548,0.05507645030408814,0.03317941723428053,-0.9448781552915747,1,-0.8397505602973979,-0.9559756772413004,0.006697518416447612,-0.12469835537568097,-0.018849807365749927,-0.9303889404276644,0.8898580420061438,-0.041001729734830406,-1,-1,-1,-0.8730695193526868,-0.04772468185970957,0.9551651286137837
1964-12-26,-0.017494959301690094,0.050620658217119585,-0.09486254680549022,0.9691429897809096,-0.035762706676630396,-0.007165291099061055,-0.01029617067835975,0.9202624302108077,0.9916728726130701,0.055469537895059595,0.9290431548490956,1,-0.8623399113309091,1,0.03826656226641578,0.017788220119300924,-1,0.011956195105718326,0.9241609885373768,-1,0.9331678933099201,0.03160428964132411,-0.09219080227827214,0.8523034537276567,-0.021097684546477535,-0.01528285915808647,-1,0.09033077340065976,0.9097691648211635,1
1964-12-27,-0.9647104145361799,1,-1,0.02944355605522253,-0.9673930165319093,-0.9603088410884266,0.9495255896327551,0.0011957887858327076,1,1,1,0.044034615879020356,0.09188530374817117,0.008834222868104091,0.9637170889454653,-0.8883618284276193,-0.01441919958034521,0.967311397124942,-0.07286595001592688,-1,1,-0.892454064291463,-0.9740130048879667,1,0.9628900748942609,0.9756120848070946,-0.014650417901976076,1,1,1
1964-12-30,-1,1,-1,0.9919421304267647,-0.014537364210177595,0.004929995453412994,1,0.9483065242589306,1,1,1,1,1,0.9761794862750112,-0.03202135824387209,0.07997807230908849,-0.9121550727826881,5.512869254032937e-4,0.8905658740416884,-4.8602607568837275e-4,1,-1,0.0014754994176584546,1,1,1,0.9655230904925493,1,1,0.010266815852549405
1964-12-31,-0.0210969208652122,1,-1,0.015318487595007868,-1,-0.9669206027190835,1,1,0.07644758997886225,1,0.020178014823510004,1,0.05899252883637485,0.06353168693090772,0.9577036897094695,1,0.01983349063019002,-0.9599743503051107,1,0.9814747695199345,1,-1,-0.974538443406741,0.03591010542632067,1,1,0.03175272337556012,1,1,-0.9703968878505587
1965-01-01,-0.9917087382083432,0.020209995044044193,-0.03941863048140981,1,-1,-1,1,1,1,0.05975314136454557,-0.9683962792408811,0.06378401661091782,-0.8880519782071566,-0.9292295585876631,0.06897185447115861,1,1,0.034009858553702865,1,1,1,-1,-1,0.9386431610876748,1,0.1230822553012928,-0.9031940708253826,1,1,-1
1965-01-03,-0.037917694594955975,0.9834478796282866,-1,0.004480012009218992,-0.005303334069268417,-0.02465423957372148,1,0.02394061120101465,1,-0.8800895113234753,-1,1,-1,-1,0.9826721596268123,1,1,1,1,1,1,-0.0421882709606336,-0.03981378585735229,1,0.0629123497475571,-0.7940188701885785,0.05370577787025144,0.009186153448082712,1,-1
1965-01-05,-0.999052241144827,1,-1,0.9876533764611073,-0.9396977769721302,-0.9824580476275352,1,0.9845553737049091,0.06941233026064875,-1,-0.033737807336546743,1,-0.011158493695622385,-0.028572876307386474,0.030161959403504524,0.013711162744812544,1,1,0.03346994566212125,0.02046257048747724,0.05347364905545826,0.8996795241996288,-0.9957296832996735,1,1,-1,0.9106777446248923,-0.9742282864020688,1,-0.08531750626623835
1965-01-07,-0.012589697524505339,1,-1,0.07438088651117125,-1,-0.03839927069460858,1,1,0.9911139318198214,-0.006136337635885503,-0.9711348883259587,1,0.9396777135871547,0.823413952010914,1,-0.9723534546034791,1,1,-0.9004302425016492,0.9162510464874377,-0.9209549782527019,1,-0.041663540095341234,1,0.01083415115655384,-1,1,-1,1,0.8920270432687492
1965-01-10,-0.967527079915933,0.016394903675342576,-0.028020795410535926,1,-0.007461348424031122,-0.9786082230581558,1,0.07157480441154762,1,0.9689260074358983,-1,0.07509417437798471,-0.00966415865084913,1,0.07031728902937973,0.01562858788918009,1,0.023754920658800582,0.09612803355538779,1,-1,1,0.8682022995059896,0.019524920339716867,0.9854610168962586,-1,1,-0.017381279267869254,1,-0.09599475321185824
1965-01-11,0.02598240611205782,-0.9319912202536268,-0.8973452054561616,1,0.894306335860802,-0.0028698221458708373,0.02312270057500343,-0.921669431641366,1,1,-0.04340171192827036,-0.8457540139908147,-1,0.07651250999448078,1,1,0.060419316118463406,0.9817572200641566,-0.8410297262745802,0.04076014172413067,-0.021436447315974938,0.014965567224315968,-0.11189271565274528,-0.978656445174385,0.003057480318061745,-0.12744537601705386,1,0.9583745858321481,0.005824523264242543,-1
1965-01-13,-0.9613567628789838,0.0141379572567919,-1,0.02198273116839755,1,0.9752026251479801,1,-1,0.02902223682366334,1,0.9484393264150194,0.08935138262334108,-0.020744411079030023,-0.9036929042772719,0.02828612883157311,1,1,0.029495148269698568,0.13666002195078597,-0.9197355482059956,-0.9907028644479262,0.9971864461582294,-1,-1,-0.9729626631094098,0.871948987790443,1,-0.011706258353311738,0.9318806203488693,-1
1965-01-14,-1,-0.9120481370049826,-0.01408427635997822,0.9217852257996687,0.044270149286954164,-0.014482323587059587,1,-0.022807907149529516,-0.9377462720551293,0.013384122742221005,-0.023965563172905213,-0.8032494048629021,0.8982291260754459,9.108346924731059e-4,-0.913734533362928,1,1,-0.9613866441678378,-0.8148991687677705,0.021126034341614974,-1,0.02180916365470431,-0.03836253743928941,-0.10194789149757866,-1,1,1,-0.9437069640445866,1,-1
1965-01-16,-0.0019597676508031903,-1,0.9767145250799849,1,-0.8897560027750903,-1,0.1123301600661466,0.9552418149574121,-1,-0.9858955829787577,0.9683951275347872,0.168768835781973,-0.05817381661663723,-0.9549623820356021,0.0786611490305329,1,1,0.02156290082438561,-1,-0.9463632228969481,-1,0.9935388370635537,-1,-1,-0.019334086537627804,0.030109865501633082,0.019505990898736947,-1,1,-0.061068225056693515
1965-01-19,-0.9183348798311746,-0.020449256929911397,0.01877055845979614,0.012750134249002953,0.07545336138240955,-1,1,0.05916632105918229,-1,-1,1,1,0.9007798132103879,0.03688899752451391,-0.9159105475537249,1,0.04584449843452909,-0.9392486939479014,-1,-1,-0.05468067402120036,1,-9.315047942527466e-4,-1,-0.9603136505079024,-0.9078077652764112,-0.9445225050566568,-1,1,0.9343220116664547
1965-01-20,0.05636390203362618,-0.9698725951297035,-0.9724254341984306,0.8851586797936373,1,-0.13909625757833788,1,1,-1,-1,0.044007160709719995,0.03680383548421562,-0.08241468698223653,1,0.07896664695718314,0.008567977703318852,-0.8876065543000249,-1,-0.13756700414276402,-0.039082641132915374,-1,0.02221931710539926,0.9634825335274845,-1,-0.01852819181557641,-1,-1,-1,1,1
1965-01-24,1,-0.04010628880532974,-0.03405929550799314,1,0.06802929084488463,0.8589698415548623,0.007710303239877869,0.0260211825442882,-0.044093865875376226,-0.03708091731874774,-0.9251653377078141,1,-0.9980717751359393,1,1,-0.9772945131634195,0.02035532001023077,-0.022011910533902723,0.8387005373026987,-1,-1,-0.8705580253924169,1,-0.024067924178423517,0.959483095283898,-1,-1,-0.037568041999634705,0.04636008759184307,1
1965-01-25,0.04524383188400427,-1,-1,1,1,1,0.958961887495824,1,0.8856086355231463,0.9088390273111316,0.037741279587763854,1,-0.07536047591900441,1,0.09522229086153722,-1,-0.9660753555315704,-0.9266504379332955,-0.15577636545768714,-0.018622939960071916,-1,0.09870239497013544,0.02167881424132112,0.9654653894037579,1,-0.050603489187418416,-0.004363258831532768,0.9550295227727358,1,1
1965-01-26,-0.9457670118270546,-1,-1,1,0.03795601580364372,0.023501228865956292,1,0.04766564700645515,1,1,1,1,0.88656440248353,0.008335891031946208,1,-0.03433846319347189,-1,-1,-1,-0.9810134251827523,-1,-0.8743093064448262,-0.9129372046110866,-0.029617820079372636,0.048480779788846795,0.9218306761377172,0.9942209185033346,1,1,1
1965-02-15,0.04312799991152949,-0.0054317227344895525,-1,0.028398589078088787,-0.947024687655635,-0.9641037471116028,1,1,0.11538798272234863,0.0606637769892564,1,1,-0.10248499682403167,-0.98471851621476,5.909606680776225e-5,0.9381229242755772,-1,-1,-0.004382933850262116,0.013006661201503067,-0.07710286428499469,0.021103739775801822,-1,0.9178495502170484,1,-0.06321563427628407,0.03446812536104993,0.003285872007629864,1,0.05593211335359394
1965-02-16,-0.9119135792461762,-0.9643057383301491,-0.005338801325175946,1,0.02136350398829656,-1,1,1,1,-0.9224398211311636,1,1,-1,-0.018781589887514438,0.9672299312196506,1,-1,-0.07632012443334502,-0.8972752508459054,0.9520221762015559,0.8922838036046413,-0.9367588168110124,-0.0017206801308548014,1,0.06765155454056748,0.9239017442669305,-0.959157248079855,-0.9279259247437533,0.03713631299176878,-0.8995913750295443
1965-02-17,0.005924376867052161,0.01438246917290531,0.93391471534668,0.07564113035738307,-0.9691861640475508,-0.06335595420265738,0.016416332301369962,1,0.0690090031554339,0.006823531995333254,1,1,-0.08475891807030789,-0.9828981914910522,0.0026277267745854482,1,-1,-1,0.035048667807264455,1,1,0.021257778450734177,0.9662074377224988,0.019739383135566113,-0.850362405453248,1,0.014353903199812557,5.34836431324015e-4,0.9800716226950922,-1
1965-02-18,-0.919881348351417,-0.9524759310083781,-0.04036292118274709,1,-1,-1,0.9910606238281183,0.035757717814952295,1,0.9737245720866313,1,1,-1,-0.00520080067366957,-0.9472019481985974,1,-0.09285375870560819,-1,1,0.01366649309683754,1,1,1,0.9445155791009876,-1,0.06681238063651307,-0.9251610245335435,0.984275213685977,-0.019565190140413358,-1
1965-02-20,0.071145665919127965,-0.0152302367758399,0.9180618099671268,0.03226834893400765,-0.07217748148991276,-1.815138839873498e-4,1,1,1,1,0.04012897340649324,0.018887479016233333,-1,-0.8912562991477243,-1,1,0.84369243464776,-1,1,-0.9665847344386749,0.04015556553204225,1,0.05793973360692295,1,-0.007995058628576412,-0.8801536427757052,-1,0.037603982536868696,-0.9554703925738335,-1
1965-02-22,-0.8801864452390137,-0.9800830877739557,-0.030156979262188632,0.9727771919847353,-1,0.9515462237844636,1,0.009593128862483091,1,1,1,-0.963580122446876,-0.005415929297590827,-1,-0.0167667729035208,1,1,-0.08761989656145941,0.027992463496127273,-0.06555177082771513,0.9901288851084971,0.009603945092887423,-0.9186747583363579,0.03482528443130106,-1,-1,-1,1,-0.0063810357949273255,-0.02681044405795352
1965-02-24,0.09746782396732745,-1,0.9565462675635249,0.11855574046179018,-1,1,1,-0.9452151823771047,1,1,0.02325352840605377,-1,-0.9597508143490703,-1,0.8922274831190975,0.02176473428828385,0.0494063131093867,0.8039769635631892,-0.9611800953803608,0.9072954529832743,0.0814578150708104,0.923993469112018,-1,-0.895201972178691,-0.03299706728693741,-0.020138108908460683,-1,1,-0.9817691428933728,-1
1965-02-26,1,-0.028348675956471947,-0.03892475304325027,1,-0.095870506058511,1,0.053527519994477246,-1,1,0.04301040999132,-0.951085852687435,-1,-1,-0.018703036548294194,1,-0.9291386652035666,0.9873633625287019,-0.12603641128524135,0.0026917043882354053,1,-0.8671505526534201,-0.05658780295022725,-1,0.055682067638142096,-0.9990306847824874,-0.9788337773483916,-1,1,-0.07237714626083158,-0.08088959768165749
1965-03-15,1,0.9534677202331802,0.9467416842374384,1,0.8886140217307024,0.025606885724397066,-0.9030902831579197,-0.04207574802024472,1,-0.9176359293887967,-1,-0.060918085669788846,-0.02076436603909826,-0.9712348261438668,0.1614995188478855,0.02768124764568447,0.01277442932991657,-1,0.9398283865094191,0.034841933215309706,-1,-1,-1,-0.9159383705265812,-1,-0.021460122179489227,-1,0.07907206053994364,0.8592696831230604,0.8559861162992818
1965-03-17,0.045976368301675286,0.05373520793210318,-0.052741004775114564,0.014483952086243423,1,1,-1,-0.9992121605583569,0.09672754449182941,-1,-1,0.8601706682887987,-0.9304494302569867,-1,1,1,-0.9571992715979164,-0.06265310912636257,1,1,-0.013093138828168205,-1,-1,-1,-0.09524452571603881,0.9265678349017932,-1,1,1,-0.07258744954455276
1965-03-18,0.9570778431886605,-0.7892486210249431,-0.9940690702080397,-0.9306650651803364,1,1,-0.03515606407337868,-1,-0.9017460795976326,-1,-0.04539564968232046,1,-0.014244370556882213,-0.013166173206154874,1,1,-0.013856067418843043,-1,1,0.023339188744749273,0.953800347998914,-0.041720533673997084,-1,-0.034163601135312915,0.8728976527023773,1,-1,1,0.06157393760854246,-1
1965-03-19,1,-1,-0.004243746580777419,-1,1,1,-1,-0.12947836554377923,0.08487575279043691,-1,-1,0.006590636704386532,0.9512727430712188,-0.983798499274357,0.08897429456084527,1,-1,-1,0.06483172794043468,-0.9409966275329051,1,-1,-0.013722819342886439,0.8826481901662067,-0.07334321714916103,1,-1,0.10561607538677986,1,-1
1965-03-20,1,-0.09358113854038241,0.9823976559671276,-1,1,0.06285471355556882,-1,-1,1,-1,-1,-0.9464702171389472,1,-1,1,0.040082752562934365,-0.02971032232613302,-0.014141405552435593,-0.9271398840978848,0.0065234113092130785,1,-1,-0.9969370275388223,1,-1,1,-1,-0.8832119053810026,0.0548273558056257,-1
1965-03-23,1,0.885406796486248,1,-1,1,-0.8968585588443523,-1,-0.06116834224582479,1,-0.004394770898517697,-1,-1,1,-1,0.03355356534112308,1,-0.9770855215909838,0.9667502555449915,-1,-0.9815639795624214,0.08833491756032086,-1,-0.05312439270094005,0.060873233291893536,-0.08448320505584572,1,-0.1275381969195678,-1,0.9807037340633288,-0.025028216161934402
1965-03-24,0.03342420587880468,1,0.01705119077756101,-0.025383160105411195,1,-1,-0.029906407395941192,-1,1,-0.9399401412423449,-0.06152951879019375,-1,1,-0.11226863706127999,0.99178161155696265,0.09154694965922694,-1,-0.006266635404288845,-0.030669711020441137,-1,-0.9005608067055361,-1,-1,0.9938020689142941,-1,1,-1,-0.034671490848649844,0.03078846648539768,-1
1965-03-26,0.9937471434075046,1,-0.9038126403667006,0.9433310618445361,1,-1,0.9507709021125241,-0.031167937857714545,1,-1,0.8969012584149051,-0.13485189237874984,0.032232613105654506,0.8658650143085964,0.07665908993812343,1,-0.09525503200789243,-1,0.9376427462197443,-0.10710087327319096,-1,-1,-1,1,-0.04123233899104317,0.1097383205220468,-1,-1,-0.8693407590346183,-0.10635893749689962
1965-03-27,1,1,-1,-0.048420123271045945,1,-1,1,0.928688396272944,0.03924591922218401,-1,1,-1,-0.8923693047466328,-0.09814479888773997,1,1,-1,-0.009536697591517096,-0.05248874952166538,-1,-0.07865811383563093,-0.12404695764433771,-0.058145074749537895,0.03894004469725465,-1,1,-0.0375631894201085,-1,0.07966759044769023,0.8266702995346971
1965-03-28,1,1,-1,0.9477590497634621,0.05748641515858466,-1,8.626367830121273e-4,-0.06507314264921804,1,-0.042702699085914286,1,-0.010906507432138057,0.08790261158296109,0.8674020054055067,0.05292525579741769,1,-0.00882403887264005,-0.9941044443183553,-1,-1,0.8863896328879513,-1,-0.9776540905020487,-0.9358889179230425,-0.03097883180964711,0.025989440313653023,-0.9381726524070391,-1,-0.9087969606654424,-0.16711485933191894
1965-03-29,0.014927898624968017,0.02049555943608672,-1,-0.01876739312577047,-0.8895657240076247,-0.048924156534013385,0.9579219831754202,-0.9722872212578665,1,0.9551616063941416,0.06174596033928614,-1,1,1,-0.9262394686700042,0.14628306581241168,-0.9523628968382933,-0.07614097469923542,-0.03865641226393368,-1,1,-1,-0.004557735924488049,-0.003988867248764683,-0.9508691196436494,-0.9275432218601808,0.044111414907164304,-0.001685342251185995,0.01787291685144854,-1
1965-03-30,-0.9122105029686962,-0.9195098290554592,-0.08284887194687807,-0.9955199795706468,-1,-1,-0.039882715982974215,-1,1,1,-0.9097805477956129,-0.06378792146451484,0.027810927634896565,1,-1,-0.8308256699514126,-1,0.8232560911523739,-0.9678614551413023,-1,1,-0.04105788936009036,0.9358650365908481,-0.9947303157055745,-1,0.04668918265170363,1,0.9424420090268794,0.9568570925606501,-1
1965-03-31,-1,0.05140518106987846,-1,-1,-0.05017872442947502,-1,-1,-1,0.00251945782570151,0.035530774879255156,-1,0.878228060333253,-0.9548493991137887,0.042915820414403894,-0.05887615640526023,0.1385641202974871,-1,1,-0.03957825171267415,-0.06371444201007004,1,-0.9933886130225816,1,-1,-1,-0.8382026613679785,0.04593248009940443,-0.004375989261472424,0.0036695408129144846,-0.03223378619467687
1965-04-02,-1,0.9757990150390426,-0.034486595024413313,-1,0.8571351078040451,-0.03773549625296313,-1,-0.06552823399552321,-0.9705975875280487,0.9744671155778512,-1,1,-0.017097997847489443,-0.9520457315197929,-1,1,-1,0.018740919507986176,-1,-1,0.05806387185053141,-1,0.006938358246463494,-0.07055257483347077,-0.05120716506983891,0.07874608638337532,0.9868488153187598,-0.9028332090240822,-0.9254369067541168,-1
1965-04-03,-1,1,-0.977563990446198,-0.017788183677726166,1,-1,-0.03669783687550421,-1,-1,1,-0.055499958688697615,1,0.9799978328443598,-1,-1,0.02126482766515647,-0.02478263379276191,-0.965327925641833,-1,-1,-0.9195308543014167,-0.07924454118294899,0.9210017068567569,-1,-1,1,1,0.07653669480209035,-1,-0.027439814407328456
1965-04-04,-0.1091805502150508,0.06481838286654562,-0.009196027348165048,-0.9918427809136916,1,-1,-0.9656912050417019,-0.025120281129066946,-1,0.002275358491310997,0.902550580729881,0.008169015599790108,1,-1,-1,0.9959338790819704,0.9512763798345641,-1,-1,-0.020733798444806384,-1,-0.9799133250078056,1,-1,-1,0.004507145659156331,1,0.9271125089338194,-1,-0.9727942804136801
1965-04-07,0.8183149083262371,1,0.9763134793295619,-1,0.09220550843124897,-0.03904810835915162,-1,0.9691885259194697,-0.012326516805796883,-0.9611042589591906,-0.09153587731664525,0.9426265384753683,1,-1,-0.031652153056467625,0.01330063028462436,1,-0.030884580820260465,-1,-0.9899723682729397,-1,0.009752476896205176,1,-1,-0.010337727420387521,-0.9878256825648216,0.05027435313749562,1,-0.06389129813918648,0.018294635484959354
1965-04-08,-0.15536681014052256,1,1,-0.027608202145627536,1,-1,-0.09891584355049365,-0.025755722794327918,0.9675263474186129,-1,-1,1,0.019623805213248913,-1,0.9512969634147571,0.9156550864654849,0.047439948209408334,-1,-1,-0.0049627805393196445,-0.08221365517519641,-0.9848658676087084,0.022400783076877873,-0.1769047728021924,0.9674521248060602,-1,-0.871797945278518,0.0028955037244645654,0.8899450611066605,-0.9679948408124625
1965-04-09,-1,1,0.029864671209871685,0.9529220898609809,0.0039807403088634175,-1,-1,0.9270459715992674,0.04259281732789544,-1,-1,0.00886572090671467,0.9959707429299424,-1,-0.019905110427986927,-0.08336437017403742,1,-1,-1,-0.9628516938671678,-1,-1,0.9828615269590624,0.8081267942286035,1,-1,-1,0.9973059788386514,-0.046718110449488925,-1
1965-04-11,-0.007455707917318755,0.016225819146560738,1,0.028299533725205106,-0.925735817154492,-1,-0.017022321472580204,-0.04396501280656262,-0.9123152291010085,-1,-1,-0.9723831688824106,0.0646637933543861,-0.05782594308150868,-0.9730239555696498,-1,1,-0.01076948912196618,-1,-1,-0.06475480594777261,-0.0762099691437117,0.034282118264496786,1,0.03340336399831678,-1,-0.05431270865393356,1,-1,-1
1965-04-12,-0.9649442384325282,1,0.022720558262382062,-0.9471014306203167,-1,-1,0.9131552706255849,0.9399056369438682,-1,-0.0017119495240202065,-0.017843682154590756,-0.028636816965229128,1,0.9412801873570271,0.014542261143224877,-0.0350389849187519,0.05674727529518675,-0.9426203909153945,-0.027948457309398655,-0.05205571085903338,0.888076821172038,0.9062794958311241,-0.9462774860631169,1,0.9768320304760917,-0.007557102361132495,0.8974401912636466,1,-1,-1
1965-04-13,-1,0.03425749453379101,0.9934546614515556,-1,-0.06874872452988645,-0.048339138991312036,-0.08319965442703059,-0.050677000795511074,-0.05789740001627708,0.9911172896112286,-0.9460067535741904,0.8790774121199543,1,1,-0.9324877505165662,-0.9782381387281114,-0.9338706767048244,0.052458684777098474,0.9608154744433897,0.8787894139423986,-0.09179138606770743,0.01748804791567471,-1,0.04134205342054342,1,-1,1,1,-1,-0.014977251860683771
1965-04-14,-1,-0.9163370424123843,1,-0.049045794208021465,-1,0.90752702561135,0.8642898636159231,0.9443045242389627,0.9398994182519079,0.027545532792300653,-1,-0.09291649100155297,1,1,0.0663793175094809,-0.018432826407662972,-1,-0.9226641228755018,0.015240940842211725,1,0.8960337016337425,-0.9632238301824361,-0.03674401979249775,1,1,-0.03500955433433883,0.01711567690288085,0.05545119714053981,-0.0034551577116881393,-1
1965-04-15,-0.030076436991070987,-1,1,-1,-1,-0.027076358128333755,-0.01898074132899885,-0.04558099183051878,1,-0.9501054393524595,-0.025595843841180077,-1,0.030408744217742867,0.007007197465553117,1,-0.9988080077130957,-0.0758295728177476,-1,-0.9216659289789324,1,-0.06654222478623817,-0.005189761310062879,-1,0.052616700255649795,0.012565357014353573,-1,-0.9819790678286623,1,0.9831607913111227,-0.006362460936058745
1965-04-16,0.9066040155342363,-1,1,-0.004150637196051354,-1,-1,-0.9979974641536339,0.926357896356544,0.07834028363785883,0.04173542675056252,-0.9666639593368176,-1,0.9612773071534586,-0.9914508027877151,1,-0.025244683099930776,-1,-0.0010428616692426118,0.060033264339524606,1,0.8921345953746497,-0.9886225341152773,-1,-0.8620064921491445,-0.9206940061966526,-1,-1,0.024096128664880423,1,0.990675937643913
1965-04-17,1,-1,1,-0.9371227968670046,-1,-0.0036221870985716498,-0.10692613164269027,1,-0.8529882773207074,0.9752304321931076,0.02502487886329774,-1,0.05156108055763564,0.001911382830855457,1,0.9598662395957752,-1,0.9653647005022569,-0.8554812488688635,1,1,-1,-0.0510147127405669,0.10945840338410828,-1,-0.013211289225136702,-0.016016323816370304,1,1,1
1965-04-18,0.0980038601626898,-0.009639287158717758,0.0010375697172299025,0.01792455824844985,-1,0.9646264452714924,-1,0.11755841709293613,0.08362621035502338,1,1,-0.04912904492615988,-0.8676072142913545,-0.9406360168404456,1,-0.026370907985481806,-1,-0.02198201589660076,-1,0.04300843479953931,0.015087789670605312,-1,0.8983090125765093,-0.8639191578650208,-0.022961492263338656,-0.9612989769623389,-0.9989334460388519,0.07182591587433862,1,0.0011795810750697688
1965-04-19,1,0.9200348378142349,-0.906991763800152,0.9950868007802494,-0.05468940640007902,0.03368431118856274,-0.008767872308722557,1,-0.8890901020704368,1,0.03191589609295342,0.9104675607261752,-1,-1,0.013770098415507803,0.9124877707007116,-1,0.9134700116809977,-0.050324251047190516,1,-0.9843676856286147,-1,-0.05977055138833709,0.051908268166400484,-1,-1,-0.05701561732746918,1,1,0.9650872355627759
1965-04-22,1,-0.06136815557798159,-1,1,0.9431779896941603,0.956331339243446,-1,1,0.0372176743631627,1,0.9668083507540176,-0.038353789160272433,-0.028876245388766875,-0.05980235070060824,-0.9509791154228514,1,-1,1,0.9110065537766254,1,0.0014695588574293872,-1,0.9075056976071126,-0.9324255698332417,-1,-0.10231827203816635,0.9053757316961344,0.05336801107150768,0.025316267077014287,1
1965-05-03,0.06899105596298138,-1,-0.01736643201860566,1,1,-0.03728314817959477,-0.017948201211759995,0.006415019953346923,1,1,1,-0.959049526693699,0.9460738906790246,-0.9934503858004261,0.021713355472631757,1,-0.026582229621994857,1,-0.07674933600666944,0.006921528404023158,-0.9855421827290387,-0.1117666735957683,-0.05739573418343891,-1,-0.037906343951428556,0.8665591867947223,1,0.9804874423183048,0.9879976510492361,1
1965-05-04,1,-1,-1,1,0.03255161073023782,0.9108919171720643,-1,0.9526184092757993,1,0.006474196559523082,0.06111179873218486,0.03713811465134542,1,-0.021933446309353233,-0.9272150488798101,1,0.9635953856777526,1,0.8676413054284061,-0.9777367162463094,-1,0.8289395581538685,0.8886002838263474,-0.03462553334403373,-0.9948235672285134,-0.024029466742550243,0.009115247437000096,1,-0.008525394278685483,1
1965-05-05,0.09820336106124228,-1,-1,0.07636756021680424,-0.9492249703289697,1,-0.04668457239201451,1,1,-0.9185517798198632,1,-0.8745075132800186,0.022628809339672817,-1,0.04802328859746763,0.07302280620128965,1,1,1,-1,-0.04105843108344576,-0.1296996225307595,1,-0.9912176721909359,-0.014509935870079205,-1,0.959745105275923,0.008814586898865717,-1,0.023491329018242912
1965-05-07,1,-0.08201030687303501,-0.08807831679280798,-0.8868582768032988,-1,0.028363122777713357,0.921769391578111,0.017452242778722704,0.07340636643909382,0.038474904184148784,1,-1,-0.9442458975603374,-1,1,-0.9034823807262128,1,1,1,-0.011926550411390235,0.8731272307198695,0.8556770864557811,1,-0.015653591990452465,-0.963713434159666,-1,1,1,-1,0.9953105396036653
1965-05-13,1,0.8540699441192767,0.8978200632461429,0.10638247185014893,-1,0.9883358071020238,-0.05782163969162679,0.9755645926140443,-0.9010343073382069,1,1,-0.020935952380993106,-1,-1,1,0.0256544751112191,1,0.04997474063100893,0.028056845604718994,0.9513360083092113,-0.08286444935276538,-0.1224006693638674,1,0.9704157449025781,0.034064853969845155,-1,0.09480456032473428,0.06083244235420382,-0.03944235043359845,1
1965-05-15,1,1,1,-0.8788453965708228,-0.05068708078171136,0.06809833582332248,-1,0.006331453135222098,0.0674649170147733,1,1,0.9548041039687377,-0.07349709393443338,-0.024193229347534206,1,0.9662503326328045,0.007643178122190841,-0.9205395041454166,1,1,-1,-1,0.10990384940993281,0.046875375012819465,-0.9208609094961192,-0.0372614239562129,-0.851833451160356,1,-1,1
1965-05-21,0.0627541424120982,0.004391880576752993,1,-1,-1,1,-0.0672512468166615,0.9690136832928719,1,0.030559412452961898,1,1,0.8958862598879883,0.9173012039787981,1,0.004982334450246428,-0.9888136231928824,0.07131637104166466,1,0.004365502060166726,-1,-1,1,0.9882022181124454,-1,-1,0.12898138328294861,1,-0.08015914353498743,0.01144521001373544
1965-05-25,1,0.9973227117182418,1,-1,-1,0.020070411102827923,0.9012791103084091,1,0.041153407004246634,0.9827752254561901,1,1,-0.05189248155738935,-0.0484259030341565,1,0.979876122732579,-1,1,0.027353701894474725,-0.9432529247324283,-1,-1,0.041390635933493125,0.018228172260518316,-1,-1,1,0.08596119820720416,-1,-0.984790527449384
1965-05-27,1,0.0020073214334713763,0.10466384125358341,-0.0839600277696112,-1,0.9416783599477319,1,0.0755762271010555,0.9799008686605563,0.008343932010462685,0.008126308310073327,1,-1,-0.9893161631619322,0.014694187402206849,1,-1,1,-0.9632186601948746,-1,-1,-0.019914848009458086,0.9803341636175357,-0.9764808469831905,-1,-0.01775076547584553,0.07371601390817328,-0.9001861956706577,-1,-1
1965-05-30,1,-0.9569997793953612,-0.8722279224910275,0.9104365226809272,-0.030214563711435827,1,0.014200541974389913,-0.8381819740916802,0.04481313999603953,-0.9799871635960388,-0.9742664230223688,1,-0.09614614570616342,-1,0.9992380639796127,1,-0.011906221006579343,1,0.009224407460902584,-0.053375125422409186,-0.0504623456131158,0.9111403339189817,-0.011988972192808367,-1,-1,-1,1,0.055314651545958604,-1,-1
1965-05-31,0.04202762150959649,-1,0.08213414063905322,-0.07363959750110338,0.948086567541432,1,0.9859123689765273,0.08119210782349329,-0.9508790442247007,-0.023536259095376932,-0.041478144550044616,0.03611078204153806,0.8736292432073156,-0.0037479815523268067,1,0.03085790514860054,-0.9725245649709364,0.04892219274119114,-0.9269067967369332,0.9122551833670771,0.9283595935673495,1,0.9761643176523659,-0.10542067476578343,-0.05912265088312718,-1,1,-0.8461161767246044,-0.020833808217946226,-0.016149874484070237
1965-06-01,0.9988590622278299,-1,-0.8914616213507931,-1,-1.3457856068599394e-4,0.015682686518732947,-0.00674840450535219,-0.9085996052525724,-1,0.8831786954435155,0.9315012330340039,0.9893958713525458,0.00445721722486736,0.9152028648297915,0.004782431888328276,0.9723962644026093,-0.01734159878058683,0.9734494519168088,-1,1,1,1,0.006984055610561146,0.8599438669592591,0.9280743661982762,-0.02927465496091819,0.008779632262700843,-1,-0.9895305298846876,-0.9603645688940734
1965-06-02,1,-1,0.0910942265725948,-0.03905198165047785,0.9436607762782834,0.9998049001013289,0.9818177235124143,0.08580008199824529,-1,1,-0.03768533958145204,1,0.9878903986858133,1,-0.9876169223372279,1,-0.99609453411768345,0.0036740876980471127,-1,1,0.007702604481813591,1,0.9012258532564623,1,1,-0.9881675972333651,1,-0.05051317881513806,-0.014845298724371014,0.03523938479649291
1965-06-03,1,-1,1,0.9127406700517351,1,1,-0.010173142555229053,-0.8208893561950509,-1,0.03393146743528186,0.9270226261025456,1,0.006769689590845118,0.01762690887846552,-1,0.02248149605251637,-1,0.9613651255795639,-0.09075752748961807,1,0.9902484198589782,1,1,0.08420136593208039,0.042187654019333776,0.006292401532799641,0.0014427770777063476,0.916389872137775,0.9796469444039617,-0.9609242229787008
1965-06-05,1,-1,0.0322679924533944,-0.00589332604595183,0.012926727989416076,0.020536926742786177,-0.9762040089043903,0.08434019380198043,-0.03027102262375514,1,1,1,0.9082871806876722,-0.9612679854980593,-0.0021291644002353616,0.9817394722228148,-1,1,-1,0.09059380586987908,0.03590213115734453,1,0.01107335049385827,-0.8797746003039577,0.9918050892584716,0.9833870286891258,0.9293718177695935,1,1,0.034445615017245634
1965-06-06,1,-0.08539823732744445,-0.8327642148510446,-0.9832219667815653,-0.9741004788757687,-0.9489283679168815,-1,-0.9035470086269165,-0.987908019919934,0.037534530116830944,1,0.0021316398653651314,-0.08831323991551299,0.006122919203561339,-0.9526306802386403,0.06463101460556897,-0.008635652653942727,0.0015966163160525682,-1,1,-0.937035299311574,1,0.9529632224270418,0.04627132457076166,1,0.03339907531678399,1,1,0.054249814404302765,0.9736057413227761
1965-06-07,0.09763222296853558,0.8880795859592645,0.16574444773321662,-1,-1,-1,-0.09626714604807074,-1,-1,1,1,-0.9681793293789788,-1,-0.9428014378372953,-0.002447973369065992,-0.9095086267066016,-0.971104597256073,-0.9553050615897232,-0.03965643383966211,1,-1,0.016504875461633595,0.03365984091733476,-0.9287089275247508,0.041075846721808196,-0.9557082582384734,1,1,1,-0.00932798150936498
1965-06-12,-0.8909075592887042,-0.06952673045284641,-0.8074803595218397,-1,-1,-1,-1,-1,-0.032008090936487155,1,1,-1,-1,0.029642754950735872,0.9046421811032256,0.08653242383461413,-0.04972760476274307,-1,0.9506640881966831,1,-0.008564170338713817,0.9223478261535186,-0.9584670435118535,0.06554464077375433,-0.9523025821520622,-1,0.0454437727588024,1,0.02549097726395988,-0.9542997099899605
1965-06-15,0.004022644202913539,0.8996424789509203,0.13756301677875482,-0.09467472411629718,-0.05543861284359686,-0.0344865822123156,-1,-1,0.9549496267298739,0.07362067599981925,1,-0.028479081936267248,-0.007852630937350669,-0.8972292339490553,-0.06417430367995836,1,0.8610803731491791,-1,0.014259169465741683,0.0666000094682685,0.9814773847977082,-0.05947088775612486,-1,1,-1,-1,-0.8448290669322396,1,0.9462778600710148,-0.05156451307530807
1965-06-23,-0.8721775686022211,1,-0.8361727225310057,0.8643675391245119,-1,-1,-1,-0.01798488200214632,-0.03167934265251404,-0.8847499001365854,0.030926630262294696,-0.9992063265339131,0.887330506182973,-1,-0.9765829055800274,8.115473240135618e-4,1,-0.0317635944539969,-0.9834609874144626,0.9587081978322238,-0.010969430358773513,0.8746909333583154,-0.073399820924968,1,-0.043152873823760096,-0.009564070045710915,-1,1,-0.027460795758727174,0.9194471420697294
1965-10-21,0.10398597135034915,0.047132043756834996,0.10026143450058533,1,-0.04356108834951444,-1,-0.021329307961119204,-0.9624467078994866,0.9061290634766523,0.03509767294027766,-0.9081237427488859,-0.021897653596973488,-0.036771085549674676,-1,0.008117711179392861,0.9939110914718415,0.039104438836210065,0.9400521367802033,-1,-0.020960001396253758,-0.9498682710267463,1,-1,0.04027116790479157,-0.9980321673736752,-0.9743730210773711,-1,0.00836519902300048,-1,1
1965-10-24,1,-0.899109032092215,-0.8603775052184767,1,-0.9924429600983318,-1,-0.8964435434341427,-1,-0.07213648704229558,-0.9445941277010067,0.08998717618247187,-0.9954228363267746,-1,-1,0.987535626185182,0.06898480693921472,1,-0.03973235381123985,-0.019135314848072293,0.9380288617484782,-1,0.026438637604309978,-0.16493665011549685,1,-0.006127070690650105,-1,-1,-0.973843431185235,-1,0.05279829384530743
1965-10-25,1,-1,-1,0.04500613451949731,-0.03340199343254524,-1,-1,-0.002309585161826666,0.8901029929684917,0.013327662255625872,-0.8754151767030806,-0.12820643077396632,-1,-1,1,1,0.0763379533435522,-1,-1,-0.00863325488081168,-1,1,-1,0.008750769012576098,-0.9244156553510149,-1,-0.08004477315737235,-1,-0.08156628753613582,-0.9421782679055343
1965-10-26,0.07044781549271772,-1,-1,1,0.900134975320919,-1,-1,-0.9784320817130004,-0.07599642895433689,-0.9765108137717634,-1,0.7974497362406824,-0.0384633852315146,-0.05069202945523987,1,0.05189039581376598,0.9851398185694589,-1,-0.022754991975253658,-0.9417509603236741,-1,1,-0.0010634819024568642,0.9330159074260562,-1,-0.016273172722011564,0.8823433663813254,-1,0.8764702152222705,-1
1965-10-27,-0.9173871892904107,-0.009506738138706505,-0.0377296879046789,0.017912491021359056,1,-0.040675514124177914,-1,-0.02334167845983348,0.9154248288425018,-1,-0.06573041226475318,-0.12001172620366996,0.9339028217935257,0.9431973077848559,1,-0.9215458101735278,1,-0.05465121531253103,-1,-1,-1,1,0.9817465300287356,1,-0.012127979513106846,-0.9926189368205228,1,-1,-0.04620855174983607,-0.05254759176938595
1965-10-28,0.07519099827111109,0.9880563424654658,0.9526734396947643,0.9418279923003133,0.004528127683508298,0.9205057805252882,-1,0.9602074297889829,1,-0.030874731572752112,-1,-1,0.003594282572341956,1,0.007563931227201004,0.05651705689229669,1,0.8857568217173862,-1,-1,-0.09667855450097407,0.02764004918837193,0.011330937675880004,0.004571636191274209,-0.9824846799194293,-1,1,-0.055147640572992485,-0.993441973121889,-1
1965-11-01,-0.8948066219952787,0.035921110986563365,0.05084918106630709,1,-0.9135940886262071,1,-1,1,0.011180861740519799,0.9116874632103203,-0.045085409638988994,-1,0.9802242234347536,1,1,0.9929992421334393,1,1,-0.013332658828281052,-1,0.8651816137060306,-0.9600201173248204,0.9911980022691341,0.949994615148573,-1,-1,0.012929795291408697,0.8911873521447828,-1,-0.04722862449164744
1967-02-20,-1,-0.8955898988705341,-0.8493629185733592,1,-1,1,-1,0.01835006276355311,1,-0.04652123548016629,0.864059325428618,-1,0.0016298126793965473,1,0.04628189169329655,1,0.03463385786656903,0.12956699567740593,0.9099561630609484,-0.02856437433214809,-0.1267042815552597,-1,0.0023089687691767447,0.009470571542916195,-1,-1,1,1,-0.03677487196964657,-1
1967-02-21,-0.0890825561212718,0.04023767416257973,-1,0.03012566231972924,-0.02791713696028386,1,-1,0.9868882251550142,1,-1,-0.030133217201594675,-0.006695670642725693,0.9896561423782955,0.012283376878627683,1,0.01668977857607401,-0.9505069298962391,-0.8427479636436779,1,0.9467656351513444,-1,-0.009583950345742331,-0.9726902910638954,0.9610161039604403,-1,-1,0.01869622606132948,1,0.8406634997303479,-1
1967-02-22,-1,-0.9186492170022424,-0.039326657490579064,0.9737471244307556,-0.9512620194298115,0.10423542132980501,-0.04701531151400673,1,0.14326454109269193,-0.017441896690917336,0.9102455359857965,0.9499945648362417,1,-0.9810571682679863,0.037245605852096686,-0.9577919778855625,-0.013516285983653176,0.15272108157384012,0.034233252763760436,-0.03261652321163666,-0.01482918120467358,0.9026383467090099,-1,1,-0.058961549234051835,-1,-0.9496292757086596,0.01587860802863228,-0.04993130112909949,-1
1967-02-23,-0.058960904137344894,-1,0.9409014743641005,1,0.024411179192101562,-0.8501102241287585,-1,0.026545196961354933,1,0.9511769969840606,-0.08764456616046035,1,0.015408108106070517,0.016325989776816985,0.9654578434264461,-0.003137407100502032,-0.9408860970187883,1,1,-0.993003088629123,-1,1,-0.02361148846323169,0.0010452728609706696,0.8925382407523264,-1,-1,-0.884770127290654,-1,-1
1967-03-10,0.915966035188227,-1,-0.05022291855460492,1,1,-1,-0.023098942831492053,0.9834339279161913,1,-0.025878696899572562,-1,1,-0.912650951964831,-0.9496733101154307,-0.03279544632825104,-0.9646558836627721,-1,1,0.02464617011941017,-0.0067691257839400665,-0.03786215208416821,1,0.9751636777269836,-0.9420300185093727,1,-0.02695172244817745,-1,-1,-1,-1
1967-03-11,-0.049157075168816844,-0.03256418635614078,-1,0.009067535760328704,0.05518332709138474,-0.003046130311932016,-1,0.010731275102662696,1,-0.9676053144657212,-1,1,-1,-0.042194031077661065,-1,0.026045192859835864,-1,0.05599273013657591,-0.9368812361319461,0.9674061805311402,0.927593947913057,1,1,0.03343238714709207,0.08589381041028565,-0.9518833967861325,-0.04360455898143378,-0.02915043854873134,-0.015200951719988143,-1
1967-03-14,0.8729208268503469,0.8051865109064897,-0.04593960263474273,-0.9741446767020006,1,0.9918625785851034,-1,-0.9469351170885816,0.05762841117055528,-1,-0.05736137850010925,1,-1,-1,-1,-0.9303087526254025,-0.0132071526513593,-0.9385015955250794,0.032705936756475484,1,-0.030376865492595884,1,0.039046402375834344,0.9501380141085565,1,0.03708067690301553,-1,0.8689416638589624,0.9343888599941106,-1
1967-03-18,-0.12588860193762974,1,-1,-1,1,0.0035141055207524863,-0.02299604092799401,-1,1,-1,-1,1,-1,-1,-0.06589306865169453,-0.0519854949234958,0.9811995166448884,-1,0.9876099092890583,1,-1,0.060712015392674346,-0.9154461119042484,0.034858133006258396,1,-0.9248987078415509,-1,1,-0.06544643042837772,-1
1967-03-20,-1,0.08283804362487346,-1,-1,0.053486876553822005,-0.9021672109535539,-1,-1,0.001498783690651373,-0.06384392618714474,-0.05036273843126071,1,-1,-0.007145867314510834,-1,0.9293553119204471,1,-1,0.013627649718997437,0.017658480934896637,-1,1,-1,-0.9242640837564015,1,-1,-1,0.08100633112161126,-1,-0.018157058824874173
1967-03-21,-0.15499065796321343,-0.855561142710604,-0.005507088679304273,-0.03728484200236126,1,-1,-1,-0.05142844792367074,-0.926673394234801,-1,-0.9967669125759193,1,-1,-0.961807010669865,-1,1,0.021078770142448855,-0.05266632457968867,0.9642349493394483,1,-0.06957013620614927,1,-1,-8.10834719623954e-4,1,-1,-0.019020240148339362,1,-1,-0.9030246344016539
1967-03-22,0.8426043471918946,0.05726277856245354,0.9673088482189861,-0.9678931447642183,1,-0.04962830923020212,-0.024201144625578208,0.8898621616092113,-1,-0.055416857863305635,-1,1,-1,-0.03259931390943771,-1,0.003767976495999137,-0.8882376168759444,0.8908274557083004,1,0.09604398989849605,0.8589450265532995,1,-0.05620354955511131,-0.9971423494370113,0.008795137563455402,-0.03222984060326739,-1,1,-0.03693174806016608,0.08780844187870718
1967-03-23,1,-0.9037964276103786,-0.01102927352132621,-1,0.018557378964913718,-1,-1,-0.10335610413306162,-1,-1,-0.04530108178741665,1,-1,-0.9739279569378322,-1,-0.9398983997766458,-1,1,1,-0.8749150739738144,-0.14097178610366723,0.006830990938457959,0.8981763532824627,-0.0014620194543952802,-0.9693128505393186,-1,-1,1,0.8944850508727574,-0.891835780442185
1967-03-24,0.16228736055312698,-1,0.9686241880842166,-0.017615125358445116,0.979279085731113,-0.023467390227404183,-1,0.8593755913842045,-0.028210074260393347,-0.050757984802420664,-1,1,-1,-1,-1,0.05842598775511865,-1,0.010558151591476439,1,-0.005333895823649293,0.7457587495187943,-0.9270494229508042,-0.026327126827484393,0.9752681057583052,0.02198561287845402,-0.005286507392801898,-1,1,-0.1023071060142684,-1
1967-03-25,-0.792150367540543,-1,1,-1,1,-0.9450915715705385,-1,-0.10719741064743848,0.9006416886517337,-1,-0.00959302157645725,0.015384709093195226,-1,-0.008397315197055666,-1,0.9953955889777827,-1,0.9787942435058693,1,0.993319310738384,-0.2343117091181417,-1,-0.9551813296221449,0.021762089735627543,-0.959243084945779,-0.9692851722880932,-0.033370174688427956,1,-1,-0.03514585410553828
1967-03-26,-1,-1,0.03395918494311967,-1,1,-1,-1,0.85654086206539,-0.004794920587011808,-0.02506472645569857,0.9421277697854467,-0.9426377448313824,-0.042517711670412406,-0.9621484721967456,-0.029415388768036843,1,-0.11306378159550046,-0.02010455817312362,0.020221202800446703,0.10586699557168522,-1,-0.05383260265606926,-1,0.9734247840942146,0.03936754552145416,-1,0.9353197395559567,1,-0.003985877215628708,-0.996834148526905
1967-03-28,-0.03995334528432559,-1,-0.9425041790691687,-0.09096931588128965,1,-0.02303694206384832,-1,1,-0.9802271813679627,-1,0.016724367481330327,-1,0.954167545189255,-1,-0.9502509773965722,0.008563107443216533,0.8326819584791673,0.9757424052115031,-0.952863161004298,-0.8183685180792826,-0.05531312354587237,-1,-0.01375738700632445,1,-0.9553468916106197,-0.05963486522399275,1,0.05608382077968488,0.9876947156400288,-0.032013802482793396
1967-03-30,0.9324219358706349,-1,0.024944256173261237,-1,1,-0.9927737316081761,-1,1,-0.025388396834023386,-0.00551972627491415,0.9662841670314974,-0.022413845708688207,1,-0.11083797857045541,-1,-0.9848887951914519,-0.11629445330017718,1,-1,-1,0.866370420173759,-0.024228998008992253,-0.909462265955611,1,-0.057947099469004226,0.9319142640131489,0.14559189932997552,-0.9277019571652599,1,-0.9986789987470215
1967-04-01,1,-1,-0.9640450274399948,-0.077731963207640975,1,-0.06881553423664111,-0.04515465438699806,0.00821364402144853,0.922903310031724,0.8848314010940009,1,-1,1,0.8868786394799464,-1,-1,-1,0.01644929840132414,-0.10595574571796851,-0.05591325198284247,1,0.9266213151604529,-1,1,-1,-0.0534755121876922,-0.7239849123923836,-1,0.036205152542461816,-0.007556955409237398
1967-04-02,0.04846542076748561,-0.01505312866747599,-0.04467628469739293,0.8432745941907083,0.0826565181966532,0.8999220197149237,-0.9964361626266418,0.9263009330749498,1,1,0.040779416331685026,-0.0128212350732817,1,1,-1,-1,-1,0.9873063937325822,0.8324816048259085,0.8916598010376863,1,1,-1,0.0561071104505797,-0.047292423265569594,0.8790477954846652,0.25139319454898135,-0.007877892517102025,0.9918277059576823,-0.9990974029632859
1967-04-03,-0.9492545738195625,-1,-1,1,-0.8295174627435226,-0.057614400112791064,-0.05188464842758944,1,1,0.005901451744245723,-0.9164793795462395,0.9726317034306842,0.10621741512140326,1,-0.002611979012396737,-0.04813245369062413,-1,1,-0.15463021813727396,1,0.10169073752874302,0.0069299485511989944,-1,-0.921497163593707,-1,-0.11476553236560172,-0.676024888312961,-0.9987864898989081,1,-0.10568973022144224
1967-04-05,-1,-0.056449873034456144,-0.06916107347487843,0.01484708518305855,-1,-1,-1,1,0.005259973032252008,-0.9292069780467787,-1,0.008552203564829997,1,1,-0.9715814736371825,-1,-0.012456253152599128,1,0.8355257501682628,1,-0.8495448944152082,-0.9612205553958257,-1,-1,-1,0.8716491381221676,0.267122590025468,-1,1,0.8422455475570227
1967-04-06,-1,0.8789022337127967,-1,-0.9539729223651707,-0.04339634779709067,-9.636026518893281e-4,-1,0.06826774465921015,0.9638388726037673,-1,-1,-0.9480155973019301,0.041289209063234966,0.041518283877662876,-0.0019936280553145558,-1,-0.9377074868623743,0.019454382078312737,1,1,0.0709788442549546,-1,-0.032367652048440165,-1,-0.04738845649719048,1,-0.7068386131452189,-0.03612003904832006,0.03226972344357548,1
1967-04-07,-1,-0.08405597768781536,-0.030218863533832074,-1,-1,-0.9539583109497949,-0.057088488775138835,-0.92062700769308,1,-1,-0.03415447007678285,-1,-0.947809681215099,-0.9277040263951133,0.9763187543448089,-1,-1,0.9627631471999804,1,0.00956096853845989,1,-0.055566339762998296,-0.9580265098008343,-1,-0.9890114043675851,1,0.25388861516452144,-1,-0.8064158141385264,1
1967-04-10,-0.05729781146213597,0.9015116247084136,-0.9707420108301248,-1,-0.04856251916047183,0.012798150109963213,0.8411741603444753,-1,1,-1,-1,-0.008148223927362697,-1,-1,-0.020999785186547104,-1,-1,1,1,1,0.05218296762676222,0.8814124853817803,0.0015505443634783456,-0.050478752232869906,-0.05066087598443414,0.06561789486674796,1,-1,0.1506495594726054,0.016000881934366884
1967-04-11,-1,1,-1,-0.12698011802087117,0.9138392727733701,-0.9721083944941836,1,-0.009275979136377788,0.015157397401927009,-1,-0.00979961028967924,0.9562714470044122,-1,-1,0.8899563762948,-0.05651619006664821,-1,1,1,1,-0.9380731505057834,-0.1010707521058185,1,0.8966344932485103,0.9432680985093032,1,1,-0.011008555182931978,-0.8448978090946961,-0.8888116115815512
1967-04-13,-1,1,-0.027084015716976606,0.8500440963937154,-0.04326072208919418,-1,0.020919596462672496,0.9306408562067466,-0.9789960366429052,-1,0.8973879804458315,1,-0.03721817156805374,-1,-0.0849717960355979,0.8905107160495116,-0.028656503286795143,0.004883266645723805,1,1,0.04697958129748747,-1,1,1,-0.05317501696606419,0.006449775118870571,1,0.9240048613739723,-1,-1
1967-04-15,-1,0.019887548099796426,-0.9935739182520913,1,0.9510062639884421,-1,0.9847823709672873,1,-1,-1,1,1,-1,-0.008456974905885595,-1,-0.10794473356921153,-0.9970306159082957,-0.9487869286426547,1,1,-0.9405377962768378,-1,1,0.021015439841849837,-1,-0.9853267881399931,1,1,-0.02391321171953642,-5.618655831787223e-4
1967-04-18,-0.025808412955351634,1,-1,0.013390560103541338,-0.0336746982777808,-0.047977583858824224,1,0.07059367271983785,-1,-0.020976424477614386,0.08106884164991524,1,-1,0.9764618647965189,-0.07111288975100571,-1,-0.020256671078865418,-1,1,0.043688669956122084,0.05391656364653241,-1,0.04630264052292288,-0.9719045675932031,-1,-1,1,0.033170435635089035,-0.9922586319821847,-0.9920934262857992
1967-04-19,-1,1,-1,1,0.875491930259724,-1,0.12486027881338102,-0.9204378738347944,-1,0.9231308429648134,-0.8716751547173073,1,-1,-0.004356358643207492,0.9276391398346732,-1,0.8620026921267627,-1,0.004359325040375395,-0.9283707212079597,-0.8811919279999257,-0.0028667924606122774,-0.8500169961466066,-1,-0.007666554202049758,-1,0.08079794393268358,-0.9380925906660047,-1,-1
1967-04-21,-0.033717085642025024,0.044022598318606776,-1,1,-0.0521993620830421,-0.016646838576381384,1,0.03709011426510889,-0.031875779106048,-0.05315342788055999,-1,1,-0.040996103830292396,0.9906645669228873,-0.04786416288672046,-1,1,-0.052546342527754475,-0.9753950251427328,-1,-1,0.9413243590600227,0.14471685757937358,-1,-0.9932717125478948,-1,-0.891795061236189,-1,-1,-1
1967-04-23,-1,1,-0.028555878437547033,5.746079108436275e-4,-1,0.9414188111179413,1,-0.9555728925782531,0.9200372224634377,-1,-6.04901517236911e-4,1,-1,1,0.9160666908462931,-0.013368423901747861,1,0.9166153271347224,-1,-0.034609140915172754,-1,1,-0.8295149935909149,-1,-3.040126681832511e-4,-0.06972863105778904,-1,-1,-0.05453795696909447,-1
1967-04-24,-1,1,0.8937800651075319,0.8801920766731304,-1,1,0.02261361738470602,0.04002114639859089,-0.04335875978982695,-0.0744469313350945,-0.9909344946596649,0.030895934069987252,-1,0.07965803467855981,-0.08305673283121284,0.9809496717176712,0.03873155151049068,-0.01760616630520606,-0.020263011377681828,0.9487408495219114,-0.024666816051042484,0.026584085181549755,-1,-1,0.9324054404224984,0.8898503883856321,-0.03476218722242752,-0.008414372882867838,-1,-0.018802424768393333
1967-04-26,-0.016231102966212108,0.004036443433954928,-0.0954428211900169,1,-1,0.002335207535466899,0.9480289693168886,0.9810832909999426,-1,0.9207477512791125,0.0020504307321795867,-0.8587313300605961,-1,1,0.8824051084861717,1,0.9970347696984136,0.9461640922175237,0.9564253208113679,1,0.9301212104731339,-0.9240473092017831,-1,-1,1,1,0.8519892578398206,0.9141871363360706,-0.02383378942809322,-0.9335278142745326
1967-04-27,-0.9411954621526413,-0.9571073057292028,0.9016017643289613,1,-0.046861935998289805,-0.9813554270379626,1,0.038059494491686885,-0.021892387817823655,1,0.9877510993338747,-1,-1,1,-0.022539105181715424,0.03196406232204674,1,1,-0.014440950142450282,0.01833903991544117,-0.057335702553352186,-0.0022392076788535498,-1,-0.017619263475689984,1,1,1,1,-1,0.060705513081146134
1967-04-28,-1,-1,-0.0942015971048864,0.1506382279935229,0.9488960550663924,-0.026005745021527638,1,1,0.8984903063352965,0.08605892797963666,0.010377343494305302,-1,-0.006086344633543517,0.0233518136273404,0.9710204833114127,0.9697240162238612,1,1,-1,-0.9294039877826028,0.9128391044232146,-0.9727261833816623,-1,-0.9701616367712066,1,1,1,0.0018466264538943289,-0.07950470051049563,-0.9190047316861533
1967-05-03,-0.057702453487263994,-1,0.8312393720054989,1,-0.04072541290744758,0.9438240764806818,0.06706226320180164,0.06800168250900185,-0.04598134066929849,1,0.9933464592793617,-1,0.9397144887985179,1,1,0.022981966749854643,1,1,-1,0.05108054947775664,1,-1,-1,-0.0295154084371837,1,0.05887151530359269,0.07797334248935828,0.9410572612728192,0.8793738949479872,-1
1967-05-04,-0.9999822887099035,-1,1,0.004820506785065737,-1,-0.024263638626424333,0.9507372288809769,-0.9317792774409434,0.9315507850095631,1,0.018029473878811153,-0.131937671010963,1,1,1,-0.9415933951342308,0.001539971153668107,1,-1,1,0.013270036789976736,-0.037502409980893825,-0.016630007475638253,0.9032166522537616,0.022152386489581954,0.9537228766180166,-0.884126414597441,1,-0.10430717345609275,-0.0770111031071441
1967-05-06,-1,-0.01827021120758776,1,0.893183108196178,-1,0.9532680551330543,-8.223820780036695e-4,-0.027460549714749427,-0.021997080095706,1,0.9045715547678741,0.8138139179068609,1,0.058334946466530035,0.042691780952283875,-1,0.9992314412331702,1,-1,1,0.9837714913959048,0.8691148996677863,0.9831519779792497,1,0.9834864632581816,1,0.08676674602670487,1,-1,-1
1967-05-07,-0.014460438170444734,0.9308103125977314,0.014546693457935245,-0.020625606235523564,-0.03565902026637646,0.0010538548235051737,0.9682555205532704,-0.9395028383279058,0.9072433150084578,0.08649811841336474,1,-0.15541886335960275,1,1,0.9930184661794792,-1,0.047141445482420274,1,-1,1,1,1,1,1,0.05459773439345972,1,0.9847621243346402,1,-1,-1
1967-05-08,-0.9996877689038941,1,-0.9697304615091291,-0.9896757598259994,-1,0.9301405522201901,-0.023603361258986877,0.012120243266710684,-0.06541506450842838,1,1,0.8180928383381632,1,1,0.06769222017808008,-0.042690023934320975,1,1,-1,0.11630600506835409,0.008034157007870135,0.0455572560584111,0.036604377008400135,0.04298312146601613,0.9945443429369638,1,1,1,-1,-0.06187703281047896
1967-05-11,-1,1,0.026152187719939546,0.004950611509172531,-0.04123642197963606,1,-0.9910146454400861,0.990187286016668,0.9041332179833749,0.06618097361872188,1,-0.13585427112514714,1,0.03583991031219769,-0.8644581530198622,0.9073349885058909,1,0.08547689903349831,-1,1,-0.9446324217906663,-0.9472668119996583,-0.9516590111679316,-0.9485077806871243,1,0.008247556463422123,0.013570758101544511,0.06598477169588868,-0.06426946186281945,-1
1967-05-13,-0.03524693383337907,1,-0.9160938034799522,0.9631733615601756,-0.9915146949889875,0.028973439622351216,-0.001168796770941949,1,-0.08208447617705161,1,1,-1,1,-0.9525229197224139,0.10150077294285875,-0.054098887635467774,0.0972270564125759,-0.9121243985980163,-0.06746513139938315,1,-1,-0.016444944144481166,-1,-0.004057883431386133,1,0.964931530753544,0.9701186690874765,-0.8802728844221372,-0.9637102723734315,-1
1967-05-16,0.944612948826466,0.024823530216076306,-1,1,-1,-0.9359880488380855,0.9618760564942155,0.007717976674447957,0.8757017594066622,1,1,-1,0.08103601217907275,-0.006686996413619917,1,-0.91919132428111,-0.8386677614255594,-1,-1,0.021452487231633843,-0.07855928283942248,0.9400717481770579,-0.09903362200121157,0.9364362303045669,1,1,1,0.03580565002623526,0.03102249839092308,-1
1967-05-19,-0.049770752614152425,-0.9710696182488726,-1,0.02247014182553775,-1,-0.03761985406851043,1,0.8971455905691237,-0.09993526401668096,1,1,-1,1,-1,1,-1,0.13951084808039516,-0.03202864713395781,-1,-0.9229061713746943,0.917868606083578,1,-1,1,1,0.0561093307951972,1,-0.929076833733987,1,-1
1967-05-21,-0.9814804342260535,-1,-1,-0.9572867974455296,-0.023963386828473765,0.9555367512009312,1,1,0.898613346740708,0.07325712191875955,0.016726985197521915,-1,1,-1,0.0019994052379065375,-1,-0.8373710666177842,-0.9856935385565717,-1,0.05414008423563632,1,0.025182961180942987,-0.04327309298551696,1,1,1,0.1335251770088478,-1,1,-1
1967-05-22,-1,-1,-1,-1,0.9363973007378449,1,1,0.03296345531798617,-0.09560921054578042,-0.8926629194684759,0.998545795840499,-1,1,-0.07593028224970932,0.9548287099776472,-1,-1,0.013928538447559147,-1,1,1,1,0.9508061830937397,0.07111161203939054,0.0669357684716978,0.010377284477726012,-0.8601615802625319,-1,0.06646438916624664,-1
1967-05-25,-1,-0.0051555739595204875,-1,-0.03374502248410616,1,1,1,-0.8735495920324687,0.8845936101005379,-1,1,-1,0.077225321414373,0.8796108292799786,-0.005737094372291418,-1,-0.05509993883155617,0.9829498433893162,-0.005628584582873963,0.04704903721177456,1,1,-0.033444289429236385,-0.8954724691989001,-0.8818417374580515,-0.9887098821079071,-1,-1,1,-1
1967-05-26,-0.03126125020946824,-0.9223583300828069,-0.03237245215054929,0.9122116705844796,1,1,1,0.06624621166724798,-0.06158686130972313,-1,0.04575772228963215,-0.0039815300426647715,-0.9145519246202514,1,0.944415878791136,-0.02967450387375592,0.8832720584869482,0.004849881532046241,-0.9224980323660762,1,1,0.02578011785287515,-0.9988221614686205,0.08737912519247515,0.09810633696317672,-1,-0.0469180568956753,-1,0.008886327219899792,-1
1967-05-28,0.9413337165641563,-1,0.9166891704773028,1,0.025833014621428396,0.027525712687480608,0.10790199418552171,-0.9055646795162015,-1,-0.010605673240672853,-0.9414108825141835,0.9926127873683356,0.06251612932028527,0.06020948400381343,-0.05502507655758204,-0.9653301063436737,-0.10021065501498716,1,-1,1,0.03774745304138616,0.8923748845036426,-0.05968871442454238,-0.7999493543831753,-0.8901425967744793,-1,-0.9510651326014157,-1,0.9687055855300771,-0.04019501515569757
1967-06-09,-0.033261348700345916,-0.022151975989824102,1,1,-0.9647985682503094,0.9992296945706716,1,0.07787995738448783,-0.010145770481819971,0.9546620303494229,-1,1,1,-0.8267928779338204,-1,0.006593162751210246,0.7821685875239355,1,-0.03968927480076989,1,0.9879696592001221,-0.07305047072416215,-1,-1,-1,-0.04439296126319936,-1,-1,-0.0033405485227447906,-1
1967-06-10,0.9359181525179668,0.9479648889032446,1,1,-1,1,0.014103411978854452,-0.8295314890823131,0.9874434802676073,0.05168002399147964,-0.06883916698886738,0.02154389012210345,1,0.13724540714601985,-0.03791416754583321,-0.9842582211927416,1,0.05057031820048041,0.9445002370422152,1,-0.010667082464517197,0.916717485885943,-1,-0.004568336790115035,-0.02769420820507229,0.8744043542106649,-1,-1,0.9794997468255385,-1
1967-06-14,-0.041299792179624206,0.01354360348753525,0.0051655339902073605,1,-0.07617678796887961,1,0.9613635611296943,0.14020649525188378,0.023489970942883742,-0.8853983801545354,0.9034470178321826,-0.9612275579964248,1,-0.7144969056312276,-0.9817398431483836,-1,1,1,1,0.050218124015799726,-0.9721395980482913,-0.07964794055957991,-0.025610880275341974,0.9888350441192707,0.9179907413507441,-0.04393344666123411,-0.04981280856025472,-1,1,-0.06322583778250446
1967-06-15,0.8860841745270283,0.9651568072765716,-0.9902586472449287,0.02119827821360243,0.8308378331768584,1,-0.01182512137056313,1,-0.9159367484904385,0.08887456736708821,-0.08952645266619774,-1,1,0.17001633201592625,-4.6223937966050066e-5,-0.09138231886411852,1,1,0.0403623548396409,1,-1,-1,-0.9971410546654876,1,1,0.8868717769675529,-1,-0.040377545307606066,1,0.8944157619737535
1967-06-16,-0.08407408712688758,0.007534721295402558,-0.0786493051938918,-0.9683777251072172,-0.10566610252176523,0.08159899235497114,-0.9767812131409453,0.010015007931915898,-0.040921803809313206,1,-1,-1,1,1,0.8898943513991386,-1,1,0.01289281920670049,1,0.009839459136815942,-0.014073129244434934,-1,-1,0.07775353701791776,1,-0.04251270275594354,-1,-1,0.049971860063697915,1
1967-06-18,0.8954230623465087,-0.961596249886287,0.8705369634885539,-1,-1,1,-1,-0.9648785130443879,-0.9565851839081209,1,-1.2080935266267634e-4,-1,0.02435272780051234,1,-0.06698835360120436,-1,1,-0.927785601552537,0.023363759339221524,0.970803297606567,-0.9721538316094834,-0.012488939227366047,-1,1,1,0.9556765555603521,-1,-0.08568955791096888,-0.9349122234687823,0.044969117447254736
1967-06-20,1,0.02004841731882312,-0.11254235250270062,-1,-1,1,-1,-1,-0.021191590988530185,0.06860174360642901,0.8975293466165358,-1,1,0.1227799521728159,-1,-1,0.06650104437984183,-1,-0.8550272802694076,1,-1,0.9414411994138454,-0.03010415368235253,0.005101833403932887,0.019300552412082506,1,-1,0.8754282828728648,-1,-0.9286755992742091
1967-07-01,0.023361636637081018,1,-1,-0.07011911519843583,-1,1,-1,-0.06133983259518483,-1,1,1,-0.0811168288884474,0.050979600377648926,1,-0.028738736512986973,-1,1,-1,0.04692022226265957,1,-1,1,-0.9811733179374843,1,0.9380826232761613,1,-0.030685357460360052,1,-1,-1
1967-07-04,-0.9575765933885038,1,-1,-0.9523761527566772,-1,0.037071531740002994,-1,0.8885147817766201,-1,1,1,0.9181605034932476,0.9341045111920353,1,0.911089531530037,-1,0.03748322233433565,-1,0.9995762371240219,1,-0.01631045251166441,0.004678192343399057,-0.0064689350902091824,0.07880250013293744,1,0.09521023493303638,0.8818418001867205,0.04274360327615667,-1,-0.010370625424067748
1967-07-08,-1,1,-0.05429897938845629,-0.027500213078378022,-0.020786442762679158,-0.9382153129426167,-0.028357459640271476,1,-1,1,1,0.003495892701879999,1,1,-0.05158475281278785,-0.05382576150471574,-0.9360414907248343,-0.021406180454276225,0.06480883771466261,0.028332050824736665,-1,0.9984062015051768,0.9818402619656222,1,0.04354685712035111,1,-0.01168424830421999,0.9923799046862487,-1,0.9304561224047275
1967-07-15,-1,1,-1,-1,0.974386818944257,-1,0.9102411165286081,1,-0.016432123139940802,0.012575965930473054,0.021452814568549305,-0.964894718034605,1,1,0.937688808814881,-1,-1,-0.8682324489695764,-0.9115360672444375,0.9666582837065893,-1,1,0.023682566516816772,1,0.9836557375557112,1,0.9722599584108007,0.06442560522783969,-0.09644258148753837,-0.042265542279445234
1967-07-20,-0.016246412875238425,1,-1,-1,0.12377131510507977,-0.07277854598779643,1,1,-0.95712278617987,-0.9801893570246344,-0.9490437222503633,0.023737045739409046,1,0.011744945399623341,0.038284573049373605,-1,-0.018265004068073964,0.09292863328189216,-1,0.008804955918470081,-1,0.014877239923712482,0.9376104433733428,1,0.04636312359371253,1,-0.025259449574107862,1,-1,-1
1967-07-23,-1,1,-1,-1,1,-1,1,1,0.021777253581561462,-0.08392372961174899,-1,0.9983150057447318,1,0.8857692268069,1,-0.01361066864005478,0.8940476354441156,-0.8349540741181798,-1,0.961559616779082,-0.031765281641159104,0.996833350602194,-0.010798455145484276,1,1,1,-0.9426584734940833,0.0036361743658843704,-1,-1
1967-09-03,-0.07804933388713164,0.026913892474825007,-1,-0.06680532257196592,1,-1,0.00506125099767607,0.008063739802791736,-0.949383660579889,-0.9920964478299295,-1,0.092784194068392,1,-0.08276003787980735,1,0.9765283804945847,1,-1,-1,0.06482373107331463,-0.9764474514605466,0.008850937938176262,0.9495916267981318,1,1,0.05128340787427166,-0.0022178549740151654,-0.953525462529551,-1,-0.004316778808156951
1967-10-05,0.8907659478392078,-0.9198431009405988,-1,-1,1,-0.03686757960790721,-0.9753160784371024,0.9754100506979548,-1,-1,-1,1,0.004727800382398617,-1,0.02298488411627231,1,0.080162146045472,-0.007965771870464322,-0.06448302850460408,1,-1,1,-0.0337585040879298,0.007608571157732391,0.07637180556793155,0.9786317119570027,-0.9274979417171554,-0.02642945802815455,-1,0.9538808331681031
1967-10-09,-0.0576025789192971,0.013521806377174372,-1,-0.019098151923345075,1,0.871342672252226,-0.032685112972522634,-0.0161987897701118,-1,-1,-1,1,-0.9624719269304094,-0.01570526889718349,1,1,1,-0.985912337645998,0.9300113128868451,0.027081571693244766,-0.021343123110010187,1,-1,0.9914367958882058,1,-0.014493847972897878,0.03237294370119126,-0.9017649237691058,-1,-0.04310226361948233
1967-10-15,-1,0.9661710166908003,-1,0.877731458713217,1,1,-1,0.9727103776948591,-0.012239473987990745,-1,-0.050142517096620653,0.009319662179312349,-1,-0.9984190254151365,0.04348613495251075,0.005507874587870165,1,-0.03172300617163004,-0.058277239095239186,0.9866327729675208,-1,0.010425111192196801,-1,1,0.006373998983263629,0.9559174324230159,-0.9472032169088304,-1,-0.024636746179725777,-1
1967-10-19,-1,1,-1,1,1,0.07021064551566558,-0.002676290894534694,0.004665145821552308,0.9740745784930771,-1,-1,-0.9247587899598076,-1,-1,0.9998314995018411,-0.9841450080170911,1,-0.9777244046221709,-1,1,-1,0.9405193045598385,-0.03779168094870755,0.09091609266132195,-0.921427233772995,0.009768730080126908,0.042552552056801085,-1,-1,-0.03645340647943529
1967-10-21,-0.07270532620158598,1,-0.010861462046903414,0.0069963151931491385,1,0.9928186600109266,0.9877304668232905,0.9480382190044476,1,-4.1596792104714453e-4,-0.022506500786103056,0.05784612515797516,-1,-1,0.03379783726835206,-1,1,-1,-1,1,-0.048327764595680445,1,0.9424827387704752,1,0.03034452526898712,0.9124021784321,-0.9549175424494892,-0.059330900207156145,-0.05153188954619492,-1
1967-10-23,-1,1,0.901271915025329,0.9513888276763167,0.0789978101579798,0.010375362018982592,1,-0.021298225602206733,1,0.9294354439167433,0.940691359876249,-0.8980107365386872,-1,-0.039870807009316334,-0.9069653837331602,-0.002214372249804475,0.007365003834891026,-0.09327871430287804,-0.011705823810054583,1,0.9369758214507118,0.03756151095425797,0.012922279402011627,1,1,-0.0769074934160342,-0.06043034339007214,0.9287735570327947,0.9139853681004491,-0.06797419870311505
1967-10-24,-1,1,-0.054393448112737275,-0.04676893067941623,-0.831755037925257,0.9656273109008814,0.04728439199796397,-0.9802446226392479,0.02711923594454624,-0.017218408406223795,-0.026321672780976857,-0.0011762239232461225,-1,0.874512219331276,-1,0.9730445020174666,-0.9598769251041266,-0.9821233255462977,-0.9607506702225093,0.005197156752922871,-0.0051246101484925255,1,1,0.012444494613653045,1,-1,-0.9539563175044867,0.008525660405124369,1,-1
1967-10-25,-0.03996840369008359,0.02893933978159391,-0.9594638938535619,-1,0.11749453294632883,1,-0.9112558290826099,-1,1,-0.9306325819116305,-0.9976021016457162,-0.9898866151013058,-0.0016011959031125844,-0.12345446276820082,-0.12930217387537413,1,-1,0.013977120120235553,-0.09202565820366715,-0.9778954832397696,-0.8708065420964534,0.09090394719744554,0.031326964673643265,1,1,-0.0034625193574455704,0.030998455529710256,-0.9074619129994166,0.05568843854711414,-0.01834826219843122
1967-10-29,-0.9969801631192189,-0.9564080044160171,-1,-1,-0.8379241838038598,1,-1,-1,1,-1,-0.05445142842279527,-0.07299339739292332,-0.9878048758009041,-1,-1,1,-1,-0.9175120623984964,-1,-0.058682999316702955,0.08681135957127217,-0.887303208489763,-0.9307290111396148,1,1,0.9747615207289263,0.9556079661992081,0.049921713794299216,1,-1
1967-10-30,-0.021169856189663938,-0.0041358942552767175,-0.0363426834420284,-0.01067656016603935,0.07781148417784711,0.032620319080110205,-1,-1,0.07263020164940204,-0.11923248492760885,0.9325825969407722,-1,-0.06476512882060403,-1,-0.017495282965955816,0.011289193757112681,-1,-1,-1,-1,-0.8854578496719829,-1,0.005759988863114129,0.09241686320879539,0.015293778889421628,1,-0.013455453272156359,-0.949316632746415,8.9666840706637e-4,-0.03139365061610422
1967-11-09,0.9364852710609632,-0.9830860502455576,0.906918258413672,0.9137561503602936,1,0.9475141239308098,-0.03391676623901818,-0.08571237241733498,1,-1,1,-1,0.861741400869796,-0.007383621589981737,-0.965932976038108,0.9615712332860518,-0.03480737798822753,-0.014485312835252007,-0.012295140217736034,-1,0.08271011199617295,-1,-0.968607095856617,1,-0.8710586077336275,0.06230536567562617,-0.942347460244448,-1,-0.9397512461761419,0.9671177122995448
1967-11-12,-0.03475125082512043,-1,1,1,1,-0.0465124050327097,-1,-1,1,-1,1,-1,-0.1032851828154665,-0.9915836417420071,-1,-2.509037719895524e-4,-0.983175408828045,-1,0.976005411231356,-1,1,-1,-1,1,-1,1,0.031818853800855806,-1,0.03509546244369488,1
1967-11-16,-1,-0.11452432400562251,1,0.04945569300398711,1,-0.9566353530006946,-1,-0.05124439652045698,1,-1,1,-0.07261880220343986,0.8301400692020798,-1,-0.030192140708757753,0.9352153259921636,-0.06275400022681688,-0.04330395935537612,1,-0.012254542838505689,1,-1,-0.020628044937958223,0.021775088902525663,-1,1,1,-1,-0.9065897866803936,1
1968-01-12,-1,-1,0.16047953990447028,1,1,0.02358585399719193,-1,-1,0.06395895185346945,-1,0.0033209842878634266,0.9137481202904173,1,-0.007409252862567772,0.8763840756406821,-0.04312713248646105,0.8827373103596524,0.9467421691927146,1,0.9193738948213803,0.018588919695785577,-1,-0.966006679170299,-0.8825200468440887,-1,1,0.0021882219370282785,-1,0.007730483424177592,1
1968-01-13,-0.01627232678037105,-1,-0.8318408815811764,1,0.09310646630227704,-0.9406696338406458,-0.05195011627470525,-0.033912648860752626,-0.8724437697822167,-0.07707143565100938,0.9937860804816001,-0.0806616662572005,1,0.942657710880625,1,0.9361806103659421,-0.10778524440033588,0.021822010536748482,0.020498525926649247,-0.028972185074415013,0.9725884147832201,-1,0.02983808190814785,-1,-0.03655311978248377,1,0.9375419452954512,-0.03128097398333207,0.9550088737233983,1
1968-01-17,-0.9893342748510475,-0.034027435578351306,0.16546842461269273,0.08153634482155192,-0.7971842312248558,0.047385703683377245,0.8991119149776398,-1,0.10645138039698288,-1,1,0.8822493511215597,0.1091690944384962,-0.03436273819072433,8.416644376747495e-4,1,0.8508648150697457,-0.9445140807585114,-0.9306384774362285,-0.9483048147596597,-0.01588877708403591,-0.0424040811930535,0.9726881743276784,-1,-0.9981616570456238,1,-0.03124728179576841,-0.9257913242511235,-0.035727660433569564,0.051084251507691136
1968-01-30,0.00929615526992933,0.9117218291258691,1,1,0.16568495006757977,0.9356028273368734,-0.0860739524834091,-1,-0.8483382701556823,-0.025223575968989387,0.06518418798573422,1,-0.8650627902338398,-1,-0.9801059708434746,0.047978862724936455,-0.12707329235028342,-1,-1,-1,-1,0.9439981637020878,1,-0.029809806151679163,-1,1,0.950165810531476,0.04973011510737546,0.945620232443437,-0.9101496284026622
1968-02-01,-0.9484646165531949,-0.08058677753056809,0.10241805925574288,1,-0.8328743808172027,1,-1,-1,-1,0.9449850470031916,1,0.07392499160350052,-1,-1,-1,1,-1,-0.05081319401283124,-1,-0.026006900542619893,-0.06899102073988417,-0.02736896395874977,1,-1,-1,1,-0.029706739225978773,-0.8715417713793232,1,-1
1968-02-02,-1,-1,1,0.055525616345794115,0.16627304812558252,0.15462100799374445,-0.03390247706955929,-0.005684010977545451,-1,-0.04775454390273326,0.0466441640388473,-0.8685679251127202,-6.504208060376104e-5,-1,-0.042150842365048846,0.0030468982327538363,-0.14813477654025275,-0.9672578947189775,-1,-0.97938731507646,0.8227406355225185,-0.9841726081734298,1,-0.011464772189337724,-0.06614484828821943,0.0673020536361062,-0.984053643599927,0.05788062387896131,1,-1
1968-02-03,-0.07690561381461125,-0.03420141755761441,1,1,-0.784230880609037,1,0.9583631685900894,-1,-0.1081954538273402,-0.9486622289459393,-0.8321108588355774,-1,-0.9757307744118472,-1,0.9084846092192924,-0.9750247141439643,0.7984124306081581,-0.07345508019126312,-1,-1,-0.1685463775252437,-0.016165665397500195,0.028628841529404814,0.9256164158919423,0.8757456511614079,1,-1,-0.8543760907846797,0.0075522572673115684,-0.023810484625487516
1968-02-06,0.8885173199457927,-0.9742706134734241,0.07154136903293162,0.06884172815004064,0.21042719976837176,1,-0.03218194638568095,-0.05476690629602454,-1,3.0564722139170275e-4,0.14394460271621012,-0.0921780548402723,-0.0015949989884871396,-1,-0.061996156358998245,-0.06410021491867779,1,-1,-1,-0.026717944301737795,-1,0.892627887517479,1,1,1,0.060327222812230574,-0.0014628567177266127,0.1420902531174041,0.9968340398091957,-0.9509774411285771
1968-02-22,1,-1,-0.8614621473979922,1,1,1,0.9669113538064252,-0.9963789070489416,-1,-0.95382326928455,1,0.8746990910398319,-0.9749779431918908,-1,0.8950974036055346,-1,0.0043809449296753344,-0.1013989880752727,-1,-1,-1,1,0.004042756397081293,1,0.03752817646587081,1,0.9729983860090589,1,1,-1
1968-03-02,0.0012011040673162166,-1,-1,1,1,0.06272806230854888,1,-1,-1,-0.00910708776119351,1,-0.09601629515031473,-0.030638852440146414,-1,0.00628394203407634,-1,-0.9264494758153264,-1,-1,-0.04335055189276371,-0.08524469121696443,0.011657600532503753,0.9033215781542219,0.02609566923447615,-0.9404746704927744,0.02199020830109344,-0.017938380238933127,1,1,-1
1968-06-15,-0.9478820670208178,-0.038305315887653735,-1,1,0.016700933133213414,-0.9212806431223977,1,-0.018685813394621942,-1,-0.9569303894053314,0.021537763837600976,0.8951075139967978,-1,-1,-0.9063850794656428,-0.04553908143134544,0.03152769231565544,-1,-0.02519367726218047,0.94507926181031,-1,1,-0.09189951091132176,-0.9460019930469052,-1,-0.8092906636051372,0.8426612479961889,1,1,-0.0499082260855902
1968-09-06,0.014922988188383002,-0.9750911761435733,-1,0.07702042433420686,0.9955386390471844,-1,1,0.9421767381210784,-0.03207483807003597,-1,0.9821320906092255,1,-0.01851713242740871,-0.06638486802135901,-1,-0.9965698073141348,1,-0.04693515292842365,0.9573955257764188,1,-0.04210736942817361,0.028609210959524844,0.8411698068259028,0.040921886734043955,-1,0.18211787037118976,1,0.035722391758421845,0.0738709396342534,-1
1968-09-14,-0.9522002554490189,-1,-0.03681867767156233,-0.9061633247689519,0.03536816049680758,-1,2.710382927372246e-4,-0.04832842737343279,0.8514843233043984,-0.0065381800297160675,1,1,-0.9830447689845353,0.8989020126393625,-0.04361755984306881,-1,1,0.9072693682769392,1,1,0.9118815256438713,-0.9690157026780519,1,1,-0.08536434217664002,-0.754162806116949,1,-0.9365835922489486,-0.8904115925752619,-1
1968-09-15,-1,-5.656565682242709e-4,0.9024378939418041,-1,0.9985227024074941,-1,-0.9612299313552309,0.8497091394677613,-0.10029573531834923,-0.987506415892466,0.016404573844106318,1,0.002426137563680597,-0.03173221456023689,0.9059375483190041,-0.019086327747849907,0.0671550294000901,1,1,0.018782507486169497,0.013530966614705209,-0.04385298333741794,0.07322237706045287,1,0.8984196332629568,-1,1,-1,-1,-1
1968-09-25,-0.015710833692401338,0.9976131326920787,-0.08094875780106814,-0.015022500874259714,1,-0.028072376859392567,-1,1,-1,-1,-0.9703322566502711,0.006577836954059668,-0.9944730103667957,0.9108888243115353,-0.02658502290127518,0.9360844032748131,-0.9066487762207123,0.0044460135381901855,1,-0.95802752539861,-0.9706482875855458,-1,-0.8684515771991264,0.02063620971820468,1,-1,0.020624145850781206,-1,-1,-0.03512412201031023
1968-10-02,0.9824178901785479,0.09119219086264763,-1,0.9536694865486921,0.05020635540851415,0.9141890045862145,-0.12858761868406843,1,-0.011381178883095755,-1,-1,-0.926480325741462,-0.032180663583836866,0.013486755101786763,0.9414746199752152,-0.013123510129482985,0.09052804650051605,-0.9477980119330988,0.03087682995170593,-1,-1,-1,-1,1,0.007066168040042009,-0.06474854246930395,-0.9141113116995165,-1,-1,0.9305715667856213
1968-10-05,1,1,-1,1,1,1,-1,1,-0.9293791115321905,-1,-1,-1,-1,0.9799587783106127,1,-0.9881558704267724,-0.8119098913589673,-1,0.9807235417171178,-0.06869266482116376,-1,-0.05285254146264251,-1,0.06050506109446052,-0.9293796661742252,-1,0.05089325262354916,-1,-1,-0.03936704026035187
1968-10-06,0.052800186802995475,0.05897947371124235,-0.004908888365724895,4.871154353146556e-4,1,0.034051792515081836,-0.09085154441322973,0.026438563420748573,0.017927819544552803,-1,-1,-1,-0.010822864074504501,1,0.03524309082418231,-1,0.16486831030126115,-1,-0.015687286116899735,0.8599645367279505,-1,0.8322534796507,-0.004179133374446531,1,-1,-1,1,-0.0010021863250738727,-1,-1
1968-10-07,1,-0.9192595006559356,-0.9327032104650728,0.9675437099249431,1,-0.9339711988986259,-1,-0.9427653349429927,-0.9213781639229784,-1,-0.03716546765971984,-1,0.9648185940319796,0.052502411970012375,0.9847242842466227,-0.02652068777138472,-0.834543638785561,-1,-0.9789846626921106,-0.08259617098480598,-1,-0.11477120012211306,-0.9821005400841962,0.049041377216721416,-0.03857131070830089,-1,1,0.902701809839405,-1,-1
1968-10-08,0.07341399917878955,0.05631679261799827,-1,1,1,0.05959880526168049,-1,-1,-1,-1,0.8843001409773046,-1,0.04296841306840726,1,0.008491959740532184,-0.9900545396780662,0.09001586690592889,-0.08596683979836084,-0.02280784748297493,-1,-1,-1,-1,1,0.9206263020256333,-0.025431627997538286,0.05553647167673437,1,-0.015213548316031944,-0.0032821654628878427
1968-10-09,-0.8748105936540203,-0.939986014770835,-0.033722695947625114,0.03696435513451912,1,-0.917335430225605,-0.01668817349107732,-0.0575195041773543,-0.005842849423217333,-0.04100531337484015,1,-1,0.9524273621572446,0.004180424869245969,-0.9349232711397577,-0.038145440769413286,1,-1,0.9583783740633127,-1,-1,-0.023423886898230273,-0.0356120071475583,0.01591613623558985,1,0.965106864666587,-0.9246869315650122,0.04153029264450758,-0.9363519311577435,-0.9750279841662813
1968-10-10,0.10144332129683031,0.023260553849759225,-0.9785122104849022,1,0.08677554935786957,-1,-1,-0.9800006650233848,0.9525023965498637,0.9028357751256904,0.03848374127332832,-1,0.028608388602136547,0.9465791004704261,-1,0.9441129198515632,1,-1,1,-0.0017685388394830248,-0.03632707182903028,0.976028722184673,0.9441773372390957,-0.9399045663306459,1,-0.008251497276540287,-1,1,0.04445687106306573,2.179672348311401e-4
1968-10-12,-0.836352179761898,-0.9612252060796665,-1,0.030925903031148172,-0.8483951890361071,-1,-0.021473460190191584,-1,0.03311358294278033,-0.05720216651939303,-0.8494500158934541,-1,-0.9635234223853292,1,-0.0023449068104826054,1,0.03140472948055417,-1,1,-0.9730231490073261,-1,1,0.01220300714913658,-1,0.12649085205741972,0.971806262435007,-0.017496664454179633,1,1,0.9369098414627256
1968-10-13,-1,0.0199634565281126,-1,0.9728505322140305,0.11430726490727527,-0.029589144908422016,-0.9317516921009388,-1,1,-1,-1,-0.032735891567249986,-0.02089261638714779,1,0.9775445229065074,1,0.9471650511111527,-1,0.020704631730207645,-1,-0.00910482534713708,0.10682112312253322,-0.9454972056084539,-1,1,0.07070752807749825,-0.9699191117556576,0.011165233610753167,1,1
1968-10-15,-1,-0.9728079462990274,-0.04402311846801943,0.09073395674265283,-0.8198626518628528,0.9445050328182788,0.028983988966237884,-0.02249787042398732,0.027520871036850747,-1,-0.011898769726137903,-0.9689840621992944,-0.9940142934334874,0.04753194811630945,1,1,-0.034425006298152705,-0.017414948926472107,-0.9736200340156511,-1,0.9887843242504981,-0.8721418579635059,0.052590726105725794,-1,0.049065042929337555,-0.9017104465748272,0.015837614038978542,-0.9855285276181132,1,1
1968-10-16,-1,0.0049218352759567985,-0.95027674971154,1,0.15899942711807946,-0.022496573497369998,-0.9091615245538355,-1,-0.936085247999321,-0.024062547617855645,0.9802882929988518,-1,-1,-0.9417386170250162,0.06321051217224571,0.04994368454541287,-0.9961517101015119,0.9446010731760841,-1,-1,1,0.06718823317233313,-0.9249756258162379,-0.05327077570827665,-0.9373918390840139,0.09588146580972068,1,-0.05617971888284723,0.09181782231649893,0.010179973908783446
1968-10-17,-0.006427581447085329,-0.9870951631390205,-9.891907399811606e-4,1,-0.7788276612454198,-0.9877943120233331,-1,-0.08878992773228189,-1,0.942635290670007,1,-0.013680035570647342,-0.033867771164309945,-1,-0.8976746565204841,1,-0.026359243047303305,-0.01699938717567573,-0.11963586595027342,-0.09119325592165295,0.08139775371109725,1,0.05538829609586926,-1,0.052517190183178575,-0.8647904368733322,1,-1,0.9771740851136683,-0.8419155450123098
1968-10-30,-0.9961925980890259,0.00738498393880227,-0.9869589544168206,1,-1,-0.08951884500034901,-1,-1,-1,-0.028916994067614832,0.049049607046167676,0.9119972908781651,0.9329211720002847,-1,0.08238730345495515,0.048577043257899244,0.9735801002204145,-0.9808013399720534,-1,-1,-0.8659931472805693,0.014937909739656363,-0.9269596074215077,-0.018700147524884914,1,-1,0.05624639972302237,-1,-0.011669196133778592,0.09769469824911947
1968-10-31,-1,0.9415914388052542,-1,0.038300300156564715,-1,0.8821030091203266,-1,-0.16517944114721417,-1,-0.9924263452677138,1,-0.035285997903573896,0.02375521475990372,-1,1,1,0.001586816875974062,-1,-1,-0.02930741410330351,-1,-0.9680942285665318,-1,0.9625434067446672,0.013410310310523865,-1,1,-0.036915922446404514,-0.9557905406563979,1
1968-11-03,-1,1,-0.007640826920183974,1,-1,1,-1,0.8173937645440533,-0.037978872173012324,-0.0195321118851407,0.021938716541000547,-1,-0.93892714445841,-1,1,0.008527183407459948,-0.9764384380583445,-0.014813930145590515,-1,0.9172748275972599,-1,-0.035275359673831,-0.015003294268600031,1,-0.9327355171775084,-0.05492982731739848,0.094455316276569,-0.9600759066287626,0.03264126777257459,1
1968-11-05,-0.07649634237890757,0.0558186922789794,0.9910585981664459,1,-1,0.001917113829442041,-1,-0.1432844582807532,-0.9878275666619296,-0.9556771687851011,1,-0.007236307686954158,0.027584020217947147,-0.019769069197415723,1,0.9541751019229235,-1,0.9743696798502501,-0.060381391848172594,0.004731987988319752,-1,0.9312351120368141,-1,0.012709577667678773,-1,-0.999898220904145,-0.8432625704481704,-1,-0.9636982271009245,0.07088707647478976
1968-11-07,0.9166375328887473,-0.9307027116367772,0.11238550148013626,1,-0.007997419522872251,1,-0.013691854885439447,-1,-1,-1,0.05381481387789322,-0.985280759311015,-0.9543759194698275,0.932790771108317,0.13540769688609755,1,-1,-0.02132015344706284,0.9161776020696264,0.9825680729391609,-0.029722972521457725,-0.03825314264485291,-0.1336391982048133,-0.9626217606093385,-1,-1,0.1156511071904297,-1,-0.004890440470965207,1
1968-11-08,1,0.010435994140425398,0.9612245270760962,0.07479548509749656,0.9661255880820889,1,0.985994822254746,-1,-1,-0.0206296182081549,-0.9185929118909885,0.01241198503814056,0.03528246267550661,0.0018393798162400499,-0.8519709077241373,0.04742984603720868,-0.03959273050720746,0.8933495885260825,-0.045985909132936986,0.020386258122159218,-0.9976278113357736,-1,-1,0.008112937325267078,-1,-0.11191074832943793,-0.783067997765026,-0.03884569043084052,0.8753023993453654,1
1968-11-10,0.015202000368902846,0.968191002661105,0.013163368754017135,0.9705144955326394,1,1,-0.005010251405809574,-8.808689739232545e-4,-1,-0.9373946493177036,-1,0.9357166655031441,-0.9094739814743524,0.9208855303849354,0.04092676783226756,0.9975962337222348,0.8776425660110665,1,0.8910660813982011,-0.9657212037554876,-1,-5.389893928570144e-4,-0.006321906215799311,0.9781120402747796,-0.006840341964121199,-1,0.20164566580197085,-0.9594167705446477,-0.08659768840321347,0.10796867058323045
1968-11-11,0.9266614710353123,-0.0213835010303709,1,1,1,1,-1,-0.9801707411686963,-0.034839790699184525,-0.02851623625964783,-1,1,-1,-0.04548536296752159,0.9755548861472995,0.006764948277528715,1,1,1,-1,-0.04541491754609328,0.9411309255966495,-0.9913987718220424,-0.020515686370217834,-0.9585808367846698,-1,1,0.03241737506167475,0.8971874220805733,-0.883754417464835
1968-11-12,1,-1,0.002276240131308449,0.08573808341586375,1,0.07247294442673224,-1,-1,-0.9666959339290759,0.9549771408344202,-0.023525846038759846,1,-1,-1,-0.006373032856689109,-0.9486802922989841,1,1,0.0011847772017913316,-1,-0.9479494175537196,-0.0454708266941547,-1,-0.8702853291954694,-1,-1,0.06598949977454316,0.9707744092086346,-0.0599735048562956,0.09916979356368483
1968-11-13,1,-1,0.9396964626169976,1,0.08200889694616409,1,-0.025525710798480317,-0.04758955876756055,-1,-0.03796863774802006,0.9278992980281691,1,-0.048279113967793386,-0.055616542899326826,0.9456216552710435,-1,1,0.012982806287493376,-0.9595884506322561,-1,-1,0.936435198034067,-1,0.032306422659094225,-1,-1,-0.902336840523722,1,-1,1
1968-11-14,0.01119636125213419,-1,-0.029970605606405076,1,1,1,0.9720534809661876,0.9028328387955699,-1,-1,1,1,-0.9471415627155828,0.847586157740839,1,-0.06470545208167444,1,-0.9549766299650893,-1,-1,-1,1,-1,-0.9501343438582487,-0.009882600903277972,-1,-1,1,-1,0.03775551610901806
1968-11-15,0.948701130499091,-0.05460179348162297,-0.9666004260643791,0.05905513772684878,1,1,1,-0.029143376708618884,-1,-0.01184008827496541,0.018342953743171964,1,0.020461347887558268,-0.1519984910465475,1,-1,0.047396397702847315,0.037274339404293366,-1,-0.025065083916741338,-1,1,-0.011772019506584241,-1,0.9385973072955095,-1,-1,1,-1,-0.9011915593155506
1968-11-20,-0.028638964241598175,-1,-0.012111453530343375,-0.8906492930628336,1,0.003229479313221817,1,-1,-0.06281417431625269,0.9269966790076756,-0.9049040863014217,1,-0.9707271068347799,0.788539269862703,1,-0.06338119195980252,0.9949137203625859,0.9863846557754348,-0.06579838132649496,-1,-1,1,0.96558660357437065,-1,1,-0.02701127647056456,-0.06861128749588885,1,-1,-1
1968-11-21,0.9517882197073104,-1,-0.8899525872937634,-1,0.0601157043451519,0.9907941413408059,1,-1,0.8594963038579325,1,0.06962063124102114,0.07019212073363224,-0.029821102270977562,1,0.0911965676401374,0.8812425750622912,0.03699772355103037,0.0738280105186988,-1,-1,-1,0.012407719600216915,-0.02933194140381623,-0.06975404726189094,1,0.9422176222351647,-1,1,-1,-1
1968-11-22,-0.011661946714896398,-0.03363053756435219,0.10134187432443242,-1,-0.9383605033598896,0.07490514675449933,0.04952695964617415,-0.06045603307551284,-0.10252376704573574,1,-0.9171635010822461,-0.9229551480152262,-1,0.03511072436524465,0.987646694501718,1,1,-0.8520772966599545,-1,-0.049454355121815174,-0.030670266768493937,-0.971258697117336,0.8851994452510902,0.8428308799298706,1,-0.026738470840172113,-1,1,-1,-0.003943104004961118
1968-11-27,0.908219901244943,-1,-0.8807382456405445,-0.05147857486769214,-1,-0.8524663971847878,1,0.9248249611201343,-1,1,0.04024014736165582,0.002744759813866904,-1,-0.9143970536796332,0.00590502412347349,1,1,-1,-1,-0.9952871675016922,0.9542959602237562,-1,-0.01846747917040903,1,0.06443875190090709,0.9504936202775278,-1,1,-1,-0.9750803569684949
1968-11-28,1,-0.04736347697041887,-1,0.917373430382478,-0.0024814537397918057,-1,0.07739679393113774,-0.04327626991052913,-1,7.739167536991998e-4,-0.9294789671243066,1,-0.05641409189951607,0.03219632553999385,-0.9540559622164388,0.04392366636014855,1,-0.02867355674782679,-0.008833456419489516,-0.06466337989425264,1,-0.07158446999990065,-0.9357187368435088,0.03139385895781066,1,1,-1,0.01920921457517033,-0.04223530950231402,0.018383923431723126
1968-11-29,1,0.8996078360637884,-0.023287595605721467,1,-0.965351281554234,-0.010213272687312647,-0.8993105138073443,0.943295896637558,-0.024228357714393467,-0.9265085440939779,-0.026612415853749183,0.02110722409698662,-0.9248291705403583,-0.9364728561559628,-0.03211251772222712,-0.9220726860770759,1,0.9366700556098021,0.9656872211522288,-1,0.02284052634135114,-0.9994431193783008,-0.0019420301684349717,1,1,1,-1,-0.909556910965004,0.8853961787004295,-0.9411041479643185
1968-11-30,0.008475377051372135,1,0.9370245015321901,1,-1,0.9595878396097388,-0.023754548167577938,1,-1,0.05836604534168188,0.9263892343483229,-0.9675536374475742,0.024768595702940543,0.035242654633552584,-1,0.03097098953332933,0.10323403077290338,1,0.005803765863497068,-1,-0.934497708747692,-1,0.9803097392221378,1,1,1,-1,-1,-0.014586395346878889,0.012911257388732555
1968-12-12,0.9880584865777425,1,-0.04087808080675659,0.04932939506799949,-0.06288422527655624,0.009628454176884627,0.9754701966149373,0.012581926345991978,-0.06948929059138176,1,-0.028857089277445347,-1,-0.956854974738432,-0.8828191264535102,-1,1,1,1,0.9623204877949997,-1,-1,-0.03315119951593459,0.007629139879594904,1,1,0.01898549225993451,-0.04203173933729065,-1,-0.9759491466781066,-0.974051300332315
1968-12-13,0.02565357140907143,1,0.9579471572692778,1,0.8468569015764386,0.9961515710705046,1,-0.9804120102881237,0.9220858699278182,0.007469939485853949,0.9398691099987265,-0.02070399217111074,-1,-1,-1,1,0.014968879054198636,1,1,-1,-0.03428625546081887,-1,-0.9149062953033819,1,1,-0.9479844308520715,0.9564724699788326,-0.012156017421503629,-1,-0.02838438322715986
1968-12-19,-0.9702690770636464,1,1,0.059843414732510314,1,0.027784430954173045,1,-1,1,0.9984256000356438,-0.048626824387083434,-1,-1,-1,-0.0781281858843641,0.04739779371097219,-0.9409681637245222,1,1,-0.020666869905504814,0.9578651099902684,-1,-1,0.01665900388539665,0.05554491116562077,0.01099460204762115,-0.021835985466054808,0.9395199078529024,-0.09379412281000576,-1
1968-12-21,0.008715220725221462,0.03947164327559549,0.0602693232381768,-0.9110814708832774,0.03881984674423988,0.9749277230155099,1,-0.05058047311267655,0.006053497890094572,1,-1,-1,-0.017525544721281205,-0.019777884377082278,-1,-0.9522472519825614,0.026443945549474046,1,1,-1,1,-0.07009174287523812,-0.0515686713064325,-0.9602634807209557,-0.85650885684309,0.9019079161329071,-0.9105311148733222,1,0.8595570890148806,-0.06674914390184739
1968-12-22,0.9521710682674484,-0.9164897050349677,-0.8694150593761925,-1,-0.9525716054133875,1,1,-1,-0.9172807868403094,0.013994549635267362,-1,-1,0.9709384765477692,-1,-1,0.012229482896977673,-0.8952970329203328,0.07999359201271194,1,-1,0.10380112748924208,0.9202980847904519,0.9452841319919058,0.030890527952702085,0.06972247527839481,-0.09127195493752205,0.08118234814722103,0.010943845803494945,1,0.9321088928933622
1968-12-31,1,0.05640227939047071,0.10642617184428005,-0.011863602289248876,-1,1,0.00977747689578834,-0.0431892096851797,0.058857552932917945,-0.9553250572569382,-1,-0.05456530725019548,0.051719009472749544,-1,-0.041617404955842985,0.9778770347218363,-1,1,0.0731886040180234,-0.08411806335496497,-0.8928096040186327,1,-0.02105725159764016,1,-0.9223571241009892,-1,-0.9083953866305298,-0.9401777410024273,1,-0.05471178609369587
1969-01-03,0.045589806781200504,-0.9191084026121668,-0.7825136863762668,0.9646274434226535,-1,1.946432828229261e-4,-0.9012006330270665,0.9543393637444506,-0.9105119205870028,0.024320586614028916,-1,0.9362337616533619,-0.9314626301218449,-0.02482768760469478,0.9282962137509723,1,-0.008217209874735731,1,-0.8835763139285822,-1,-1,1,0.9208776149493342,0.054547552264932575,-1,-0.09284148614286669,-1,-1,1,-1
1969-01-05,1,0.06568706991322093,-1,1,-0.03947959822201019,0.9892131593980483,-1,-0.033454830075132724,-0.007809848140765019,1,-0.05572488546759702,1,0.04993481943721578,0.8838765347627795,-0.017641162093138263,0.037086571318781125,-0.9815455990263198,0.014866057317329817,-1,-1,-1,0.02006510566752917,-0.06990944488405015,1,-1,0.8604946560538164,-1,-1,1,-1
1969-01-16,1,-0.9099742016699477,-1,1,-1,0.048300410244167535,-0.051540420306144696,-1,0.9759801934186254,0.024924621236543043,0.9349841755096782,0.06925133514963888,0.984609914089338,1,-1,0.8990258760325317,-1,-0.9729992635888308,-1,-1,-1,1,-1,0.02742321331460873,-1,1,-1,-1,1,-0.012514237264234618
1969-01-17,0.00786970735799708,-1,-0.007908766317154647,1,-1,1,-1,-0.007619848780592187,0.021450093688100358,-0.9396231181479727,1,-0.9141365431798356,0.0451654707575212,0.018495251242007238,-0.0035502320016250755,-0.09996472823684222,-1,-0.007431719309809903,-0.0230795938993138,-1,-0.1267414222997285,0.01861126646020894,-1,-0.9711218305116784,-1,1,-0.04843017353807644,-0.005095651811268476,0.1217923202625184,0.9768348923236908
1969-01-21,0.9156018031662055,-0.010119527792138316,0.9480267632539899,0.026619916077477712,-0.09550293513750985,0.020288210579892163,-1,0.9709687259488768,0.9889989164711869,-1,0.0687789709893909,0.08136239587970451,-0.9547466057159314,0.8493432795325263,0.9690650892296808,-1,-0.08248963527056796,-1,-1,-1,0.8659439551630215,0.9840983045623228,-0.008851893038240632,-1,-0.02388808095148398,0.05057398959991444,-1,0.9489275802654079,-0.8428520122238746,1
1969-01-25,-0.052997513999064605,0.9395427698079707,1,0.8844500762648113,0.8953164158111002,0.9947288136398331,-1,1,1,-0.021688277565295122,1,1,-1,-0.14995808352058937,1,-1,-1,-1,-0.055448538953686066,-0.0802184002137083,-0.09614221622944863,-0.01084500943412492,-0.9825122005295152,-1,-0.9318830142171346,-0.9036575887990946,-0.0037473155651286394,-0.010321608707668406,0.14485668206509283,1
1969-01-26,-1,1,0.060659764303612085,-0.10310259215366768,1,-0.002713697781326685,-3.464685217940966e-4,1,0.010592135059066865,0.9510867149448391,1,1,-1,0.8464475392635168,0.020000389695448484,-1,-1,-0.02482272478888725,0.8944455863928703,-1,0.8996655078195368,0.9623122388433907,0.01533151937570032,-0.024298233201125563,-1,-1,0.9811066600412668,-0.9697652307210125,-0.8458459212684832,1
1969-01-28,-1,1,0.9568700974352844,0.8865784553821983,0.05293118373589445,-0.9490890844330384,0.9662275418879532,1,0.9517298698565165,1,0.014830530192060376,0.006446103262376823,-1,1,-0.9281373382722832,-1,-0.04281673426673671,-0.992879382779619,-0.04110190815389503,-1,-0.060669232432284614,-0.015268444965580774,0.9543556919909422,0.9617682812700991,-1,-1,0.005113190681101498,-1,0.12574347839930655,1
1969-01-30,-0.04121693572221097,1,1,1,-0.8954995380757452,-1,0.012377335782260412,0.043798843778385166,-0.028385807085193004,1,-0.9741956546572987,0.9333196019497647,-0.024668009698522675,1,-1,-0.08554873637571137,-1,-0.03411052042653551,-0.9855911308241617,-1,-1,-0.9497100364482668,1,-0.03295906198129095,-0.07837483301649484,-1,-0.909486370892251,-0.049891698683179886,1,1
1969-01-31,-1,0.07152348347047877,1,0.038164197402349775,-1,-0.007623360002215307,-0.920369825662728,-0.9501904196036378,0.9472610713658633,1,-1,1,0.9677195121474802,0.026320234987066038,-1,-1,-1,-1,-1,-1,-1,-1,1,-1,0.8987343553227516,-0.01322116293202713,0.05123543832394739,0.9012884220508117,1,0.012666165253035211
1969-02-01,-1,-0.8896014563786326,1,-0.8934975944528795,-1,0.9435719094549571,0.02034156118034014,-1,-0.045478506199677304,0.0182955864812131,-1,1,0.027064287676467402,0.9877781609095195,-0.020920111868051983,-1,-0.024404892160267644,-0.019801549347958414,-0.07671232656103655,-1,-0.04816424595253088,-2.2140574634010868e-4,1,-0.0434102881419588,1,-0.9774829253727734,1,1,1,-0.8401473373334686
1969-02-06,-1,0.035098327855881295,0.08350317525743955,0.05521727425779588,-0.009925770791468502,1,-0.9291451613473473,-1,0.9420998260723357,0.9963492585234287,-1,0.04425925564412403,-0.8943097123126256,0.029886925093390748,-1,-1,0.9645675238221969,-0.9999597168441757,0.8618107483875886,-0.0408829656038201,-1,-0.9885406415930359,1,0.924145012865733,0.033007898814915615,-0.11177223189110352,0.018223442029945525,0.029419508560454943,0.024405182400379366,0.13959348635198965
1969-02-17,-1,1,-0.8984274884871851,-0.8904318884257861,0.9780795355806498,1,-1,-1,-0.04605543684659641,0.0385700442833411,-0.04411286750626331,-0.9282630201831442,-1,0.9635357917953392,-1,-0.015536496847674885,1,-0.03281649001062559,-0.13783950549773583,-1,-0.05480450223510969,-0.027794618164505236,0.011481594135925755,1,1,0.810264769748338,-0.9323234508976785,0.9469973902027249,-0.9181270103203617,-0.7760997900475445
1969-02-18,-0.04084442807511601,1,0.01585172522945244,0.09546574547369657,0.01545362986771337,0.021625197866492085,-1,-0.05196315802994811,0.8760119892300156,-0.8757601901919131,-1,-1,-0.02655814802026224,1,-0.06609126081111705,-0.9889279542363819,0.05617626810922105,0.8849432545724231,-1,-1,0.8944568748803988,0.9447423519595776,-0.9126536809331658,1,0.049740025555907286,1,0.02852536615883483,1,-1,-1
1969-02-19,-1,0.05871250247136062,-0.9633850135173545,-0.8938420609354311,0.9918881564467189,-0.9137288874794285,-1,0.929933955277782,1,-1,-1,-0.011371160245266299,0.93069586629609935,0.011966673029352282,-1,-1,-0.8991950761019754,-0.09769264544050027,-0.030331331627159175,-0.028886180901183667,-0.02332025961461215,0.010795956082146119,-1,1,-0.9417477448861494,1,-0.9396388552589623,1,-0.0628635889192416,-1
1969-02-21,-1,-0.8875729616259976,-0.007098014775881234,0.07866294143289243,1,-0.02374795328365964,-0.030848891630128827,-0.03370313536989289,1,-0.028711338480260862,-1,-1,-0.029768926288711528,0.995175766395115,-1,-1,-1,-1,0.8992969484002864,0.9340497510001423,-1,-0.9842674965955671,-0.0734449223418171,1,0.023573698398896004,1,0.03536097351193945,0.030091775899476203,0.9218302139822868,-1
1969-02-22,-1,0.04780501523010383,0.971927307387204,-0.8354419533049249,0.030120810885326255,-0.9924443124402986,-0.9603067263567423,0.9486623635668514,1,-1,-1,-1,0.9408020261356455,1,-0.06224652199027558,-1,-1,-1,-0.06090735780614187,1,-1,-1,0.9166395544158104,1,0.9656866932809286,1,1,1,-0.04224499800356862,-0.036393834136375314
1969-02-23,-1,-0.9184623890976151,0.0459079946660742,0.11281651544162474,0.9517560149022569,-1,-1,1,1,-1,-1,-0.004320195558254247,1,0.01229027409148764,-1,-0.10021254349611386,-1,-0.009593534748728483,0.9208091477305933,0.03455511948269452,-0.028115719758597724,-1,1,0.03575749914476245,-0.023678666165770856,1,0.02493641709752492,0.06939185705812811,0.9427352457757182,0.9375997245304722
1969-02-27,-1,0.043160818910983334,-0.93197460998314,-0.8533775319225804,1,-1,-1,1,1,-1,-0.07811943472563421,-0.9653427851655744,1,0.9761787647841867,-0.07319983343055281,-1,-0.019612735555899596,0.962878935999043,1,-0.9463102546165801,-1,-0.016580418582696765,1,-0.9515701846875646,-0.9656281197733542,1,-0.9664372517796362,-0.9035424113281423,1,-0.0017060011902925165
1969-03-03,-1,-0.9048617710079832,-0.02761406725073312,-1,1,-0.04154198490140759,-0.013758189723177994,1,1,-1,-1,0.007685758908642648,1,0.05153049442081137,-1,-1,0.8781340435393792,1,1,0.003836405397662168,-1,0.9207071415653223,1,0.04008743768122891,0.0316109910050445,0.031872112585693335,0.0012092618954667733,-1,1,-0.9972319973998947
1969-03-05,-0.026770776923427664,-1,0.9636546481439504,-0.05031496426437554,0.0058011213525881455,-1,-0.9020429938456849,0.06653434079691678,1,-0.04012254715718944,-1,0.9894362306692771,1,-0.9228971201754482,-1,-0.07779216303147118,1,1,1,0.9997665807988484,-0.05652376336707321,-0.06704848921700735,1,0.9899488403682473,-0.96355485169326,-0.9279293749566104,-0.9640128701790902,-1,1,-1
1969-03-12,0.8896141932853169,-0.03779306407137195,1,0.810683149056157,-0.9021913247473127,-0.027908637784386126,0.03299309083462587,-0.8466429146257557,1,-1,-0.010195494204629174,0.011979401827147407,1,0.06585699401614364,-0.00490212507867005,0.8986523097258484,0.08136369785045883,0.0353833379787023,1,0.004403399846038325,-1,-0.9907441008287792,0.006705438770896022,0.08039390990555362,-0.006879679738436284,-1,-1,-1,0.02525458130949254,-1
1969-03-14,-0.05568325317985734,-0.9524996798988064,0.028045643615063343,1,-1,-1,-0.9532732774508638,-1,1,-0.08424728237860302,0.9255283175703167,0.981775984046474,0.08425451843922327,-0.8620072399232906,-0.9378734632666041,-0.0881884832837776,-0.8970986135668645,1,0.04739472297984493,-0.916741340250897,-1,6.52500054595051e-4,0.9823690871212891,1,0.9845717835512675,-1,-0.02588694403341618,-0.02112509441908439,0.9576935497280129,-0.06165908138343579
1969-03-16,0.8516201168232798,-0.03886863265478102,0.9847143410996713,1,-1,-1,-1,-0.060061745934498534,1,-1,1,1,0.9754495557563535,0.071821272846875,-1,-1,-1,0.019852640526037968,-0.9172023294724246,0.08093986505676021,-0.019735908673659486,0.9855498919333804,1,1,1,-0.036511869480869374,-1,-0.963881193316036,1,0.9069001975021226
1969-03-19,1,-0.9960330176626246,0.0228243326253309,1,-0.01202271801105148,-0.06684353965043721,-0.061461731006594245,-1,0.05408876664057438,-1,0.029865695535239767,0.007268434367536436,0.0011559542275059176,-0.8982399517515134,-1,-1,-0.08356229842351326,-0.9724961731775854,-1,1,0.9756142837495876,0.006560579153113255,0.0414845840542426,0.010008021138406265,1,0.9423824272927115,-1,-0.05509186530829091,0.09633998799787558,-0.03428145356835399
1969-03-20,1,-1,-0.9669571002529165,0.004270472357652655,-0.940922673992495,-1,0.8983456465475561,-1,1,-1,1,-0.9875460269551801,0.9366213348190052,-1,-1,-1,-1,-1,-1,1,1,-0.950287990055147,0.9862729866344222,-0.9471976335856979,1,0.01776173528115499,-0.0036950370802698584,0.9210836086822808,1,-1
1969-03-22,0.08812047994029293,-0.08391542791742823,-1,-0.9665258983041578,-1,-1,-0.09460370189701162,-1,1,-0.01939772139396223,1,-1,-0.022539130172402166,-0.04440765075179853,-0.03477875685845855,-0.006466214139806525,-1,-1,-1,0.01636294047781084,0.06984616359213613,-0.034487998197579306,1,-1,1,-0.9612571448351718,-0.9307777664695204,1,0.002565727155893538,-0.05377571400371561
1969-03-25,-0.8654009380186211,0.8339440197177497,-0.07211604786926318,-0.02934885863922887,-1,-1,0.8993402544544845,-0.10486561077485479,0.02315031804511647,-0.9256246957838066,0.017488575862157907,-0.05084795482814286,0.9071571047326198,-1,-0.9579989782491495,0.9846151197827944,-1,-0.016582815694111686,-1,1,-0.8859375263120471,-1,1,-1,1,0.008598460671490504,0.05357682539438968,1,-0.9909219338243956,0.9229057133913541
1969-03-26,-1,1,-1,-1,-0.06772623846775461,-1,-0.07147165492936025,-1,0.9976545749116362,0.06565080203954243,-0.909837672044913,-1,1,-1,-1,0.008226014015761396,-0.017853330809984302,0.9531713617630041,-1,1,0.08095209479481347,-1,0.05905669962101223,-0.008862535591710685,0.03507058039333888,-0.9479601497378505,0.9324657222449243,0.061591916803942715,-1,-0.04871226284502517
1969-03-27,-1,0.015713769775396957,-1,-1,0.8442569725652269,-1,-1,-1,1,1,-1,-1,0.020739993161547288,-1,-0.09580787387167689,0.9676695842184885,0.9190590569199161,1,-1,1,1,-1,-0.9293874362182487,0.9539231383029521,0.9944466235859334,-1,-0.03124905957058277,1,-0.03716890481011059,-1
1969-03-29,-0.0027398178972846132,0.9957648717170422,-0.04195225628555044,-1,-0.07226670314809858,-1,-1,-1,0.019272204103589208,1,-0.05935720003341238,-0.040952350851352626,-0.9097752686827952,-0.028994050998833898,-1,0.10701133766828752,-0.07340140024281039,0.07052707763779975,-1,0.023710902728547367,1,-1,0.06430812201968494,-0.030599962818063542,1,-0.0171362743743112,0.9537825862594519,0.005126557670957044,0.8737425634860454,-3.7258066317702454e-4
1969-03-30,0.8509170815677629,1,-1,-1,0.9276463820745053,-0.019206057762864992,-0.052911579794549524,-1,0.9716653851641945,1,0.7984809674009281,0.9135611976802843,0.04016031036896983,0.9425293021363589,-0.050581443649316826,1,0.8939212510016858,1,-0.09209556250474216,-0.9550090645157893,0.038295025968116625,-1,-0.909307223934962,-0.9985548621464115,0.06946624566593707,-0.9611039368082638,1,0.9759825720368517,1,0.9856137126123802
1969-04-02,-0.1164817618409999,1,-1,-1,-0.003206800747476146,-1,-1,-0.0530197541763161,0.03678689339307817,0.023333108497152755,-0.17201686588476406,1,-0.8750410467486631,-0.03606442018008149,-0.9742141471718762,0.027515916422900077,1,1,-1,-1,0.9598378004660537,-0.03962402616781935,-1,-1,-0.8116596611283523,-1,0.022276128954869967,0.019296158385955886,1,0.03681155528214375
1969-04-04,-1,0.06346238115832759,-0.030416411536178245,-0.045606045238848814,-0.9371678899831246,-1,-1,-1,1,0.9618585096023337,0.8013827606926084,0.0664301940647879,0.03200963492320186,0.9226024571944932,-0.0024134551870683696,0.9692451604642837,1,0.04356629249486632,-1,-0.07105405396491415,1,0.9022316950471518,-0.015116572338964351,-1,0.1808638662630092,-1,0.9849135874532173,-0.9569693429588338,1,1
1969-04-05,-1,-0.8415887553298461,-1,0.9083837762348682,-1,-0.04289013839788769,-1,-0.016484628052397476,0.0848063084854217,-0.022167010463696846,-0.1259779263411953,-0.9030522556898345,-0.9669608626906335,1,-0.9757949657357796,0.0052891552219411775,0.03664496913208615,-0.9391102473062902,-1,-1,0.04303357478432457,1,-0.9955138429659083,-0.04967188016604929,-0.8127590770715017,-1,0.01769529559813532,-1,0.024743999672982575,0.013912401138370778
1969-04-06,-1,-1,-0.03276519105067566,1,-0.05219274999327239,0.8707874856263272,-1,-0.9823050712453772,1,-1,-1,0.08920854641373954,0.029708623057471573,0.023257852116716493,-1,-0.9006028387500078,1,0.022250783379206718,-0.004303571418733165,-0.027767969958385152,1,1,-1,-1,0.07818491206996003,-0.08302393779022987,0.9640919330259482,-0.03283648344502843,-0.9288852313234337,0.9780711804528265
1969-04-07,-0.024890385096096868,-0.043335390591868306,-0.9755445742925792,1,-1,-0.0785601624454143,-0.08929809318447735,-0.009909775955839972,1,-1,-1,-0.8957425641886384,1,0.9142574244457957,-0.013735583252125982,-1,0.002903733437092715,-0.9700390280033852,0.9478993304735418,0.9566520724106201,1,1,-1,-1,1,0.838961707490703,-0.003510042191382845,0.8913953123964105,0.04659566817641547,0.019486519438628114
1969-04-08,-0.9338437747749508,0.9419827768763891,-1,1,-0.010848569525159668,-0.9848654339929499,-0.9658622679330533,0.9417802541898461,1,-4.8124223877377137e-4,-0.007913655121589702,0.10288148068351344,0.009044605432844355,1,-0.9928785364605095,-1,-0.9578002793933585,0.02130190215032013,-0.025665992463735576,-0.008139018137734988,1,1,-0.003940333457763678,-1,1,1,-0.9817808549091891,-0.0824911573962609,-0.8676026040867326,0.9644480491728628
1969-04-11,0.05814782096270221,-0.05390180900946728,-0.002606204079594332,1,0.9700236635956775,-0.016515925777860874,-1,-0.003068105462006754,1,-0.8705628447064085,0.9866949336197247,1,-0.9125613032699463,0.008887290381929036,-1,-1,0.028645992849786417,0.9944099195111292,0.967814697981892,-1,1,1,0.906872427019484,-0.040712174345713836,0.019257317030830112,0.015224794924846519,-0.003041584335184422,0.8630228902969319,0.10218504686745666,1
1969-04-15,-0.934290928335372,-1,-0.9729276285657392,1,0.03714421146967506,0.9123890307682431,-0.02469724920738059,0.9540178800356433,1,0.09674389662729632,1,1,0.07459394112154494,0.9410363061907167,-0.03755981117768992,-1,1,0.0726513122558472,1,-1,1,1,1,-0.9954102639753335,-0.9649494155436356,-0.9300113310828716,-0.9599834177431715,-0.11673944292672789,1,1
1969-04-21,0.038964566565174,-0.0461076349026136,-1,1,-0.8671509181901743,-0.041641107432232816,0.9279351639508432,-0.010987489274051465,0.026791200269833393,-0.8565472976550805,0.06867557716318473,0.056287026326504064,-0.8117976159425919,1,-1,-0.057706650846269136,0.016943908742888758,1,1,-0.07092243784262942,1,1,1,-0.07785045070000485,-0.04240483972711018,-1,-1,0.8717272757012129,0.0351112538623064,1
1969-04-23,-0.931849716225423,-1,-0.03584370411214022,0.09962533280821417,-1,0.9221002844730866,-0.05998884767326007,0.9856565874330211,-0.9057807799294352,-1,1,1,0.16702215398965892,1,-1,-1,-0.9345845426626703,1,0.033458456045554086,0.9206229828351316,0.01004389349360113,1,1,-0.995235107971653,-1,-1,-0.061684273469013284,-0.11349982041048334,-0.940356534460188,0.0036560900977765654
1969-04-24,0.060635611550748814,-1,0.9623349509324599,-0.8151850198512129,-0.04463434562424895,-0.07325663840694785,-1,0.1172660468739346,-1,-0.03023317842507689,1,0.047599424896382136,1,1,-0.022311119691014625,-0.002316757355378618,0.009693630263415964,1,1,1,0.9470422898083175,0.006911835711627012,1,-1,-1,-0.06645560228738479,-1,0.8624925869344858,-1,0.9678998513907582
1969-04-27,1,-0.0017070506410035158,1,0.1539514836171716,-1,0.8649983899753813,-0.06099313049748145,-0.8673372980782833,-1,-0.9584499931115318,0.07356150845511733,0.994518615569058,0.05375585544552175,1,0.9593525595151684,-0.9584335113576786,0.9700797568335273,1,0.018847863810271037,1,-0.03040615238563882,0.9884534196500718,1,-1,-1,-0.9977254464495054,-0.034712992012778776,-0.13649904916459366,-1,1
1969-05-04,1,0.9494686621745826,0.056799785684089166,1,-1,-0.1300044888003541,-1,-1,-1,0.023365076128178952,-0.8944300003117295,1,1,1,-0.023869721602761573,-1,0.04975207401852022,1,-0.9714919125616298,1,0.9231418733479403,1,0.03335379304677033,-0.017313490901249118,-0.015322057637314201,-0.02926849443111057,0.9154231898208959,-1,-1,1
1969-05-06,1,-0.018498461863732052,-0.8111267085978332,1,-1,-1,-1,-1,-0.001298586269473101,-0.9463944265147515,0.0406969278590964,1,0.07300478517066367,1,-0.9604785399104357,-1,1,1,-1,1,1,0.00940185372562774,-0.895272652884911,0.9749772821784405,-1,-1,1,-0.05950232018016555,-1,0.01776137052668858
1969-05-07,1,0.9269998270946267,-1,1,-1,-0.016651978697727388,-1,-0.09593507417554448,0.9922389195991543,-1,-0.9001625043520635,1,-0.8799797875126301,0.0011473641628440001,0.012126546717477038,-0.0033097976501558213,1,0.03916456360247089,-1,1,0.0166363139473078,1,0.013473778549382032,1,-0.021630720344627208,-1,0.01981672465883,-1,-1,-0.9732462584767376
1969-05-08,0.006039313998149831,1,-1,1,-0.09680951765570611,0.9632992206715527,-1,0.84393546638767,0.06342262638298568,-0.005891036612844958,-1,1,0.06322892681902825,-0.9329971380509234,1,0.9424212055443923,1,0.9772907864015451,-1,1,0.9654294977227735,1,-0.9765217079037865,1,-0.9888808186146977,-1,1,-1,-1,-1
1969-05-09,0.9920925014296517,1,-1,0.0025223045741629146,-1,-0.007510154950214898,-0.013760209200911477,1,-0.9338320674485417,0.9886203140768103,-1,1,1,0.06091254287774128,0.0892761831313752,1,0.006109077154784925,1,-0.025891873674099286,0.0062571393211816595,1,0.06039962141539568,-0.005904315097431834,0.05541968215500592,-0.021479897148075633,-0.051691815220407555,1,-1,-0.07466253759683272,-1
1969-05-10,0.05037980993033098,0.0952431115148673,-0.002998034251665227,-0.9796912583640299,-0.0021504607575340007,0.9913557557440853,-1,1,0.003802823723543902,-0.007960286153204654,-0.006613586506067359,0.04862645375243457,0.010733217511467608,1,-0.8269150721727965,0.0528797279973825,0.9631523423262731,0.0024037389489732774,-0.9767241514379509,0.9556033441023326,0.029374666560731177,-0.8222454744532695,-0.9770817295930262,-0.9175217518998862,0.9304714560229049,-1,1,-0.012114861015694256,-0.9962014692818093,-0.026835595948905944
1969-05-11,1,0.9793577482081443,-0.9249164475178574,0.010810744739107037,0.9175631167794062,-0.005544768141239165,-0.006830004605324458,0.06838550695474521,-0.9753859978620549,0.9643361828295581,-0.8959446357989983,0.92044080343448,0.92012559735492,1,0.1320936422432024,1,-0.012897660924204968,0.9947743804055947,-1,1,0.9815211601440367,0.1613778788228727,0.015352996442636213,0.043092199451388646,1,-0.15926147854555472,0.010661269942022988,-0.9916438227471297,-1,0.9539768429916318
1969-05-15,0.0394810842190777,1,0.062153495621321775,-0.9333777077991254,1,-0.9991093973271208,-0.9991845300027836,-0.8762680346256926,3.7006699447983404e-4,0.061323211262355404,0.10232147693873495,0.016534289283772763,-0.061523867214697714,8.949515903370342e-4,1,0.034559170559893215,-0.9164028807090389,1,-1,0.06252733231635732,1,-0.8137556776014864,-0.9638346438629029,-0.9276953948663401,0.020154854438287684,0.8221713145360353,0.9074268491047742,-1,-0.05105433673870463,1
1969-06-09,-0.9133523072087582,0.048873406032517774,-0.9243971577708846,-1,1,-0.03142610999711937,-0.02138091858462543,-1,0.9900594460510544,-0.9268822333450268,1,0.9416117283559104,-1,-0.9862005596217047,0.005032995357779679,1,0.05258304974400285,0.054181038283960814,-0.008420802045604026,0.9781453722860631,1,-1,0.029898266846854038,-1,-0.9308285351799039,1,1,-0.0675756534233447,0.8807575160980156,1
1969-06-10,-1,1,0.031516621767668895,-1,1,-0.9786058376886647,-0.9612984953963918,-1,0.025297940933468155,-0.015804320849198472,0.021163294248465414,1,-0.08834150293865439,-0.002360101173091156,-0.9056389977359822,1,1,1,0.967608678968925,5.707447844713887e-4,0.037577413978940655,-1,-0.9102318115660577,-0.022809254063846596,-1,0.030207890951555738,1,0.8542383194960883,1,0.02276258021134503
1969-06-11,-1,0.021751453897497663,0.951828086523074,-0.08306529504789839,0.018155311603463398,-1,0.03561026877717155,-1,1,0.9756726341031209,-0.9534237154151003,0.06731663711333513,0.8844352739176349,-0.9684072142636264,-1,1,1,1,0.018237319920213935,0.9621269152518561,1,-0.03532845583815225,0.06343454236909163,0.9718268833267364,-0.021970651000546182,0.9889846531630178,0.08046219529184206,1,1,-0.9338437698641772
1969-06-12,-0.03458729384758352,-0.9549838100355286,-0.03647001543540018,-1,0.9335424956152083,-1,1,-0.02845190864753877,0.0059208672486262826,0.0458426722227151,0.01935898432084715,1,-0.07003417082566377,-1,-0.05282518964028238,1,1,1,-0.8827062926939085,1,1,0.8658975037227296,-0.8882928679471515,1,0.9594236388954239,1,1,1,0.033725632264177574,-0.007268551731438921
1969-06-15,0.9403392790897316,-1,0.8554718146818041,-0.014911716380228146,1,-1,1,-0.9911968754619319,0.9592190235162307,-0.8725865554339676,0.9717925411789471,1,-1,-1,-1,1,1,1,0.040406930202671276,1,0.15043071863711988,-0.10709896564565302,0.10959354578273428,1,-0.019352648625637348,1,1,0.0017683420828736862,0.9902408204190143,0.9891926973970065
1969-06-19,-0.023733705064476585,-0.030170946268796905,1,0.9615076305428681,1,-0.0551432107177825,1,-1,1,-1,-0.022528303332044253,1,-0.08681091367901772,-1,-1,1,1,1,-0.9472842741197458,1,-0.738938854466279,0.8163276279268813,1,1,-0.8968102016407521,0.06336562380888622,1,-0.905574590501729,1,1
1969-06-24,0.9704622753405617,-0.9761922482834523,1,1,1,0.8082068820134838,0.011758392076159696,-1,0.05427466442902751,-0.007819829155126579,-1,0.0451269545288876,0.9043376352474124,-1,-1,0.06256918613613238,0.011059098417486535,1,0.01566322509644591,0.0042399189476045596,-1,1,0.040263628201118506,1,-1,1,0.06591047838224329,0.09232937580461698,1,0.007065162378010803
1969-06-25,1,-1,1,1,1,-0.17889861606572632,0.9852407601493048,-0.010470124868842023,1,0.9817241331615597,-0.010700629109082205,1,-0.08421952462680049,-0.03576472363620242,-1,-0.9269062457105711,0.9487286784664724,1,0.9950691350344352,0.9917163925670746,-1,1,-0.9040367840905862,1,-1,0.05134691494023513,-0.9073350661017396,-0.8703021115551548,0.04898443408690545,0.9925346491038077
1969-06-26,0.041051656029465144,-0.04253022995005051,0.033857164424467845,1,1,-1,1,0.9102831507194319,0.0666671837649726,1,0.9342969884786887,1,0.8989659710251413,0.9104432971089234,-0.008413994211877274,-1,1,1,1,1,-1,1,-1,1,-0.012460543809725944,1,0.06571632874528532,-1,0.949718854153946,0.0294894379624151
1969-06-27,-0.9575511659975225,0.9538186534521823,0.9690605093211856,0.04704186422703549,1,-1,0.09943743012574868,1,-0.9237401052735964,1,-0.03242176837802879,0.010476984158431346,1,1,0.9068903318588873,-1,1,0.014507044083173048,0.05218822021391656,0.010090652034088099,-1,0.06585910689230201,-0.08165029645073096,0.016562378660394894,-0.9454275908349805,1,-0.8608498782566282,-1,0.0014903698031442092,1
1969-06-28,-1,1,1,0.9787666930698543,0.005383386843357596,-1,-0.8776822003657495,0.0010217914788438476,0.0468506629237162,0.028363334838326204,-0.9963564759621398,-0.926514784862433,1,1,-0.05617388181605609,-1,1,-0.964395224365999,-0.908352020218743,0.9836360730510556,-1,-0.9081755058187932,0.873373890219532,-0.983206894469106,-1,0.021993364026982376,0.11214655624134684,-1,0.9260630324482811,1
1969-07-03,-0.012141029876849396,0.031848675348879696,0.009064304160292913,0.0650315224678063,0.949281549503325,-1,0.08858757166591802,0.9438734535663272,1,1,-1,-1,0.002783917449956985,0.0034304793836339442,0.9025611955214988,-1,0.0061415252258502084,0.03150903401678562,0.09151552419826514,1,-1,-1,1,-0.04196948174592885,-1,1,1,-1,1,1
1969-07-04,0.9686882602284493,-0.930981850860102,0.9276893356705405,1,-0.018523698018049095,-0.04192961315930488,1,1,0.08349861271271997,0.02095998663263743,-1,-1,0.9440218157209462,0.9937781772030465,1,-1,-0.9725975875624501,-0.9676358203326835,-0.8876838796296843,1,-0.1085192476420127,-0.053953224125349974,1,0.9330701768456308,-0.06918304193253999,1,0.019819339659173596,-0.03870239749142812,0.02836552205521725,0.04549400971362261
1969-07-05,-0.0079237768448428,0.06188941555783578,1,1,0.945440348460526,-1,1,1,0.9924780555679361,0.988988489253961,-0.032773756747433214,-0.0419674047469365,1,1,1,-0.03377444419992781,-0.022161019937107063,-0.07036346451718756,-1,0.008589655910574368,0.8815858839023518,0.9255995145147129,1,1,-1,1,0.9888675884797552,0.9433865751136642,0.9115904720331007,1
1969-07-07,0.9584632477577053,-0.9050606179111054,1,0.06743023077771382,-0.034137397861825125,-0.04226959956709131,1,1,0.10497866692021673,0.045198047846097045,-1,-0.9628482555471597,0.0803355161281687,3.8891698633247707e-5,1,-1,0.8559141507386688,0.8704983175464919,-1,0.992460912062751,-0.039533526271009256,1,0.008212058047046278,0.08585807424548508,-0.08341808561971753,0.026322731202013117,1,1,1,0.039652864001127774
1969-07-09,1,-1,1,-0.8684920216218761,0.9042432079789808,-1,1,0.1452076577313809,-0.8805399182991571,0.9890222372381577,-1,-1,1,-0.9889851775002864,0.03132099318438497,-0.011040734614873426,1,-0.10359383520028731,-1,1,-1,1,-0.9652327480175187,-0.8607135668756718,0.8762449518484443,-0.9521126833129391,0.1298161976621719,1,0.032350370951796714,-0.9592470731336881
1969-07-10,1,-0.01951351084563102,0.018258135842810108,0.09390968954385426,1,-1,0.04365495591643209,-0.8427110714988786,-1,1,-1,-1,0.03276212967057168,0.010784822117567039,-0.945057813970246,-0.9334005601241847,0.015068031633865275,-1,-0.0972073780320829,0.03356648693910913,-1,1,-1,-1,1,0.04604077518958938,-0.8227661296913035,0.10040257679889808,0.9771052633854377,-0.048788023119790025
1969-07-14,0.04589488890441973,-0.963250669310062,0.9933631403879403,-0.8684553003165894,1,-1,-0.9466382325126799,-1,-0.023964238500266966,1,-1,-1,-0.9630536242697374,0.9587475439041662,-1,0.0033877141993304827,-0.9507738885404814,-1,0.845865827404823,1,-1,0.06133379680736495,-0.045072264148248165,-0.009854660710871155,1,-0.8737463896369576,-1,-0.8903969061218399,1,0.9241664190614546
1969-07-16,1,-0.037571510664579866,1,-1,1,-0.002972001569569116,0.042506991602041744,-1,0.9445091538991779,1,-0.10323723061942713,-0.11511484695069463,0.03457300959645648,-0.014769554091799808,-0.01013085017040749,0.9519497075516338,-0.04376037923064058,-0.02259504514564248,1,1,-0.011463564987374664,1,0.9403451413852275,0.964366172155728,1,0.07565488261790632,-1,-1,1,1
1969-07-17,0.031775714989770165,-1,1,-1,1,0.97265996665716,-0.9071527532160735,-0.08963591009563476,-0.002255960041342764,1,0.827462441299649,0.8508698622842005,-0.9550644014388866,-0.9973330177545495,-0.964975646138529,-0.038035389135136044,0.9300595641473192,0.9175082955889368,1,1,-0.9987718369079738,0.024508308299199588,-0.04380449229981198,1,0.08533852043985113,0.9395263497915919,-0.034953840985359474,-1,0.003918515268081957,0.017475809687022115
1969-07-19,-0.9420135635592768,-1,0.04241534999651664,-0.028281178084134884,1,1,0.0727180350069685,-1,0.9800170280813226,1,1,-0.10558660180290247,-1,-1,-1,0.953062889351058,1,0.017978917027318464,1,0.0036726326513475405,-0.045722452862103524,-0.9625144459247185,-1,0.014638206715413271,1,-0.05940122504175849,-0.9703589832103684,-0.015107351366563826,-0.9621712063851806,-0.9435923842702969
1969-07-20,0.023972187531000166,-1,0.9730361135596827,-0.9662137586959055,1,0.021541591880500977,-0.8987031100804249,-0.06911208568155336,1,0.0301793812302934,0.03162517317855651,0.7996507583816136,-1,-1,-1,1,1,1,1,-0.9692228677831268,0.8794918993093157,0.017921765161700298,-1,-0.9242475302715333,0.04975372363647523,-0.9727595452036004,-0.05158042080448266,-1,-0.08399768707994515,-1
1969-07-23,-0.967059590502362,-0.0916322749911227,-0.01657973501514376,0.029464885437284982,0.07178663546347486,1,-1,0.9288677100513482,0.0020004570883402906,-0.9473334401504646,1,-0.12417735157388488,-1,-1,-0.04494651502987568,0.0578551750918429,1,0.012020054484210507,2.375220619514895e-4,-1,1,0.8955989830169911,-1,-1,1,-0.003326096697046199,-1,-1,0.8973876555556112,-1
1969-07-25,-1,0.8607673460240561,-1,1,-0.9101166417696088,0.039369540122605184,-1,1,0.9915808517757908,-1,1,0.8519848472968278,-0.06172075366940122,-1,0.9475195944299758,-0.8778675813617831,1,-0.9150482256450875,-0.9223511362564059,-1,1,-0.07294169777252246,-1,-0.01695021663004992,1,-0.99250150641244,-0.028510823083663595,-0.07550809651756119,1,-1
1969-07-26,-1,1,-1,0.03914268561694789,-1,-0.940616728895879,-0.010284940147700872,0.015736573548478128,0.1566282697013317,-0.06658477913921268,1,-0.10114551866506816,0.9169978880529512,-1,1,0.11843498575158351,1,0.07600727435612809,-1,-0.041942695265248076,0.08077818430838102,0.8492248985265677,-1,-1,1,-0.007270083471206612,0.9027660183456926,-1,0.015355514078817856,-0.06497495868986114
1969-07-29,-0.05349442333135812,1,-0.10515646365970222,1,-0.03340559796839926,-1,-0.9948595198601569,-0.9501634702603631,-0.8318485375691268,0.9198029001261394,0.009084381888126103,0.8842816173839263,0.06510669474175512,-1,1,1,1,-0.8904229580432667,-1,-0.9580247481631476,1,1,-1,-0.04265338400226171,1,-0.8684054493051715,0.03582490626245727,-1,-0.9840576475201411,0.9252487719433745
1969-08-01,-1,0.10891908577996556,-1,0.07775591972707963,0.9536901601860007,-1,-1,0.02218577750543005,0.12253327539408398,1,0.9772830457465099,-0.08265526850325722,-0.891128169752261,-0.0234385247727682,1,1,0.05401932302762391,0.09290434456092689,-1,0.015888950183613804,1,0.08570386363379279,-1,0.940117803599224,0.026687112763391085,-1,-0.9537802691139603,-1,-1,1
1969-08-02,-0.029664211317711464,-0.7704399471625554,-0.0033118266901170923,-0.8545201169406293,1,-1,-0.020128505423287146,-0.950535418841761,1,1,1,-1,-1,0.955498707234591,0.02665805124106224,0.03974346840194698,1,1,-1,-0.924681958883892,0.05958321821386825,1,-1,-0.05799385187838546,0.9791279060314961,-0.11437419839317364,-1,-0.06625076085859882,-1,0.03639912750374985
1969-08-19,-1,0.1820905201462355,0.9205519399252392,-1,0.07244642567853277,-0.009868362804282493,-0.9504549911257734,-1,0.006976696391682191,0.025069282944997884,1,-0.04854114796507325,-0.0711714363957977,0.016101761115888458,1,0.9258876212193656,0.01143680181215656,1,-0.003622617556610641,-1,-0.9168244531905125,0.051243323976817634,-1,0.9275147658026023,0.07518042542219072,0.8225146338905531,-0.05550004655513563,-1,-1,1
1969-08-24,-0.031628277653448444,-0.8138077432776911,-0.06043404970362709,-0.05025535872561382,-0.8652205846817904,-0.9453965512999186,-1,-0.024937215267592072,-0.9797774368026142,-0.9521652186136349,0.08396596854339722,0.93890889383254,-1,-0.9707895001218233,1,-0.01455391687855645,-0.9256377905156905,1,0.936132986913913,-0.07497352213417519,-1,1,-1,-0.03723192225199967,1,1,0.9394314658931601,-1,-0.004748916430595385,1
1969-09-04,-1,-1,-0.9970716781532144,0.8973307697803905,-1,-0.057953914527886896,-0.009880651789709649,0.9362961382574179,0.003612799364079211,0.028035416368072497,-0.8808884990348462,-0.002514631054136518,-0.05122530151028237,-1,1,0.9616129925875752,-1,0.07140039516427965,1,-1,-1,0.03671864746334552,-1,-1,0.010082952234881537,1,-0.03800955177756282,-0.04083861588983784,0.9683800156024748,0.04658209537193092
1969-09-07,-0.018928574151253152,-1,-1,1,-1,-1,0.9611970538030313,1,-0.9675430326088179,-0.936391915437467,0.11093287419384679,0.9891010566039163,-1,-1,1,1,-0.0365724158091445,-0.8955404926402981,1,-1,-0.07065816799119884,-0.9291618136656459,-1,-0.0054436713646963675,0.9974303435255518,1,-1,0.919379378673943,1,-0.9131986887209005
1969-09-08,-0.9610084868188649,-0.00837826901211336,-1,0.013219706121718633,-0.0403815013550749,-1,0.013066522260346325,0.12270898091256355,-0.02464882957569403,-1,-0.8611235495928612,1,-1,-1,0.0068340431624712705,1,-1,-1,1,-1,-1,-0.0028393885960329435,-0.013184375690873495,0.9574719933306224,1,1,-1,0.024200837351872062,0.09231184758718713,-1
1969-09-10,0.008770354788757873,0.9259586080948988,-1,0.9935613080082372,-0.9943011947863428,-1,-0.9772558062654008,1,0.9401738825543381,-1,0.06337002817155957,1,-0.03814025691623413,-1,-0.9174051191483291,0.11351099923670771,-0.03267966388639365,-1,0.05075516929825541,-1,-0.002719227737697949,0.949058731025349,-0.967598398646171,1,1,0.046008366408200274,-1,-0.9460211633468342,1,-0.03303483909517202
1969-09-11,-0.9645692964744372,-0.046889447990009714,-0.05295132212394993,0.015596937045746828,-0.013197000992560826,-1,0.010221424078781238,0.03771818540652283,0.016285531145844967,-1,-0.9070717360369841,1,0.9548632900686538,-0.017904744102457792,0.01519257748232039,-0.8661488756805057,0.9550312113476208,-1,-0.9042834663337183,-0.008039097347839252,0.960383038594544,1,-0.06077648583176898,1,1,-0.9417299776172816,-1,0.0500152794362686,1,-1
1969-09-15,-1,-1,-1,1,0.8674694971760701,-0.01337520957554883,0.9606078963975168,1,0.9912409720011561,-0.03087546266801877,0.08578659111720277,0.0327845123826197,1,-0.9908351120383635,0.9843857746775796,0.10113714488428827,1,-0.024327442253942566,-1,-0.9954285111629165,1,1,0.8795396143249843,0.08112230794073194,0.03885504016064245,-1,-1,1,0.04263248699529376,-8.512078244504728e-4
1969-09-17,-1,-0.01971819891570048,-1,1,1,-0.9701770476428391,-0.03618041452788756,1,1,-0.9340915915220206,1,0.9718057255026046,0.07561019583106476,-1,1,-0.8643977480375842,1,0.8629398676291908,-1,-0.05557939401676615,0.08109433908487684,1,1,1,-0.9477523975064903,-1,-1,0.01361297472298173,1,-0.9555848755542403
1969-09-19,-1,-0.9498961680374974,-0.03896982007646288,0.09481887836996772,0.015121459101531287,-1,0.9287906957591275,0.004804229191001097,1,-1,0.02922770064105662,1,-0.8700356195220116,-0.07292647979061795,1,-1,0.16189278559543785,1,-1,0.8920721937156915,-0.8916397628249655,0.010778169034157625,1,1,-0.01349427357522881,-1,-0.008300249012665573,0.9689707472658798,0.07725473627702206,-1
1969-09-22,-1,0.00444013992343284,-1,-0.8911519210184943,-0.918379322523297,-1,1,0.9713016097516163,1,-0.02246364118588562,-0.9663203271880069,0.01658973539272346,0.021566854554494697,0.8917149082883365,1,-0.006249841344686091,1,0.02170024077520305,-1,1,0.09739493290382484,-0.909984285447639,0.07209434899530365,1,0.9729898217217541,-0.014458154056033012,0.9676018197632394,0.06014207013727091,1,-0.004457280423667331
1969-09-27,-0.006789048547777288,-0.9083679319334532,-0.05191907852589306,-1,-1,-1,1,1,0.01651871865286003,0.955374572344531,0.012116071848653931,0.9559788355621427,0.9501216928679519,-0.054591857709531566,1,-0.9745606329133261,1,1,-0.08381397956573777,0.04319463294715142,1,-1,-0.8868755743730741,0.04462502651867373,1,-0.9594919334847303,1,0.9870288495353833,1,-0.9370196377090403
1969-09-30,-0.9983096899256192,0.05860063708315277,0.945678679598475,-1,-0.05069033696420122,-0.0886529894918271,1,1,-0.9112606158121574,1,0.9386561392333137,1,-0.023466022416608112,-0.9872876627957793,0.05188913549936103,-1,0.002452549282527472,1,-1,-0.9460004812530171,1,-0.03600927210043092,0.10685630392403989,0.9750259665063453,1,-1,0.026996706018919348,0.06491460416067996,0.002622433956551262,-1
1969-10-08,-0.026849981113386434,0.9861189157198722,1,-1,-1,0.8854714810615811,1,1,-1,0.05238713790004912,-0.03738674620558602,0.03736673883590036,0.8810527905246637,-1,-0.9354165717822305,-0.028204680468936205,-0.93818065604484,0.0038578362886878548,-0.0070764148174954355,-1,1,0.907535757941269,-0.8829989256790376,1,1,-0.03331676347150292,0.9584122746973994,-0.8889723009621726,0.9554409238791,-0.055226795590528344
1969-10-11,0.9269679637265795,1,0.05290064003092099,-1,-0.06583931567914081,-0.11365470702939695,0.02022329099382114,1,-0.08664682995600714,-0.9128038794267452,0.9039414469745571,-0.8868362616176092,-0.07426249147920716,-0.018105260919979993,0.0366642616311984,-0.9979357706782845,-0.0021604813157189984,1,-0.9689448574970424,-0.00585999800629422,0.05941886432753263,-0.09168239523106325,0.10389617158294695,1,1,0.9458573993458592,1,-1,-0.015368835692178395,0.8878303027575014
1969-10-15,-0.05314452502737266,0.06689643448563953,1,-0.02067426423181551,0.8865006156582514,-1,0.9409130748578177,1,0.8917280059470988,0.0858212621750939,1,0.058989013259451384,-1,-1,1,-0.031573000678887464,-0.9971712529161243,0.002902519339456844,0.017506893636764498,-0.9405101297868828,1,0.8982701495385758,-0.8951819968447179,1,1,0.047086381411058253,1,-1,0.9408912871559839,1
1969-10-16,-0.9776480771668673,-0.9096645178080779,1,0.9302644349351117,1,-1,1,0.023693937241691887,-0.023411843178219538,1,0.03245747849320191,-0.8678428624313618,-0.03559161147836509,-1,0.0636351742654615,0.9388854035929737,-0.021913755969353077,-0.932130659162099,0.9647548727180092,0.049806066455229,1,1,0.08433143363011208,1,0.05146988570134725,1,1,-1,1,1
1969-10-17,-1,-1,0.020835560375830675,1,1,-1,0.09889295791560149,1,-0.9570514977677392,0.057776543186017104,-0.9291495870881117,-1,0.9292580221917727,-0.051536028377398346,-0.8778508684306622,1,0.9247323068610003,-1,1,1,0.03264385304650408,1,1,0.002597120885211912,-0.9046841028758247,1,0.03926634920414507,-1,0.025970113358980473,0.004403000728472328
1969-10-18,-1,-0.007695385722736647,0.9975658226049292,1,1,-1,-0.8629118371481411,1,0.04017632330413212,1,0.03945658052181211,-1,-0.06281186271854622,-0.9850472199177472,-1,1,-0.03159110597846326,-0.015457048987492894,1,1,-0.9364658918212796,0.0556656757302737,0.0573783196814277,0.9704073413714526,-1,1,-0.9313847486561498,-1,1,0.9600656495576317
1969-10-20,-0.02363949166796442,0.9047904945747107,0.04050671910232462,1,1,-0.03795525262393895,0.13165380265446636,1,-0.9529641228092364,1,0.9646652219290675,-0.04935490049480462,-0.9730841691766285,-0.05724851430475242,-0.00324015486350393,1,-0.9665599041356631,-1,1,0.07060299116819535,-1,1,-0.8762299274231026,1,-0.003559674893454323,0.018380504498071493,0.04322050678106304,-0.06687776431345838,1,1
1969-10-21,-1,1,-0.9484911485442153,1,1,-1,1,0.051611928322785494,-0.023993651286748685,1,1,-0.9551569413174377,-0.021835030443414172,0.8870429615552132,-0.9829135115865322,1,-1,-0.0027360676421812613,1,-0.8842771133986964,-0.02931367348359959,0.05783258026834304,-1,1,0.9934030246092463,-0.9595774989821965,0.9378091279389567,0.8854486324511026,1,0.03337394812258798
1969-10-23,-0.014787346706956472,1,-0.004952073737490625,1,1,-0.023394930041446882,0.022869061981602545,-0.9402923683290869,0.9238461441356475,0.0028424766221236686,1,-1,-0.9632252443994882,-0.1050531903440427,-1,1,-1,-0.9891745074873874,1,0.11464173983847592,0.9446650807094158,-0.9396760533240004,-0.07794107368463177,0.08096484193146725,0.03849129750141567,-1,0.014690712424104357,-0.09821977237624013,0.02707088305695482,1
1969-10-24,0.9340533454040079,1,0.9730554818363811,1,0.06891912837766645,-1,0.9670853872754399,0.01390319923888228,-0.02883341500623482,-0.9870855286326021,0.06691461861809178,-0.02092297628764772,-0.02228010395127422,-1,-0.07670801216683087,1,-1,-1,0.01213841977077501,1,-0.049983491295764404,0.03540954063953272,0.9154327751058512,1,0.9781661588904731,-0.07399434164901808,-0.9250722936308666,0.8923009099859279,0.9860559588540965,0.03253206206636361
1969-10-25,1,0.08140774532354156,1,1,-0.8713385381807627,-1,1,1,0.91572437314811606,-1,-0.9240639422255937,-0.9748542715168572,0.9326810569061453,-1,0.8983410351562666,0.06276460321064536,-0.06980919005729913,-1,1,0.047669972292827545,-1,-0.9611874458363239,-0.07266748359128061,1,1,0.8509158421662902,0.035781604870303685,1,0.11043687985883632,-0.9620193937338012
1969-10-26,0.007593322187854801,1,0.0162987474492845,0.059956705413786504,-1,-1,1,1,-0.053654714566852,-0.02562636599327195,0.05920850888924312,0.002446024499125121,0.012026692245033277,-1,1,1,0.8822274722910235,-1,0.07131153294316372,-0.9209312627133808,-0.1806399142528664,0.01948468692716776,-1,1,0.02502517829244033,1,0.9914659700206839,0.08790173698623005,1,0.017461099475534425
1969-10-27,-0.9605559076167606,1,-0.9344211335809999,-0.923365605917183,-0.0025702209048208413,-1,0.04281814624691738,1,0.899348551815654,0.9131366284076833,1,-0.9313302422268195,0.9233473771647678,-0.06359293481194228,1,0.03468395607413055,-0.11488021658433523,-0.007278656746003587,1,-1,0.8131933820201012,-0.9450428716406444,-1,1,0.9960111715664501,1,0.017678473586615118,-0.8674787152239383,1,-0.9471371405927257
1969-10-28,-1,0.03385136783679521,-1,-1,-0.9925966940126238,-0.047885963093666106,-0.9501101129239988,0.007297731274935826,1,-0.07337710912791817,1,0.0674291944211537,-0.03931764751874878,0.9320278714719151,0.01474618091279678,-0.9098644398628801,0.7838055634207524,-0.9590979581415306,0.010010298029775044,-1,-0.13279646837689985,0.004112755680614533,-1,0.11108611553645875,1,1,0.9851688414874801,-1,1,0.019963807918122134
1969-11-02,-0.011641069100148616,-0.9604006123568802,-1,-1,-0.003026842859587431,-1,0.01826175286475218,-0.9720342453294382,1,-1,0.06083722410930703,1,0.8841450995747173,-0.044319710749042174,0.9830583997757233,0.058974249900140885,1,0.0015757331588553969,-0.9792138270058592,-0.002872311565650376,0.788895411830232,-0.9433102926022704,-0.04058408943091707,-0.8791954194000253,1,0.04418296825563017,0.032378389841956956,-1,1,1
1969-11-07,-0.9876737361059544,-1,-1,-1,-0.9618760271583439,-0.0339117720472244,0.96984255483451,-1,0.05422754314327305,-1,0.9679248859718377,1,-0.08238339160949926,0.8576610274441375,1,1,0.012834595535682558,0.9375849577996825,-0.0655212078912415,-0.926008813774098,1,-1,-1,0.10764888370168457,1,1,-0.9617020615573463,-0.023332344487455803,0.06172670947181569,1
1969-11-16,-1,-1,-1,-1,0.02153601569103092,-0.9252730502347628,0.02037657542039195,-0.00838451208787605,-0.9195967050749413,-1,1,0.008327821074974096,-1,1,0.039124563851846816,0.013006394817077882,-0.9630261026557193,1,0.8902986685785114,-1,1,-1,-1,-0.8814435220581195,0.03178724508106079,0.02015997801586422,-1,-0.9433268036017621,-0.9237891521841756,1
1969-11-19,-0.06862767878280729,-0.04345445429544603,-0.0426585333339935,-0.03300236040190385,-0.9284950896724468,-1,-0.9788575874536006,0.975674988326478,0.040184599301436696,-0.007561847678447364,1,-0.9830488902501372,-1,1,-0.944298595998844,-0.8335001523259142,-1,0.020537942750064042,1,-0.07495369634872096,1,-0.043918969018645115,-0.018711902757793775,-1,1,-0.9724338630499556,-0.06788206877171554,-1,-1,1
1969-11-23,0.9025571559557376,-1,0.9325509038088559,-1,0.06902893293403278,-1,-0.024513365895155736,-0.01614935592568567,-0.890769298942362,0.9411626080915387,0.031483643760610525,-0.06655493750729835,-0.020150194777722952,1,-1,0.13008215510359789,-1,1,0.05840948617522179,0.9058063236999239,0.04125194494232587,-0.9763525999858785,0.916676391416716,-0.019475929938846948,1,-1,-1,-1,-0.017540700478175353,0.03305897374187927
1969-11-26,-0.0414542674110171,-1,1,-0.024512764025987455,1,-0.04313018416876191,-1,0.9125454207613625,0.011165547399454967,-0.04920284750147863,-0.9201667481167811,-1,0.9419184290515277,0.03150907208868303,-0.03985700240770029,-0.8128966773056133,-0.06743440979268389,1,-0.8983024453016157,1,-0.9427643526967459,0.008340955917560011,-0.04585630743040148,-0.9952504334634319,1,-0.04575783880887585,-0.07095219200830005,-1,-0.997734116753248,0.9436360284821956
1969-11-27,-1,-0.07680398174244796,0.03915015253693821,0.9228780913190132,0.015472626646032772,-1,-0.025444118624245116,-0.03444122594571497,0.9821296354388523,0.896388077628952,0.005491538322992873,-0.025288563915979445,1,-0.9556902072472383,0.9387833212505572,-1,-1,0.027668167378357866,-1,1,0.05038694480807726,0.9748105080467997,0.9032299539728884,-0.025643473901814873,1,0.9117410196284713,0.9198372637263862,-0.01884501770667235,-1,1
1969-11-28,-0.026219798946579553,0.8876343004949674,-0.9318368016255061,-0.07404690720989193,-0.9679788517301111,-1,0.96393789545413,0.9347119573343494,1,-0.060335662931530476,0.9883717178334372,0.9241412309468612,1,-1,0.0031720274209683375,-1,-0.026167292006156972,1,-1,0.017667668251708846,-0.9050077008298366,0.005057871423563398,-0.035830571726860994,0.9513701479344865,1,-0.026052306964218563,-0.07115790130282129,-1,-1,1
1969-12-01,-0.9475334139476701,1,-1,0.9186810793329477,-0.047105662227786116,-0.012225727332734082,1,1,0.01259458623641796,-1,0.013955803517414767,1,0.09439092555384754,-0.021850485922191853,0.876904342969226,-0.051732874497101844,0.9359626401379553,1,-1,-0.9593558510602,-1,-0.965549902916547,-0.9921616432115143,-0.014983261129978054,1,0.8572286283194875,-1,-1,-1,0.02699545604885145
1969-12-02,-1,1,-0.03611077508402416,1,0.8941478702267686,-0.9248286449326673,1,1,-0.9628257635572384,-0.028552624166588325,-0.9754747063410767,0.0028620655655459126,-0.8375464037791319,0.9719239164770493,1,0.8874589308082872,-0.053622434207463376,1,-9.850727374551838e-4,-1,-0.05405320979021444,-1,-0.04653839870265708,-0.95294313211867,1,1,-0.024243218266651878,-1,-0.017312336325677413,1
1969-12-05,-0.01825772620735988,1,-0.9699276746601517,3.336785668036635e-4,1,-1,0.017377448354586322,0.06241999778828444,-1,0.8881901559222303,-1,0.981417336794948,0.1334936709703437,1,0.0924998687434695,-0.039474050820140105,0.8924666657897715,1,0.9693410151638288,-0.03439690250457983,-1,-1,0.8471285361891719,-1,1,0.028048025165268164,-0.9471326696944871,-1,-1,1
1969-12-09,-0.9887235126047776,1,-1,-0.8773672130373137,1,-1,-0.9469999476749493,-0.9162155667679599,-0.09840393658073177,1,-0.034139380768318905,1,1,0.004511310967323157,1,0.9590464545442582,1,1,1,-1,-0.03031266149681111,-1,1,-1,0.009398870210853172,-0.8930909025056222,-1,-0.12671144062445028,-0.06469315393669228,1
1969-12-10,-0.028319818663349094,0.056830434105943906,-1,0.04046964767054351,0.03716457359784553,-1,0.034379089186409084,-1,-1,1,-1,0.056688634306738206,0.10400141055869294,0.9852605358620687,0.10549943028993902,1,0.011802088315228554,1,1,-1,-0.9983487912476514,-1,1,-0.12244394427578664,1,-1,-0.03435156279988005,-1,0.913145651562353,0.006973008690122295
1969-12-12,0.9367601450083589,0.9881148531431353,-1,0.987878770713294,0.9894457450891362,-0.028201571232624456,-0.9595703720740286,-0.009569066992270225,-0.05039920355156302,1,-1,1,-0.849095416696164,1,-0.8445926048951207,1,-0.9393289903737674,1,1,-0.08020426637489286,-1,-0.07166041584613536,1,-1,1,-1,0.9614032095140266,-1,0.028426194049061104,-0.9383958130147901
1969-12-14,1,1,-0.08039124997559888,1,1,0.9645988366828036,0.027802816729346147,0.9816158665629802,-1,0.02407195856768518,-0.011932521066753354,0.01498970114002074,0.1303752760155834,0.052637285507003195,-1,1,0.06000857979728813,0.06587899533777619,0.060640514326088524,-1,-1,0.8748087927603483,1,-0.04900996201735319,0.06960153915263834,-0.023227861760864665,1,-0.0022320682185981155,-0.9322581401584177,0.02126018051449241
1969-12-17,0.02687851563795418,0.008232981938681161,-1,0.011129080597555685,1,-0.02762344415976603,-0.951963874607117,1,-0.0864555492799346,0.980098686711114,0.8950265236202741,0.9945617415778034,1,1,-1,0.016732415058728023,1,1,1,-1,-0.05512266195060611,1,1,-0.9938042090782552,-0.8710293608654655,0.9433634118213627,1,0.9243689962284726,-1,-0.9026490174855885
1969-12-21,-0.9220482736279008,0.9506624535383494,-1,0.9977437348415354,1,0.9505092935894948,-1,0.04209240677699011,-1,0.026312706762426363,1,1,0.013321198094749853,1,-0.05234837541499282,0.9931744547458871,0.05358827880520867,0.06486242938274644,0.030657696159716474,-0.016670024996350286,0.9428567850110944,0.04080888066396382,1,-0.06243133196825079,0.05546463229035248,1,0.027425185392246254,-0.01313831830691059,-1,0.0912221284261604
1969-12-26,0.02745546776962582,-0.012879544102981644,-1,0.04248618000622373,1,-0.034825088332572585,-1,-0.9114063995533102,-1,1,0.04302189082631536,0.0395603592201581,-0.9701667205832306,1,0.9394762033716816,1,0.9937061024788014,0.9993736616763158,1,-0.998282794458793,0.004961000159804607,1,0.025492091561535424,0.9063693519185666,1,1,1,0.940741374725616,-1,1
1969-12-29,-0.9674577464695872,-0.9898533015342662,-1,1,0.05530008662811281,-1,-1,0.040569433537626653,-0.0051182507710697545,0.029253350983115767,0.9771168801570502,-0.9509773644191452,-0.004007234096246037,1,1,0.09642415645643287,0.01123493074846138,0.025266214444186308,1,-1,-0.9793044163792731,1,1,1,0.017152309246654562,1,1,1,-0.028802443125934163,1
1970-01-03,-1,-1,-1,1,0.9330670878098313,-0.07560506324056149,-1,1,-0.943723824257649,-0.9482491288243832,-0.0039648759518639,0.014252437465527512,0.9486477714783199,1,0.08240573773701598,-0.880995257231445,-0.9757197646315674,0.9606965262039693,1,-0.0012104843845168745,-0.05185789223638981,1,0.07017835098828584,0.03947602430705377,-0.9752885240941,1,0.013831681147268848,0.05002575863512193,-1,0.01822559844219862
1970-01-05,-0.05983200893355767,-1,-1,1,-0.04368241269089601,-1,-0.00997383568588217,1,-1,0.021968601408552946,-0.981149773025616,-0.9536664503568629,-0.04995258839593475,1,-0.8793360943197558,-1,-0.03801105254615755,0.006996949911674211,1,0.9684144226432532,0.916955428989825,1,-0.8815755003207336,-0.9269249721324775,-1,1,0.9795974996537522,1,-1,-0.9806054722635908
1970-01-07,0.9066609842755089,-0.033208231339650784,-0.044181151664405616,0.017265912069223233,-0.9973667448153357,-1,-0.9946227674214041,0.027242891618300402,-0.04080020879908808,-0.9602530987372119,-1,-1,0.9107019484680257,1,0.10176830602951936,-0.04263428101833855,0.952554703746572,-0.9887967979233332,0.0201973649225069,1,-0.054188457073999996,0.05179288621923783,-1,0.049586160241851696,-0.05044730424096089,1,-0.00637287147391119,1,-0.006648140409204695,-0.05362994149736644
1970-01-09,-0.06238617567776583,-1,0.8667132646169519,0.9999662379858321,-1,-1,-1,-0.9697748685102289,0.9007950765780466,0.0034492854700831632,-0.04343159021604648,-1,-0.06786576389418175,1,1,0.8495718572914613,-0.02692536237127141,-1,0.9742188607566556,1,0.941299436403418,0.9910520608672336,-1,-0.9277757195006895,0.9164941213501875,0.056700002264520655,-0.9820294032378041,0.03884905367525915,0.9556301907366656,0.9160857802490499
1970-01-11,-1,-1,-0.06440561745347517,0.05826942968468063,-1,-0.01925105641821656,-0.11656798003088464,-1,1,-0.9024516942977316,0.8852163691894331,-1,-1,0.01910870251008223,1,-0.06070688575521488,0.9227859026412298,-1,1,0.049485944151052785,1,0.04229783331174053,-1,-0.016655257334763807,1,1,0.010421272543081672,-0.9180045485873635,-0.009054800400840057,1
1970-01-12,-1,-1,0.9197469713553197,0.971246292677179,-1,0.9362944238780871,-1,-0.07680691952022434,1,-1,-0.09413525925444421,-0.02875215585020663,-0.03808311656343344,-0.9349133854619393,0.07416326889963287,0.9379345603292937,-0.05660091618506269,-0.13216237006450882,1,-0.9250577193891304,1,-0.9504251988048257,-0.01790857804095236,0.8575506753475726,1,0.006599294391057775,-0.9562348821823623,0.06541920167430848,-0.9724688475058241,1
1970-01-13,-0.11671199552221512,-0.04021020031605027,0.001159515800671973,1,-0.01880038057607114,-0.04981854333411351,-0.04099851819047473,-1,1,-0.06373247240293034,-1,0.9611265053178378,0.9522820052918759,-1,1,-0.060217757000947,0.8600814658509236,0.7812589543516196,1,-1,0.023674212105930126,-0.0018100352727646873,0.937760421407539,-0.11387913481830947,0.022477104865869957,-0.9903413291507964,-1,-0.899897657242589,-0.015805203593613926,1
1970-01-14,-1,-0.9602820241445198,-0.9791811120595847,1,-0.9545042591503367,-0.9670202090814625,-1,-0.043602602315958694,0.02684227999760025,0.8668501907699127,-1,-0.022013461609387774,1,-0.030836843481012566,0.006980051412774579,-1,-0.06253387429183921,-0.1939063309402128,1,-0.03721291126592918,-0.9757927718053349,0.9729714005430643,-0.009847658819287397,0.8850338566535537,0.9715625510735486,-1,-0.048470785678887296,0.091522775209807,-0.9220340643406538,1
1970-01-17,-0.0032370944592194917,-1,-0.0077024363572445464,0.010271625582654154,-1,-1,-1,0.9456372051938753,0.9747607853170079,1,-1,-0.9653340112809415,1,-1,-0.951645144573342,-0.11079546119213579,0.9310421650731516,0.8024252705373889,0.004070114791299817,-1,-1,0.01396014064203921,-0.9807863331732133,1,0.02352759904936974,-0.011580035084777451,-0.9749454231006436,1,-1,1
1970-01-18,0.9709428824284143,-0.027079491815708234,0.9452967753894592,0.9959197439161074,-0.03307644186970937,-0.0605364956763198,-0.030944000426037066,0.03168597447816579,1,0.0067313586247519375,-0.02584766850179765,-1,1,-1,-1,0.753099748264656,1,-0.1838251202348975,-0.9944373218518973,-0.07218823167181054,-0.043570802301330036,-0.9563438855407744,-1,9.1094128735969e-4,-0.9502389901235841,0.9535820752716669,-1,1,-0.0022817447806419144,0.007436477467174796
1970-01-19,1,0.9283950470316109,-0.03379718371340201,1,-0.966907882085863,0.8343326766379505,0.8982282846990345,0.9132303406141199,1,0.9692513018377363,-0.9894223372816914,-1,1,-0.011631216383382714,-0.0549125400239191,-0.24136170062301499,0.09380565839887234,0.791931074623893,-0.07349349542818406,-1,-1,-1,-0.023614056237719727,-0.9761085973577289,-1,0.004747885916448036,-1,1,0.8612926873762127,0.9993957375074619
1970-01-23,0.03138186386893593,1,0.9054073451696503,0.028301321666799995,-1,1,1,-0.02604715294911797,1,1,-1,-1,0.09953592688723334,0.9723688316668041,0.8999040195724415,0.6951283850536941,-0.8789689803879324,-0.17111692612851892,0.9020716379249069,-1,-0.07760772014156214,-1,0.9086918187610126,-1,-0.06471917169353991,0.9631142031730432,-0.004761436820677978,0.040120500312027296,-0.09675754071607379,0.05733311882778136
1970-02-01,-0.9250718023664335,0.016072631744552646,1,-0.9671779693543773,-1,1,0.018435574063978555,-1,1,0.020323884726752728,-1,-1,1,1,-0.08946626020586879,-0.2602679006072214,0.0964883364697775,0.7531577061668502,-0.06981265398672665,-0.05794505398552041,-1,-0.0811921769920455,1,-1,0.8830281387187657,-9.002750660678238e-4,-0.9791647182506281,-0.9067405748011981,-1,-0.897992033116698
1970-06-02,-1,-0.9374039627589672,1,-1,-0.012487180792817298,0.03375547991334249,0.9656808599625503,-1,1,-0.9327367224678715,-1,-0.07739171240835807,0.025698704454222177,0.1294251465081141,-1,-1,1,1,0.9038149650788266,0.875061922247239,-0.05809122367363351,0.8501988138269069,1,-0.011228424513117674,1,0.9254456848488377,-1,-1,-0.0751555502230733,-1
1970-09-25,-1,-1,0.004570613859402051,-1,-1,1,1,-0.037044454584618025,1,0.009315381136630108,-0.0012556541683820255,-1,-0.9426741967917805,1,-1,-1,1,1,1,-0.07840815563867953,0.8943653732323656,-0.09155303293954764,0.0024462796574843404,0.9839301797303146,1,-0.06236170201306457,-1,-0.0373399235152454,0.8553858630148657,-0.02829567910548325
1970-09-26,-1,-0.08210997413052679,-0.9885141486952155,-1,-1,1,0.029348291424510786,0.9492069501981347,0.03022883848494029,-0.9395451089844475,0.9576748204978077,-0.048044295614128485,0.02407115527631498,0.022063078552872817,-1,-0.012976486989964675,0.05983107382484987,1,1,0.8705818472897614,1,-1,-0.9043831338444998,0.005895561501392477,0.03164750890818879,0.9119548016356502,-1,0.9297394029490332,-0.11910955242345456,-1
1970-09-27,-1,0.8881584837526099,-1,-0.08034045900001985,-1,0.03112779943577404,1,-0.042029908300713514,0.998073344366532,-0.05965799662662341,-0.03443592301155818,0.950434280947973,-0.9357682629595485,-0.9519965168891471,-1,-1,0.9039989756532608,1,0.06117574152255689,-0.11618042429830855,1,-1,0.03966895919127089,-0.8939472434179484,-0.9082925968427246,-0.08576530726968346,-0.0602174453139398,1,-1,-0.02610077499197916
1970-09-30,-1,1,-0.05056185307202765,0.8550013896604356,-1,-0.9339189603290537,0.03626543136461502,-1,0.05827698549168425,-1,0.9033178968810367,1,0.04106015144138586,0.03769386750683146,-1,-0.047115338557062736,1,0.029824872517959622,-0.8653628003859052,-1,1,-0.08329594999353906,-0.8930301600158336,-1,0.06602373213008739,0.9011632001948149,-1,1,-0.03591321940979131,0.9481876602478286
1970-10-04,-0.10890114586443478,0.01601907064064212,-0.9972925295167403,-0.09064205103404632,-1,0.005156588567619358,0.9748314856104858,-1,-0.9048925549939801,-1,1,0.006816813874331085,-0.8718979841107309,-0.8896234272636218,-1,0.8898650435322389,0.021499591036096777,-0.9680337972671844,0.11365763756485003,-0.04422171290092691,1,0.869866005456911,-1,-1,1,-0.06401194989502557,-0.06296916912379347,1,0.8503534949831468,-0.044537522645072936
1970-10-09,0.8844924678000887,-0.9722956483931008,-1,-1,-0.05969319268697537,0.9870397886118387,0.03324635187098102,-0.06209922642389354,0.059594065860301915,-1,1,-0.9279085098355848,-1,0.10993526683244947,-0.007028653993842782,1,0.9376569855408159,-0.013302996116743904,-0.871130917682771,0.887299860213047,1,-0.0950903078544898,-1,-1,1,0.9108188866224215,-0.9987290734144584,1,-0.1406130756065992,-0.9811760409071765
1970-10-14,1,0.012069981275904085,-0.10676951751258568,-1,-1,0.01690887042363909,-0.9406696993382757,-1,1,-0.050695995364523516,1,-1,-0.04327036113319749,-0.8708753093404104,0.9069720865805159,0.04532449074502698,-0.059495380487504135,-0.9755032433333084,-1,-0.05090509948650079,0.0024826479682354963,-1,-0.05698350248948991,-0.015575724612144626,0.08553302900854343,-0.0767713409918993,-0.012306307101530134,0.0035921820690812956,0.8034267954775266,-0.06198364473351281
1970-10-16,0.07507014034793336,-0.9449790167191897,0.8626528227675293,-1,-1,1,-1,-1,1,0.924043939626167,0.0289369525063099,-0.037983456807992755,0.91815407889095,-1,-0.04348604896326336,1,0.8286847420369744,-0.029854376404066296,-0.08330173839430399,-1,-0.988433674769002,-0.04784156124148309,0.9183939973174379,-0.9831853494559115,1,-1,0.9081612739017726,0.9033287685642498,1,0.8800230661717021
1970-10-17,0.982869094543224,-1,1,-0.0095422901460267,-0.06282833565850465,0.047150909004562425,-0.02091305772852947,-1,0.018429268236716423,-0.05479239794908164,-0.8531472906459259,0.9142593512618633,1,-0.010398360700009102,-1,1,1,0.9554369543150539,-1,-1,-1,-0.946507634399411,1,-1,0.04542744498357887,-1,-0.06573923709657825,-0.02119419907080855,1,-0.08435873032298224
1970-10-19,1,-0.021705641867831527,0.06425922150873076,-1,-1,-0.9233399323387972,-0.99788915793524,-1,-0.968650327732066,0.8966395825431647,0.11676099843382326,1,1,-0.9873824717763247,-1,1,1,-0.0026372777404261027,-1,-1,-0.04901619099667753,0.007885871039457149,0.03715532041216307,-1,-0.8891696040986674,-0.039442454515152714,0.9123752555392706,0.919582225615374,1,-1
1970-10-20,1,-0.9996729813180876,1,-0.007169373003946489,-1,0.07265298863377823,-0.014226854916843945,-0.05316373122058993,-1,1,-0.8678643270136891,0.06305655511282837,0.02691977208164409,-0.018075719677929536,-0.021791208713820787,1,0.02531263354300539,-0.9546459085409037,-1,-1,-1,-0.9430434275747567,0.9194988970873267,-1,-1,-0.9259813378869273,1,-0.061472907333285476,0.01132033306636182,-0.16186955435127925
1970-10-21,0.07082942522255997,-0.09292663575182858,1,-1,-1,0.9939005749604568,-1,-1,-0.0447814535321851,0.13660015389640834,0.10419935433963023,-0.9333520156976756,-0.9474156206364798,-0.9315917687814246,-0.9916293946599176,1,0.9858763622795359,-1,-0.08504324006746522,-1,-0.012913701274026801,0.005463513947878362,1,-0.031481376468151745,-1,-1,0.002682168543886143,-1,-0.9850030551213088,-1
1970-10-23,-0.8903728983288347,-1,0.05298919683061365,-1,-0.02598441977298993,1,-0.030003104522993818,-1,-1,1,-0.841428601265716,0.02278806110486864,0.024689309136540438,-1,-1,0.035075811553068825,1,-0.032084562320955134,0.8701047899183803,-0.039824992593415875,0.9518100826932485,0.9491036015059459,1,0.9248850450882017,-0.023447778450073842,-1,-0.8954937130568125,-1,-1,-1
1970-10-26,-1,-1,1,-1,0.9247818395735099,0.005751990876420199,0.8756782655438088,-0.014341301572772358,-0.035753141950291556,0.12409568690350747,0.1397430642569264,0.9142247227839788,-0.9586136410596968,-0.011831935222438972,-1,-0.8963661256748097,1,-1,1,-0.9922012755071654,1,1,0.01924379312368485,1,0.9749537128140384,-0.0515286483308941,0.07718339678150954,-1,-1,-0.04716630950116962
1970-10-27,-1,-0.03971053839416028,0.031223359932630035,-0.007076269036377925,-0.07464828234976062,-0.9464903154934281,1,0.9786808200100379,0.9396691269969206,-0.8180395171800696,-0.780366372851285,-0.00989211239575516,-1,0.9588942492999414,-1,0.04853889433699399,1,-1,1,4.890046905828838e-4,0.04159478534606309,0.04181863588446599,-0.9750118789299819,1,-0.01118015353937507,-1,0.9363725292037374,-1,-1,0.8961781708847216
1970-10-28,-0.0707580078788067,-1,0.9469720894304593,0.9582758917175491,0.8867732582093327,-1,0.08428409810009752,0.012373173128632065,1,-1,0.1540204261380309,-1,-0.01886202690311445,-0.02344199026420335,-0.020949664623284736,1,1,-1,1,0.9958780537628418,-0.9152002673859886,-0.9218619544991499,0.02397953220861815,1,0.9769643231218759,-1,-0.03580595868148784,-0.02060917148026531,-1,-0.04227113540265026
1970-10-30,-1,-1,-0.03689447370658905,1,-0.030096152694384926,-1,1,0.9093202350483904,1,-1,1,-0.014605477461833938,-0.9490971053556974,-0.9892885582494154,0.8985667370086347,1,1,-0.04113998862016721,0.017811267605963965,1,-1,0.04233472151587392,-0.9503790390647208,0.017543521510973492,1,-0.010056847401523461,0.83050490152787,-0.9801530002485265,-0.09095332710257242,0.9375219410129253
1970-10-31,-1,-0.01953009312046272,0.8842635199095638,0.0762297351135548,-0.9984817309282183,-1,0.07118429247919622,-0.025421818850458244,1,-1,1,0.9720224556226552,0.01709480016452991,-0.04030358356501351,-0.05442333942803812,1,0.0585886913214152,-0.9789326118609336,-0.9762034042268305,1,-0.041064110480403815,-0.8783356703817915,-1,-0.9746924602057664,1,-1,1,-0.0011886067202775408,-1,1
1970-11-04,-1,-0.9357583777990768,1,1,-1,-1,1,0.9475608535224276,1,-0.15872996137911743,1,0.11072622893474071,0.9788855100090507,0.9336015866503498,-1,1,1,-1,-1,0.02376440764883958,-0.9208028955977082,-1,-0.04663881657923574,-1,0.013645105890439435,-1,1,-0.9675232526494857,-1,0.00713780837749145
1970-11-07,-1,0.04791906280851577,0.032896644815766374,3.795668960149268e-5,-0.018545461440832023,-1,1,-0.03416963083887803,0.12378292576909222,0.807673795319441,0.07532981945591555,1,0.034980346548726504,-0.05381084270770786,-1,0.08940791485822086,1,-1,-0.06268495512999894,-0.9121728068643827,-0.0010755920859293333,-1,0.9360844346891506,-0.00875423684718546,0.9598544461784773,-0.07571802712556985,1,0.027611049918751518,-0.006780159643186123,-0.943921844462467
1970-11-08,-1,1,-0.9393464811706416,-0.9750261465429443,0.9237814233830245,-0.021900460852575132,0.02407486412152393,-1,1,1,0.9691613894148634,1,-0.9624498787181925,0.9414160711076068,-0.025967527136249613,-0.8806046029992007,1,-0.05464999511912627,0.9327721576816391,-1,0.8877654919221549,-1,1,0.9040749774074657,-0.02045358727914126,0.913174184710838,0.023547995973013713,-0.9281395978083152,0.936909400999428,0.03263461170984505
1970-11-17,-1,1,0.010941245056473758,-1,1,-1,1,-1,0.060352860296333244,1,0.05116461627527513,0.0647280839818869,0.034914281787199575,-0.05567215335853237,-1,0.0862890029187271,0.06926999620314378,0.9346140725102524,1,-1,1,-1,0.09837130147619322,1,-0.9704607482497476,-0.013772419535277969,-0.9665583771588688,0.011219711293259382,0.005053709377991211,-0.9332731623673223
1970-11-21,-1,1,-0.9247983151875588,-1,0.1040600195065251,-1,0.02552355557211794,-1,0.9859603672775321,1,-0.9434834230476071,-0.8379910041350136,-0.8805897165180594,0.8309291791867907,-0.019204529073637566,1,-0.9271348497931118,1,1,-1,0.08315795679502114,-1,1,0.05248581063749291,-1,0.9302728550703572,-0.05177452917275516,0.9778938233720721,-0.9544319452621032,-1
1970-11-22,-0.04080630865008694,0.061305488054835156,-1,-0.06492402264259767,-0.8742615779054671,-1,1,-0.01018709114423988,0.015826103608922226,1,-0.017469773791158993,0.10491877149780948,0.027861604242790716,-0.14879430886732503,-1,0.07018951224791359,-1,0.0028847405228786815,1,-0.054591483916193395,-0.8651971567834177,-1,1,-0.9372402227667407,-0.006480612458191537,-0.06741907116297041,-1,2.8879435303197365e-4,0.04525262756060067,-1
1970-11-23,0.8897338784760014,-0.9114808126896875,-1,-1,-1,-0.017789055181835378,0.03943774326507221,-0.9778060530683268,0.9930998753918575,0.00414099163875048,0.9709935438986763,-0.8723764963142021,0.9590384731801902,0.8361905594170866,-1,1,-0.05463482862019797,-0.9470773242430438,0.06357276500136078,-0.999109362255266,-1,-0.06025853099785128,1,0.006085983835679376,0.9841763986772714,0.8902137224198091,-1,0.9510678080906585,1,-1
1970-11-25,1,-1,-0.01262536591502783,-0.031121287069099668,-0.08419365102808885,0.9665637741239431,0.9880055326697407,-1,1,0.9970891040581153,0.02988967407816523,0.08358965694629461,-0.0361594964177131,-0.16315087407268014,-1,0.025589893822734244,0.9351186684074405,-1,1,-1,-0.02442784625906702,-1,1,-0.9134965781986711,0.05788661988446098,1,-1,1,1,-1
1970-11-27,0.029012187692553093,-1,0.944711973690916,0.9352165833813504,0.8799767526221691,1,1,-0.06231268215069519,0.0034248783367022417,0.04513133090665378,-0.9490296843403816,-0.8817144530919072,0.8754319944796134,-1,-0.03407393607287035,0.9747996281621893,1,-1,1,-1,-0.9764896382615239,-0.0681046335285167,1,0.052495851294695584,-0.9211824992265697,0.14816891313869052,-1,1,1,-1
1970-12-12,1,-1,1,1,1,1,0.015044182574076137,0.9023139544080088,0.8966587668498948,-0.9545285532562235,-1,0.028936374772477347,-0.07771967490866827,-1,-1,0.029979489567528272,0.04094178342548094,-0.047366425984001204,0.08465026879795756,-1,-1,0.916886186630696,0.05565517616880622,-0.9431809980384553,0.03483994558379788,1,-0.014891031250530928,0.04284809700842618,0.03476554729731596,-0.05035691366083006
1970-12-13,1,-1,1,0.054924308708452774,1,0.08807460909329368,0.9771974559891924,1,-0.08845884048118946,0.005600575397202379,-1,1,-1,-0.025440542523311516,-1,-0.9603477246661113,-0.9494321655834775,0.9447410913922484,-0.8797219250596277,-0.06564255942779929,-1,-0.08154647476504173,-0.9380964294245182,-1,0.9822787661688038,0.05030930625253849,-0.9961744840287085,1,-0.9344450615531066,0.9286420459562448
1970-12-23,0.013659729913411245,-0.0016149546418516847,0.045078707002850216,1,0.058176542705546286,-0.8964644766308852,1,1,0.8960526664950261,0.9565071265738199,-1,1,-1,0.9445786980094112,-0.08222403766756459,0.029071539789135792,-1,1,-1,0.9107130353627194,-0.02010551081599088,0.7633305239233016,0.04092866088098934,-0.030721809940199796,1,-0.9363822239218011,-1,1,-1,1
1971-04-07,-0.9775933362076692,0.8754462004200911,0.9263804642372258,0.003347278342771043,-0.875579393631988,-1,1,0.09537972452058052,-0.09244552567175235,-0.04211678738081781,-0.03780110654149427,0.06534582768868524,-0.04225321281728511,-0.04899318928176921,0.8459939970771184,1,-0.010885393223951656,1,-0.10558901384787533,-0.035666591122719304,0.9559440249523375,1,1,0.9592712535041449,1,0.04882355204521727,-0.09642231465003503,0.05450275430165752,-0.09618853674872829,0.1454572046186986
1971-04-08,-0.02804132915855395,-0.1034465006739641,1,0.9836949820441068,-1,-0.035645648547955044,1,-0.8460415668521036,-1,0.8947604222220783,0.9353913270903268,-0.8955743779470687,0.8977614084953932,0.8825281736042301,1,0.023018999517938732,-0.9757673701819496,0.020708825930878527,0.8303395877666336,0.937899754834925,-0.03171352503340741,0.0810354595651448,4.8006206856554545e-4,1,1,1,-1,1,0.8928346835521594,1
1971-04-09,0.9408015747215808,-1,0.011344399680012218,1,-0.01997595242957806,-0.9904989318589883,0.09917965328812584,0.08732713026836814,-0.007581435326693087,1,-0.03163612788617587,0.06860499709036383,1,1,1,0.9804784835852502,-1,0.9643069044505896,-0.16250878599405516,1,-1,-0.9121431469268672,-0.946755714829591,0.026261647031097457,1,1,-0.0017591113799452218,0.023865159728057916,-0.08718231727725934,1
1971-04-10,-0.0317960063270194,-0.024967909406317546,-0.9039787951471896,0.01951555278974959,0.9464812881334618,-0.006832215305059841,1,1,0.9574623004502932,0.0185589381452701,0.9677552647052552,0.9627503745538639,1,1,0.04308198041324851,1,-0.030416508704585454,1,0.7455295334819334,1,-0.03954645083242703,-1,-1,-0.9383735017883204,0.06401421180798372,0.09684778117771486,-0.9412334131505383,-0.9720502231782883,0.8857306214337548,0.036820661945906275
1971-04-11,-1,0.9399192067885804,-1,-0.9312215520977715,0.02788311875371685,-0.9483991165584648,2.966455547799285e-4,0.12268199456225193,1,-0.9195130318102765,0.022568409336753414,-0.0014518176852558184,0.005926932856646361,0.08294342916727437,1,1,0.9415746442516261,0.06094554034074484,-0.2347017345699005,1,0.9572313027204227,-0.030710750411692356,-1,0.041361038322159094,-0.8250031872178887,1,-0.0038372398844123135,-0.00558027761259805,-0.09852177921819483,0.968577140387925
1971-04-12,-0.035581846326322886,1,-1,0.0685904474361293,1,0.024960707371545765,-0.9988348254461431,-0.845425297811154,0.02065432320883609,-1,-0.9401484349005819,-0.994155573525342,0.9956389261912504,-0.8648319274514689,0.01013431760839989,1,-0.021176315546059254,-0.8932872842201462,0.7194623528664911,1,1,0.9201288925720936,-0.026732518007566486,-0.9023048785728077,-1,1,-0.9933584414975043,-0.9416700914321601,-1,1
1971-04-14,-1,1,-1,1,0.10276813061405199,0.9587467815712974,-0.04051235397248343,-1,0.9874521298465394,-1,-1,-0.04711413086929217,1,0.1136989552731924,0.9980644045072453,1,0.9768383301873346,-1,-0.26981215906480804,1,1,1,-1,0.03236567755187547,-0.018363572542373974,0.027873432243870955,-1,-0.0052884658220393455,-0.056342505019707945,0.013136487292659371
1971-05-08,-1,1,-0.06218329976963188,1,-0.8798269588381508,-0.028280652273587448,0.9521319396236544,-1,0.0031418765650168545,-1,-1,0.8862718227197031,0.030746368118519385,1,0.10671108517895522,0.03073508971134653,1,-1,-1,0.04697524738959824,1,0.06767169750544988,-0.010435187949699332,0.9650727489515957,0.970053442154911,0.979753385895978,-1,0.9011554244635722,-0.9868908793319652,1
1971-06-25,-0.01261060957329152,0.06986326495934991,-1,1,0.05320621777564327,0.9537584000165714,0.032343562451893626,-1,0.8354700730819032,-0.07194544112821732,-1,1,-0.9566898750862874,0.0866511628620098,-0.8586970765703377,-0.9480457776679888,1,-1,-0.006401050449637347,-0.9253971295867148,0.015125931937535642,1,0.940661162160701,1,1,0.06379182730606225,-1,-0.07418370464276802,-0.08837375528641056,1
1971-06-26,0.9832658104261629,1,-1,0.029884039830803455,-0.8431046538881608,1,-0.928073099864311,-0.0076921762729502685,1,0.9047493521976124,-1,1,0.03396451951372326,1,0.04889074638238311,0.02371433943627399,1,-1,-0.9124793034978836,0.020036027956966462,0.9733923176215152,0.024436008491137584,-0.004880606853094993,1,1,1,-1,0.8585379644120117,0.8054599840456113,0.06003296677515757
1971-06-27,1,0.0649959879877493,-0.057818911722500865,-0.90441649077294894,-1,0.05946256358415303,-1,0.9189708823120725,1,1,-0.012991680423726004,1,1,0.028074725024822555,1,-0.8972439414139006,0.06971230783736904,-1,0.051709612707771524,0.985100619933265,1,-0.939546645281015,-0.946697952389924,0.08136222461026099,0.08576228044575107,0.0414023810209494,-1,-0.13345988348462534,1,-0.9104280593069762
1971-06-28,1,1,0.9334415926155648,-1,-0.06896163905568709,1,-0.06505421596930483,1,1,1,0.915570023276438,1,0.0379486614109088,-0.9565938097714095,1,-1,1,-0.06115523784896937,1,1,0.0061767471371572125,-0.017770251138460647,-1,1,-0.8655669715204322,-0.8989226230849375,-0.013607645681477876,0.8520320356502328,1,0.008991473534690098
1971-06-30,0.048152165359853005,0.06721367970763648,0.028314893551785847,-1,0.8771207469598791,0.07912013424491415,-1,1,0.028149626195954514,1,-0.038345340600673294,0.03215140905179237,1,0.012578579313619165,1,-0.04764406951540656,1,-0.97619010806339,1,1,-0.9475222553103949,-0.9822532716435626,-0.04905413684399473,1,-1,0.09780109702513873,0.961594791166001,1,1,-0.9691298761206498
1971-07-02,0.9089963719366406,1,0.9902484715923952,-1,1,1,-0.03572167556588379,1,-0.9604848507519614,1,-1,-0.9072043336828677,0.007263114350773536,-0.945410520179421,1,-1,0.0044674114860907554,-1,1,1,0.003922750723264534,-1,0.9443288212510101,0.010315875776538141,-0.012298030354313982,-0.8912408869610182,0.0620969624915968,1,0.021688917856413803,-1
1971-07-03,-0.04521214495734416,0.04630062331297835,1,-0.10841413795747668,0.026070324592719407,1,-1,0.0013342031793209808,-0.00361102693311377,0.07020724629087849,-1,-1,1,-1,0.04417671259915823,-1,0.9664904976482952,-0.03733118371528721,1,1,0.989504752894299,-1,1,-0.9470559841534596,0.9687367307519941,0.10749332566058778,-0.885596798679104,1,-0.9773606959850538,-1
1971-07-04,-1,0.9426722162784191,1,0.8286934094259678,0.9863694775148688,1,-1,-0.986164904860317,-0.998636367180049,1,-1,-1,0.02208058694524817,-1,-0.9429683487223606,-0.02203094101218872,-0.0306611848200945,-1,1,1,1,-1,1,0.0021363983147588694,1,-0.8420136838268946,0.10936353794334641,1,-1,-1
1971-07-05,-0.07314663991981307,1,0.005645387384027645,1,0.007714151334489605,1,-0.012057592667425343,-0.0260362021950441,-1,0.11831394376003324,-0.05701605637431573,-1,-0.9173662909384106,-0.04684568788685661,0.054236052417273806,0.9657972022121429,0.8928791366617459,-0.059223370272588505,0.0020989201510542843,0.10895374543510994,1,-0.09998919795534467,0.01966394114370551,0.9447890325452674,0.03962238417444741,-1,-0.8812014852810526,8.70684638937802e-4,-1,-1
1971-07-06,0.9051599243418024,1,0.931967607896127,1,-0.9707931246623035,1,0.9745162569755654,-0.9827544893602367,-0.03439215913731486,-0.802530575889392,0.9396299625963067,-0.002964402719795034,-1,0.9062529279952234,-0.8659710947039065,0.013799757710332372,1,-1,0.9704701184808865,-0.8804860221216975,0.0022494819132981014,-1,0.9655366057795844,1,0.9544903225824226,-1,-1,-0.9694759585044561,-0.010656037368433346,-1
1971-07-07,1,1,-0.04848647941795614,0.03292583382370895,-1,1,0.023721431726210773,-0.09016680332140536,-1,0.19055666632799917,-0.018927008051452976,-0.9049999565264719,-1,0.05966571906482532,0.07336904843769698,1,1,-0.018400095625882296,0.02577698322873767,-1,0.9823979715587564,-1,1,1,1,-1,-1,-1,0.921810916757636,-0.09459866576204368
1971-07-08,0.011307130155865708,1,0.9113140305023248,-0.9398881272537766,-0.025255469068033776,0.06983488011432215,0.9755314420896708,0.8836829447677178,-0.0337150775770968,-0.7947919875164664,-0.9944695161051467,-1,-1,-0.9340305944576335,1,1,1,-0.9826772596776671,-0.9480091836823183,-1,1,-0.04712134046857119,1,0.03501912153961462,0.026497296708328677,-1,-1,-0.026969872382842763,-0.01960007820973675,0.8878447678577414
1971-07-09,0.9110535425785184,0.011990738799164236,1,-1,-0.987548811150468,1,1,1,-1,-1,-0.007170317039921437,-1,-0.013071337508223757,-1,0.021100006926960457,0.05635854744648694,1,-1,-1,-0.005903586080401646,1,-1,1,0.9750454891906496,-0.8989599883769114,-0.0022386510335627996,-0.050758322628240427,0.8748783146118513,-1,1
1971-07-11,-0.05306777904257509,0.9010169100056167,1,-1,-0.05794712604131014,0.07170911094847354,0.056220831796742976,1,-1,-1,-0.9470064933933342,-1,0.9268072684144737,-0.06886834939350606,-0.9401464655800873,-0.9379620939641301,0.05573570496517877,-1,-0.09572149947708863,0.909393517073145,0.0673006882184487,-0.036635047892704664,1,1,0.045880074549340066,0.9864110198542985,-0.9132907319760561,-0.11808220612618858,-1,0.15244205400712552
1971-07-12,-1,0.02920962840745167,0.01835623036038503,-0.03806455677123599,0.8727631003032389,0.9856774403183552,-0.9284885358414112,1,-1,-0.014199654968999997,-1,-1,-0.06682475523236042,0.8981656076048338,-1,-1,-0.9145710546759076,-1,0.9000960689394878,-0.042491081785262175,-0.9070276272171273,-1,0.08334644685121184,0.00223490077879962,-0.9251608110397224,0.12517776241469747,-1,0.8560020483752047,-0.030336867475340812,1
1971-07-14,-1,-0.9495750867519303,0.9835214080304534,-1,1,0.002632364787479191,0.04416164529360844,0.026045239908365714,-1,-1,-1,-1,-1,1,-1,-0.030134518429177692,0.055472176511955795,-0.08132078761772066,-0.06811789566003112,0.9515555052735317,0.052135793794388596,-1,-0.9126238695635862,0.9743763255516421,-1,-0.8330191064690027,-1,-0.04089384238077731,0.8595763587079079,0.0071035824496892275
1971-07-15,-1,-1,1,-0.007415024076949495,1,-0.9250991990214796,0.9932466913618828,0.9845744029311044,-0.016708629652677387,-1,-1,-1,-1,1,-0.03099313332149023,-0.9965738755160004,1,0.8657320260554251,0.8848675496035443,-0.03951093716548537,-0.8820447250017696,-1,-1,1,-1,0.16629984936226494,-1,0.930753157544517,1,-0.9843255549608162
1971-07-17,-1,-1,0.020854434791033882,-0.9808046925465836,0.009612944087036945,-1,1,1,-0.9536940359258833,-0.03637880392843407,-0.055065318764710214,-1,-1,1,-0.9789486806454722,-1,1,-0.07819437297040843,-0.1015781020606994,-1,-1,-1,-1,1,-1,1,-1,1,0.055746346684635295,-0.0038015597041789473
1971-07-18,-0.04009999793318941,-0.007809036403979119,1,-0.053901595941381664,0.9989879062930098,-0.0064081895009378,1,1,0.03829835387239522,-1,0.8953166732018965,-1,-0.04746835627378809,1,-0.009851243028556222,-0.019873993946460944,0.0469343068950856,-0.9982719771202271,-1,-1,-1,-0.02252434938510306,-0.04667812839493868,0.008143509879538935,-0.05676688832155874,0.02764623759517515,-1,1,1,0.9292058491831335
1971-07-19,-0.9981926636693785,-0.9978285108248266,1,-0.9878802549691662,-2.1770406216448102e-4,0.9886646091756941,1,0.02659885835177145,-0.9542971093734232,-1,-0.03131558065293971,-1,-1,0.00862557128400221,0.9534341403312506,-0.9756298826015549,1,-1,-0.04552171016414441,-0.047411361028493415,-0.008569983550479443,-0.9386405121468921,0.8930364322658307,0.937562900955684,0.9135616459315786,-0.9517025410523358,-0.032523551334917356,0.05555528755013517,0.041328457134809926,1
1971-07-24,-1,-1,0.031209768943689542,0.005292485382132117,0.9927625544678093,1,0.011958880683340278,-0.9613651118160085,-1,-1,-1,-1,-1,-0.9779211140824323,0.005794863360647828,-1,1,-1,-1,-0.984461436793336,-0.9548257757396409,-1,1,1,1,-0.0074082532055488315,0.9604367286747382,-0.9136279478520027,1,1
1971-07-25,-0.08160912482381011,-0.07284155919877577,1,0.9922864098742685,0.0372861148097865,1,0.9057847814661024,0.00659830607498435,-1,-0.07757689361062281,-1,-0.03570096986473825,-0.0016808218668951103,-1,-0.9807784705126882,-1,0.0569529033418219,-0.03955543019573826,-1,-1,0.006136898575517691,-1,0.027781179622360264,0.02150436877923212,1,0.9417134058220517,1,-1,1,0.07780927462939702
1971-07-26,-1,-0.9830470284872544,1,0.029775777841400286,-0.8864418986768157,1,1,1,-1,-1,-0.024027177115112597,-0.9428555495761431,-0.9580159388030249,-0.014957049294352598,-1,-0.08497664056696952,-0.9189458099679773,-1,-0.05825494779568041,-0.00893432802007299,-0.9773755402122272,-1,-0.9057313362321747,1,0.08944400010641518,0.03851482570511677,1,-1,1,-0.8634891639857183
1971-07-28,-0.024724982554773622,-0.01104427422129095,1,-0.9567315216553046,0.08036969800795324,0.014527769019236692,0.06605693474558294,1,-1,-1,0.9740135408807532,-1,1.6575435533383587e-4,-0.9798755326837635,-0.04140036964483029,-1,0.06781550960820404,-0.03869971385328297,0.9231579178731895,-0.9646089352322814,-0.01694831345719361,-0.020231062526638532,-1,0.014669776780203092,1,-0.8487846113616069,0.058556395232760794,-0.002246894787518827,0.0038083769529343448,0.03688787931109083
1971-07-29,-1,-1,0.0058276818782440065,0.021058093227228958,-0.8430471044592558,-0.9685907491894713,0.9596150484470071,1,-1,-0.03189426232273607,0.008822882725730063,-1,-0.955410187299914,-0.011845243359459912,0.9508796708965008,-1,-0.9237990264508055,-0.9800678988267015,-0.06923718891643338,0.018803854965920852,-0.8771492566685839,-0.9729703905491602,-1,-0.9397881432970819,0.12151415594276771,-1,1,0.94293643817129,-0.9193832925249189,1
1971-07-30,-0.03819837315846586,-0.032165347195352356,-0.8663300676973804,0.9848634960510314,-1,-0.052312832501122286,1,0.015316192077495905,-0.009756761563346927,0.9279405283085701,-0.9903292252865348,-1,-1,0.9845350195375453,0.037487911969971255,-1,-1,0.0015974771207719618,0.8852831827155033,0.9961960303814129,0.10514368035286692,0.02400189477146364,-1,-1,-0.8784195858477462,-1,1,-0.018862721448377417,0.05139614592201536,1
1971-07-31,-0.9814945461605946,-0.9814842287868579,0.11859649519085347,1,-0.061323415036979356,-1,0.1458208203970217,0.9989981882053705,-1,-0.05434252355044078,-1,-1,-1,0.04691357054056511,0.9773409098591758,-0.027379957763743912,-1,-0.9770596961461308,-0.03352476270397853,0.027865226537273968,1,-0.9468628048043183,-0.033706961932513324,-0.04858478164524871,0.11434833699443037,-1,1,-0.9334362054344693,-0.9435672077420834,0.010506210291095885
1971-08-03,-0.0034493983980200538,-1,1,1,-1,-0.004711849757271014,1,0.0033394961424588754,-0.06874977506235092,-1,-0.03172450145081518,-1,-0.02574610760293039,-0.9132200514057072,1,0.9680168102064516,-0.024292915370049517,-1,-0.9382488479699687,-0.957365102836901,1,0.042432495405835824,0.879165598031243,-1,-0.8203897039888546,-1,1,-1,0.047874144325288026,0.9342569566406272
1971-08-05,-0.9867752135803598,-1,1,1,-1,0.9950472162742795,1,-0.9924254923999493,0.8530899538107536,-0.037449553159965454,0.9449422889961914,-1,-0.9913426660638895,0.040075198960335734,0.11232216663778516,1,0.9002276585748055,-0.06915311046088912,-1,0.023706042966309293,0.06092662630416634,-0.9475334313211271,1,-0.005537414553308695,0.062676537134851,-1,1,-1,1,1
1971-08-08,-0.07476567161452152,-1,1,0.03651775459258444,-0.0035066472583739072,0.05322405559870669,0.02646947580337411,-1,1,-1,-0.0548851866103347,-1,-0.01710226400746906,-0.9465475370019842,1,1,1,0.9237797188066189,-0.09042542191321401,1,-0.9214403639827276,-1,0.023763673224685866,-0.9915903815970291,1,-1,1,-0.05495934181027051,1,1
1971-08-09,0.9178385040197427,-0.03413030279589224,0.08891075174796115,1,0.987384215583206,1,1,-0.004851941742804788,0.0421540830427557,-1,-0.9612808731637206,-1,-0.9526838627205279,0.035691904255983786,1,0.02664982749427114,0.0033688359920883704,-0.013458291965733227,0.8287793768271379,0.01196929033001981,0.047416130552546676,-1,-0.9647771067909937,-1,0.006890378554631482,-0.04311298031405797,0.017275871224547767,0.8774338555235222,1,0.04892619781597973
1971-08-12,-0.017314056092849972,-1,-0.8654541899088438,1,0.02304176092860133,0.07597389938969656,0.016588331333742823,0.9868528011767882,1,-0.009010218633748623,-1,-0.04075737723976125,0.009306105298901413,-0.8372829654049463,1,0.9598659981967596,-0.9548639243377384,-1,1,0.9822069117935602,-0.9224575806050112,-1,0.03313182872813014,-1,-0.9764163552740234,0.921224939223142,-0.9141328247309768,-0.03950135833936841,1,-0.9299646133209267
1971-08-14,-1,-1,0.11513657109023456,0.06117393658103076,0.9328739812071254,-0.9183210684505115,-0.8655049624920713,1,0.031755186589565665,-0.9513783274770301,-1,-1,0.9336948718841713,-1,0.023449638524960847,-0.023422635442336026,-1,-0.039260728007269985,1,1,0.0336420660800264,-1,-0.9535264236495609,-1,-1,-0.05139317475468019,-1,0.9551192832626895,1,-1
1971-08-15,-1,-0.04669266363664848,1,-0.9127956097178229,0.02822272324562425,-1,0.08434504557159728,1,-0.947150529200917,-1,-1,-0.12771006037286248,-0.05194902190239137,-1,0.979099928750171,0.8983582016556467,-1,0.9030861601748998,0.05048883866977294,1,1,-1,-0.03984202755302091,-1,-1,0.9050897768792615,-0.10036220978443389,1,0.06521684068835987,-0.041404306632304766
1971-08-16,-0.005412480838679845,-0.9785247333444189,0.009543264021139142,-1,0.9677371536320699,-1,-0.8908844381180074,1,0.041409127757546016,-1,-1,0.8517686761225428,-1,-1,1,-0.06451155708449696,-0.0830117777549626,-0.031059315566440482,-0.9164586157504557,0.03374834243666325,1,-1,-1,-1,-0.04452948561200998,-0.05509587559425422,0.8977283427261428,1,-0.9097859667312693,-1
1971-08-18,-0.9436622262582225,-1,0.9424456973556309,-1,1,-0.05280556789193702,-1,1,-0.8703065273496468,-0.024205355390874428,-0.03133541314947186,1,-0.017446410147152647,-0.016856162961494503,0.032587776148222725,-1,-1,0.9272780188466524,0.03083493933072312,1,0.008100131155934553,-0.08852080938862272,-1,-0.03380017665520707,-0.9993562804379323,-1,1,1,-1,-0.014736778687305607
1971-08-23,-1,-0.04811172873987868,-0.04128541667749186,-0.00615520095787514,1,-0.9314361298903993,-1,0.013790045794828565,0.07712782634724258,-0.8879384868584745,-1,1,0.958738375709558,0.9748089805614787,0.9795679299196578,-1,-0.07840771508920374,-0.006897544894930663,-0.9443760088102301,1,0.9249637247672883,-0.9830383897155569,-0.00683451677525726,0.9517823276313492,-0.0368855282891436,-1,0.01126544992761569,1,-1,0.9436325736095774
1971-08-24,-1,0.9382752973535059,0.9582065025907538,0.9814663796459496,1,-1,-0.0306440700675088,-0.920568915300388,-0.8905471468757388,-1,-0.03027938527168139,0.008143362565444678,1,1,1,-1,0.8652468248755243,0.9585493393253927,-1,1,1,-1,0.9565178924216335,1,-1,-0.005060430740357003,0.9997908346259913,1,-1,1
1971-08-26,-1,1,-0.014803004992633317,0.0288550811726056,0.013727362739655469,-1,0.908130236616006,-1,0.062436895060942965,-1,0.9269627694029677,0.9950714199141025,1,0.09110136833257876,0.0924039147861817,-1,-0.12762005112677288,1,-1,1,0.03995185236309684,-0.05543662891171963,0.0050702053961677596,0.13227560757691004,-0.046475069383845824,-0.9214219430532777,0.02338412259644762,1,-1,1
1971-08-29,-1,1,-0.9452410036227826,-0.9204194688628674,0.9421793406862157,-0.03463220434129399,1,-1,1,-0.11150273636932795,-0.05475145199902298,0.011159425729845851,0.048028651560513724,1,-0.8181208427081128,-1,-1,1,-1,1,-0.9539961638884508,0.8686523046492208,0.9809103876678708,-0.7813361404809097,-0.9713234976187486,0.058925832029092184,-0.9324556060014842,0.008017448957546303,-0.037189362823461636,0.07459146671380623
1971-08-30,-0.013425762130456542,1,0.0392707454967548,0.07925644164386114,1,-0.9859326136352853,1,-0.05326861565161467,1,0.8836378155125264,-1,-0.9212699102119087,-0.8927449472195018,1,0.15482177461559865,-0.0339223951936386,-0.0018641909992156425,0.01235200712657214,-1,1,0.04419950232599379,1,1,-1,-1,1,0.056233876635218505,0.9779706493023189,-1,1
1971-09-06,0.9357285450923911,1,1,1,1,-1,0.10489808387494326,0.938191823286569,1,1,-1,0.06106827542422344,0.10269266421793677,0.01214594931549473,-0.828971982900436,-0.9794750015275068,-0.9678484217842549,0.9396835680205026,-1,1,1,1,0.015240156842826869,-0.02219867124142183,-0.07665466540856303,1,1,1,-0.06778755334533337,1
1971-09-07,-0.05158711792865012,0.04345439395050055,0.03572740799989926,0.04803917876905206,1,-0.05658816017629342,1,-0.0328767070228575,1,0.001993506530639455,-1,-0.8508628349295911,-0.8647751352520813,-0.9640789213092738,-1,-1,-0.009712009502617969,-0.025599219653475225,-0.03006657792629719,0.04567746439632536,1,0.1814553572577059,-0.9495598740857405,0.9571622969394856,-0.9948458383148269,0.06790814384383015,0.019000379358428576,0.005445215689847793,0.8960109417345808,1
1971-09-12,0.8929971365453081,0.9878247536148311,-0.9394511485660567,-0.931148184869492,1,0.8712842021548716,1,0.8652752450723624,0.03366141491882879,0.9675072858640392,-0.001703642911064951,-1,0.1327613626189006,-1,-1,-1,0.960949158172346,0.8981908112603126,-0.9504220424332558,-0.8767995784886431,0.08573145203909105,1,0.03325467543252092,1,-0.005600280401295676,1,-0.9555493091791291,0.9759513273957582,-0.08234656215868441,1
1971-09-13,-0.09102683161085545,0.05005271016444479,0.026993370939901284,0.0010202456198739052,1,-0.10595337309762587,1,1,0.976387239202246,0.028239955682944018,-0.9760542770846364,-1,1,-0.07147715657418485,-1,-1,1,-0.06620075529857761,0.020095754344235606,-1,-0.8574386058382912,0.07796689445129057,1,1,0.9853755406033009,1,0.025530168449902857,1,-1,0.039694298217474167
1971-09-14,-1,0.9838146758698588,-0.9515841536533426,-0.9863973458665485,1,-1,0.03985421477109796,0.12558119354572206,1,0.9772356674897927,0.01163972368288424,-1,1,0.9211791996047902,-0.04940867557338213,-0.04992955033009516,0.006045682600624769,-1,-0.976744240382309,-0.01917703796987924,0.01933695569141025,1,1,1,0.04508670004361259,0.03353550507943359,-0.9259360052413897,1,-0.06389548346082519,-0.917571168770926
1971-09-15,-1,0.01126021890467821,-1,-0.0560302713692713,0.031171141381550083,-0.01641838406186047,1,-0.8441910595431332,0.019051709200731626,1,0.9608441208086199,-0.03304183453499776,1,1,0.8603856898848382,0.9440764268327366,-0.9838606640684789,-1,-1,-1,0.9828372131305744,0.0559442927560031,1,1,-0.945426499338424,1,-1,1,-1,0.07720223904396228
1971-09-16,-0.052455165028826634,-0.9449649789634017,-0.05678119450429031,-1,-0.9289431222377494,-1,0.0025003717398714986,0.14948147710276716,-0.8341318279020037,1,1,0.9428610403371122,1,1,-0.025891015581347987,-0.020224012133510993,-1,-0.04139178481930639,-0.004568414925540498,-0.010390730748551014,-0.012220501410367457,-0.9374233376167488,1,1,0.022581990310091782,1,-0.08223166612794108,0.033379090146172574,-1,1
1971-09-21,-0.9847985295319805,-1,0.8892643547546648,-1,-1,-0.05498292315753894,-0.9769417463837381,-0.8225514185088576,0.027784240174779762,0.009536068028681122,0.05190360413063533,-0.050825789903810814,1,0.0784285323228161,-1,0.9752109973322147,-1,0.9141853593743385,0.9693200536208681,0.9588372808804709,-0.9529602518015058,0.02904849270374854,0.00306273504214416,0.04712142644918682,0.9821547808621751,1,0.9035745046740905,-0.9517404683171986,-0.07149118890869754,0.04744147787552666
1971-09-24,-0.004413591719923726,-0.015575456957823808,-0.07409422002578503,-1,-1,0.8858601649023248,0.0024304719104190076,-1,-0.8386080872356908,-0.8505864478478353,1,0.8980128874663731,0.06804098818295534,-0.8830260887114544,-0.028194771549240327,1,-0.16012214209756448,-0.07887271182411515,-0.023785936185347634,-0.004250039019899177,0.03475312181988954,0.9643698476452512,-0.973171175822738,-0.9262652634219151,1,1,1,-1,0.8475440777740426,1
1971-09-30,0.9725748616861787,0.9409019866246351,0.8838586816689863,-0.036558150883985396,-0.10740251577275939,-0.087208466236255,-0.9671198222415307,-0.13499426168543838,0.1512557688002717,-1,1,1,1,-1,-1,1,-1,-1,0.8805287953340678,0.940949468783445,-0.8964756646821818,-0.027188840461331742,-0.017916376303360848,-1,0.015385133200472412,0.010433333789850785,1,-0.039646611954418653,-0.08306403261097706,0.032438902738866626
1971-10-03,1,1,1,0.9577816748347239,-1,-1,-1,-1,-0.8073913371901049,-0.06173986527537678,1,1,0.005797374849095149,-1,-0.04352948365532183,1,-1,-1,1,-0.031352887733086865,0.05452637337938693,0.941612353026618,-0.942758343794452,-0.05425286923328121,0.9751825436149153,0.9489733360104168,0.0459934369120949,-0.9448812159309511,0.8653257784333984,0.9863820656508983
1971-10-10,0.022638257206667678,1,1,-0.03568719290144906,-0.032874012790239604,-1,-1,-1,0.18024575518408903,-1,1,1,-0.9230290969117545,-1,0.9409606096596934,0.06667839826937616,-1,-0.06353673756373734,0.029998266329807954,0.9672589662026567,-0.9196358878266361,-0.011198539463031398,-0.031557765828672535,0.9310792956984589,1,1,1,-0.014306348338293584,1,1
1971-10-12,0.9331755659026246,1,1,0.9113045862474206,0.9389451374357557,-1,-0.031018092189341373,-0.027832584643701308,-0.7867858803525012,-0.03830509314096886,0.0728318745837655,0.08045403473295032,-1,-0.014652532397513518,1,-0.8738278298020269,-1,-1,-0.8908169774585226,0.0723559899763504,-1,-0.8902620786538427,-0.9719820630129797,-0.048460689191135775,0.027572236327340627,0.06748985220476178,1.7731378715557522e-4,-0.9993156852485403,1,0.0349819529656189
1971-11-14,-0.039885573675354724,1,1,-0.0361168886836547,-0.043673350697359115,-0.14070515765613933,-1,-1,0.18175553936209343,-1,-0.8980663353924302,-0.862574061390959,-1,0.975522369207929,1,0.12215903928781113,-0.1401895366743472,-1,0.09653128744810857,1,-1,0.04066259567893993,-1,0.8944046475194035,-0.9394479364740461,-0.8878832465306273,-0.9668331871758338,-1,0.12884062894655934,1
1971-11-16,0.9192266145230623,0.016879507498458568,0.03406805154485504,-1,-1,0.8452628612787467,-1,-1,1,-1,-1,0.09871019239692314,-1,0.010723933079345827,0.013354636341157078,1,-1,-1,1,1,-0.023728765725093748,0.9796873558890163,-0.06266086731066989,1,-1,-1,0.029830577357150334,-0.00859253445796615,1,1
1971-12-22,-0.0512168239945785,-0.8714244227273001,-0.8696141909080176,-0.026748576697022686,-0.04074986384410684,-0.08627257298900115,-0.04695422854386133,-1,0.028500037772673625,-1,-0.00749245279087718,-0.8588090089284185,-1,-0.9828644725167434,-0.9552898564295714,1,-0.023554476240815747,-0.05957616485491979,1,1,0.9306131029480751,0.0169418666911213,0.8861240716740904,1,-1,-0.1118187321036912,1,0.9101267241367942,1,0.0016007973598816116
1971-12-30,-0.9346219404305266,0.09516798347687327,-1,0.9466789145070524,-1,-1,0.8202772856128233,-1,0.9774768556887132,-1,-0.9778656022393132,0.13522452521048944,-0.04314516662457424,-1,-1,0.01522154206476456,-0.9831440149238743,-1,1,0.02789065002096136,1,0.9677464489917009,1,1,-0.04755773302735955,-1,1,-0.06946627950819195,1,0.9996490572736807
1972-01-12,-1,1,-1,0.004165705952972054,-0.01597671378582055,-1,1,-1,0.07889728406374441,-0.11603224525839106,-0.06791401300112532,1,-1,-0.1162817721841467,-1,0.9867028709041535,-0.029160499731237022,-1,1,0.9813271835500351,1,1,0.023644451614096562,1,0.9423952091843285,-0.08716570652605349,0.0636704634219567,0.8503707368185857,0.04612962760299122,1
1972-01-13,-1,1,-1,-0.9948953815606639,0.9189404788913752,-0.058632656991253196,1,-0.015377068170745134,-0.8604065337633414,-1,-1,1,-1,-1,-0.03300035162090664,1,0.9628462539966726,-0.07055137822642044,0.01842541133100073,1,1,1,0.9948217623266442,0.07485881531353566,-0.0035626739569623034,0.875145424738499,-0.8436699954200441,-0.07612466399874673,-0.9439814870867836,0.002535879830574461
1972-01-16,-0.0030895165506937827,0.0467624550129917,-1,-0.026558571735966874,-0.01269337469129983,0.8853584555927957,0.044937808054326456,0.9603035831491966,0.11113602195235828,-0.001136818070354484,-1,0.05181246520021998,-1,-1,0.9560503169372765,1,-0.01980901533325019,-1,1,0.023422962350585164,0.007169484829374517,1,0.0037381864680020582,-0.9066000842615926,-0.9878637156420661,1,-1,-1,-1,-0.9810961063637953
1972-01-17,0.9117104463068845,-0.9053597558763552,-0.048338980231695916,0.9066894793764034,-0.9510450451559209,1,-0.9450971471312666,1,-0.8026219387869226,-0.9814107095598661,-0.023006547150157153,-0.8858663739106611,-1,-0.015292337503597042,-0.023481505468946673,0.007448729648585228,-1,-0.013176842542865774,1,0.9541714703995621,-0.9378564875867943,0.04018022549034772,0.9895234117261209,-1,-1,0.07542538350204009,-0.021946342512795147,-1,-1,0.004697146617361758
1972-01-19,-0.08240407340470124,-1,0.9236803829016051,1,-1,1,0.0272836305222951,1,0.1602743027874165,-1,0.9394788463696361,0.09482672868597908,-1,0.965044743633686,0.96738429343443,-0.978232493717119,-1,0.9356983659394146,0.047340565237013355,1,0.03346379396370047,-0.9527073308855941,1,-0.0805895360419856,-0.11137680840966269,-0.9009208128115853,0.9696295821324785,-1,-1,-0.9836917467687549
1972-01-20,-1,-0.007463482500313923,1,1,-1,1,1,1,1,-1,1,1,-1,1,-0.027647423585931974,-0.004153151929076171,-0.03644584243958837,1,1,0.005078091746937408,0.9841710534405831,0.045427974536892846,0.028160167774116562,-0.9896187561655997,0.8208160878041908,-1,1,-1,-0.006091391177819427,-1
1972-01-25,-1,-0.9673993898432363,1,0.005134030204230533,-0.00360728313191927,0.07685624946172553,1,0.07060888490358064,1,-1,0.07409365455153694,1,-1,0.04821216341289969,0.8791411853074945,-0.9575830671684262,-0.9808732728590923,1,0.0074060032776579465,0.9782841995113879,-0.013090678257861366,1,1,-1,1,-1,1,-1,0.9654407557309462,-1
1972-01-26,-1,-1,0.08527085332458206,0.96461465623275,0.9673561384001539,0.967723091871825,1,1,1,-1,-0.9160383391406082,0.019165142112709144,-0.12261712746452236,-0.9313691016993684,1,0.004428404538345476,-0.09971201896811088,1,0.9773412531352661,1,0.9496160605270811,0.024530162723751192,1,-0.0031737827110275285,0.016155993160292037,-1,0.03952856371003599,-1,1,-0.0864508853248721
1972-01-27,-0.004317140209160075,-1,-0.8423052259775952,1,1,-0.030459380611123743,0.02244192170845405,1,1,-0.08275542204175523,0.08028648201435029,0.9648117771182229,0.8105960520323037,-0.003324782764797307,1,0.902002158043445,-1,0.0411744675384228,1,0.03678078217090297,-0.024184497141073402,0.9751035229449241,1,-0.9947846525658738,-0.978549145898276,-1,0.9985633217622655,-0.009552286212005101,1,-1
1972-01-28,-0.9852870909972012,-0.00810080835521454,-1,1,0.006313424070861218,0.9308538553163022,0.992902732364509,0.001318853515073104,1,0.9096536255990789,1,0.0015249420694264382,-0.18745248278571747,-0.998509562007127,0.02728751535183238,1,-0.009833714741809385,-0.9587467464433838,0.025960605384108604,-0.9055772814474852,0.9623069749633627,1,0.04779583261234899,-0.004463063301183512,-0.024624022413655355,-0.020741394380461853,0.058834051887972416,-1,0.057899326923679495,-0.022787819810030308
1972-01-29,-0.01691078234127108,0.8271808530183912,-1,1,0.9391271300005122,-0.06403793708418815,1,-0.992354082532733,0.07005905624720044,-0.024251754616623322,0.06987412669385196,0.9903828450035189,-1,-1,0.9942625497337956,1,-0.9914431836088377,0.02542187358723902,0.9614231402602551,0.014979193658451573,0.01915582246230907,0.016534811881002698,-0.9307778121955013,-0.9658058721186032,0.9501222258529773,-0.9735231018302616,1,-0.009942820249710271,1,0.9703426562871027
1972-01-30,0.9592208534164948,1,-0.03266180824338527,0.009937114138109382,-0.0592045525992152,-0.9724954783129864,1,-1,-0.9003169538327727,0.9606822209187414,1,1.6970142951377998e-4,-0.02674243873104698,-0.00978891350106792,0.09835126061819988,1,-0.040131501130803326,1,-0.020557989218005113,-0.9290069569327774,1,-0.9011282683618029,-1,-1,-0.01166804094781504,-0.01409855480244282,1,0.9537954137903943,1,1
1972-02-01,1,1,0.916389758552586,1,-1,-1,0.04089298032266353,-0.08527155826104449,-1,-0.00872831448599165,1,0.9396322750120516,0.9353289648842961,0.9873277422116985,-0.8576709804186938,1,-1,1,0.8442127026898222,-1,0.02778732996316502,0.0861421366513252,-1,-0.01009599012112572,0.935200558851595,0.8881772304567106,1,1,1,1
1972-02-08,0.026603679161577132,1,-0.05184969196255507,1,-0.0029716471598164595,-1,0.9994584529383916,0.8605050954121586,-0.06275287857102829,0.9507168260116426,0.049891711976218556,1,-7.338488529161635e-4,1,-1,1,-0.03894181443046485,0.08965088826414436,1,-1,0.9845158580381516,-0.8952632274789257,-1,-0.9661375966034883,-0.015537112511079254,1,0.013691918526298474,0.045243549561156615,1,1
1972-02-09,1,1,0.940791850499623,1,0.9068196274501715,-0.04155057232395698,1,-0.08370144325568374,-1,0.029042345242890844,0.9881414961380842,1,0.9903297102255434,0.006037080805703643,-1,1,-1,-0.8808907570128829,0.04048161824027707,-0.06528914479351211,1,-1,-0.0919897552969231,-0.033562242446457446,0.9216902635102012,0.009287815402298727,0.9901665218124244,-0.9467820099461303,0.034408201562710405,0.01223305025190502
1972-02-12,0.02087485145849699,1,1,0.006202726501046918,-0.03365010031805338,0.938638861571881,0.04264047436555074,-1,-2.017157222601318e-4,-0.935240971185936,1,0.03801839845942323,1,0.9890260071869883,-0.030894025608609765,0.07036629554941931,-0.04419200696403236,-1,0.9901754632528615,-1,1,-0.006453354128659328,-1,0.9358937156879698,0.010754959242449957,-0.9863401402416921,1,-0.04585048119016388,1,-0.9712627597157513
1972-02-15,-0.9725842411974454,1,1,-0.9703139324679755,0.878007343156982,1,1,-0.11942757201480292,-0.9589717482765109,-1,0.013778431669210889,1,0.02181072411959173,1,0.9070660706058765,0.9929351897448223,-1,-1,-0.007671147745824114,-1,1,0.9257127132702915,-1,1,-0.9800901755596141,-1,1,0.9451283044757255,0.09446917266991395,0.01504753553825966
1972-02-16,-0.008941790849023357,0.020608020448984354,1,0.02153448063849983,1,0.0075645271383542045,0.042719272149736365,0.8570197852617215,0.003782301719638559,-0.018412345235197747,-0.967464551710413,1,0.989238970449258,0.06657638932356913,1,0.024492170816011405,-0.027430345162555603,-1,-0.9600220701351955,-0.001043527045162418,0.014283254116011168,1,-1,0.021079365120720506,-0.009510592071128698,-0.05179919460250948,1,-0.027074480959602854,-0.9025106378741748,0.9914993403938169
1972-02-17,0.953136644507613,0.9638168076821003,1,-0.974687605414329,0.007324550239022898,0.984588719719713,1,-0.10946563527003317,0.9152650966602363,0.9713577585837321,-0.04282563998144906,0.0361757267211531,0.031506603476099126,1,1,1,-1,-1,0.0034103281600776914,-0.9794231350217504,0.9815629213446734,1,-0.08340833440522089,-0.9246092292807675,0.893588573868938,0.9021763426708402,1,-1,0.00465270461557743,1
1972-03-31,0.021196108536787106,-0.03344279588601984,0.02785614127841296,-1,0.8502603239037316,0.114147883831759,0.04459053436727933,0.8603948881151312,1,1,-1,0.9982792694815324,-0.9118641220009898,0.0892922975466599,0.03434580962630274,1,-1,-1,0.952646355328688,-0.06843936555846974,0.045952113434701514,0.10182848381962828,0.9053967929912194,-1,1,-0.03935335155148312,1,-0.042992087940551316,-0.9942884383441599,0.05012929199173144
1972-04-06,-0.978565102895304,-0.9696851297065014,1,-1,1,-0.881423548039841,-0.910803680493466,-0.11790974939623089,0.024504440860467658,1,-0.03283156454254854,0.09904879752717866,-1,1,-0.930774084796638,1,-0.05988383975615652,-0.050882984583025315,1,0.821535856754347,-0.8912037559944472,-0.8798257491596744,1,-0.0348963756184375,1,0.9426352413360317,0.0581573933330124,0.9109802658562578,-1,-0.8820084838253858
1972-04-09,-1,0.029182097131130624,1,-0.054894718428736944,1,-1,-1,0.8157323238789705,1,0.03990524771206061,-1,1,-0.06687679197829544,0.00883087189907339,0.016346291643885125,0.0689437228496006,-0.9804482007102049,0.8486732677440894,1,-0.05664213328640488,-1,-1,1,0.9210083251729767,1,1,1,1,-0.05225825412762164,0.07975420041664771
1972-04-10,-0.05073510493540612,1,0.012869290273353151,0.9100384215414755,0.017379316900894115,-1,-1,-0.17759232063164976,0.0845531571308773,1,-1,0.02443029864650581,-1,-0.9655174000549815,1,1,0.019294905034793586,-0.1333841363243281,0.0781928382905045,-1,-0.020033440616459064,-1,1,-0.06432448790258238,0.03361521777976073,0.05622133480107583,1,0.035395348837441776,-1,0.9928658951631955
1972-04-11,-1,1,-0.9602078486712845,1,0.9507317681783689,-1,-1,-1,0.996012602306966,0.043334116182119686,-1,1,-0.004368917331301958,-1,0.011366072951108697,0.03099170579864674,-0.9188038233678862,0.8359163329244441,-0.9047968776912191,-0.06001601586919192,0.8866859976103113,-1,0.04636126302666965,-0.9971318737598109,-0.8372399059812393,-0.9142909263776205,0.032577852637888705,1,-0.021900613047968642,1
1972-04-13,-0.053285942602754544,1,-0.019373258215985123,0.06250036481267907,1,-1,-0.018651994728598353,-1,0.02865204853444092,-0.8729344135294422,-1,1,-0.9828076376394221,-1,0.9132220003438136,-0.9625615909141858,-1,1,-1,0.8593613548059477,1,-1,0.9800805017534558,-1,-1,0.04583638687824376,-0.885943688137553,0.05542485435059874,-0.9814785663375579,1
1972-04-14,0.9143423853490092,0.03998738700861537,0.9469599842641216,-0.9187544149311798,0.01301491790185516,-1,-0.9384092789386744,-1,-0.8802355482980214,0.11576764380635729,-1,0.02308709044828161,-0.0037688864093559094,-0.03063283821558671,-0.04071440287077577,-0.008927911987577586,-0.13903129016137727,0.11049545501120817,-1,1,1,-1,1,-1,-1,-0.8865979388746319,-1,1,-0.014993909997009114,1
1972-04-30,1,-0.917754909326112,1,0.012285541963434121,-0.9669512963718637,-1,-1,-1,-1,-0.8818070870848087,-1,-0.9743233736038674,-0.9769303723738277,0.9569633057663384,-0.9791293699029998,0.9630702186405452,0.8297635638256632,1,-1,0.053414012628155705,0.030394495696503432,-1,1,-0.03296110465193025,-0.0684345709361791,0.09560453241912392,-1,1,0.9498242996538644,0.0054736951133068645
1972-05-14,1,-1,0.05678464895213209,-0.9837339684794991,-0.013219627120992006,-1,-0.0176890479546693,-0.03151821632382423,-0.001039563935756882,-1,-1,-0.028550187359515422,-1,-0.018750722927070917,0.010496444578213304,1,1,1,-1,-0.9181313011693897,0.9673760997629023,-1,6.893387795099404e-4,-1,0.8997944867748919,1,-1,0.11693216118940208,-0.015918933470997265,-0.9939641914479389
1972-05-22,1,-0.11039226548016057,1,-0.0344720418681187,-1,-1,-0.9827222446155315,-1,0.9165513949659763,-1,-1,0.9447439267657125,-0.011158007400700276,-1,-0.9833804610031491,1,0.003462306346752042,0.057742247619657405,-1,0.0792921979072373,1,-0.017523553501769706,0.9729831087759171,-1,-0.08009064501447638,0.034747539880182976,-1,-0.8802813258951621,-0.9613607551625671,-1
1972-05-23,1,-1,0.016334906706466312,-1,-1,-0.056936616451248145,-1,-1,-0.019836139574939238,-0.0262512670719931,-1,1,0.9548082695536774,-1,-1,1,0.9137604377256796,1,-0.04173835033874207,-0.886095701128559,0.030987751384793483,0.9162031944089385,0.008764363900172434,-0.020182905183533717,-1,1,-0.006390953875332062,0.08485372054885942,-1,-0.05400196228805221
1972-05-25,1,-1,-0.9283529991027116,-0.015998580465746315,-1,-1,-0.04210357809474785,-1,0.9384441506133134,-1,-0.05111213267241077,1,1,-0.03858107328887028,-0.044944843276998436,0.040795009613982525,-0.0594195783281708,1,-0.9573547084979288,0.1132959839141342,1,-0.08344132537358062,-0.9750168287244679,-1,-1,1,0.9830325867153769,-0.8920224766126985,-0.06481744743279483,-1
1972-05-26,0.02385416725247258,-1,0.03593392335722323,0.9651968285095442,-1,-1,-1,-0.0627647860579783,1,-0.05421710761910015,-1,1,1,-1,0.90590036598291,-0.932429218883602,-1,0.14922733652011733,0.018595304119292555,-0.8752098042119858,0.04797155008233478,-1,-1,-0.003507661582695998,-1,0.08551217882398232,0.00541761670134755,-1,-1,-0.06350603761583096
1972-06-01,-0.958396207391892,-1,-0.9241396237338588,-0.018807469977478508,-1,-0.003158692098644833,-1,-1,1,-1,-0.003424709700883377,0.002888196911872698,0.06275946518636977,-0.04944581391846392,1,0.024281349519479356,-0.04634375486745712,-0.8154678701073426,-0.9765216339508864,-1,-0.932948599359084,-0.017032379574759227,-1,-0.9478456487413494,-1,1,1,-1,-0.036708364549966954,0.8052847393211209
